// ================================================================
// ASTHMA WATCH — Tous les fonds d'ecran (10 themes)
// SUPPTIC · ENSP Yaounde · 2026
// ================================================================
#include <pgmspace.h>
// Fonds d'ecran Asthma Watch 80x160
// Genere automatiquement

const uint16_t THEME_SOMBRE[] PROGMEM = {
  0x010C,0x010C,0x010C,0x010C,0x010C,0x010C,0x010C,0x010C,0x010C,0x010C,0x010C,0x010C,0x010C,0x010C,0x010C,0x010C,
  0x010C,0x010C,0x010C,0x010C,0x010C,0x010C,0x010C,0x010C,0x010C,0x010C,0x010C,0x010C,0x010C,0x010C,0x010C,0x010C,
  0x010C,0x010C,0x010C,0x010C,0x010C,0x010C,0x010C,0x010C,0x010C,0x010C,0x010C,0x010C,0x010C,0x010C,0x010C,0x010C,
  0x010C,0x010C,0x010C,0x010C,0x010C,0x010C,0x010C,0x010C,0x010C,0x010C,0x010C,0x010C,0x010C,0x010C,0x010C,0x010C,
  0x010C,0x010C,0x010C,0x010C,0x010C,0x010C,0x010C,0x010C,0x010C,0x010C,0x010C,0x010C,0x010C,0x010C,0x010C,0x010C,
  0x010C,0x010C,0x010C,0x010C,0x010C,0x010C,0x010C,0x010C,0x010C,0x010C,0x010C,0x010C,0x010C,0x010C,0x010C,0x010C,
  0x010C,0x010C,0x010C,0x010C,0x010C,0x010C,0x010C,0x010C,0x010C,0x010C,0x010C,0x010C,0x010C,0x010C,0x010C,0x010C,
  0x010C,0x010C,0x010C,0x010C,0x010C,0x010C,0x010C,0x010C,0x010C,0x010C,0x010C,0x010C,0x010C,0x010C,0x010C,0x010C,
  0x010C,0x010C,0x010C,0x010C,0x010C,0x010C,0x010C,0x010C,0x010C,0x010C,0x010C,0x010C,0x010C,0x010C,0x010C,0x010C,
  0x010C,0x010C,0x010C,0x010C,0x010C,0x010C,0x010C,0x010C,0x010C,0x010C,0x010C,0x010C,0x010C,0x010C,0x010C,0x010C,
  0x010C,0x010C,0x010C,0x010C,0x010C,0x010C,0x010C,0x010C,0x010C,0x010C,0x010C,0x010C,0x010C,0x010C,0x010C,0x010C,
  0x010C,0x010C,0x010C,0x010C,0x010C,0x010C,0x010C,0x010C,0x010C,0x010C,0x010C,0x010C,0x010C,0x010C,0x010C,0x010C,
  0x010C,0x010C,0x010C,0x010C,0x010C,0x010C,0x010C,0x010C,0x010C,0x010C,0x010C,0x010C,0x010C,0x010C,0x010C,0x010C,
  0x010C,0x010C,0x010C,0x010C,0x010C,0x010C,0x010C,0x010C,0x010C,0x010C,0x010C,0x010C,0x010C,0x010C,0x010C,0x010C,
  0x010C,0x010C,0x010C,0x010C,0x010C,0x010C,0x010C,0x010C,0x010C,0x010C,0x010C,0x010C,0x010C,0x010C,0x010C,0x010C,
  0x00EB,0x00EB,0x00EB,0x00EB,0x00EB,0x00EB,0x00EB,0x00EB,0x00EB,0x00EB,0x00EB,0x00EB,0x00EB,0x00EB,0x00EB,0x00EB,
  0x00EB,0x00EB,0x00EB,0x00EB,0x00EB,0x00EB,0x00EB,0x00EB,0x00EB,0x00EB,0x00EB,0x00EB,0x00EB,0x00EB,0x00EB,0x00EB,
  0x00EB,0x00EB,0x00EB,0x00EB,0x00EB,0x00EB,0x00EB,0x00EB,0x00EB,0x00EB,0x00EB,0x00EB,0x00EB,0x00EB,0x00EB,0x00EB,
  0x00EB,0x00EB,0x00EB,0x00EB,0x00EB,0x00EB,0x00EB,0x00EB,0x00EB,0x00EB,0x00EB,0x00EB,0x00EB,0x00EB,0x00EB,0x00EB,
  0x00EB,0x00EB,0x00EB,0x00EB,0x00EB,0x00EB,0x00EB,0x00EB,0x00EB,0x00EB,0x00EB,0x00EB,0x00EB,0x00EB,0x00EB,0x00EB,
  0x00EB,0x00EB,0x00EB,0x00EB,0x00EB,0x00EB,0x00EB,0x00EB,0x00EB,0x00EB,0x00EB,0x00EB,0x00EB,0x00EB,0x00EB,0x00EB,
  0x00EB,0x00EB,0x00EB,0x00EB,0x00EB,0x00EB,0x00EB,0x00EB,0x00EB,0x00EB,0x00EB,0x00EB,0x00EB,0x00EB,0x00EB,0x00EB,
  0x00EB,0x00EB,0x00EB,0x00EB,0x00EB,0x00EB,0x00EB,0x00EB,0x00EB,0x00EB,0x00EB,0x00EB,0x00EB,0x00EB,0x00EB,0x00EB,
  0x00EB,0x00EB,0x00EB,0x00EB,0x00EB,0x00EB,0x00EB,0x00EB,0x00EB,0x00EB,0x00EB,0x00EB,0x00EB,0x00EB,0x00EB,0x00EB,
  0x00EB,0x00EB,0x00EB,0x00EB,0x00EB,0x00EB,0x00EB,0x00EB,0x00EB,0x00EB,0x00EB,0x00EB,0x00EB,0x00EB,0x00EB,0x00EB,
  0x00EB,0x00EB,0x00EB,0x00EB,0x00EB,0x00EB,0x00EB,0x00EB,0x00EB,0x00EB,0x00EB,0x00EB,0x00EB,0x00EB,0x00EB,0x00EB,
  0x00EB,0x00EB,0x00EB,0x00EB,0x00EB,0x00EB,0x00EB,0x00EB,0x00EB,0x00EB,0x00EB,0x00EB,0x00EB,0x00EB,0x00EB,0x00EB,
  0x00EB,0x00EB,0x00EB,0x00EB,0x00EB,0x00EB,0x00EB,0x00EB,0x00EB,0x00EB,0x00EB,0x00EB,0x00EB,0x00EB,0x00EB,0x00EB,
  0x00EB,0x00EB,0x00EB,0x00EB,0x00EB,0x00EB,0x00EB,0x00EB,0x00EB,0x00EB,0x00EB,0x00EB,0x00EB,0x00EB,0x00EB,0x00EB,
  0x00EB,0x00EB,0x00EB,0x00EB,0x00EB,0x00EB,0x00EB,0x00EB,0x00EB,0x00EB,0x00EB,0x00EB,0x00EB,0x00EB,0x00EB,0x00EB,
  0x00EB,0x00EB,0x00EB,0x00EB,0x00EB,0x00EB,0x00EB,0x00EB,0x00EB,0x00EB,0x00EB,0x00EB,0x00EB,0x00EB,0x00EB,0x00EB,
  0x00EB,0x00EB,0x00EB,0x00EB,0x00EB,0x00EB,0x00EB,0x00EB,0x00EB,0x00EB,0x00EB,0x00EB,0x00EB,0x00EB,0x00EB,0x00EB,
  0x00EB,0x00EB,0x00EB,0x00EB,0x00EB,0x00EB,0x00EB,0x00EB,0x00EB,0x00EB,0x00EB,0x00EB,0x00EB,0x00EB,0x00EB,0x00EB,
  0x00EB,0x00EB,0x00EB,0x00EB,0x00EB,0x00EB,0x00EB,0x00EB,0x00EB,0x00EB,0x00EB,0x00EB,0x00EB,0x00EB,0x00EB,0x00EB,
  0x00EB,0x00EB,0x00EB,0x00EB,0x00EB,0x00EB,0x00EB,0x00EB,0x00EB,0x00EB,0x00EB,0x00EB,0x00EB,0x00EB,0x00EB,0x00EB,
  0x00EA,0x00EA,0x00EA,0x00EA,0x00EA,0x00EA,0x00EA,0x00EA,0x00EA,0x00EA,0x00EA,0x00EA,0x00EA,0x00EA,0x00EA,0x00EA,
  0x00EA,0x00EA,0x00EA,0x00EA,0x00EA,0x00EA,0x00EA,0x00EA,0x00EA,0x00EA,0x00EA,0x00EA,0x00EA,0x00EA,0x00EA,0x00EA,
  0x00EA,0x00EA,0x00EA,0x00EA,0x00EA,0x00EA,0x00EA,0x00EA,0x00EA,0x00EA,0x00EA,0x00EA,0x00EA,0x00EA,0x00EA,0x00EA,
  0x00EA,0x00EA,0x00EA,0x00EA,0x00EA,0x00EA,0x00EA,0x00EA,0x00EA,0x00EA,0x00EA,0x00EA,0x00EA,0x00EA,0x00EA,0x00EA,
  0x00EA,0x00EA,0x00EA,0x00EA,0x00EA,0x00EA,0x00EA,0x00EA,0x00EA,0x00EA,0x00EA,0x00EA,0x00EA,0x00EA,0x00EA,0x00EA,
  0x00EA,0x00EA,0x00EA,0x00EA,0x00EA,0x00EA,0x00EA,0x00EA,0x00EA,0x00EA,0x00EA,0x00EA,0x00EA,0x00EA,0x00EA,0x00EA,
  0x00EA,0x00EA,0x00EA,0x00EA,0x00EA,0x00EA,0x00EA,0x00EA,0x00EA,0x00EA,0x00EA,0x00EA,0x00EA,0x00EA,0x00EA,0x00EA,
  0x00EA,0x00EA,0x00EA,0x00EA,0x00EA,0x00EA,0x00EA,0x00EA,0x00EA,0x00EA,0x00EA,0x00EA,0x00EA,0x00EA,0x00EA,0x00EA,
  0x00EA,0x00EA,0x00EA,0x00EA,0x00EA,0x00EA,0x00EA,0x00EA,0x00EA,0x00EA,0x00EA,0x00EA,0x00EA,0x00EA,0x00EA,0x00EA,
  0x00EA,0x00EA,0x00EA,0x00EA,0x00EA,0x00EA,0x00EA,0x00EA,0x00EA,0x00EA,0x00EA,0x00EA,0x00EA,0x00EA,0x00EA,0x00EA,
  0x00CA,0x00CA,0x00CA,0x00CA,0x00CA,0x00CA,0x00CA,0x00CA,0x00CA,0x00CA,0x00CA,0x00CA,0x00CA,0x00CA,0x00CA,0x00CA,
  0x00CA,0x00CA,0x00CA,0x00CA,0x00CA,0x00CA,0x00CA,0x00CA,0x00CA,0x00CA,0x00CA,0x00CA,0x00CA,0x00CA,0x00CA,0x00CA,
  0x00CA,0x00CA,0x00CA,0x00CA,0x00CA,0x00CA,0x00CA,0x00CA,0x00CA,0x00CA,0x00CA,0x00CA,0x00CA,0x00CA,0x00CA,0x00CA,
  0x00CA,0x00CA,0x00CA,0x00CA,0x00CA,0x00CA,0x00CA,0x00CA,0x00CA,0x00CA,0x00CA,0x00CA,0x00CA,0x00CA,0x00CA,0x00CA,
  0x00CA,0x00CA,0x00CA,0x00CA,0x00CA,0x00CA,0x00CA,0x00CA,0x00CA,0x00CA,0x00CA,0x00CA,0x00CA,0x00CA,0x00CA,0x00CA,
  0x00CA,0x00CA,0x00CA,0x00CA,0x00CA,0x00CA,0x00CA,0x00CA,0x00CA,0x00CA,0x00CA,0x00CA,0x00CA,0x00CA,0x00CA,0x00CA,
  0x00CA,0x00CA,0x00CA,0x00CA,0x00CA,0x00CA,0x00CA,0x00CA,0x00CA,0x00CA,0x00CA,0x00CA,0x00CA,0x00CA,0x00CA,0x00CA,
  0x00CA,0x00CA,0x00CA,0x00CA,0x00CA,0x00CA,0x00CA,0x00CA,0x00CA,0x00CA,0x00CA,0x00CA,0x00CA,0x00CA,0x00CA,0x00CA,
  0x00CA,0x00CA,0x00CA,0x00CA,0x00CA,0x00CA,0x00CA,0x00CA,0x00CA,0x00CA,0x00CA,0x00CA,0x00CA,0x00CA,0x00CA,0x00CA,
  0x00CA,0x00CA,0x00CA,0x00CA,0x00CA,0x00CA,0x00CA,0x00CA,0x00CA,0x00CA,0x00CA,0x00CA,0x00CA,0x00CA,0x00CA,0x00CA,
  0x00C9,0x00C9,0x00C9,0x00C9,0x00C9,0x00C9,0x00C9,0x00C9,0x00C9,0x00C9,0x00C9,0x00C9,0x00C9,0x00C9,0x00C9,0x00C9,
  0x00C9,0x00C9,0x00C9,0x00C9,0x00C9,0x00C9,0x00C9,0x00C9,0x00C9,0x00C9,0x00C9,0x00C9,0x00C9,0x00C9,0x00C9,0x00C9,
  0x00C9,0x00C9,0x00C9,0x00C9,0x00C9,0x00C9,0x00C9,0x00C9,0x00C9,0x00C9,0x00C9,0x00C9,0x00C9,0x00C9,0x00C9,0x00C9,
  0x00C9,0x00C9,0x00C9,0x00C9,0x00C9,0x00C9,0x00C9,0x00C9,0x00C9,0x00C9,0x00C9,0x00C9,0x00C9,0x00C9,0x00C9,0x00C9,
  0x00C9,0x00C9,0x00C9,0x00C9,0x00C9,0x00C9,0x00C9,0x00C9,0x00C9,0x00C9,0x00C9,0x00C9,0x00C9,0x00C9,0x00C9,0x00C9,
  0x00C9,0x00C9,0x00C9,0x00C9,0x00C9,0x00C9,0x00C9,0x00C9,0x00C9,0x00C9,0x00C9,0x00C9,0x00C9,0x00C9,0x00C9,0x00C9,
  0x00C9,0x00C9,0x00C9,0x00C9,0x00C9,0x00C9,0x00C9,0x00C9,0x00C9,0x00C9,0x00C9,0x00C9,0x00C9,0x00C9,0x00C9,0x00C9,
  0x00C9,0x00C9,0x00C9,0x00C9,0x00C9,0x00C9,0x00C9,0x00C9,0x00C9,0x00C9,0x00C9,0x00C9,0x00C9,0x00C9,0x00C9,0x00C9,
  0x00C9,0x00C9,0x00C9,0x00C9,0x00C9,0x00C9,0x00C9,0x00C9,0x00C9,0x00C9,0x00C9,0x00C9,0x00C9,0x00C9,0x00C9,0x00C9,
  0x00C9,0x00C9,0x00C9,0x00C9,0x00C9,0x00C9,0x00C9,0x00C9,0x00C9,0x00C9,0x00C9,0x00C9,0x00C9,0x00C9,0x00C9,0x00C9,
  0x00C9,0x00C9,0x00C9,0x00C9,0x00C9,0x00C9,0x00C9,0x00C9,0x00C9,0x00C9,0x00C9,0x00C9,0x00C9,0x00C9,0x00C9,0x00C9,
  0x00C9,0x00C9,0x00C9,0x00C9,0x00C9,0x00C9,0x00C9,0x00C9,0x00C9,0x00C9,0x00C9,0x00C9,0x00C9,0x00C9,0x00C9,0x00C9,
  0x00C9,0x00C9,0x00C9,0x00C9,0x00C9,0x00C9,0x00C9,0x00C9,0x00C9,0x00C9,0x00C9,0x00C9,0x00C9,0x00C9,0x00C9,0x00C9,
  0x00C9,0x00C9,0x00C9,0x00C9,0x00C9,0x00C9,0x00C9,0x00C9,0x00C9,0x00C9,0x00C9,0x00C9,0x00C9,0x00C9,0x00C9,0x00C9,
  0x00C9,0x00C9,0x00C9,0x00C9,0x00C9,0x00C9,0x00C9,0x00C9,0x00C9,0x00C9,0x00C9,0x00C9,0x00C9,0x00C9,0x00C9,0x00C9,
  0x00C9,0x00C9,0x00C9,0x00C9,0x00C9,0x00C9,0x00C9,0x00C9,0x00C9,0x00C9,0x00C9,0x00C9,0x00C9,0x00C9,0x00C9,0x00C9,
  0x00C9,0x00C9,0x00C9,0x00C9,0x00C9,0x00C9,0x00C9,0x00C9,0x00C9,0x00C9,0x00C9,0x00C9,0x00C9,0x00C9,0x00C9,0x00C9,
  0x00C9,0x00C9,0x00C9,0x00C9,0x00C9,0x00C9,0x00C9,0x00C9,0x00C9,0x00C9,0x00C9,0x00C9,0x00C9,0x00C9,0x00C9,0x00C9,
  0x00C9,0x00C9,0x00C9,0x00C9,0x00C9,0x00C9,0x00C9,0x00C9,0x00C9,0x00C9,0x00C9,0x00C9,0x00C9,0x00C9,0x00C9,0x00C9,
  0x00C9,0x00C9,0x00C9,0x00C9,0x00C9,0x00C9,0x00C9,0x00C9,0x00C9,0x00C9,0x00C9,0x00C9,0x00C9,0x00C9,0x00C9,0x00C9,
  0x00A8,0x00A8,0x00A8,0x00A8,0x00A8,0x00A8,0x00A8,0x00A8,0x00A8,0x00A8,0x00A8,0x00A8,0x00A8,0x00A8,0x00A8,0x00A8,
  0x00A8,0x00A8,0x00A8,0x00A8,0x00A8,0x00A8,0x00A8,0x00A8,0x00A8,0x00A8,0x00A8,0x00A8,0x00A8,0x00A8,0x00A8,0x00A8,
  0x00A8,0x00A8,0x00A8,0x00A8,0x00A8,0x00A8,0x00A8,0x00A8,0x00A8,0x00A8,0x00A8,0x00A8,0x00A8,0x00A8,0x00A8,0x00A8,
  0x00A8,0x00A8,0x00A8,0x00A8,0x00A8,0x00A8,0x00A8,0x00A8,0x00A8,0x00A8,0x00A8,0x00A8,0x00A8,0x00A8,0x00A8,0x00A8,
  0x00A8,0x00A8,0x00A8,0x00A8,0x00A8,0x00A8,0x00A8,0x00A8,0x00A8,0x00A8,0x00A8,0x00A8,0x00A8,0x00A8,0x00A8,0x00A8,
  0x00A8,0x00A8,0x00A8,0x00A8,0x00A8,0x00A8,0x00A8,0x00A8,0x00A8,0x00A8,0x00A8,0x00A8,0x00A8,0x00A8,0x00A8,0x00A8,
  0x00A8,0x00A8,0x00A8,0x00A8,0x00A8,0x00A8,0x00A8,0x00A8,0x00A8,0x00A8,0x00A8,0x00A8,0x00A8,0x00A8,0x00A8,0x00A8,
  0x00A8,0x00A8,0x00A8,0x00A8,0x00A8,0x00A8,0x00A8,0x00A8,0x00A8,0x00A8,0x00A8,0x00A8,0x00A8,0x00A8,0x00A8,0x00A8,
  0x00A8,0x00A8,0x00A8,0x00A8,0x00A8,0x00A8,0x00A8,0x00A8,0x00A8,0x00A8,0x00A8,0x00A8,0x00A8,0x00A8,0x00A8,0x00A8,
  0x00A8,0x00A8,0x00A8,0x00A8,0x00A8,0x00A8,0x00A8,0x00A8,0x00A8,0x00A8,0x00A8,0x00A8,0x00A8,0x00A8,0x00A8,0x00A8,
  0x00A8,0x00A8,0x00A8,0x00A8,0x00A8,0x00A8,0x00A8,0x00A8,0x00A8,0x00A8,0x00A8,0x00A8,0x00A8,0x00A8,0x00A8,0x00A8,
  0x00A8,0x00A8,0x00A8,0x00A8,0x00A8,0x00A8,0x00A8,0x00A8,0x00A8,0x00A8,0x00A8,0x00A8,0x00A8,0x00A8,0x00A8,0x00A8,
  0x00A8,0x00A8,0x00A8,0x00A8,0x00A8,0x00A8,0x00A8,0x00A8,0x00A8,0x00A8,0x00A8,0x00A8,0x00A8,0x00A8,0x00A8,0x00A8,
  0x00A8,0x00A8,0x00A8,0x00A8,0x00A8,0x00A8,0x00A8,0x00A8,0x00A8,0x00A8,0x00A8,0x00A8,0x00A8,0x00A8,0x00A8,0x00A8,
  0x00A8,0x00A8,0x00A8,0x00A8,0x00A8,0x00A8,0x00A8,0x00A8,0x00A8,0x00A8,0x00A8,0x00A8,0x00A8,0x00A8,0x00A8,0x00A8,
  0x00A8,0x00A8,0x00A8,0x00A8,0x00A8,0x00A8,0x00A8,0x00A8,0x00A8,0x00A8,0x00A8,0x00A8,0x00A8,0x00A8,0x00A8,0x00A8,
  0x00A8,0x00A8,0x00A8,0x00A8,0x00A8,0x00A8,0x00A8,0x00A8,0x00A8,0x00A8,0x00A8,0x00A8,0x00A8,0x00A8,0x00A8,0x00A8,
  0x00A8,0x00A8,0x00A8,0x00A8,0x00A8,0x00A8,0x00A8,0x00A8,0x00A8,0x00A8,0x00A8,0x00A8,0x00A8,0x00A8,0x00A8,0x00A8,
  0x00A8,0x00A8,0x00A8,0x00A8,0x00A8,0x00A8,0x00A8,0x00A8,0x00A8,0x00A8,0x00A8,0x00A8,0x00A8,0x00A8,0x00A8,0x00A8,
  0x00A8,0x00A8,0x00A8,0x00A8,0x00A8,0x00A8,0x00A8,0x00A8,0x00A8,0x00A8,0x00A8,0x00A8,0x00A8,0x00A8,0x00A8,0x00A8,
  0x00A7,0x00A7,0x00A7,0x00A7,0x00A7,0x00A7,0x00A7,0x00A7,0x00A7,0x00A7,0x00A7,0x00A7,0x00A7,0x00A7,0x00A7,0x00A7,
  0x00A7,0x00A7,0x00A7,0x00A7,0x00A7,0x00A7,0x00A7,0x00A7,0x00A7,0x00A7,0x00A7,0x00A7,0x00A7,0x00A7,0x00A7,0x00A7,
  0x00A7,0x00A7,0x00A7,0x00A7,0x00A7,0x00A7,0x00A7,0x00A7,0x00A7,0x00A7,0x00A7,0x00A7,0x00A7,0x00A7,0x00A7,0x00A7,
  0x00A7,0x00A7,0x00A7,0x00A7,0x00A7,0x00A7,0x00A7,0x00A7,0x00A7,0x00A7,0x00A7,0x00A7,0x00A7,0x00A7,0x00A7,0x00A7,
  0x00A7,0x00A7,0x00A7,0x00A7,0x00A7,0x00A7,0x00A7,0x00A7,0x00A7,0x00A7,0x00A7,0x00A7,0x00A7,0x00A7,0x00A7,0x00A7,
  0x00A7,0x00A7,0x00A7,0x00A7,0x00A7,0x00A7,0x00A7,0x00A7,0x00A7,0x00A7,0x00A7,0x00A7,0x00A7,0x00A7,0x00A7,0x00A7,
  0x00A7,0x00A7,0x00A7,0x00A7,0x00A7,0x00A7,0x00A7,0x00A7,0x00A7,0x00A7,0x00A7,0x00A7,0x00A7,0x00A7,0x00A7,0x00A7,
  0x00A7,0x00A7,0x00A7,0x00A7,0x00A7,0x00A7,0x00A7,0x00A7,0x00A7,0x00A7,0x00A7,0x00A7,0x00A7,0x00A7,0x00A7,0x00A7,
  0x00A7,0x00A7,0x00A7,0x00A7,0x00A7,0x00A7,0x00A7,0x00A7,0x00A7,0x00A7,0x00A7,0x00A7,0x00A7,0x00A7,0x00A7,0x00A7,
  0x00A7,0x00A7,0x00A7,0x00A7,0x00A7,0x00A7,0x00A7,0x00A7,0x00A7,0x00A7,0x00A7,0x00A7,0x00A7,0x00A7,0x00A7,0x00A7,
  0x0087,0x0087,0x0087,0x0087,0x0087,0x0087,0x0087,0x0087,0x0087,0x0087,0x0087,0x0087,0x0087,0x0087,0x0087,0x0087,
  0x0087,0x0087,0x0087,0x0087,0x0087,0x0087,0x0087,0x0087,0x0087,0x0087,0x0087,0x0087,0x0087,0x0087,0x0087,0x0087,
  0x0087,0x0087,0x0087,0x0087,0x0087,0x0087,0x0087,0x0087,0x0087,0x0087,0x0087,0x0087,0x0087,0x0087,0x0087,0x0087,
  0x0087,0x0087,0x0087,0x0087,0x0087,0x0087,0x0087,0x0087,0x0087,0x0087,0x0087,0x0087,0x0087,0x0087,0x0087,0x0087,
  0x0087,0x0087,0x0087,0x0087,0x0087,0x0087,0x0087,0x0087,0x0087,0x0087,0x0087,0x0087,0x0087,0x0087,0x0087,0x0087,
  0x0087,0x0087,0x0087,0x0087,0x0087,0x0087,0x0087,0x0087,0x0087,0x0087,0x0087,0x0087,0x0087,0x0087,0x0087,0x0087,
  0x0087,0x0087,0x0087,0x0087,0x0087,0x0087,0x0087,0x0087,0x0087,0x0087,0x0087,0x0087,0x0087,0x0087,0x0087,0x0087,
  0x0087,0x0087,0x0087,0x0087,0x0087,0x0087,0x0087,0x0087,0x0087,0x0087,0x0087,0x0087,0x0087,0x0087,0x0087,0x0087,
  0x0087,0x0087,0x0087,0x0087,0x0087,0x0087,0x0087,0x0087,0x0087,0x0087,0x0087,0x0087,0x0087,0x0087,0x0087,0x0087,
  0x0087,0x0087,0x0087,0x0087,0x0087,0x0087,0x0087,0x0087,0x0087,0x0087,0x0087,0x0087,0x0087,0x0087,0x0087,0x0087,
  0x0086,0x0086,0x0086,0x0086,0x0086,0x0086,0x0086,0x0086,0x0086,0x0086,0x0086,0x0086,0x0086,0x0086,0x0086,0x0086,
  0x0086,0x0086,0x0086,0x0086,0x0086,0x0086,0x0086,0x0086,0x0086,0x0086,0x0086,0x0086,0x0086,0x0086,0x0086,0x0086,
  0x0086,0x0086,0x0086,0x0086,0x0086,0x0086,0x0086,0x0086,0x0086,0x0086,0x0086,0x0086,0x0086,0x0086,0x0086,0x0086,
  0x0086,0x0086,0x0086,0x0086,0x0086,0x0086,0x0086,0x0086,0x0086,0x0086,0x0086,0x0086,0x0086,0x0086,0x0086,0x0086,
  0x0086,0x0086,0x0086,0x0086,0x0086,0x0086,0x0086,0x0086,0x0086,0x0086,0x0086,0x0086,0x0086,0x0086,0x0086,0x0086,
  0x0086,0x0086,0x0086,0x0086,0x0086,0x0086,0x0086,0x0086,0x0086,0x0086,0x0086,0x0086,0x0086,0x0086,0x0086,0x0086,
  0x0086,0x0086,0x0086,0x0086,0x0086,0x0086,0x0086,0x0086,0x0086,0x0086,0x0086,0x0086,0x0086,0x0086,0x0086,0x0086,
  0x0086,0x0086,0x0086,0x0086,0x0086,0x0086,0x0086,0x0086,0x0086,0x0086,0x0086,0x0086,0x0086,0x0086,0x0086,0x0086,
  0x0086,0x0086,0x0086,0x0086,0x0086,0x0086,0x0086,0x0086,0x0086,0x0086,0x0086,0x0086,0x0086,0x0086,0x0086,0x0086,
  0x0086,0x0086,0x0086,0x0086,0x0086,0x0086,0x0086,0x0086,0x0086,0x0086,0x0086,0x0086,0x0086,0x0086,0x0086,0x0086,
  0x0086,0x0086,0x0086,0x0086,0x0086,0x0086,0x0086,0x0086,0x0086,0x0086,0x0086,0x0086,0x0086,0x0086,0x0086,0x0086,
  0x0086,0x0086,0x0086,0x0086,0x0086,0x0086,0x0086,0x0086,0x0086,0x0086,0x0086,0x0086,0x0086,0x0086,0x0086,0x0086,
  0x0086,0x0086,0x0086,0x0086,0x0086,0x0086,0x0086,0x0086,0x0086,0x0086,0x0086,0x0086,0x0086,0x0086,0x0086,0x0086,
  0x0086,0x0086,0x0086,0x0086,0x0086,0x0086,0x0086,0x0086,0x0086,0x0086,0x0086,0x0086,0x0086,0x0086,0x0086,0x0086,
  0x0086,0x0086,0x0086,0x0086,0x0086,0x0086,0x0086,0x0086,0x0086,0x0086,0x0086,0x0086,0x0086,0x0086,0x0086,0x0086,
  0x0086,0x0086,0x0086,0x0086,0x0086,0x0086,0x0086,0x0086,0x0086,0x0086,0x0086,0x0086,0x0086,0x0086,0x0086,0x0086,
  0x0086,0x0086,0x0086,0x0086,0x0086,0x0086,0x0086,0x0086,0x0086,0x0086,0x0086,0x0086,0x0086,0x0086,0x0086,0x0086,
  0x0086,0x0086,0x0086,0x0086,0x0086,0x0086,0x0086,0x0086,0x0086,0x0086,0x0086,0x0086,0x0086,0x0086,0x0086,0x0086,
  0x0086,0x0086,0x0086,0x0086,0x0086,0x0086,0x0086,0x0086,0x0086,0x0086,0x0086,0x0086,0x0086,0x0086,0x0086,0x0086,
  0x0086,0x0086,0x0086,0x0086,0x0086,0x0086,0x0086,0x0086,0x0086,0x0086,0x0086,0x0086,0x0086,0x0086,0x0086,0x0086,
  0x0065,0x0065,0x0065,0x0065,0x0065,0x0065,0x0065,0x0065,0x0065,0x0065,0x0065,0x0065,0x0065,0x0065,0x0065,0x0065,
  0x0065,0x0065,0x0065,0x0065,0x0065,0x0065,0x0065,0x0065,0x0065,0x0065,0x0065,0x0065,0x0065,0x0065,0x0065,0x0065,
  0x0065,0x0065,0x0065,0x0065,0x0065,0x0065,0x0065,0x0065,0x0065,0x0065,0x0065,0x0065,0x0065,0x0065,0x0065,0x0065,
  0x0065,0x0065,0x0065,0x0065,0x0065,0x0065,0x0065,0x0065,0x0065,0x0065,0x0065,0x0065,0x0065,0x0065,0x0065,0x0065,
  0x0065,0x0065,0x0065,0x0065,0x0065,0x0065,0x0065,0x0065,0x0065,0x0065,0x0065,0x0065,0x0065,0x0065,0x0065,0x0065,
  0x0065,0x0065,0x0065,0x0065,0x0065,0x0065,0x0065,0x0065,0x0065,0x0065,0x0065,0x0065,0x0065,0x0065,0x0065,0x0065,
  0x0065,0x0065,0x0065,0x0065,0x0065,0x0065,0x0065,0x0065,0x0065,0x0065,0x0065,0x0065,0x0065,0x0065,0x0065,0x0065,
  0x0065,0x0065,0x0065,0x0065,0x0065,0x0065,0x0065,0x0065,0x0065,0x0065,0x0065,0x0065,0x0065,0x0065,0x0065,0x0065,
  0x0065,0x0065,0x0065,0x0065,0x0065,0x0065,0x0065,0x0065,0x0065,0x0065,0x0065,0x0065,0x0065,0x0065,0x0065,0x0065,
  0x0065,0x0065,0x0065,0x0065,0x0065,0x0065,0x0065,0x0065,0x0065,0x0065,0x0065,0x0065,0x0065,0x0065,0x0065,0x0065,
  0x0065,0x0065,0x0065,0x0065,0x0065,0x0065,0x0065,0x0065,0x0065,0x0065,0x0065,0x0065,0x0065,0x0065,0x0065,0x0065,
  0x0065,0x0065,0x0065,0x0065,0x0065,0x0065,0x0065,0x0065,0x0065,0x0065,0x0065,0x0065,0x0065,0x0065,0x0065,0x0065,
  0x0065,0x0065,0x0065,0x0065,0x0065,0x0065,0x0065,0x0065,0x0065,0x0065,0x0065,0x0065,0x0065,0x0065,0x0065,0x0065,
  0x0065,0x0065,0x0065,0x0065,0x0065,0x0065,0x0065,0x0065,0x0065,0x0065,0x0065,0x0065,0x0065,0x0065,0x0065,0x0065,
  0x0065,0x0065,0x0065,0x0065,0x0065,0x0065,0x0065,0x0065,0x0065,0x0065,0x0065,0x0065,0x0065,0x0065,0x0065,0x0065,
  0x0065,0x0065,0x0065,0x0065,0x0065,0x0065,0x0065,0x0065,0x0065,0x0065,0x0065,0x0065,0x0065,0x0065,0x0065,0x0065,
  0x0065,0x0065,0x0065,0x0065,0x0065,0x0065,0x0065,0x0065,0x0065,0x0065,0x0065,0x0065,0x0065,0x0065,0x0065,0x0065,
  0x0065,0x0065,0x0065,0x0065,0x0065,0x0065,0x0065,0x0065,0x0065,0x0065,0x0065,0x0065,0x0065,0x0065,0x0065,0x0065,
  0x0065,0x0065,0x0065,0x0065,0x0065,0x0065,0x0065,0x0065,0x0065,0x0065,0x0065,0x0065,0x0065,0x0065,0x0065,0x0065,
  0x0065,0x0065,0x0065,0x0065,0x0065,0x0065,0x0065,0x0065,0x0065,0x0065,0x0065,0x0065,0x0065,0x0065,0x0065,0x0065,
  0x0064,0x0064,0x0064,0x0064,0x0064,0x0064,0x0064,0x0064,0x0064,0x0064,0x0064,0x0064,0x0064,0x0064,0x0064,0x0064,
  0x0064,0x0064,0x0064,0x0064,0x0064,0x0064,0x0064,0x0064,0x0064,0x0064,0x0064,0x0064,0x0064,0x0064,0x0064,0x0064,
  0x0064,0x0064,0x0064,0x0064,0x0064,0x0064,0x0064,0x0064,0x0064,0x0064,0x0064,0x0064,0x0064,0x0064,0x0064,0x0064,
  0x0064,0x0064,0x0064,0x0064,0x0064,0x0064,0x0064,0x0064,0x0064,0x0064,0x0064,0x0064,0x0064,0x0064,0x0064,0x0064,
  0x0064,0x0064,0x0064,0x0064,0x0064,0x0064,0x0064,0x0064,0x0064,0x0064,0x0064,0x0064,0x0064,0x0064,0x0064,0x0064,
  0x0064,0x0064,0x0064,0x0064,0x0064,0x0064,0x0064,0x0064,0x0064,0x0064,0x0064,0x0064,0x0064,0x0064,0x0064,0x0064,
  0x0064,0x0064,0x0064,0x0064,0x0064,0x0064,0x0064,0x0064,0x0064,0x0064,0x0064,0x0064,0x0064,0x0064,0x0064,0x0064,
  0x0064,0x0064,0x0064,0x0064,0x0064,0x0064,0x0064,0x0064,0x0064,0x0064,0x0064,0x0064,0x0064,0x0064,0x0064,0x0064,
  0x0064,0x0064,0x0064,0x0064,0x0064,0x0064,0x0064,0x0064,0x0064,0x0064,0x0064,0x0064,0x0064,0x0064,0x0064,0x0064,
  0x0064,0x0064,0x0064,0x0064,0x0064,0x0064,0x0064,0x0064,0x0064,0x0064,0x0064,0x0064,0x0064,0x0064,0x0064,0x0064,
  0x0044,0x0044,0x0044,0x0044,0x0044,0x0044,0x0044,0x0044,0x0044,0x0044,0x0044,0x0044,0x0044,0x0044,0x0044,0x0044,
  0x0044,0x0044,0x0044,0x0044,0x0044,0x0044,0x0044,0x0044,0x0044,0x0044,0x0044,0x0044,0x0044,0x0044,0x0044,0x0044,
  0x0044,0x0044,0x0044,0x0044,0x0044,0x0044,0x0044,0x0044,0x0044,0x0044,0x0044,0x0044,0x0044,0x0044,0x0044,0x0044,
  0x0044,0x0044,0x0044,0x0044,0x0044,0x0044,0x0044,0x0044,0x0044,0x0044,0x0044,0x0044,0x0044,0x0044,0x0044,0x0044,
  0x0044,0x0044,0x0044,0x0044,0x0044,0x0044,0x0044,0x0044,0x0044,0x0044,0x0044,0x0044,0x0044,0x0044,0x0044,0x0044,
  0x0043,0x0043,0x0043,0x0043,0x0043,0x0043,0x0043,0x0043,0x0043,0x0043,0x0043,0x0043,0x0043,0x0043,0x0043,0x0043,
  0x0043,0x0043,0x0043,0x0043,0x0043,0x0043,0x0043,0x0043,0x0043,0x0043,0x0043,0x0043,0x0043,0x0043,0x0043,0x0043,
  0x0043,0x0043,0x0043,0x0043,0x0043,0x0043,0x0043,0x0043,0x0043,0x0043,0x0043,0x0043,0x0043,0x0043,0x0043,0x0043,
  0x0043,0x0043,0x0043,0x0043,0x0043,0x0043,0x0043,0x0043,0x0043,0x0043,0x0043,0x0043,0x0043,0x0043,0x0043,0x0043,
  0x0043,0x0043,0x0043,0x0043,0x0043,0x0043,0x0043,0x0043,0x0043,0x0043,0x0043,0x0043,0x0043,0x0043,0x0043,0x0043,
  0x0043,0x0043,0x0043,0x0043,0x0043,0x0043,0x0043,0x0043,0x0043,0x0043,0x0043,0x0043,0x0043,0x0043,0x0043,0x0043,
  0x0043,0x0043,0x0043,0x0043,0x0043,0x0043,0x0043,0x0043,0x0043,0x0043,0x0043,0x0043,0x0043,0x0043,0x0043,0x0043,
  0x0043,0x0043,0x0043,0x0043,0x0043,0x0043,0x0043,0x0043,0x0043,0x0043,0x0043,0x0043,0x0043,0x0043,0x0043,0x0043,
  0x0043,0x0043,0x0043,0x0043,0x0043,0x0043,0x0043,0x0043,0x0043,0x0043,0x0043,0x0043,0x0043,0x0043,0x0043,0x0043,
  0x0043,0x0043,0x0043,0x0043,0x0043,0x0043,0x0043,0x0043,0x0043,0x0043,0x0043,0x0043,0x0043,0x0043,0x0043,0x0043,
  0x0043,0x0043,0x0043,0x0043,0x0043,0x0043,0x0043,0x0043,0x0043,0x0043,0x0043,0x0043,0x0043,0x0043,0x0043,0x0043,
  0x0043,0x0043,0x0043,0x0043,0x0043,0x0043,0x0043,0x0043,0x0043,0x0043,0x0043,0x0043,0x0043,0x0043,0x0043,0x0043,
  0x0043,0x0043,0x0043,0x0043,0x0043,0x0043,0x0043,0x0043,0x0043,0x0043,0x0043,0x0043,0x0043,0x0043,0x0043,0x0043,
  0x0043,0x0043,0x0043,0x0043,0x0043,0x0043,0x0043,0x0043,0x0043,0x0043,0x0043,0x0043,0x0043,0x0043,0x0043,0x0043,
  0x0043,0x0043,0x0043,0x0043,0x0043,0x0043,0x0043,0x0043,0x0043,0x0043,0x0043,0x0043,0x0043,0x0043,0x0043,0x0043,
  0x0043,0x0043,0x0043,0x0043,0x0043,0x0043,0x0043,0x0043,0x0043,0x0043,0x0043,0x0043,0x0043,0x0043,0x0043,0x0043,
  0x0043,0x0043,0x0043,0x0043,0x0043,0x0043,0x0043,0x0043,0x0043,0x0043,0x0043,0x0043,0x0043,0x0043,0x0043,0x0043,
  0x0043,0x0043,0x0043,0x0043,0x0043,0x0043,0x0043,0x0043,0x0043,0x0043,0x0043,0x0043,0x0043,0x0043,0x0043,0x0043,
  0x0043,0x0043,0x0043,0x0043,0x0043,0x0043,0x0043,0x0043,0x0043,0x0043,0x0043,0x0043,0x0043,0x0043,0x0043,0x0043,
  0x0043,0x0043,0x0043,0x0043,0x0043,0x0043,0x0043,0x0043,0x0043,0x0043,0x0043,0x0043,0x0043,0x0043,0x0043,0x0043,
  0x0043,0x0043,0x0043,0x0043,0x0043,0x0043,0x0043,0x0043,0x0043,0x0043,0x0043,0x0043,0x0043,0x0043,0x0043,0x0043,
  0x0043,0x0043,0x0043,0x0043,0x0043,0x0043,0x0043,0x0043,0x0043,0x0043,0x0043,0x0043,0x0043,0x0043,0x0043,0x0043,
  0x0043,0x0043,0x0043,0x0043,0x0043,0x0043,0x0043,0x0043,0x0043,0x0043,0x0043,0x0043,0x0043,0x0043,0x0043,0x0043,
  0x0043,0x0043,0x0043,0x0043,0x0043,0x0043,0x0043,0x0043,0x0043,0x0043,0x0043,0x0043,0x0043,0x0043,0x0043,0x0043,
  0x0043,0x0043,0x0043,0x0043,0x0043,0x0043,0x0043,0x0043,0x0043,0x0043,0x0043,0x0043,0x0043,0x0043,0x0043,0x0043,
  0x0022,0x0022,0x0022,0x0022,0x0022,0x0022,0x0022,0x0022,0x0022,0x0022,0x0022,0x0022,0x0022,0x0022,0x0022,0x0022,
  0x0022,0x0022,0x0022,0x0022,0x0022,0x0022,0x0022,0x0022,0x0022,0x0022,0x0022,0x0022,0x0022,0x0022,0x0022,0x0022,
  0x0022,0x0022,0x0022,0x0022,0x0022,0x0022,0x0022,0x0022,0x0022,0x0022,0x0022,0x0022,0x0022,0x0022,0x0022,0x0022,
  0x0022,0x0022,0x0022,0x0022,0x0022,0x0022,0x0022,0x0022,0x0022,0x0022,0x0022,0x0022,0x0022,0x0022,0x0022,0x0022,
  0x0022,0x0022,0x0022,0x0022,0x0022,0x0022,0x0022,0x0022,0x0022,0x0022,0x0022,0x0022,0x0022,0x0022,0x0022,0x0022,
  0x0022,0x0022,0x0022,0x0022,0x0022,0x0022,0x0022,0x0022,0x0022,0x0022,0x0022,0x0022,0x0022,0x0022,0x0022,0x0022,
  0x0022,0x0022,0x0022,0x0022,0x0022,0x0022,0x0022,0x0022,0x0022,0x0022,0x0022,0x0022,0x0022,0x0022,0x0022,0x0022,
  0x0022,0x0022,0x0022,0x0022,0x0022,0x0022,0x0022,0x0022,0x0022,0x0022,0x0022,0x0022,0x0022,0x0022,0x0022,0x0022,
  0x0022,0x0022,0x0022,0x0022,0x0022,0x0022,0x0022,0x0022,0x0022,0x0022,0x0022,0x0022,0x0022,0x0022,0x0022,0x0022,
  0x0022,0x0022,0x0022,0x0022,0x0022,0x0022,0x0022,0x0022,0x0022,0x0022,0x0022,0x0022,0x0022,0x0022,0x0022,0x0022,
  0x0022,0x0022,0x0022,0x0022,0x0022,0x0022,0x0022,0x0022,0x0022,0x0022,0x0022,0x0022,0x0022,0x0022,0x0022,0x0022,
  0x0022,0x0022,0x0022,0x0022,0x0022,0x0022,0x0022,0x0022,0x0022,0x0022,0x0022,0x0022,0x0022,0x0022,0x0022,0x0022,
  0x0022,0x0022,0x0022,0x0022,0x0022,0x0022,0x0022,0x0022,0x0022,0x0022,0x0022,0x0022,0x0022,0x0022,0x0022,0x0022,
  0x0022,0x0022,0x0022,0x0022,0x0022,0x0022,0x0022,0x0022,0x0022,0x0022,0x0022,0x0022,0x0022,0x0022,0x0022,0x0022,
  0x0022,0x0022,0x0022,0x0022,0x0022,0x0022,0x0022,0x0022,0x0022,0x0022,0x0022,0x0022,0x0022,0x0022,0x0022,0x0022,
  0x0022,0x0022,0x0022,0x0022,0x0022,0x0022,0x0022,0x0022,0x0022,0x0022,0x0022,0x0022,0x0022,0x0022,0x0022,0x0022,
  0x0022,0x0022,0x0022,0x0022,0x0022,0x0022,0x0022,0x0022,0x0022,0x0022,0x0022,0x0022,0x0022,0x0022,0x0022,0x0022,
  0x0022,0x0022,0x0022,0x0022,0x0022,0x0022,0x0022,0x0022,0x0022,0x0022,0x0022,0x0022,0x0022,0x0022,0x0022,0x0022,
  0x0022,0x0022,0x0022,0x0022,0x0022,0x0022,0x0022,0x0022,0x0022,0x0022,0x0022,0x0022,0x0022,0x0022,0x0022,0x0022,
  0x0022,0x0022,0x0022,0x0022,0x0022,0x0022,0x0022,0x0022,0x0022,0x0022,0x0022,0x0022,0x0022,0x0022,0x0022,0x0022,
  0x0021,0x0021,0x0021,0x0021,0x0021,0x0021,0x0021,0x0021,0x0021,0x0021,0x0021,0x0021,0x0021,0x0021,0x0021,0x0021,
  0x0021,0x0021,0x0021,0x0021,0x0021,0x0021,0x0021,0x0021,0x0021,0x0021,0x0021,0x0021,0x0021,0x0021,0x0021,0x0021,
  0x0021,0x0021,0x0021,0x0021,0x0021,0x0021,0x0021,0x0021,0x0021,0x0021,0x0021,0x0021,0x0021,0x0021,0x0021,0x0021,
  0x0021,0x0021,0x0021,0x0021,0x0021,0x0021,0x0021,0x0021,0x0021,0x0021,0x0021,0x0021,0x0021,0x0021,0x0021,0x0021,
  0x0021,0x0021,0x0021,0x0021,0x0021,0x0021,0x0021,0x0021,0x0021,0x0021,0x0021,0x0021,0x0021,0x0021,0x0021,0x0021,
  0x0021,0x0021,0x0021,0x0021,0x0021,0x0021,0x0021,0x0021,0x0021,0x0021,0x0021,0x0021,0x0021,0x0021,0x0021,0x0021,
  0x0021,0x0021,0x0021,0x0021,0x0021,0x0021,0x0021,0x0021,0x0021,0x0021,0x0021,0x0021,0x0021,0x0021,0x0021,0x0021,
  0x0021,0x0021,0x0021,0x0021,0x0021,0x0021,0x0021,0x0021,0x0021,0x0021,0x0021,0x0021,0x0021,0x0021,0x0021,0x0021,
  0x0021,0x0021,0x0021,0x0021,0x0021,0x0021,0x0021,0x0021,0x0021,0x0021,0x0021,0x0021,0x0021,0x0021,0x0021,0x0021,
  0x0021,0x0021,0x0021,0x0021,0x0021,0x0021,0x0021,0x0021,0x0021,0x0021,0x0021,0x0021,0x0021,0x0021,0x0021,0x0021,
  0x0001,0x0001,0x0001,0x0001,0x0001,0x0001,0x0001,0x0001,0x0001,0x0001,0x0001,0x0001,0x0001,0x0001,0x0001,0x0001,
  0x0001,0x0001,0x0001,0x0001,0x0001,0x0001,0x0001,0x0001,0x0001,0x0001,0x0001,0x0001,0x0001,0x0001,0x0001,0x0001,
  0x0001,0x0001,0x0001,0x0001,0x0001,0x0001,0x0001,0x0001,0x0001,0x0001,0x0001,0x0001,0x0001,0x0001,0x0001,0x0001,
  0x0001,0x0001,0x0001,0x0001,0x0001,0x0001,0x0001,0x0001,0x0001,0x0001,0x0001,0x0001,0x0001,0x0001,0x0001,0x0001,
  0x0001,0x0001,0x0001,0x0001,0x0001,0x0001,0x0001,0x0001,0x0001,0x0001,0x0001,0x0001,0x0001,0x0001,0x0001,0x0001,
  0x0000,0x0000,0x0000,0x0000,0x0000,0x0000,0x0000,0x0000,0x0000,0x0000,0x0000,0x0000,0x0000,0x0000,0x0000,0x0000,
  0x0000,0x0000,0x0000,0x0000,0x0000,0x0000,0x0000,0x0000,0x0000,0x0000,0x0000,0x0000,0x0000,0x0000,0x0000,0x0000,
  0x0000,0x0000,0x0000,0x0000,0x0000,0x0000,0x0000,0x0000,0x0000,0x0000,0x0000,0x0000,0x0000,0x0000,0x0000,0x0000,
  0x0000,0x0000,0x0000,0x0000,0x0000,0x0000,0x0000,0x0000,0x0000,0x0000,0x0000,0x0000,0x0000,0x0000,0x0000,0x0000,
  0x0000,0x0000,0x0000,0x0000,0x0000,0x0000,0x0000,0x0000,0x0000,0x0000,0x0000,0x0000,0x0000,0x0000,0x0000,0x0000,
  0x0000,0x0000,0x0000,0x0000,0x0000,0x0000,0x0000,0x0000,0x0000,0x0000,0x0000,0x0000,0x0000,0x0000,0x0000,0x0000,
  0x0000,0x0000,0x0000,0x0000,0x0000,0x0000,0x0000,0x0000,0x0000,0x0000,0x0000,0x0000,0x0000,0x0000,0x0000,0x0000,
  0x0000,0x0000,0x0000,0x0000,0x0000,0x0000,0x0000,0x0000,0x0000,0x0000,0x0000,0x0000,0x0000,0x0000,0x0000,0x0000,
  0x0000,0x0000,0x0000,0x0000,0x0000,0x0000,0x0000,0x0000,0x0000,0x0000,0x0000,0x0000,0x0000,0x0000,0x0000,0x0000,
  0x0000,0x0000,0x0000,0x0000,0x0000,0x0000,0x0000,0x0000,0x0000,0x0000,0x0000,0x0000,0x0000,0x0000,0x0000,0x0000,
  0x04BF,0x04BF,0x04BF,0x04BF,0x04BF,0x04BF,0x04BF,0x04BF,0x04BF,0x04BF,0x04BF,0x04BF,0x04BF,0x04BF,0x04BF,0x04BF,
  0x04BF,0x04BF,0x04BF,0x04BF,0x04BF,0x04BF,0x04BF,0x04BF,0x04BF,0x04BF,0x04BF,0x04BF,0x04BF,0x04BF,0x04BF,0x04BF,
  0x04BF,0x04BF,0x04BF,0x04BF,0x04BF,0x04BF,0x04BF,0x04BF,0x04BF,0x04BF,0x04BF,0x04BF,0x04BF,0x04BF,0x04BF,0x04BF,
  0x04BF,0x04BF,0x04BF,0x04BF,0x04BF,0x04BF,0x04BF,0x04BF,0x04BF,0x04BF,0x04BF,0x04BF,0x04BF,0x04BF,0x04BF,0x04BF,
  0x04BF,0x04BF,0x04BF,0x04BF,0x04BF,0x04BF,0x04BF,0x04BF,0x04BF,0x04BF,0x04BF,0x04BF,0x04BF,0x04BF,0x04BF,0x04BF,
  0x0339,0x0339,0x0339,0x0339,0x0339,0x0339,0x0339,0x0339,0x0339,0x0339,0x0339,0x0339,0x0339,0x0339,0x0339,0x0339,
  0x0339,0x0339,0x0339,0x0339,0x0339,0x0339,0x0339,0x0339,0x0339,0x0339,0x0339,0x0339,0x0339,0x0339,0x0339,0x0339,
  0x0339,0x0339,0x0339,0x0339,0x0339,0x0339,0x0339,0x0339,0x0339,0x0339,0x0339,0x0339,0x0339,0x0339,0x0339,0x0339,
  0x0339,0x0339,0x0339,0x0339,0x0339,0x0339,0x0339,0x0339,0x0339,0x0339,0x0339,0x0339,0x0339,0x0339,0x0339,0x0339,
  0x0339,0x0339,0x0339,0x0339,0x0339,0x0339,0x0339,0x0339,0x0339,0x0339,0x0339,0x0339,0x0339,0x0339,0x0339,0x0339,
  0x0000,0x0000,0x0000,0x0000,0x0000,0x0000,0x0000,0x0000,0x0000,0x0000,0x0000,0x0000,0x0000,0x0000,0x0000,0x0000,
  0x0000,0x0000,0x0000,0x0000,0x0000,0x0000,0x0000,0x0000,0x0000,0x0000,0x0000,0x0000,0x0000,0x0000,0x0000,0x0000,
  0x0000,0x0000,0x0000,0x0000,0x0000,0x0000,0x0000,0x0000,0x0000,0x0000,0x0000,0x0000,0x0000,0x0000,0x0000,0x0000,
  0x0000,0x0000,0x0000,0x0000,0x0000,0x0000,0x0000,0x0000,0x0000,0x0000,0x0000,0x0000,0x0000,0x0000,0x0000,0x0000,
  0x0000,0x0000,0x0000,0x0000,0x0000,0x0000,0x0000,0x0000,0x0000,0x0000,0x0000,0x0000,0x0000,0x0000,0x0000,0x0000,
  0x0000,0x0000,0x0000,0x0000,0x0000,0x0000,0x0000,0x0000,0x0000,0x0000,0x0000,0x0000,0x0000,0x0000,0x0000,0x0000,
  0x0000,0x0000,0x0000,0x0000,0x0000,0x0000,0x0000,0x0000,0x0000,0x0000,0x0000,0x0000,0x0000,0x0000,0x0000,0x0000,
  0x0000,0x0000,0x0000,0x0000,0x0000,0x0000,0x0000,0x0000,0x0000,0x0000,0x0000,0x0000,0x0000,0x0000,0x0000,0x0000,
  0x0000,0x0000,0x0000,0x0000,0x0000,0x0000,0x0000,0x0000,0x0000,0x0000,0x0000,0x0000,0x0000,0x0000,0x0000,0x0000,
  0x0000,0x0000,0x0000,0x0000,0x0000,0x0000,0x0000,0x0000,0x0000,0x0000,0x0000,0x0000,0x0000,0x0000,0x0000,0x0000,
  0x0000,0x0000,0x0000,0x0000,0x0000,0x0000,0x0000,0x0000,0x0000,0x0000,0x0000,0x0000,0x0000,0x0000,0x0000,0x0000,
  0x0000,0x0000,0x0000,0x0000,0x0000,0x0000,0x0000,0x0000,0x0000,0x0000,0x0000,0x0000,0x0000,0x0000,0x0000,0x0000,
  0x0000,0x0000,0x0000,0x0000,0x0000,0x0000,0x0000,0x0000,0x0000,0x0000,0x0000,0x0000,0x0000,0x0000,0x0000,0x0000,
  0x0000,0x0000,0x0000,0x0000,0x0000,0x0000,0x0000,0x0000,0x0000,0x0000,0x0000,0x0000,0x0000,0x0000,0x0000,0x0000,
  0x0000,0x0000,0x0000,0x0000,0x0000,0x0000,0x0000,0x0000,0x0000,0x0000,0x0000,0x0000,0x0000,0x0000,0x0000,0x0000,
  0x0000,0x0000,0x0000,0x0000,0x0000,0x0000,0x0000,0x0000,0x0000,0x0000,0x0000,0x0000,0x0000,0x0000,0x0000,0x0000,
  0x0000,0x0000,0x0000,0x0000,0x0000,0x0000,0x0000,0x0000,0x0000,0x0000,0x0000,0x0000,0x0000,0x0000,0x0000,0x0000,
  0x0000,0x0000,0x0000,0x0000,0x0000,0x0000,0x0000,0x0000,0x0000,0x0000,0x0000,0x0000,0x0000,0x0000,0x0000,0x0000,
  0x0000,0x0000,0x0000,0x0000,0x0000,0x0000,0x0000,0x0000,0x0000,0x0000,0x0000,0x0000,0x0000,0x0000,0x0000,0x0000,
  0x0000,0x0000,0x0000,0x0000,0x0000,0x0000,0x0000,0x0000,0x0000,0x0000,0x0000,0x0000,0x0000,0x0000,0x0000,0x0000,
  0x0000,0x0000,0x0000,0x0000,0x0000,0x0000,0x0000,0x0000,0x0000,0x0000,0x0000,0x0000,0x0000,0x0000,0x0000,0x0000,
  0x0000,0x0000,0x0000,0x0000,0x0000,0x0000,0x0000,0x0000,0x0000,0x0000,0x0000,0x0000,0x0000,0x0000,0x0000,0x0000,
  0x0000,0x0000,0x0000,0x0000,0x0000,0x0000,0x0000,0x0000,0x0000,0x0000,0x0000,0x0000,0x0000,0x0000,0x0000,0x0000,
  0x0000,0x0000,0x0000,0x0000,0x0000,0x0000,0x0000,0x0000,0x0000,0x0000,0x0000,0x0000,0x0000,0x0000,0x0000,0x0000,
  0x0000,0x0000,0x0000,0x0000,0x0000,0x0000,0x0000,0x0000,0x0000,0x0000,0x0000,0x0000,0x0000,0x0000,0x0000,0x0000,
  0x0000,0x0000,0x0000,0x0000,0x0000,0x0000,0x0000,0x0000,0x0000,0x0000,0x0000,0x0000,0x0000,0x0000,0x0000,0x0000,
  0x0000,0x0000,0x0000,0x0000,0x0000,0x0000,0x0000,0x0000,0x0000,0x0000,0x0000,0x0000,0x0000,0x0000,0x0000,0x0000,
  0x0000,0x0000,0x0000,0x0000,0x0000,0x0000,0x0000,0x0000,0x0000,0x0000,0x0000,0x0000,0x0000,0x0000,0x0000,0x0000,
  0x0000,0x0000,0x0000,0x0000,0x0000,0x0000,0x0000,0x0000,0x0000,0x0000,0x0000,0x0000,0x0000,0x0000,0x0000,0x0000,
  0x0000,0x0000,0x0000,0x0000,0x0000,0x0000,0x0000,0x0000,0x0000,0x0000,0x0000,0x0000,0x0000,0x0000,0x0000,0x0000,
  0x0000,0x0000,0x0000,0x0000,0x0000,0x0000,0x0000,0x0000,0x0000,0x0000,0x0000,0x0000,0x0000,0x0000,0x0000,0x0000,
  0x0000,0x0000,0x0000,0x0000,0x0000,0x0000,0x0000,0x0000,0x0000,0x0000,0x0000,0x0000,0x0000,0x0000,0x0000,0x0000,
  0x0000,0x0000,0x0000,0x0000,0x0000,0x0000,0x0000,0x0000,0x0000,0x0000,0x0000,0x0000,0x0000,0x0000,0x0000,0x0000,
  0x0000,0x0000,0x0000,0x0000,0x0000,0x0000,0x0000,0x0000,0x0000,0x0000,0x0000,0x0000,0x0000,0x0000,0x0000,0x0000,
  0x0000,0x0000,0x0000,0x0000,0x0000,0x0000,0x0000,0x0000,0x0000,0x0000,0x0000,0x0000,0x0000,0x0000,0x0000,0x0000,
  0x0000,0x0000,0x0000,0x0000,0x0000,0x0000,0x0000,0x0000,0x0000,0x0000,0x0000,0x0000,0x0000,0x0000,0x0000,0x0000,
  0x0000,0x0000,0x0000,0x0000,0x0000,0x0000,0x0000,0x0000,0x0000,0x0000,0x0000,0x0000,0x0000,0x0000,0x0000,0x0000,
  0x0000,0x0000,0x0000,0x0000,0x0000,0x0000,0x0000,0x0000,0x0000,0x0000,0x0000,0x0000,0x0000,0x0000,0x0000,0x0000,
  0x0000,0x0000,0x0000,0x0000,0x0000,0x0000,0x0000,0x0000,0x0000,0x0000,0x0000,0x0000,0x0000,0x0000,0x0000,0x0000,
  0x0000,0x0000,0x0000,0x0000,0x0000,0x0000,0x0000,0x0000,0x0000,0x0000,0x0000,0x0000,0x0000,0x0000,0x0000,0x0000,
  0x0000,0x0000,0x0000,0x0000,0x0000,0x0000,0x0000,0x0000,0x0000,0x0000,0x0000,0x0000,0x0000,0x0000,0x0000,0x0000,
  0x0000,0x0000,0x0000,0x0000,0x0000,0x0000,0x0000,0x0000,0x0000,0x0000,0x0000,0x0000,0x0000,0x0000,0x0000,0x0000,
  0x0000,0x0000,0x0000,0x0000,0x0000,0x0000,0x0000,0x0000,0x0000,0x0000,0x0000,0x0000,0x0000,0x0000,0x0000,0x0000,
  0x0000,0x0000,0x0000,0x0000,0x0000,0x0000,0x0000,0x0000,0x0000,0x0000,0x0000,0x0000,0x0000,0x0000,0x0000,0x0000,
  0x0000,0x0000,0x0000,0x0000,0x0000,0x0000,0x0000,0x0000,0x0000,0x0000,0x0000,0x0000,0x0000,0x0000,0x0000,0x0000,
  0x0000,0x0000,0x0000,0x0000,0x0000,0x0000,0x0000,0x0000,0x0000,0x0000,0x0000,0x0000,0x0000,0x0000,0x0000,0x0000,
  0x0000,0x0000,0x0000,0x0000,0x0000,0x0000,0x0000,0x0000,0x0000,0x0000,0x0000,0x0000,0x0000,0x0000,0x0000,0x0000,
  0x0000,0x0000,0x0000,0x0000,0x0000,0x0000,0x0000,0x0000,0x0000,0x0000,0x0000,0x0000,0x0000,0x0000,0x0000,0x0000,
  0x0000,0x0000,0x0000,0x0000,0x0000,0x0000,0x0000,0x0000,0x0000,0x0000,0x0000,0x0000,0x0000,0x0000,0x0000,0x0000,
  0x0000,0x0000,0x0000,0x0000,0x0000,0x0000,0x0000,0x0000,0x0000,0x0000,0x0000,0x0000,0x0000,0x0000,0x0000,0x0000,
  0x0000,0x0000,0x0000,0x0000,0x0000,0x0000,0x0000,0x0000,0x0000,0x0000,0x0000,0x0000,0x0000,0x0000,0x0000,0x0000,
  0x0000,0x0000,0x0000,0x0000,0x0000,0x0000,0x0000,0x0000,0x0000,0x0000,0x0000,0x0000,0x0000,0x0000,0x0000,0x0000,
  0x0000,0x0000,0x0000,0x0000,0x0000,0x0339,0x0339,0x0339,0x0339,0x0339,0x0339,0x0339,0x0000,0x0000,0x0000,0x0000,
  0x0000,0x0000,0x0000,0x0000,0x0000,0x0000,0x0000,0x0000,0x0000,0x0000,0x0000,0x0000,0x0000,0x0000,0x0000,0x0000,
  0x0000,0x0000,0x0000,0x0000,0x0000,0x0000,0x0000,0x0000,0x0000,0x0000,0x0000,0x0000,0x0000,0x0000,0x0000,0x0000,
  0x0000,0x0000,0x0000,0x0000,0x0000,0x0000,0x0000,0x0000,0x0000,0x0000,0x0000,0x0000,0x0000,0x0000,0x0000,0x0000,
  0x0000,0x0000,0x0000,0x0000,0x0000,0x0000,0x0000,0x0000,0x0000,0x0000,0x0000,0x0000,0x0000,0x0000,0x0000,0x0000,
  0x0000,0x0000,0x0339,0x0339,0x0339,0x0000,0x0000,0x0000,0x0000,0x0000,0x0000,0x0000,0x0339,0x0339,0x0339,0x0000,
  0x0000,0x0000,0x0000,0x0000,0x0000,0x0000,0x0000,0x0000,0x0000,0x0000,0x0000,0x0000,0x0000,0x0000,0x0000,0x0000,
  0x0000,0x0000,0x0000,0x0000,0x0000,0x0000,0x0000,0x0000,0x0000,0x0000,0x0000,0x0000,0x0000,0x0000,0x0000,0x0000,
  0x0000,0x0000,0x0000,0x0000,0x0000,0x0000,0x0000,0x0000,0x0000,0x0000,0x0000,0x0000,0x0000,0x0000,0x0000,0x0000,
  0x0000,0x0000,0x0000,0x0000,0x0000,0x0000,0x0000,0x0000,0x0000,0x0000,0x0000,0x0000,0x0000,0x0000,0x0000,0x0000,
  0x0339,0x0339,0x0000,0x0000,0x0000,0x0000,0x0000,0x0000,0x0000,0x0000,0x0000,0x0000,0x0000,0x0000,0x0000,0x0339,
  0x0339,0x0000,0x0000,0x0000,0x0000,0x0000,0x0000,0x0000,0x0000,0x0000,0x0000,0x0000,0x0000,0x0000,0x0000,0x0000,
  0x0000,0x0000,0x0000,0x0000,0x0000,0x0000,0x0000,0x0000,0x0000,0x0000,0x0000,0x0000,0x0000,0x0000,0x0000,0x0000,
  0x0000,0x0000,0x0000,0x0000,0x0000,0x0000,0x0000,0x0000,0x0000,0x0000,0x0000,0x0000,0x0000,0x0000,0x0000,0x0000,
  0x0000,0x0000,0x0000,0x0000,0x0000,0x0000,0x0000,0x0000,0x0000,0x0000,0x0000,0x0000,0x0000,0x0000,0x0000,0x0339,
  0x0000,0x0000,0x0000,0x0000,0x0000,0x04BF,0x04BF,0x04BF,0x04BF,0x04BF,0x04BF,0x04BF,0x0000,0x0000,0x0000,0x0000,
  0x0000,0x0339,0x0000,0x0000,0x0000,0x0000,0x0000,0x0000,0x0000,0x0000,0x0000,0x0000,0x0000,0x0000,0x0000,0x0000,
  0x0000,0x0000,0x0000,0x0000,0x0000,0x0000,0x0000,0x0000,0x0000,0x0000,0x0000,0x0000,0x0000,0x0000,0x0000,0x0000,
  0x0000,0x0000,0x0000,0x0000,0x0000,0x0000,0x0000,0x0000,0x0000,0x0000,0x0000,0x0000,0x0000,0x0000,0x0000,0x0000,
  0x0000,0x0000,0x0000,0x0000,0x0000,0x0000,0x0000,0x0000,0x0000,0x0000,0x0000,0x0000,0x0000,0x0000,0x0339,0x0000,
  0x0000,0x0000,0x0000,0x04BF,0x04BF,0x0000,0x0000,0x0000,0x0000,0x0000,0x0000,0x0000,0x04BF,0x04BF,0x0000,0x0000,
  0x0000,0x0000,0x0339,0x0000,0x0000,0x0000,0x0000,0x0000,0x0000,0x0000,0x0000,0x0000,0x0000,0x0000,0x0000,0x0000,
  0x0000,0x0000,0x0000,0x0000,0x0000,0x0000,0x0000,0x0000,0x0000,0x0000,0x0000,0x0000,0x0000,0x0000,0x0000,0x0000,
  0x0000,0x0000,0x0000,0x0000,0x0000,0x0000,0x0000,0x0000,0x0000,0x0000,0x0000,0x0000,0x0000,0x0000,0x0000,0x0000,
  0x0000,0x0000,0x0000,0x0000,0x0000,0x0000,0x0000,0x0000,0x0000,0x0000,0x0000,0x0000,0x0000,0x0339,0x0000,0x0000,
  0x0000,0x04BF,0x04BF,0x0000,0x0000,0x0000,0x0000,0x0000,0x0000,0x0000,0x0000,0x0000,0x0000,0x0000,0x04BF,0x04BF,
  0x0000,0x0000,0x0000,0x0339,0x0000,0x0000,0x0000,0x0000,0x0000,0x0000,0x0000,0x0000,0x0000,0x0000,0x0000,0x0000,
  0x0000,0x0000,0x0000,0x0000,0x0000,0x0000,0x0000,0x0000,0x0000,0x0000,0x0000,0x0000,0x0000,0x0000,0x0000,0x0000,
  0x0000,0x0000,0x0000,0x0000,0x0000,0x0000,0x0000,0x0000,0x0000,0x0000,0x0000,0x0000,0x0000,0x0000,0x0000,0x0000,
  0x0000,0x0000,0x0000,0x0000,0x0000,0x0000,0x0000,0x0000,0x0000,0x0000,0x0000,0x0000,0x0339,0x0000,0x0000,0x0000,
  0x04BF,0x0000,0x0000,0x0000,0x0000,0x0000,0x0000,0x0000,0x0000,0x0000,0x0000,0x0000,0x0000,0x0000,0x0000,0x0000,
  0x04BF,0x0000,0x0000,0x0000,0x0339,0x0000,0x0000,0x0000,0x0000,0x0000,0x0000,0x0000,0x0000,0x0000,0x0000,0x0000,
  0x0000,0x0000,0x0000,0x0000,0x0000,0x0000,0x0000,0x0000,0x0000,0x0000,0x0000,0x0000,0x0000,0x0000,0x0000,0x0000,
  0x0000,0x0000,0x0000,0x0000,0x0000,0x0000,0x0000,0x0000,0x0000,0x0000,0x0000,0x0000,0x0000,0x0000,0x0000,0x0000,
  0x0000,0x0000,0x0000,0x0000,0x0000,0x0000,0x0000,0x0000,0x0000,0x0000,0x0000,0x0339,0x0000,0x0000,0x0000,0x04BF,
  0x0000,0x0000,0x0000,0x0000,0x0000,0x0000,0x0000,0x0000,0x0000,0x0000,0x0000,0x0000,0x0000,0x0000,0x0000,0x0000,
  0x0000,0x04BF,0x0000,0x0000,0x0000,0x0339,0x0000,0x0000,0x0000,0x0000,0x0000,0x0000,0x0000,0x0000,0x0000,0x0000,
  0x0000,0x0000,0x0000,0x0000,0x0000,0x0000,0x0000,0x0000,0x0000,0x0000,0x0000,0x0000,0x0000,0x0000,0x0000,0x0000,
  0x0000,0x0000,0x0000,0x0000,0x0000,0x0000,0x0000,0x0000,0x0000,0x0000,0x0000,0x0000,0x0000,0x0000,0x0000,0x0000,
  0x0000,0x0000,0x0000,0x0000,0x0000,0x0000,0x0000,0x0000,0x0000,0x0000,0x0000,0x0339,0x0000,0x0000,0x04BF,0x0000,
  0x0000,0x0000,0x0000,0x0000,0x0000,0x0000,0x0000,0x0000,0x0000,0x0000,0x0000,0x0000,0x0000,0x0000,0x0000,0x0000,
  0x0000,0x0000,0x04BF,0x0000,0x0000,0x0339,0x0000,0x0000,0x0000,0x0000,0x0000,0x0000,0x0000,0x0000,0x0000,0x0000,
  0x0000,0x0000,0x0000,0x0000,0x0000,0x0000,0x0000,0x0000,0x0000,0x0000,0x0000,0x0000,0x0000,0x0000,0x0000,0x0000,
  0x0000,0x0000,0x0000,0x0000,0x0000,0x0000,0x0000,0x0000,0x0000,0x0000,0x0000,0x0000,0x0000,0x0000,0x0000,0x0000,
  0x0000,0x0000,0x0000,0x0000,0x0000,0x0000,0x0000,0x0000,0x0000,0x0000,0x0339,0x0000,0x0000,0x0000,0x04BF,0x0000,
  0x0000,0x0000,0x0000,0x0000,0x0000,0x0000,0x0000,0x0000,0x0000,0x0000,0x0000,0x0000,0x0000,0x0000,0x0000,0x0000,
  0x0000,0x0000,0x04BF,0x0000,0x0000,0x0000,0x0339,0x0000,0x0000,0x0000,0x0000,0x0000,0x0000,0x0000,0x0000,0x0000,
  0x0000,0x0000,0x0000,0x0000,0x0000,0x0000,0x0000,0x0000,0x0000,0x0000,0x0000,0x0000,0x0000,0x0000,0x0000,0x0000,
  0x0000,0x0000,0x0000,0x0000,0x0000,0x0000,0x0000,0x0000,0x0000,0x0000,0x0000,0x0000,0x0000,0x0000,0x0000,0x0000,
  0x0000,0x0000,0x0000,0x0000,0x0000,0x0000,0x0000,0x0000,0x0000,0x0000,0x0339,0x0000,0x0000,0x04BF,0x0000,0x0000,
  0x0000,0x0000,0x0000,0x0000,0x0000,0x0000,0x0000,0x0000,0x0000,0x0000,0x0000,0x0000,0x0000,0x0000,0x0000,0x0000,
  0x0000,0x0000,0x0000,0x04BF,0x0000,0x0000,0x0339,0x0000,0x0000,0x0000,0x0000,0x0000,0x0000,0x0000,0x0000,0x0000,
  0x0000,0x0000,0x0000,0x0000,0x0000,0x0000,0x0000,0x0000,0x0000,0x0000,0x0000,0x0000,0x0000,0x0000,0x0000,0x0000,
  0x0000,0x0000,0x0000,0x0000,0x0000,0x0000,0x0000,0x0000,0x0000,0x0000,0x0000,0x0000,0x0000,0x0000,0x0000,0x0000,
  0x0000,0x0000,0x0000,0x0000,0x0000,0x0000,0x0000,0x0000,0x0000,0x0000,0x0339,0x0000,0x0000,0x04BF,0x0000,0x0000,
  0x0000,0x0000,0x0000,0x0000,0x0000,0x0000,0x0000,0x0000,0x0000,0x0000,0x0000,0x0000,0x0000,0x0000,0x0000,0x0000,
  0x0000,0x0000,0x0000,0x04BF,0x0000,0x0000,0x0339,0x0000,0x0000,0x0000,0x0000,0x0000,0x0000,0x0000,0x0000,0x0000,
  0x0000,0x0000,0x0000,0x0000,0x0000,0x0000,0x0000,0x0000,0x0000,0x0000,0x0000,0x0000,0x0000,0x0000,0x0000,0x0000,
  0x0000,0x0000,0x0000,0x0000,0x0000,0x0000,0x0000,0x0000,0x0000,0x0000,0x0000,0x0000,0x0000,0x0000,0x0000,0x0000,
  0x0000,0x0000,0x0000,0x0000,0x0000,0x0000,0x0000,0x0000,0x0000,0x0339,0x0000,0x0000,0x04BF,0x0000,0x0000,0x0000,
  0x0000,0x0000,0x0000,0x0000,0x0000,0x0000,0x0000,0x0000,0x0000,0x0000,0x0000,0x0000,0x0000,0x0000,0x0000,0x0000,
  0x0000,0x0000,0x0000,0x0000,0x04BF,0x0000,0x0000,0x0339,0x0000,0x0000,0x0000,0x0000,0x0000,0x0000,0x0000,0x0000,
  0x0000,0x0000,0x0000,0x0000,0x0000,0x0000,0x0000,0x0000,0x0000,0x0000,0x0000,0x0000,0x0000,0x0000,0x0000,0x0000,
  0x0000,0x0000,0x0000,0x0000,0x0000,0x0000,0x0000,0x0000,0x0000,0x0000,0x0000,0x0000,0x0000,0x0000,0x0000,0x0000,
  0x0000,0x0000,0x0000,0x0000,0x0000,0x0000,0x0000,0x0000,0x0000,0x0339,0x0000,0x0000,0x04BF,0x0000,0x0000,0x0000,
  0x0000,0x0000,0x0000,0x0000,0x0000,0x0000,0x0000,0x0000,0x0000,0x0000,0x0000,0x0000,0x0000,0x0000,0x0000,0x0000,
  0x0000,0x0000,0x0000,0x0000,0x04BF,0x0000,0x0000,0x0339,0x0000,0x0000,0x0000,0x0000,0x0000,0x0000,0x0000,0x0000,
  0x0000,0x0000,0x0000,0x0000,0x0000,0x0000,0x0000,0x0000,0x0000,0x0000,0x0000,0x0000,0x0000,0x0000,0x0000,0x0000,
  0x0000,0x0000,0x0000,0x0000,0x0000,0x0000,0x0000,0x0000,0x0000,0x0000,0x0000,0x0000,0x0000,0x0000,0x0000,0x0000,
  0x0000,0x0000,0x0000,0x0000,0x0000,0x0000,0x0000,0x0000,0x0000,0x0339,0x0000,0x0000,0x04BF,0x0000,0x0000,0x0000,
  0x0000,0x0000,0x0000,0x0000,0x0000,0x0000,0x0000,0x0000,0x0000,0x0000,0x0000,0x0000,0x0000,0x0000,0x0000,0x0000,
  0x0000,0x0000,0x0000,0x0000,0x04BF,0x0000,0x0000,0x0339,0x0000,0x0000,0x0000,0x0000,0x0000,0x0000,0x0000,0x0000,
  0x0000,0x0000,0x0000,0x0000,0x0000,0x0000,0x0000,0x0000,0x0000,0x0000,0x0000,0x0000,0x0000,0x0000,0x0000,0x0000,
  0x0000,0x0000,0x0000,0x0000,0x0000,0x0000,0x0000,0x0000,0x0000,0x0000,0x0000,0x0000,0x0000,0x0000,0x0000,0x0000,
  0x0000,0x0000,0x0000,0x0000,0x0000,0x0000,0x0000,0x0000,0x0000,0x0339,0x0000,0x0000,0x04BF,0x0000,0x0000,0x0000,
  0x0000,0x0000,0x0000,0x0000,0x0000,0x0000,0x0000,0x0000,0x0000,0x0000,0x0000,0x0000,0x0000,0x0000,0x0000,0x0000,
  0x0000,0x0000,0x0000,0x0000,0x04BF,0x0000,0x0000,0x0339,0x0000,0x0000,0x0000,0x0000,0x0000,0x0000,0x0000,0x0000,
  0x0000,0x0000,0x0000,0x0000,0x0000,0x0000,0x0000,0x0000,0x0000,0x0000,0x0000,0x0000,0x0000,0x0000,0x0000,0x0000,
  0x0000,0x0000,0x0000,0x0000,0x0000,0x0000,0x0000,0x0000,0x0000,0x0000,0x0000,0x0000,0x0000,0x0000,0x0000,0x0000,
  0x0000,0x0000,0x0000,0x0000,0x0000,0x0000,0x0000,0x0000,0x0000,0x0339,0x0000,0x0000,0x04BF,0x0000,0x0000,0x0000,
  0x0000,0x0000,0x0000,0x0000,0x0000,0x0000,0x0000,0x0000,0x0000,0x0000,0x0000,0x0000,0x0000,0x0000,0x0000,0x0000,
  0x0000,0x0000,0x0000,0x0000,0x04BF,0x0000,0x0000,0x0339,0x0000,0x0000,0x0000,0x0000,0x0000,0x0000,0x0000,0x0000,
  0x0000,0x0000,0x0000,0x0000,0x0000,0x0000,0x0000,0x0000,0x0000,0x0000,0x0000,0x0000,0x0000,0x0000,0x0000,0x0000,
  0x0000,0x0000,0x0000,0x0000,0x0000,0x0000,0x0000,0x0000,0x0000,0x0000,0x0000,0x0000,0x0000,0x0000,0x0000,0x0000,
  0x0000,0x0000,0x0000,0x0000,0x0000,0x0000,0x0000,0x0000,0x0000,0x0339,0x0000,0x0000,0x04BF,0x0000,0x0000,0x0000,
  0x0000,0x0000,0x0000,0x0000,0x0000,0x0000,0x0000,0x0000,0x0000,0x0000,0x0000,0x0000,0x0000,0x0000,0x0000,0x0000,
  0x0000,0x0000,0x0000,0x0000,0x04BF,0x0000,0x0000,0x0339,0x0000,0x0000,0x0000,0x0000,0x0000,0x0000,0x0000,0x0000,
  0x0000,0x0000,0x0000,0x0000,0x0000,0x0000,0x0000,0x0000,0x0000,0x0000,0x0000,0x0000,0x0000,0x0000,0x0000,0x0000,
  0x0000,0x0000,0x0000,0x0000,0x0000,0x0000,0x0000,0x0000,0x0000,0x0000,0x0000,0x0000,0x0000,0x0000,0x0000,0x0000,
  0x0000,0x0000,0x0000,0x0000,0x0000,0x0000,0x0000,0x0000,0x0000,0x0339,0x0000,0x0000,0x04BF,0x0000,0x0000,0x0000,
  0x0000,0x0000,0x0000,0x0000,0x0000,0x0000,0x0000,0x0000,0x0000,0x0000,0x0000,0x0000,0x0000,0x0000,0x0000,0x0000,
  0x0000,0x0000,0x0000,0x0000,0x04BF,0x0000,0x0000,0x0339,0x0000,0x0000,0x0000,0x0000,0x0000,0x0000,0x0000,0x0000,
  0x0000,0x0000,0x0000,0x0000,0x0000,0x0000,0x0000,0x0000,0x0000,0x0000,0x0000,0x0000,0x0000,0x0000,0x0000,0x0000,
  0x0000,0x0000,0x0000,0x0000,0x0000,0x0000,0x0000,0x0000,0x0000,0x0000,0x0000,0x0000,0x0000,0x0000,0x0000,0x0000,
  0x0000,0x0000,0x0000,0x0000,0x0000,0x0000,0x0000,0x0000,0x0000,0x0000,0x0339,0x0000,0x0000,0x04BF,0x0000,0x0000,
  0x0000,0x0000,0x0000,0x0000,0x0000,0x0000,0x0000,0x0000,0x0000,0x0000,0x0000,0x0000,0x0000,0x0000,0x0000,0x0000,
  0x0000,0x0000,0x0000,0x04BF,0x0000,0x0000,0x0339,0x0000,0x0000,0x0000,0x0000,0x0000,0x0000,0x0000,0x0000,0x0000,
  0x0000,0x0000,0x0000,0x0000,0x0000,0x0000,0x0000,0x0000,0x0000,0x0000,0x0000,0x0000,0x0000,0x0000,0x0000,0x0000,
  0x0000,0x0000,0x0000,0x0000,0x0000,0x0000,0x0000,0x0000,0x0000,0x0000,0x0000,0x0000,0x0000,0x0000,0x0000,0x0000,
  0x0000,0x0000,0x0000,0x0000,0x0000,0x0000,0x0000,0x0000,0x0000,0x0000,0x0339,0x0000,0x0000,0x04BF,0x0000,0x0000,
  0x0000,0x0000,0x0000,0x0000,0x0000,0x0000,0x0000,0x0000,0x0000,0x0000,0x0000,0x0000,0x0000,0x0000,0x0000,0x0000,
  0x0000,0x0000,0x0000,0x04BF,0x0000,0x0000,0x0339,0x0000,0x0000,0x0000,0x0000,0x0000,0x0000,0x0000,0x0000,0x0000,
  0x0000,0x0000,0x0000,0x0000,0x0000,0x0000,0x0000,0x0000,0x0000,0x0000,0x0000,0x0000,0x0000,0x0000,0x0000,0x0000,
  0x0000,0x0000,0x0000,0x0000,0x0000,0x0000,0x0000,0x0000,0x0000,0x0000,0x0000,0x0000,0x0000,0x0000,0x0000,0x0000,
  0x0000,0x0000,0x0000,0x0000,0x0000,0x0000,0x0000,0x0000,0x0000,0x0000,0x0339,0x0000,0x0000,0x0000,0x04BF,0x0000,
  0x0000,0x0000,0x0000,0x0000,0x0000,0x0000,0x0000,0x0000,0x0000,0x0000,0x0000,0x0000,0x0000,0x0000,0x0000,0x0000,
  0x0000,0x0000,0x04BF,0x0000,0x0000,0x0000,0x0339,0x0000,0x0000,0x0000,0x0000,0x0000,0x0000,0x0000,0x0000,0x0000,
  0x0000,0x0000,0x0000,0x0000,0x0000,0x0000,0x0000,0x0000,0x0000,0x0000,0x0000,0x0000,0x0000,0x0000,0x0000,0x0000,
  0x0000,0x0000,0x0000,0x0000,0x0000,0x0000,0x0000,0x0000,0x0000,0x0000,0x0000,0x0000,0x0000,0x0000,0x0000,0x0000,
  0x0000,0x0000,0x0000,0x0000,0x0000,0x0000,0x0000,0x0000,0x0000,0x0000,0x0000,0x0339,0x0000,0x0000,0x04BF,0x0000,
  0x0000,0x0000,0x0000,0x0000,0x0000,0x0000,0x0000,0x0000,0x0000,0x0000,0x0000,0x0000,0x0000,0x0000,0x0000,0x0000,
  0x0000,0x0000,0x04BF,0x0000,0x0000,0x0339,0x0000,0x0000,0x0000,0x0000,0x0000,0x0000,0x0000,0x0000,0x0000,0x0000,
  0x0000,0x0000,0x0000,0x0000,0x0000,0x0000,0x0000,0x0000,0x0000,0x0000,0x0000,0x0000,0x0000,0x0000,0x0000,0x0000,
  0x0000,0x0000,0x0000,0x0000,0x0000,0x0000,0x0000,0x0000,0x0000,0x0000,0x0000,0x0000,0x0000,0x0000,0x0000,0x0000,
  0x0000,0x0000,0x0000,0x0000,0x0000,0x0000,0x0000,0x0000,0x0000,0x0000,0x0000,0x0339,0x0000,0x0000,0x0000,0x04BF,
  0x0000,0x0000,0x0000,0x0000,0x0000,0x0000,0x0000,0x0000,0x0000,0x0000,0x0000,0x0000,0x0000,0x0000,0x0000,0x0000,
  0x0000,0x04BF,0x0000,0x0000,0x0000,0x0339,0x0000,0x0000,0x0000,0x0000,0x0000,0x0000,0x0000,0x0000,0x0000,0x0000,
  0x0000,0x0000,0x0000,0x0000,0x0000,0x0000,0x0000,0x0000,0x0000,0x0000,0x0000,0x0000,0x0000,0x0000,0x0000,0x0000,
  0x0000,0x0000,0x0000,0x0000,0x0000,0x0000,0x0000,0x0000,0x0000,0x0000,0x0000,0x0000,0x0000,0x0000,0x0000,0x0000,
  0x0000,0x0000,0x0000,0x0000,0x0000,0x0000,0x0000,0x0000,0x0000,0x0000,0x0000,0x0000,0x0339,0x0000,0x0000,0x0000,
  0x04BF,0x0000,0x0000,0x0000,0x0000,0x0000,0x0000,0x0000,0x0000,0x0000,0x0000,0x0000,0x0000,0x0000,0x0000,0x0000,
  0x04BF,0x0000,0x0000,0x0000,0x0339,0x0000,0x0000,0x0000,0x0000,0x0000,0x0000,0x0000,0x0000,0x0000,0x0000,0x0000,
  0x0000,0x0000,0x0000,0x0000,0x0000,0x0000,0x0000,0x0000,0x0000,0x0000,0x0000,0x0000,0x0000,0x0000,0x0000,0x0000,
  0x0000,0x0000,0x0000,0x0000,0x0000,0x0000,0x0000,0x0000,0x0000,0x0000,0x0000,0x0000,0x0000,0x0000,0x0000,0x0000,
  0x0000,0x0000,0x0000,0x0000,0x0000,0x0000,0x0000,0x0000,0x0000,0x0000,0x0000,0x0000,0x0000,0x0339,0x0000,0x0000,
  0x0000,0x04BF,0x04BF,0x0000,0x0000,0x0000,0x0000,0x0000,0x0000,0x0000,0x0000,0x0000,0x0000,0x0000,0x04BF,0x04BF,
  0x0000,0x0000,0x0000,0x0339,0x0000,0x0000,0x0000,0x0000,0x0000,0x0000,0x0000,0x0000,0x0000,0x0000,0x0000,0x0000,
  0x0000,0x0000,0x0000,0x0000,0x0000,0x0000,0x0000,0x0000,0x0000,0x0000,0x0000,0x0000,0x0000,0x0000,0x0000,0x0000,
  0x0000,0x0000,0x0000,0x0000,0x0000,0x0000,0x0000,0x0000,0x0000,0x0000,0x0000,0x0000,0x0000,0x0000,0x0000,0x0000,
  0x0000,0x0000,0x0000,0x0000,0x0000,0x0000,0x0000,0x0000,0x0000,0x0000,0x0000,0x0000,0x0000,0x0000,0x0339,0x0000,
  0x0000,0x0000,0x0000,0x04BF,0x04BF,0x0000,0x0000,0x0000,0x0000,0x0000,0x0000,0x0000,0x04BF,0x04BF,0x0000,0x0000,
  0x0000,0x0000,0x0339,0x0000,0x0000,0x0000,0x0000,0x0000,0x0000,0x0000,0x0000,0x0000,0x0000,0x0000,0x0000,0x0000,
  0x0000,0x0000,0x0000,0x0000,0x0000,0x0000,0x0000,0x0000,0x0000,0x0000,0x0000,0x0000,0x0000,0x0000,0x0000,0x0000,
  0x0000,0x0000,0x0000,0x0000,0x0000,0x0000,0x0000,0x0000,0x0000,0x0000,0x0000,0x0000,0x0000,0x0000,0x0000,0x0000,
  0x0000,0x0000,0x0000,0x0000,0x0000,0x0000,0x0000,0x0000,0x0000,0x0000,0x0000,0x0000,0x0000,0x0000,0x0000,0x0339,
  0x0000,0x0000,0x0000,0x0000,0x0000,0x04BF,0x04BF,0x04BF,0x04BF,0x04BF,0x04BF,0x04BF,0x0000,0x0000,0x0000,0x0000,
  0x0000,0x0339,0x0000,0x0000,0x0000,0x0000,0x0000,0x0000,0x0000,0x0000,0x0000,0x0000,0x0000,0x0000,0x0000,0x0000,
  0x0000,0x0000,0x0000,0x0000,0x0000,0x0000,0x0000,0x0000,0x0000,0x0000,0x0000,0x0000,0x0000,0x0000,0x0000,0x0000,
  0x0000,0x0000,0x0000,0x0000,0x0000,0x0000,0x0000,0x0000,0x0000,0x0000,0x0000,0x0000,0x0000,0x0000,0x0000,0x0000,
  0x0000,0x0000,0x0000,0x0000,0x0000,0x0000,0x0000,0x0000,0x0000,0x0000,0x0000,0x0000,0x0000,0x0000,0x0000,0x0000,
  0x0339,0x0339,0x0000,0x0000,0x0000,0x0000,0x0000,0x0000,0x0000,0x0000,0x0000,0x0000,0x0000,0x0000,0x0000,0x0339,
  0x0339,0x0000,0x0000,0x0000,0x0000,0x0000,0x0000,0x0000,0x0000,0x0000,0x0000,0x0000,0x0000,0x0000,0x0000,0x0000,
  0x0000,0x0000,0x0000,0x0000,0x0000,0x0000,0x0000,0x0000,0x0000,0x0000,0x0000,0x0000,0x0000,0x0000,0x0000,0x0000,
  0x0000,0x0000,0x0000,0x0000,0x0000,0x0000,0x0000,0x0000,0x0000,0x0000,0x0000,0x0000,0x0000,0x0000,0x0000,0x0000,
  0x0000,0x0000,0x0000,0x0000,0x0000,0x0000,0x0000,0x0000,0x0000,0x0000,0x0000,0x0000,0x0000,0x0000,0x0000,0x0000,
  0x0000,0x0000,0x0339,0x0339,0x0339,0x0000,0x0000,0x0000,0x0000,0x0000,0x0000,0x0000,0x0339,0x0339,0x0339,0x0000,
  0x0000,0x0000,0x0000,0x0000,0x0000,0x0000,0x0000,0x0000,0x0000,0x0000,0x0000,0x0000,0x0000,0x0000,0x0000,0x0000,
  0x0000,0x0000,0x0000,0x0000,0x0000,0x0000,0x0000,0x0000,0x0000,0x0000,0x0000,0x0000,0x0000,0x0000,0x0000,0x0000,
  0x0000,0x0000,0x0000,0x0000,0x0000,0x0000,0x0000,0x0000,0x0000,0x0000,0x0000,0x0000,0x0000,0x0000,0x0000,0x0000,
  0x0000,0x0000,0x0000,0x0000,0x0000,0x0000,0x0000,0x0000,0x0000,0x0000,0x0000,0x0000,0x0000,0x0000,0x0000,0x0000,
  0x0000,0x0000,0x0000,0x0000,0x0000,0x0339,0x0339,0x0339,0x0339,0x0339,0x0339,0x0339,0x0000,0x0000,0x0000,0x0000,
  0x0000,0x0000,0x0000,0x0000,0x0000,0x0000,0x0000,0x0000,0x0000,0x0000,0x0000,0x0000,0x0000,0x0000,0x0000,0x0000,
  0x0000,0x0000,0x0000,0x0000,0x0000,0x0000,0x0000,0x0000,0x0000,0x0000,0x0000,0x0000,0x0000,0x0000,0x0000,0x0000,
  0x0000,0x0000,0x0000,0x0000,0x0000,0x0000,0x0000,0x0000,0x0000,0x0000,0x0000,0x0000,0x0000,0x0000,0x0000,0x0000,
  0x0000,0x0000,0x0000,0x0000,0x0000,0x0000,0x0000,0x0000,0x0000,0x0000,0x0000,0x0000,0x0000,0x0000,0x0000,0x0000,
  0x0000,0x0000,0x0000,0x0000,0x0000,0x0000,0x0000,0x0000,0x0000,0x0000,0x0000,0x0000,0x0000,0x0000,0x0000,0x0000,
  0x0000,0x0000,0x0000,0x0000,0x0000,0x0000,0x0000,0x0000,0x0000,0x0000,0x0000,0x0000,0x0000,0x0000,0x0000,0x0000,
  0x0000,0x0000,0x0000,0x0000,0x0000,0x0000,0x0000,0x0000,0x0000,0x0000,0x0000,0x0000,0x0000,0x0000,0x0000,0x0000,
  0x0000,0x0000,0x0000,0x0000,0x0000,0x0000,0x0000,0x0000,0x0000,0x0000,0x0000,0x0000,0x0000,0x0000,0x0000,0x0000,
  0x0000,0x0000,0x0000,0x0000,0x0000,0x0000,0x0000,0x0000,0x0000,0x0000,0x0000,0x0000,0x0000,0x0000,0x0000,0x0000,
  0x0000,0x0000,0x0000,0x0000,0x0000,0x0000,0x0000,0x0000,0x0000,0x0000,0x0000,0x0000,0x0000,0x0000,0x0000,0x0000,
  0x0000,0x0000,0x0000,0x0000,0x0000,0x0000,0x0000,0x0000,0x0000,0x0000,0x0000,0x0000,0x0000,0x0000,0x0000,0x0000,
  0x0000,0x0000,0x0000,0x0000,0x0000,0x0000,0x0000,0x0000,0x0000,0x0000,0x0000,0x0000,0x0000,0x0000,0x0000,0x0000,
  0x0000,0x0000,0x0000,0x0000,0x0000,0x0000,0x0000,0x0000,0x0000,0x0000,0x0000,0x0000,0x0000,0x0000,0x0000,0x0000,
  0x0000,0x0000,0x0000,0x0000,0x0000,0x0000,0x0000,0x0000,0x0000,0x0000,0x0000,0x0000,0x0000,0x0000,0x0000,0x0000,
  0x0000,0x0000,0x0000,0x0000,0x0000,0x0000,0x0000,0x0000,0x0000,0x0000,0x0000,0x0000,0x0000,0x0000,0x0000,0x0000,
  0x0000,0x0000,0x0000,0x0000,0x0000,0x0000,0x0000,0x0000,0x0000,0x0000,0x0000,0x0000,0x0000,0x0000,0x0000,0x0000,
  0x0000,0x0000,0x0000,0x0000,0x0000,0x0000,0x0000,0x0000,0x0000,0x0000,0x0000,0x0000,0x0000,0x0000,0x0000,0x0000,
  0x0000,0x0000,0x0000,0x0000,0x0000,0x0000,0x0000,0x0000,0x0000,0x0000,0x0000,0x0000,0x0000,0x0000,0x0000,0x0000,
  0x0000,0x0000,0x0000,0x0000,0x0000,0x0000,0x0000,0x0000,0x0000,0x0000,0x0000,0x0000,0x0000,0x0000,0x0000,0x0000,
  0x0000,0x0000,0x0000,0x0000,0x0000,0x0000,0x0000,0x0000,0x0000,0x0000,0x0000,0x0000,0x0000,0x0000,0x0000,0x0000,
  0x0000,0x0000,0x0000,0x0000,0x0000,0x0000,0x0000,0x0000,0x0000,0x0000,0x0000,0x0000,0x0000,0x0000,0x0000,0x0000,
  0x0000,0x0000,0x0000,0x0000,0x0000,0x0000,0x0000,0x0000,0x0000,0x0000,0x0000,0x0000,0x0000,0x0000,0x0000,0x0000,
  0x0000,0x0000,0x0000,0x0000,0x0000,0x0000,0x0000,0x0000,0x0000,0x0000,0x0000,0x0000,0x0000,0x0000,0x0000,0x0000,
  0x0000,0x0000,0x0000,0x0000,0x0000,0x0000,0x0000,0x0000,0x0000,0x0000,0x0000,0x0000,0x0000,0x0000,0x0000,0x0000,
  0x0000,0x0000,0x0000,0x0000,0x0000,0x0000,0x0000,0x0000,0x0000,0x0000,0x0000,0x0000,0x0000,0x0000,0x0000,0x0000,
  0x0000,0x0000,0x0000,0x0000,0x0000,0x0000,0x0000,0x0000,0x0000,0x0000,0x0000,0x0000,0x0000,0x0000,0x0000,0x0000,
  0x0000,0x0000,0x0000,0x0000,0x0000,0x0000,0x0000,0x0000,0x0000,0x0000,0x0000,0x0000,0x0000,0x0000,0x0000,0x0000,
  0x0000,0x0000,0x0000,0x0000,0x0000,0x0000,0x0000,0x0000,0x0000,0x0000,0x0000,0x0000,0x0000,0x0000,0x0000,0x0000,
  0x0000,0x0000,0x0000,0x0000,0x0000,0x0000,0x0000,0x0000,0x0000,0x0000,0x0000,0x0000,0x0000,0x0000,0x0000,0x0000,
  0x0000,0x0000,0x0000,0x0000,0x0000,0x0000,0x0000,0x0000,0x0000,0x0000,0x0000,0x0000,0x0000,0x0000,0x0000,0x0000,
  0x0000,0x0000,0x0000,0x0000,0x0000,0x0000,0x0000,0x0000,0x0000,0x0000,0x0000,0x0000,0x0000,0x0000,0x0000,0x0000,
  0x0000,0x0000,0x0000,0x0000,0x0000,0x0000,0x0000,0x0000,0x0000,0x0000,0x0000,0x0000,0x0000,0x0000,0x0000,0x0000,
  0x0000,0x0000,0x0000,0x0000,0x0000,0x0000,0x0000,0x0000,0x0000,0x0000,0x0000,0x0000,0x0000,0x0000,0x0000,0x0000,
  0x0000,0x0000,0x0000,0x0000,0x0000,0x0000,0x0000,0x0000,0x0000,0x0000,0x0000,0x0000,0x0000,0x0000,0x0000,0x0000,
  0x0000,0x0000,0x0000,0x0000,0x0000,0x0000,0x0000,0x0000,0x0000,0x0000,0x0000,0x0000,0x0000,0x0000,0x0000,0x0000,
  0x0000,0x0000,0x0000,0x0000,0x0000,0x0000,0x0000,0x0000,0x0000,0x0000,0x0000,0x0000,0x0000,0x0000,0x0000,0x0000,
  0x0000,0x0000,0x0000,0x0000,0x0000,0x0000,0x0000,0x0000,0x0000,0x0000,0x0000,0x0000,0x0000,0x0000,0x0000,0x0000,
  0x0000,0x0000,0x0000,0x0000,0x0000,0x0000,0x0000,0x0000,0x0000,0x0000,0x0000,0x0000,0x0000,0x0000,0x0000,0x0000,
  0x0000,0x0000,0x0000,0x0000,0x0000,0x0000,0x0000,0x0000,0x0000,0x0000,0x0000,0x0000,0x0000,0x0000,0x0000,0x0000,
  0x0000,0x0000,0x0000,0x0000,0x0000,0x0000,0x0000,0x0000,0x0000,0x0000,0x0000,0x0000,0x0000,0x0000,0x0000,0x0000,
  0x0000,0x0000,0x0000,0x0000,0x0000,0x0000,0x0000,0x0000,0x0000,0x0000,0x0000,0x0000,0x0000,0x0000,0x0000,0x0000,
  0x0000,0x0000,0x0000,0x0000,0x0000,0x0000,0x0000,0x0000,0x0000,0x0000,0x0000,0x0000,0x0000,0x0000,0x0000,0x0000,
  0x0000,0x0000,0x0000,0x0000,0x0000,0x0000,0x0000,0x0000,0x0000,0x0000,0x0000,0x0000,0x0000,0x0000,0x0000,0x0000,
  0x0000,0x0000,0x0000,0x0000,0x0000,0x0000,0x0000,0x0000,0x0000,0x0000,0x0000,0x0000,0x0000,0x0000,0x0000,0x0000,
  0x0000,0x0000,0x0000,0x0000,0x0000,0x0000,0x0000,0x0000,0x0000,0x0000,0x0000,0x0000,0x0000,0x0000,0x0000,0x0000,
  0x0000,0x0000,0x0000,0x0000,0x0000,0x0000,0x0000,0x0000,0x0000,0x0000,0x0000,0x0000,0x0000,0x0000,0x0000,0x0000,
  0x0000,0x0000,0x0000,0x0000,0x0000,0x0000,0x0000,0x0000,0x0000,0x0000,0x0000,0x0000,0x0000,0x0000,0x0000,0x0000,
  0x0000,0x0000,0x0000,0x0000,0x0000,0x0000,0x0000,0x0000,0x0000,0x0000,0x0000,0x0000,0x0000,0x0000,0x0000,0x0000,
  0x0000,0x0000,0x0000,0x0000,0x0000,0x0000,0x0000,0x0000,0x0000,0x0000,0x0000,0x0000,0x0000,0x0000,0x0000,0x0000,
  0x0000,0x0000,0x0000,0x0000,0x0000,0x0000,0x0000,0x0000,0x0000,0x0000,0x0000,0x0000,0x0000,0x0000,0x0000,0x0000,
  0x0000,0x0000,0x0000,0x0000,0x0000,0x0000,0x0000,0x0000,0x0000,0x0000,0x0000,0x0000,0x0000,0x0000,0x0000,0x0000,
  0x0000,0x0000,0x0000,0x0000,0x0000,0x0000,0x0000,0x0000,0x0000,0x0000,0x0000,0x0000,0x0000,0x0000,0x0000,0x0000,
  0x0000,0x0000,0x0000,0x0000,0x0000,0x0000,0x0000,0x0000,0x0000,0x0000,0x0000,0x0000,0x0000,0x0000,0x0000,0x0000,
  0x0000,0x0000,0x0000,0x0000,0x0000,0x0000,0x0000,0x0000,0x0000,0x0000,0x0000,0x0000,0x0000,0x0000,0x0000,0x0000,
  0x0000,0x0000,0x0000,0x0000,0x0000,0x0000,0x0000,0x0000,0x0000,0x0000,0x0000,0x0000,0x0000,0x0000,0x0000,0x0000,
  0x0000,0x0000,0x0000,0x0000,0x0000,0x0000,0x0000,0x0000,0x0000,0x0000,0x0000,0x0000,0x0000,0x0000,0x0000,0x0000,
  0x0000,0x0000,0x0000,0x0000,0x0000,0x0000,0x0000,0x0000,0x0000,0x0000,0x0000,0x0000,0x0000,0x0000,0x0000,0x0000,
  0x0000,0x0000,0x0000,0x0000,0x0000,0x0000,0x0000,0x0000,0x0000,0x0000,0x0000,0x0000,0x0000,0x0000,0x0000,0x0000,
  0x0000,0x0000,0x0000,0x0000,0x0000,0x0000,0x0000,0x0000,0x0000,0x0000,0x0000,0x0000,0x0000,0x0000,0x0000,0x0000,
  0x0000,0x0000,0x0000,0x0000,0x0000,0x0000,0x0000,0x0000,0x0000,0x0000,0x0000,0x0000,0x0000,0x0000,0x0000,0x0000,
  0x0000,0x0000,0x0000,0x0000,0x0000,0x0000,0x0000,0x0000,0x0000,0x0000,0x0000,0x0000,0x0000,0x0000,0x0000,0x0000,
  0x0000,0x0000,0x0000,0x0000,0x0000,0x0000,0x0000,0x0000,0x0000,0x0000,0x0000,0x0000,0x0000,0x0000,0x0000,0x0000,
  0x0000,0x0000,0x0000,0x0000,0x0000,0x0000,0x0000,0x0000,0x0000,0x0000,0x0000,0x0000,0x0000,0x0000,0x0000,0x0000,
  0x0000,0x0000,0x0000,0x0000,0x0000,0x0000,0x0000,0x0000,0x0000,0x0000,0x0000,0x0000,0x0000,0x0000,0x0000,0x0000,
  0x0000,0x0000,0x0000,0x0000,0x0000,0x0000,0x0000,0x0000,0x0000,0x0000,0x0000,0x0000,0x0000,0x0000,0x0000,0x0000,
  0x0000,0x0000,0x0000,0x0000,0x0000,0x0000,0x0000,0x0000,0x0000,0x0000,0x0000,0x0000,0x0000,0x0000,0x0000,0x0000,
  0x0000,0x0000,0x0000,0x0000,0x0000,0x0000,0x0000,0x0000,0x0000,0x0000,0x0000,0x0000,0x0000,0x0000,0x0000,0x0000,
  0x0000,0x0000,0x0000,0x0000,0x0000,0x0000,0x0000,0x0000,0x0000,0x0000,0x0000,0x0000,0x0000,0x0000,0x0000,0x0000,
  0x0000,0x0000,0x0000,0x0000,0x0000,0x0000,0x0000,0x0000,0x0000,0x0000,0x0000,0x0000,0x0000,0x0000,0x0000,0x0000,
  0x0000,0x0000,0x0000,0x0000,0x0000,0x0000,0x0000,0x0000,0x0000,0x0000,0x0000,0x0000,0x0000,0x0000,0x0000,0x0000,
  0x0000,0x0000,0x0000,0x0000,0x0000,0x0000,0x0000,0x0000,0x0000,0x0000,0x0000,0x0000,0x0000,0x0000,0x0000,0x0000,
  0x0000,0x0000,0x0000,0x0000,0x0000,0x0000,0x0000,0x0000,0x0000,0x0000,0x0000,0x0000,0x0000,0x0000,0x0000,0x0000,
  0x0000,0x0000,0x0000,0x0000,0x0000,0x0000,0x0000,0x0000,0x0000,0x0000,0x0000,0x0000,0x0000,0x0000,0x0000,0x0000,
  0x0000,0x0000,0x0000,0x0000,0x0000,0x0000,0x0000,0x0000,0x0000,0x0000,0x0000,0x0000,0x0000,0x0000,0x0000,0x0000,
  0x0000,0x0000,0x0000,0x0000,0x0000,0x0000,0x0000,0x0000,0x0000,0x0000,0x0000,0x0000,0x0000,0x0000,0x0000,0x0000,
  0x0000,0x0000,0x0000,0x0000,0x0000,0x0000,0x0000,0x0000,0x0000,0x0000,0x0000,0x0000,0x0000,0x0000,0x0000,0x0000,
  0x0000,0x0000,0x0000,0x0000,0x0000,0x0000,0x0000,0x0000,0x0000,0x0000,0x0000,0x0000,0x0000,0x0000,0x0000,0x0000,
  0x0000,0x0000,0x0000,0x0000,0x0000,0x0000,0x0000,0x0000,0x0000,0x0000,0x0000,0x0000,0x0000,0x0000,0x0000,0x0000,
  0x0000,0x0000,0x0000,0x0000,0x0000,0x0000,0x0000,0x0000,0x0000,0x0000,0x0000,0x0000,0x0000,0x0000,0x0000,0x0000,
  0x0000,0x0000,0x0000,0x0000,0x0000,0x0000,0x0000,0x0000,0x0000,0x0000,0x0000,0x0000,0x0000,0x0000,0x0000,0x0000,
  0x0000,0x0000,0x0000,0x0000,0x0000,0x0000,0x0000,0x0000,0x0000,0x0000,0x0000,0x0000,0x0000,0x0000,0x0000,0x0000,
  0x0000,0x0000,0x0000,0x0000,0x0000,0x0000,0x0000,0x0000,0x0000,0x0000,0x0000,0x0000,0x0000,0x0000,0x0000,0x0000,
  0x0000,0x0000,0x0000,0x0000,0x0000,0x0000,0x0000,0x0000,0x0000,0x0000,0x0000,0x0000,0x0000,0x0000,0x0000,0x0000,
  0x0000,0x0000,0x0000,0x0000,0x0000,0x0000,0x0000,0x0000,0x0000,0x0000,0x0000,0x0000,0x0000,0x0000,0x0000,0x0000,
  0x0000,0x0000,0x0000,0x0000,0x0000,0x0000,0x0000,0x0000,0x0000,0x0000,0x0000,0x0000,0x0000,0x0000,0x0000,0x0000,
  0x0000,0x0000,0x0000,0x0000,0x0000,0x0000,0x0000,0x0000,0x0000,0x0000,0x0000,0x0000,0x0000,0x0000,0x0000,0x0000,
  0x0000,0x0000,0x0000,0x0000,0x0000,0x0000,0x0000,0x0000,0x0000,0x0000,0x0000,0x0000,0x0000,0x0000,0x0000,0x0000,
  0x0000,0x0000,0x0000,0x0000,0x0000,0x0000,0x0000,0x0000,0x0000,0x0000,0x0000,0x0000,0x0000,0x0000,0x0000,0x0000,
  0x0000,0x0000,0x0000,0x0000,0x0000,0x0000,0x0000,0x0000,0x0000,0x0000,0x0000,0x0000,0x0000,0x0000,0x0000,0x0000,
  0x0000,0x0000,0x0000,0x0000,0x0000,0x0000,0x0000,0x0000,0x0000,0x0000,0x0000,0x0000,0x0000,0x0000,0x0000,0x0000,
  0x0000,0x0000,0x0000,0x0000,0x0000,0x0000,0x0000,0x0000,0x0000,0x0000,0x0000,0x0000,0x0000,0x0000,0x0000,0x0000,
  0x0000,0x0000,0x0000,0x0000,0x0000,0x0000,0x0000,0x0000,0x0000,0x0000,0x0000,0x0000,0x0000,0x0000,0x0000,0x0000,
  0x0000,0x0000,0x0000,0x0000,0x0000,0x0000,0x0000,0x0000,0x0000,0x0000,0x0000,0x0000,0x0000,0x0000,0x0000,0x0000,
  0x0000,0x0000,0x0000,0x0000,0x0000,0x0000,0x0000,0x0000,0x0000,0x0000,0x0000,0x0000,0x0000,0x0000,0x0000,0x0000,
  0x0000,0x0000,0x0000,0x0000,0x0000,0x0000,0x0000,0x0000,0x0000,0x0000,0x0000,0x0000,0x0000,0x0000,0x0000,0x0000,
  0x0000,0x0000,0x0000,0x0000,0x0000,0x0000,0x0000,0x0000,0x0000,0x0000,0x0000,0x0000,0x0000,0x0000,0x0000,0x0000,
  0x0000,0x0000,0x0000,0x0000,0x0000,0x0000,0x0000,0x0000,0x0000,0x0000,0x0000,0x0000,0x0000,0x0000,0x0000,0x0000,
  0x0000,0x0000,0x0000,0x0000,0x0000,0x0000,0x0000,0x0000,0x0000,0x0000,0x0000,0x0000,0x0000,0x0000,0x0000,0x0000,
  0x0000,0x0000,0x0000,0x0000,0x0000,0x0000,0x0000,0x0000,0x0000,0x0000,0x0000,0x0000,0x0000,0x0000,0x0000,0x0000,
  0x0000,0x0000,0x0000,0x0000,0x0000,0x0000,0x0000,0x0000,0x0000,0x0000,0x0000,0x0000,0x0000,0x0000,0x0000,0x0000,
  0x0000,0x0000,0x0000,0x0000,0x0000,0x0000,0x0000,0x0000,0x0000,0x0000,0x0000,0x0000,0x0000,0x0000,0x0000,0x0000,
  0x0000,0x0000,0x0000,0x0000,0x0000,0x0000,0x0000,0x0000,0x0000,0x0000,0x0000,0x0000,0x0000,0x0000,0x0000,0x0000,
  0x0000,0x0000,0x0000,0x0000,0x0000,0x0000,0x0000,0x0000,0x0000,0x0000,0x0000,0x0000,0x0000,0x0000,0x0000,0x0000,
  0x0000,0x0000,0x0000,0x0000,0x0000,0x0000,0x0000,0x0000,0x0000,0x0000,0x0000,0x0000,0x0000,0x0000,0x0000,0x0000,
  0x0000,0x0000,0x0000,0x0000,0x0000,0x0000,0x0000,0x0000,0x0000,0x0000,0x0000,0x0000,0x0000,0x0000,0x0000,0x0000,
  0x0000,0x0000,0x0000,0x0000,0x0000,0x0000,0x0000,0x0000,0x0000,0x0000,0x0000,0x0000,0x0000,0x0000,0x0000,0x0000,
  0x0000,0x0000,0x0000,0x0000,0x0000,0x0000,0x0000,0x0000,0x0000,0x0000,0x0000,0x0000,0x0000,0x0000,0x0000,0x0000,
  0x0000,0x0000,0x0000,0x0000,0x0000,0x0000,0x0000,0x0000,0x0000,0x0000,0x0000,0x0000,0x0000,0x0000,0x0000,0x0000,
  0x0000,0x0000,0x0000,0x0000,0x0000,0x0000,0x0000,0x0000,0x0000,0x0000,0x0000,0x0000,0x0000,0x0000,0x0000,0x0000,
  0x0000,0x0000,0x0000,0x0000,0x0000,0x0000,0x0000,0x0000,0x0000,0x0000,0x0000,0x0000,0x0000,0x0000,0x0000,0x0000,
  0x0000,0x0000,0x0000,0x0000,0x0000,0x0000,0x0000,0x0000,0x0000,0x0000,0x0000,0x0000,0x0000,0x0000,0x0000,0x0000,
  0x0000,0x0000,0x0000,0x0000,0x0000,0x0000,0x0000,0x0000,0x0000,0x0000,0x0000,0x0000,0x0000,0x0000,0x0000,0x0000,
  0x0000,0x0000,0x0000,0x0000,0x0000,0x0000,0x0000,0x0000,0x0000,0x0000,0x0000,0x0000,0x0000,0x0000,0x0000,0x0000,
  0x0000,0x0000,0x0000,0x0000,0x0000,0x0000,0x0000,0x0000,0x0000,0x0000,0x0000,0x0000,0x0000,0x0000,0x0000,0x0000,
  0x0000,0x0000,0x0000,0x0000,0x0000,0x0000,0x0000,0x0000,0x0000,0x0000,0x0000,0x0000,0x0000,0x0000,0x0000,0x0000,
  0x0000,0x0000,0x0000,0x0000,0x0000,0x0000,0x0000,0x0000,0x0000,0x0000,0x0000,0x0000,0x0000,0x0000,0x0000,0x0000,
  0x0000,0x0000,0x0000,0x0000,0x0000,0x0000,0x0000,0x0000,0x0000,0x0000,0x0000,0x0000,0x0000,0x0000,0x0000,0x0000,
  0x0000,0x0000,0x0000,0x0000,0x0000,0x0000,0x0000,0x0000,0x0000,0x0000,0x0000,0x0000,0x0000,0x0000,0x0000,0x0000,
  0x0000,0x0000,0x0000,0x0000,0x0000,0x0000,0x0000,0x0000,0x0000,0x0000,0x0000,0x0000,0x0000,0x0000,0x0000,0x0000,
  0x0000,0x0000,0x0000,0x0000,0x0000,0x0000,0x0000,0x0000,0x0000,0x0000,0x0000,0x0000,0x0000,0x0000,0x0000,0x0000,
  0x0000,0x0000,0x0000,0x0000,0x0000,0x0000,0x0000,0x0000,0x0000,0x0000,0x0000,0x0000,0x0000,0x0000,0x0000,0x0000,
  0x0000,0x0000,0x0000,0x0000,0x0000,0x0000,0x0000,0x0000,0x0000,0x0000,0x0000,0x0000,0x0000,0x0000,0x0000,0x0000,
  0x0000,0x0000,0x0000,0x0000,0x0000,0x0000,0x0000,0x0000,0x0000,0x0000,0x0000,0x0000,0x0000,0x0000,0x0000,0x0000,
  0x0000,0x0000,0x0000,0x0000,0x0000,0x0000,0x0000,0x0000,0x0000,0x0000,0x0000,0x0000,0x0000,0x0000,0x0000,0x0000,
  0x0000,0x0000,0x0000,0x0000,0x0000,0x0000,0x0000,0x0000,0x0000,0x0000,0x0000,0x0000,0x0000,0x0000,0x0000,0x0000,
  0x0000,0x0000,0x0000,0x0000,0x0000,0x0000,0x0000,0x0000,0x0000,0x0000,0x0000,0x0000,0x0000,0x0000,0x0000,0x0000,
  0x0000,0x0000,0x0000,0x0000,0x0000,0x0000,0x0000,0x0000,0x0000,0x0000,0x0000,0x0000,0x0000,0x0000,0x0000,0x0000,
  0x0000,0x0000,0x0000,0x0000,0x0000,0x0000,0x0000,0x0000,0x0000,0x0000,0x0000,0x0000,0x0000,0x0000,0x0000,0x0000,
  0x0000,0x0000,0x0000,0x0000,0x0000,0x0000,0x0000,0x0000,0x0000,0x0000,0x0000,0x0000,0x0000,0x0000,0x0000,0x0000,
  0x0000,0x0000,0x0000,0x0000,0x0000,0x0000,0x0000,0x0000,0x0000,0x0000,0x0000,0x0000,0x0000,0x0000,0x0000,0x0000,
  0x0000,0x0000,0x0000,0x0000,0x0000,0x0000,0x0000,0x0000,0x0000,0x0000,0x0000,0x0000,0x0000,0x0000,0x0000,0x0000,
  0x0000,0x0000,0x0000,0x0000,0x0000,0x0000,0x0000,0x0000,0x0000,0x0000,0x0000,0x0000,0x0000,0x0000,0x0000,0x0000,
  0x0000,0x0000,0x0000,0x0000,0x0000,0x0000,0x0000,0x0000,0x0000,0x0000,0x0000,0x0000,0x0000,0x0000,0x0000,0x0000,
  0x0000,0x0000,0x0000,0x0000,0x0000,0x0000,0x0000,0x0000,0x0000,0x0000,0x0000,0x0000,0x0000,0x0000,0x0000,0x0000,
  0x0000,0x0000,0x0000,0x0000,0x0000,0x0000,0x0000,0x0000,0x0000,0x0000,0x0000,0x0000,0x0000,0x0000,0x0000,0x0000,
  0x0000,0x0000,0x0000,0x0000,0x0000,0x0000,0x0000,0x0000,0x0000,0x0000,0x0000,0x0000,0x0000,0x0000,0x0000,0x0000,
  0x0000,0x0000,0x0000,0x0000,0x0000,0x0000,0x0000,0x0000,0x0000,0x0000,0x0000,0x0000,0x0000,0x0000,0x0000,0x0000,
  0x0000,0x0000,0x0000,0x0000,0x0000,0x0000,0x0000,0x0000,0x0000,0x0000,0x0000,0x0000,0x0000,0x0000,0x0000,0x0000,
  0x0000,0x0000,0x0000,0x0000,0x0000,0x0000,0x0000,0x0000,0x0000,0x0000,0x0000,0x0000,0x0000,0x0000,0x0000,0x0000,
  0x0000,0x0000,0x0000,0x0000,0x0000,0x0000,0x0000,0x0000,0x0000,0x0000,0x0000,0x0000,0x0000,0x0000,0x0000,0x0000,
  0x0000,0x0000,0x0000,0x0000,0x0000,0x0000,0x0000,0x0000,0x0000,0x0000,0x0000,0x0000,0x0000,0x0000,0x0000,0x0000,
  0x0000,0x0000,0x0000,0x0000,0x0000,0x0000,0x0000,0x0000,0x0000,0x0000,0x0000,0x0000,0x0000,0x0000,0x0000,0x0000,
  0x0000,0x0000,0x0000,0x0000,0x0000,0x0000,0x0000,0x0000,0x0000,0x0000,0x0000,0x0000,0x0000,0x0000,0x0000,0x0000,
  0x0000,0x0000,0x0000,0x0000,0x0000,0x0000,0x0000,0x0000,0x0000,0x0000,0x0000,0x0000,0x0000,0x0000,0x0000,0x0000,
  0x0000,0x0000,0x0000,0x0000,0x0000,0x0000,0x0000,0x0000,0x0000,0x0000,0x0000,0x0000,0x0000,0x0000,0x0000,0x0000,
  0x0000,0x0000,0x0000,0x0000,0x0000,0x0000,0x0000,0x0000,0x0000,0x0000,0x0000,0x0000,0x0000,0x0000,0x0000,0x0000,
  0x0000,0x0000,0x0000,0x0000,0x0000,0x0000,0x0000,0x0000,0x0000,0x0000,0x0000,0x0000,0x0000,0x0000,0x0000,0x0000,
  0x0000,0x0000,0x0000,0x0000,0x0000,0x0000,0x0000,0x0000,0x0000,0x0000,0x0000,0x0000,0x0000,0x0000,0x0000,0x0000,
  0x0000,0x0000,0x0000,0x0000,0x0000,0x0000,0x0000,0x0000,0x0000,0x0000,0x0000,0x0000,0x0000,0x0000,0x0000,0x0000,
  0x0000,0x0000,0x0000,0x0000,0x0000,0x0000,0x0000,0x0000,0x0000,0x0000,0x0000,0x0000,0x0000,0x0000,0x0000,0x0000,
  0x0000,0x0000,0x0000,0x0000,0x0000,0x0000,0x0000,0x0000,0x0000,0x0000,0x0000,0x0000,0x0000,0x0000,0x0000,0x0000,
  0x0000,0x0000,0x0000,0x0000,0x0000,0x0000,0x0000,0x0000,0x0000,0x0000,0x0000,0x0000,0x0000,0x0000,0x0000,0x0000,
  0x0000,0x0000,0x0000,0x0000,0x0000,0x0000,0x0000,0x0000,0x0000,0x0000,0x0000,0x0000,0x0000,0x0000,0x0000,0x0000,
  0x0000,0x0000,0x0000,0x0000,0x0000,0x0000,0x0000,0x0000,0x0000,0x0000,0x0000,0x0000,0x0000,0x0000,0x0000,0x0000,
  0x0000,0x0000,0x0000,0x0000,0x0000,0x0000,0x0000,0x0000,0x0000,0x0000,0x0000,0x0000,0x0000,0x0000,0x0000,0x0000,
  0x0000,0x0000,0x0000,0x0000,0x0000,0x0000,0x0000,0x0000,0x0000,0x0000,0x0000,0x0000,0x0000,0x0000,0x0000,0x0000,
  0x0000,0x0000,0x0000,0x0000,0x0000,0x0000,0x0000,0x0000,0x0000,0x0000,0x0000,0x0000,0x0000,0x0000,0x0000,0x0000,
  0x0000,0x0000,0x0000,0x0000,0x0000,0x0000,0x0000,0x0000,0x0000,0x0000,0x0000,0x0000,0x0000,0x0000,0x0000,0x0000,
  0x0000,0x0000,0x0000,0x0000,0x0000,0x0000,0x0000,0x0000,0x0000,0x0000,0x0000,0x0000,0x0000,0x0000,0x0000,0x0000,
  0x0000,0x0000,0x0000,0x0000,0x0000,0x0000,0x0000,0x0000,0x0000,0x0000,0x0000,0x0000,0x0000,0x0000,0x0000,0x0000,
  0x0000,0x0000,0x0000,0x0000,0x0000,0x0000,0x0000,0x0000,0x0000,0x0000,0x0000,0x0000,0x0000,0x0000,0x0000,0x0000,
  0x0000,0x0000,0x0000,0x0000,0x0000,0x0000,0x0000,0x0000,0x0000,0x0000,0x0000,0x0000,0x0000,0x0000,0x0000,0x0000,
  0x0000,0x0000,0x0000,0x0000,0x0000,0x0000,0x0000,0x0000,0x0000,0x0000,0x0000,0x0000,0x0000,0x0000,0x0000,0x0000,
  0x0000,0x0000,0x0000,0x0000,0x0000,0x0000,0x0000,0x0000,0x0000,0x0000,0x0000,0x0000,0x0000,0x0000,0x0000,0x0000,
  0x0000,0x0000,0x0000,0x0000,0x0000,0x0000,0x0000,0x0000,0x0000,0x0000,0x0000,0x0000,0x0000,0x0000,0x0000,0x0000,
  0x0000,0x0000,0x0000,0x0000,0x0000,0x0000,0x0000,0x0000,0x0000,0x0000,0x0000,0x0000,0x0000,0x0000,0x0000,0x0000,
  0x0000,0x0000,0x0000,0x0000,0x0000,0x0000,0x0000,0x0000,0x0000,0x0000,0x0000,0x0000,0x0000,0x0000,0x0000,0x0000,
  0x0000,0x0000,0x0000,0x0000,0x0000,0x0000,0x0000,0x0000,0x0000,0x0000,0x0000,0x0000,0x0000,0x0000,0x0000,0x0000,
  0x0000,0x0000,0x0000,0x0000,0x0000,0x0000,0x0000,0x0000,0x0000,0x0000,0x0000,0x0000,0x0000,0x0000,0x0000,0x0000,
  0x0000,0x0000,0x0000,0x0000,0x0000,0x0000,0x0000,0x0000,0x0000,0x0000,0x0000,0x0000,0x0000,0x0000,0x0000,0x0000,
  0x0000,0x0000,0x0000,0x0000,0x0000,0x0000,0x0000,0x0000,0x0000,0x0000,0x0000,0x0000,0x0000,0x0000,0x0000,0x0000,
  0x0000,0x0000,0x0000,0x0000,0x0000,0x0000,0x0000,0x0000,0x0000,0x0000,0x0000,0x0000,0x0000,0x0000,0x0000,0x0000,
  0x0000,0x0000,0x0000,0x0000,0x0000,0x0000,0x0000,0x0000,0x0000,0x0000,0x0000,0x0000,0x0000,0x0000,0x0000,0x0000,
  0x0000,0x0000,0x0000,0x0000,0x0000,0x0000,0x0000,0x0000,0x0000,0x0000,0x0000,0x0000,0x0000,0x0000,0x0000,0x0000,
  0x0000,0x0000,0x0000,0x0000,0x0000,0x0000,0x0000,0x0000,0x0000,0x0000,0x0000,0x0000,0x0000,0x0000,0x0000,0x0000,
  0x0000,0x0000,0x0000,0x0000,0x0000,0x0000,0x0000,0x0000,0x0000,0x0000,0x0000,0x0000,0x0000,0x0000,0x0000,0x0000,
  0x0000,0x0000,0x0000,0x0000,0x0000,0x0000,0x0000,0x0000,0x0000,0x0000,0x0000,0x0000,0x0000,0x0000,0x0000,0x0000,
  0x0000,0x0000,0x0000,0x0000,0x0000,0x0000,0x0000,0x0000,0x0000,0x0000,0x0000,0x0000,0x0000,0x0000,0x0000,0x0000,
  0x0000,0x0000,0x0000,0x0000,0x0000,0x0000,0x0000,0x0000,0x0000,0x0000,0x0000,0x0000,0x0000,0x0000,0x0000,0x0000,
  0x0000,0x0000,0x0000,0x0000,0x0000,0x0000,0x0000,0x0000,0x0000,0x0000,0x0000,0x0000,0x0000,0x0000,0x0000,0x0000,
  0x0000,0x0000,0x0000,0x0000,0x0000,0x0000,0x0000,0x0000,0x0000,0x0000,0x0000,0x0000,0x0000,0x0000,0x0000,0x0000,
  0x0000,0x0000,0x0000,0x0000,0x0000,0x0000,0x0000,0x0000,0x0000,0x0000,0x0000,0x0000,0x0000,0x0000,0x0000,0x0000,
  0x0000,0x0000,0x0000,0x0000,0x0000,0x0000,0x0000,0x0000,0x0000,0x0000,0x0000,0x0000,0x0000,0x0000,0x0000,0x0000,
  0x0000,0x0000,0x0000,0x0000,0x0000,0x0000,0x0000,0x0000,0x0000,0x0000,0x0000,0x0000,0x0000,0x0000,0x0000,0x0000,
  0x0000,0x0000,0x0000,0x0000,0x0000,0x0000,0x0000,0x0000,0x0000,0x0000,0x0000,0x0000,0x0000,0x0000,0x0000,0x0000,
  0x0000,0x0000,0x0000,0x0000,0x0000,0x0000,0x0000,0x0000,0x0000,0x0000,0x0000,0x0000,0x0000,0x0000,0x0000,0x0000,
  0x0000,0x0000,0x0000,0x0000,0x0000,0x0000,0x0000,0x0000,0x0000,0x0000,0x0000,0x0000,0x0000,0x0000,0x0000,0x0000,
  0x0000,0x0000,0x0000,0x0000,0x0000,0x0000,0x0000,0x0000,0x0000,0x0000,0x0000,0x0000,0x0000,0x0000,0x0000,0x0000,
  0x0000,0x0000,0x0000,0x0000,0x0000,0x0000,0x0000,0x0000,0x0000,0x0000,0x0000,0x0000,0x0000,0x0000,0x0000,0x0000,
  0x0000,0x0000,0x0000,0x0000,0x0000,0x0000,0x0000,0x0000,0x0000,0x0000,0x0000,0x0000,0x0000,0x0000,0x0000,0x0000,
  0x0000,0x0000,0x0000,0x0000,0x0000,0x0000,0x0000,0x0000,0x0000,0x0000,0x0000,0x0000,0x0000,0x0000,0x0000,0x0000,
  0x0000,0x0000,0x0000,0x0000,0x0000,0x0000,0x0000,0x0000,0x0000,0x0000,0x0000,0x0000,0x0000,0x0000,0x0000,0x0000,
  0x0000,0x0000,0x0000,0x0000,0x0000,0x0000,0x0000,0x0000,0x0000,0x0000,0x0000,0x0000,0x0000,0x0000,0x0000,0x0000,
  0x0000,0x0000,0x0000,0x0000,0x0000,0x0000,0x0000,0x0000,0x0000,0x0000,0x0000,0x0000,0x0000,0x0000,0x0000,0x0000,
  0x0000,0x0000,0x0000,0x0000,0x0000,0x0000,0x0000,0x0000,0x0000,0x0000,0x0000,0x0000,0x0000,0x0000,0x0000,0x0000,
  0x0000,0x0000,0x0000,0x0000,0x0000,0x0000,0x0000,0x0000,0x0000,0x0000,0x0000,0x0000,0x0000,0x0000,0x0000,0x0000,
  0x0000,0x0000,0x0000,0x0000,0x0000,0x0000,0x0000,0x0000,0x0000,0x0000,0x0000,0x0000,0x0000,0x0000,0x0000,0x0000,
  0x0000,0x0000,0x0000,0x0000,0x0000,0x0000,0x0000,0x0000,0x0000,0x0000,0x0000,0x0000,0x0000,0x0000,0x0000,0x0000,
  0x0000,0x0000,0x0000,0x0000,0x0000,0x0000,0x0000,0x0000,0x0000,0x0000,0x0000,0x0000,0x0000,0x0000,0x0000,0x0000,
  0x0000,0x0000,0x0000,0x0000,0x0000,0x0000,0x0000,0x0000,0x0000,0x0000,0x0000,0x0000,0x0000,0x0000,0x0000,0x0000,
  0x0000,0x0000,0x0000,0x0000,0x0000,0x0000,0x0000,0x0000,0x0000,0x0000,0x0000,0x0000,0x0000,0x0000,0x0000,0x0000,
  0x0000,0x0000,0x0000,0x0000,0x0000,0x0000,0x0000,0x0000,0x0000,0x0000,0x0000,0x0000,0x0000,0x0000,0x0000,0x0000,
  0x0000,0x0000,0x0000,0x0000,0x0000,0x0000,0x0000,0x0000,0x0000,0x0000,0x0000,0x0000,0x0000,0x0000,0x0000,0x0000,
  0x0000,0x0000,0x0000,0x0000,0x0000,0x0000,0x0000,0x0000,0x0000,0x0000,0x0000,0x0000,0x0000,0x0000,0x0000,0x0000,
  0x0000,0x0000,0x0000,0x0000,0x0000,0x0000,0x0000,0x0000,0x0000,0x0000,0x0000,0x0000,0x0000,0x0000,0x0000,0x0000,
  0x0000,0x0000,0x0000,0x0000,0x0000,0x0000,0x0000,0x0000,0x0000,0x0000,0x0000,0x0000,0x0000,0x0000,0x0000,0x0000,
  0x0000,0x0000,0x0000,0x0000,0x0000,0x0000,0x0000,0x0000,0x0000,0x0000,0x0000,0x0000,0x0000,0x0000,0x0000,0x0000,
  0x0000,0x0000,0x0000,0x0000,0x0000,0x0000,0x0000,0x0000,0x0000,0x0000,0x0000,0x0000,0x0000,0x0000,0x0000,0x0000,
  0x0000,0x0000,0x0000,0x0000,0x0000,0x0000,0x0000,0x0000,0x0000,0x0000,0x0000,0x0000,0x0000,0x0000,0x0000,0x0000,
  0x0000,0x0000,0x0000,0x0000,0x0000,0x0000,0x0000,0x0000,0x0000,0x0000,0x0000,0x0000,0x0000,0x0000,0x0000,0x0000,
  0x0000,0x0000,0x0000,0x0000,0x0000,0x0000,0x0000,0x0000,0x0000,0x0000,0x0000,0x0000,0x0000,0x0000,0x0000,0x0000,
  0x0000,0x0000,0x0000,0x0000,0x0000,0x0000,0x0000,0x0000,0x0000,0x0000,0x0000,0x0000,0x0000,0x0000,0x0000,0x0000,
  0x0000,0x0000,0x0000,0x0000,0x0000,0x0000,0x0000,0x0000,0x0000,0x0000,0x0000,0x0000,0x0000,0x0000,0x0000,0x0000,
  0x0000,0x0000,0x0000,0x0000,0x0000,0x0000,0x0000,0x0000,0x0000,0x0000,0x0000,0x0000,0x0000,0x0000,0x0000,0x0000,
  0x0000,0x0000,0x0000,0x0000,0x0000,0x0000,0x0000,0x0000,0x0000,0x0000,0x0000,0x0000,0x0000,0x0000,0x0000,0x0000,
  0x0000,0x0000,0x0000,0x0000,0x0000,0x0000,0x0000,0x0000,0x0000,0x0000,0x0000,0x0000,0x0000,0x0000,0x0000,0x0000,
  0x0000,0x0000,0x0000,0x0000,0x0000,0x0000,0x0000,0x0000,0x0000,0x0000,0x0000,0x0000,0x0000,0x0000,0x0000,0x0000,
  0x0000,0x0000,0x0000,0x0000,0x0000,0x0000,0x0000,0x0000,0x0000,0x0000,0x0000,0x0000,0x0000,0x0000,0x0000,0x0000,
  0x0000,0x0000,0x0000,0x0000,0x0000,0x0000,0x0000,0x0000,0x0000,0x0000,0x0000,0x0000,0x0000,0x0000,0x0000,0x0000,
  0x0000,0x0000,0x0000,0x0000,0x0000,0x0000,0x0000,0x0000,0x0000,0x0000,0x0000,0x0000,0x0000,0x0000,0x0000,0x0000,
  0x0000,0x0000,0x0000,0x0000,0x0000,0x0000,0x0000,0x0000,0x0000,0x0000,0x0000,0x0000,0x0000,0x0000,0x0000,0x0000,
  0x0000,0x0000,0x0000,0x0000,0x0000,0x0000,0x0000,0x0000,0x0000,0x0000,0x0000,0x0000,0x0000,0x0000,0x0000,0x0000,
  0x0000,0x0000,0x0000,0x0000,0x0000,0x0000,0x0000,0x0000,0x0000,0x0000,0x0000,0x0000,0x0000,0x0000,0x0000,0x0000,
  0x0000,0x0000,0x0000,0x0000,0x0000,0x0000,0x0000,0x0000,0x0000,0x0000,0x0000,0x0000,0x0000,0x0000,0x0000,0x0000,
  0x0000,0x0000,0x0000,0x0000,0x0000,0x0000,0x0000,0x0000,0x0000,0x0000,0x0000,0x0000,0x0000,0x0000,0x0000,0x0000,
  0x0000,0x0000,0x0000,0x0000,0x0000,0x0000,0x0000,0x0000,0x0000,0x0000,0x0000,0x0000,0x0000,0x0000,0x0000,0x0000,
  0x0000,0x0000,0x0000,0x0000,0x0000,0x0000,0x0000,0x0000,0x0000,0x0000,0x0000,0x0000,0x0000,0x0000,0x0000,0x0000,
  0x0000,0x0000,0x0000,0x0000,0x0000,0x0000,0x0000,0x0000,0x0000,0x0000,0x0000,0x0000,0x0000,0x0000,0x0000,0x0000,
  0x0000,0x0000,0x0000,0x0000,0x0000,0x0000,0x0000,0x0000,0x0000,0x0000,0x0000,0x0000,0x0000,0x0000,0x0000,0x0000,
  0x0000,0x0000,0x0000,0x0000,0x0000,0x0000,0x0000,0x0000,0x0000,0x0000,0x0000,0x0000,0x0000,0x0000,0x0000,0x0000,
  0x0000,0x0000,0x0000,0x0000,0x0000,0x0000,0x0000,0x0000,0x0000,0x0000,0x0000,0x0000,0x0000,0x0000,0x0000,0x0000,
  0x0000,0x0000,0x0000,0x0000,0x0000,0x0000,0x0000,0x0000,0x0000,0x0000,0x0000,0x0000,0x0000,0x0000,0x0000,0x0000,
  0x0000,0x0000,0x0000,0x0000,0x0000,0x0000,0x0000,0x0000,0x0000,0x0000,0x0000,0x0000,0x0000,0x0000,0x0000,0x0000,
  0x0000,0x0000,0x0000,0x0000,0x0000,0x0000,0x0000,0x0000,0x0000,0x0000,0x0000,0x0000,0x0000,0x0000,0x0000,0x0000,
  0x0000,0x0000,0x0000,0x0000,0x0000,0x0000,0x0000,0x0000,0x0000,0x0000,0x0000,0x0000,0x0000,0x0000,0x0000,0x0000,
  0x0000,0x0000,0x0000,0x0000,0x0000,0x0000,0x0000,0x0000,0x0000,0x0000,0x0000,0x0000,0x0000,0x0000,0x0000,0x0000,
  0x0000,0x0000,0x0000,0x0000,0x0000,0x0000,0x0000,0x0000,0x0000,0x0000,0x0000,0x0000,0x0000,0x0000,0x0000,0x0000,
  0x0000,0x0000,0x0000,0x0000,0x0000,0x0000,0x0000,0x0000,0x0000,0x0000,0x0000,0x0000,0x0000,0x0000,0x0000,0x0000,
  0x0000,0x0000,0x0000,0x0000,0x0000,0x0000,0x0000,0x0000,0x0000,0x0000,0x0000,0x0000,0x0000,0x0000,0x0000,0x0000,
  0x0000,0x0000,0x0000,0x0000,0x0000,0x0000,0x0000,0x0000,0x0000,0x0000,0x0000,0x0000,0x0000,0x0000,0x0000,0x0000,
  0x0000,0x0000,0x0000,0x0000,0x0000,0x0000,0x0000,0x0000,0x0000,0x0000,0x0000,0x0000,0x0000,0x0000,0x0000,0x0000,
  0x0000,0x0000,0x0000,0x0000,0x0000,0x0000,0x0000,0x0000,0x0000,0x0000,0x0000,0x0000,0x0000,0x0000,0x0000,0x0000,
  0x0000,0x0000,0x0000,0x0000,0x0000,0x0000,0x0000,0x0000,0x0000,0x0000,0x0000,0x0000,0x0000,0x0000,0x0000,0x0000,
  0x0000,0x0000,0x0000,0x0000,0x0000,0x0000,0x0000,0x0000,0x0000,0x0000,0x0000,0x0000,0x0000,0x0000,0x0000,0x0000,
  0x0000,0x0000,0x0000,0x0000,0x0000,0x0000,0x0000,0x0000,0x0000,0x0000,0x0000,0x0000,0x0000,0x0000,0x0000,0x0000,
  0x0000,0x0000,0x0000,0x0000,0x0000,0x0000,0x0000,0x0000,0x0000,0x0000,0x0000,0x0000,0x0000,0x0000,0x0000,0x0000,
  0x0000,0x0000,0x0000,0x0000,0x0000,0x0000,0x0000,0x0000,0x0000,0x0000,0x0000,0x0000,0x0000,0x0000,0x0000,0x0000,
  0x0000,0x0000,0x0000,0x0000,0x0000,0x0000,0x0000,0x0000,0x0000,0x0000,0x0000,0x0000,0x0000,0x0000,0x0000,0x0000,
  0x0000,0x0000,0x0000,0x0000,0x0000,0x0000,0x0000,0x0000,0x0000,0x0000,0x0000,0x0000,0x0000,0x0000,0x0000,0x0000,
  0x0000,0x0000,0x0000,0x0000,0x0000,0x0000,0x0000,0x0000,0x0000,0x0000,0x0000,0x0000,0x0000,0x0000,0x0000,0x0000,
  0x0000,0x0000,0x0000,0x0000,0x0000,0x0000,0x0000,0x0000,0x0000,0x0000,0x0000,0x0000,0x0000,0x0000,0x0000,0x0000,
  0x0000,0x0000,0x0000,0x0000,0x0000,0x0000,0x0000,0x0000,0x0000,0x0000,0x0000,0x0000,0x0000,0x0000,0x0000,0x0000,
  0x0000,0x0000,0x0000,0x0000,0x0000,0x0000,0x0000,0x0000,0x0000,0x0000,0x0000,0x0000,0x0000,0x0000,0x0000,0x0000,
  0x0000,0x0000,0x0000,0x0000,0x0000,0x0000,0x0000,0x0000,0x0000,0x0000,0x0000,0x0000,0x0000,0x0000,0x0000,0x0000,
  0x0000,0x0000,0x0000,0x0000,0x0000,0x0000,0x0000,0x0000,0x0000,0x0000,0x0000,0x0000,0x0000,0x0000,0x0000,0x0000,
  0x0000,0x0000,0x0000,0x0000,0x0000,0x0000,0x0000,0x0000,0x0000,0x0000,0x0000,0x0000,0x0000,0x0000,0x0000,0x0000,
  0x0000,0x0000,0x0000,0x0000,0x0000,0x0000,0x0000,0x0000,0x0000,0x0000,0x0000,0x0000,0x0000,0x0000,0x0000,0x0000,
  0x0000,0x0000,0x0000,0x0000,0x0000,0x0000,0x0000,0x0000,0x0000,0x0000,0x0000,0x0000,0x0000,0x0000,0x0000,0x0000,
  0x0000,0x0000,0x0000,0x0000,0x0000,0x0000,0x0000,0x0000,0x0000,0x0000,0x0000,0x0000,0x0000,0x0000,0x0000,0x0000,
  0x0000,0x0000,0x0000,0x0000,0x0000,0x0000,0x0000,0x0000,0x0000,0x0000,0x0000,0x0000,0x0000,0x0000,0x0000,0x0000,
  0x0000,0x0000,0x0000,0x0000,0x0000,0x0000,0x0000,0x0000,0x0000,0x0000,0x0000,0x0000,0x0000,0x0000,0x0000,0x0000,
  0x0000,0x0000,0x0000,0x0000,0x0000,0x0000,0x0000,0x0000,0x0000,0x0000,0x0000,0x0000,0x0000,0x0000,0x0000,0x0000,
  0x0000,0x0000,0x0000,0x0000,0x0000,0x0000,0x0000,0x0000,0x0000,0x0000,0x0000,0x0000,0x0000,0x0000,0x0000,0x0000,
  0x0000,0x0000,0x0000,0x0000,0x0000,0x0000,0x0000,0x0000,0x0000,0x0000,0x0000,0x0000,0x0000,0x0000,0x0000,0x0000,
  0x0000,0x0000,0x0000,0x0000,0x0000,0x0000,0x0000,0x0000,0x0000,0x0000,0x0000,0x0000,0x0000,0x0000,0x0000,0x0000,
  0x0000,0x0000,0x0000,0x0000,0x0000,0x0000,0x0000,0x0000,0x0000,0x0000,0x0000,0x0000,0x0000,0x0000,0x0000,0x0000,
  0x0000,0x0000,0x0000,0x0000,0x0000,0x0000,0x0000,0x0000,0x0000,0x0000,0x0000,0x0000,0x0000,0x0000,0x0000,0x0000,
  0x0000,0x0000,0x0000,0x0000,0x0000,0x0000,0x0000,0x0000,0x0000,0x0000,0x0000,0x0000,0x0000,0x0000,0x0000,0x0000,
  0x0000,0x0000,0x0000,0x0000,0x0000,0x0000,0x0000,0x0000,0x0000,0x0000,0x0000,0x0000,0x0000,0x0000,0x0000,0x0000,
  0x0000,0x0000,0x0000,0x0000,0x0000,0x0000,0x0000,0x0000,0x0000,0x0000,0x0000,0x0000,0x0000,0x0000,0x0000,0x0000,
  0x0000,0x0000,0x0000,0x0000,0x0000,0x0000,0x0000,0x0000,0x0000,0x0000,0x0000,0x0000,0x0000,0x0000,0x0000,0x0000,
  0x0000,0x0000,0x0000,0x0000,0x0000,0x0000,0x0000,0x0000,0x0000,0x0000,0x0000,0x0000,0x0000,0x0000,0x0000,0x0000,
  0x0000,0x0000,0x0000,0x0000,0x0000,0x0000,0x0000,0x0000,0x0000,0x0292,0x0292,0x0292,0x0000,0x0000,0x0000,0x0000,
  0x0000,0x0000,0x0292,0x0292,0x0292,0x0000,0x0000,0x0000,0x0000,0x0000,0x0000,0x0292,0x0292,0x0292,0x0000,0x0000,
  0x0000,0x0000,0x0000,0x0000,0x0292,0x0292,0x0292,0x0000,0x0000,0x0000,0x0000,0x0000,0x0000,0x0292,0x0292,0x0292,
  0x0000,0x0000,0x0000,0x0000,0x0000,0x0000,0x0292,0x0292,0x0292,0x0000,0x0000,0x0000,0x0000,0x0000,0x0000,0x0292,
  0x0292,0x0292,0x0000,0x0000,0x0000,0x0000,0x0000,0x0000,0x0292,0x0292,0x0292,0x0000,0x0000,0x0000,0x0000,0x0000,
  0x0000,0x0000,0x0000,0x0000,0x0000,0x0000,0x0000,0x0000,0x0292,0x0292,0x0292,0x0292,0x0292,0x0000,0x0000,0x0000,
  0x0000,0x0292,0x0292,0x0292,0x0292,0x0292,0x0000,0x0000,0x0000,0x0000,0x0292,0x0292,0x0292,0x0292,0x0292,0x0000,
  0x0000,0x0000,0x0000,0x0292,0x0292,0x0292,0x0292,0x0292,0x0000,0x0000,0x0000,0x0000,0x0292,0x0292,0x0292,0x0292,
  0x0292,0x0000,0x0000,0x0000,0x0000,0x0292,0x0292,0x0292,0x0292,0x0292,0x0000,0x0000,0x0000,0x0000,0x0292,0x0292,
  0x0292,0x0292,0x0292,0x0000,0x0000,0x0000,0x0000,0x0292,0x0292,0x0292,0x0292,0x0292,0x0000,0x0000,0x0000,0x0000,
  0x0000,0x0000,0x0000,0x0000,0x0000,0x0000,0x0000,0x0000,0x0292,0x0292,0x0292,0x0292,0x0292,0x0000,0x0000,0x0000,
  0x0000,0x0292,0x0292,0x0292,0x0292,0x0292,0x0000,0x0000,0x0000,0x0000,0x0292,0x0292,0x0292,0x0292,0x0292,0x0000,
  0x0000,0x0000,0x0000,0x0292,0x0292,0x0292,0x0292,0x0292,0x0000,0x0000,0x0000,0x0000,0x0292,0x0292,0x0292,0x0292,
  0x0292,0x0000,0x0000,0x0000,0x0000,0x0292,0x0292,0x0292,0x0292,0x0292,0x0000,0x0000,0x0000,0x0000,0x0292,0x0292,
  0x0292,0x0292,0x0292,0x0000,0x0000,0x0000,0x0000,0x0292,0x0292,0x0292,0x0292,0x0292,0x0000,0x0000,0x0000,0x0000,
  0x0000,0x0000,0x0000,0x0000,0x0000,0x0000,0x0000,0x0000,0x0292,0x0292,0x0292,0x0292,0x0292,0x0000,0x0000,0x0000,
  0x0000,0x0292,0x0292,0x0292,0x0292,0x0292,0x0000,0x0000,0x0000,0x0000,0x0292,0x0292,0x0292,0x0292,0x0292,0x0000,
  0x0000,0x0000,0x0000,0x0292,0x0292,0x0292,0x0292,0x0292,0x0000,0x0000,0x0000,0x0000,0x0292,0x0292,0x0292,0x0292,
  0x0292,0x0000,0x0000,0x0000,0x0000,0x0292,0x0292,0x0292,0x0292,0x0292,0x0000,0x0000,0x0000,0x0000,0x0292,0x0292,
  0x0292,0x0292,0x0292,0x0000,0x0000,0x0000,0x0000,0x0292,0x0292,0x0292,0x0292,0x0292,0x0000,0x0000,0x0000,0x0000,
  0x0000,0x0000,0x0000,0x0000,0x0000,0x0000,0x0000,0x0000,0x0000,0x0292,0x0292,0x0292,0x0000,0x0000,0x0000,0x0000,
  0x0000,0x0000,0x0292,0x0292,0x0292,0x0000,0x0000,0x0000,0x0000,0x0000,0x0000,0x0292,0x0292,0x0292,0x0000,0x0000,
  0x0000,0x0000,0x0000,0x0000,0x0292,0x0292,0x0292,0x0000,0x0000,0x0000,0x0000,0x0000,0x0000,0x0292,0x0292,0x0292,
  0x0000,0x0000,0x0000,0x0000,0x0000,0x0000,0x0292,0x0292,0x0292,0x0000,0x0000,0x0000,0x0000,0x0000,0x0000,0x0292,
  0x0292,0x0292,0x0000,0x0000,0x0000,0x0000,0x0000,0x0000,0x0292,0x0292,0x0292,0x0000,0x0000,0x0000,0x0000,0x0000,
  0x0000,0x0000,0x0000,0x0000,0x0000,0x0000,0x0000,0x0000,0x0000,0x0000,0x0000,0x0000,0x0000,0x0000,0x0000,0x0000,
  0x0000,0x0000,0x0000,0x0000,0x0000,0x0000,0x0000,0x0000,0x0000,0x0000,0x0000,0x0000,0x0000,0x0000,0x0000,0x0000,
  0x0000,0x0000,0x0000,0x0000,0x0000,0x0000,0x0000,0x0000,0x0000,0x0000,0x0000,0x0000,0x0000,0x0000,0x0000,0x0000,
  0x0000,0x0000,0x0000,0x0000,0x0000,0x0000,0x0000,0x0000,0x0000,0x0000,0x0000,0x0000,0x0000,0x0000,0x0000,0x0000,
  0x0000,0x0000,0x0000,0x0000,0x0000,0x0000,0x0000,0x0000,0x0000,0x0000,0x0000,0x0000,0x0000,0x0000,0x0000,0x0000,
  0x0000,0x0000,0x0000,0x0000,0x0000,0x0000,0x0000,0x0000,0x0000,0x0000,0x0000,0x0000,0x0000,0x0000,0x0000,0x0000,
  0x0000,0x0000,0x0000,0x0000,0x0000,0x0000,0x0000,0x0000,0x0000,0x0000,0x0000,0x0000,0x0000,0x0000,0x0000,0x0000,
  0x0000,0x0000,0x0000,0x0000,0x0000,0x0000,0x0000,0x0000,0x0000,0x0000,0x0000,0x0000,0x0000,0x0000,0x0000,0x0000,
  0x0000,0x0000,0x0000,0x0000,0x0000,0x0000,0x0000,0x0000,0x0000,0x0000,0x0000,0x0000,0x0000,0x0000,0x0000,0x0000,
  0x0000,0x0000,0x0000,0x0000,0x0000,0x0000,0x0000,0x0000,0x0000,0x0000,0x0000,0x0000,0x0000,0x0000,0x0000,0x0000,
  0x0000,0x0000,0x0000,0x0000,0x0000,0x0000,0x0000,0x0000,0x0000,0x0000,0x0000,0x0000,0x0000,0x0000,0x0000,0x0000,
  0x0000,0x0000,0x0000,0x0000,0x0000,0x0000,0x0000,0x0000,0x0000,0x0000,0x0000,0x0000,0x0000,0x0000,0x0000,0x0000,
  0x0000,0x0000,0x0000,0x0000,0x0000,0x0000,0x0000,0x0000,0x0000,0x0000,0x0000,0x0000,0x0000,0x0000,0x0000,0x0000,
  0x0000,0x0000,0x0000,0x0000,0x0000,0x0000,0x0000,0x0000,0x0000,0x0000,0x0000,0x0000,0x0000,0x0000,0x0000,0x0000,
  0x0000,0x0000,0x0000,0x0000,0x0000,0x0000,0x0000,0x0000,0x0000,0x0000,0x0000,0x0000,0x0000,0x0000,0x0000,0x0000,
  0x0000,0x0000,0x0000,0x0000,0x0000,0x0000,0x0000,0x0000,0x0000,0x0000,0x0000,0x0000,0x0000,0x0000,0x0000,0x0000,
  0x0000,0x0000,0x0000,0x0000,0x0000,0x0000,0x0000,0x0000,0x0000,0x0000,0x0000,0x0000,0x0000,0x0000,0x0000,0x0000,
  0x0000,0x0000,0x0000,0x0000,0x0000,0x0000,0x0000,0x0000,0x0000,0x0000,0x0000,0x0000,0x0000,0x0000,0x0000,0x0000,
  0x0000,0x0000,0x0000,0x0000,0x0000,0x0000,0x0000,0x0000,0x0000,0x0000,0x0000,0x0000,0x0000,0x0000,0x0000,0x0000,
  0x0000,0x0000,0x0000,0x0000,0x0000,0x0000,0x0000,0x0000,0x0000,0x0000,0x0000,0x0000,0x0000,0x0000,0x0000,0x0000,
  0x0000,0x0000,0x0000,0x0000,0x0000,0x0000,0x0000,0x0000,0x0000,0x0000,0x0000,0x0000,0x0000,0x0000,0x0000,0x0000,
  0x0000,0x0000,0x0000,0x0000,0x0000,0x0000,0x0000,0x0000,0x0000,0x0000,0x0000,0x0000,0x0000,0x0000,0x0000,0x0000,
  0x0000,0x0000,0x0000,0x0000,0x0000,0x0000,0x0000,0x0000,0x0000,0x0000,0x0000,0x0000,0x0000,0x0000,0x0000,0x0000,
  0x0000,0x0000,0x0000,0x0000,0x0000,0x0000,0x0000,0x0000,0x0000,0x0000,0x0000,0x0000,0x0000,0x0000,0x0000,0x0000,
  0x0000,0x0000,0x0000,0x0000,0x0000,0x0000,0x0000,0x0000,0x0000,0x0000,0x0000,0x0000,0x0000,0x0000,0x0000,0x0000,
  0x0000,0x0000,0x0000,0x0000,0x0000,0x0000,0x0000,0x0000,0x0000,0x0000,0x0000,0x0000,0x0000,0x0000,0x0000,0x0000,
  0x0000,0x0000,0x0000,0x0000,0x0000,0x0000,0x0000,0x0000,0x0000,0x0000,0x0000,0x0000,0x0000,0x0000,0x0000,0x0000,
  0x0000,0x0000,0x0000,0x0000,0x0000,0x0000,0x0000,0x0000,0x0000,0x0000,0x0000,0x0000,0x0000,0x0000,0x0000,0x0000,
  0x0000,0x0000,0x0000,0x0000,0x0000,0x0000,0x0000,0x0000,0x0000,0x0000,0x0000,0x0000,0x0000,0x0000,0x0000,0x0000,
  0x0000,0x0000,0x0000,0x0000,0x0000,0x0000,0x0000,0x0000,0x0000,0x0000,0x0000,0x0000,0x0000,0x0000,0x0000,0x0000,
  0x0000,0x0000,0x0000,0x0000,0x0000,0x0000,0x0000,0x0000,0x0000,0x0000,0x0000,0x0000,0x0000,0x0000,0x0000,0x0000,
  0x0000,0x0000,0x0000,0x0000,0x0000,0x0000,0x0000,0x0000,0x0000,0x0000,0x0000,0x0000,0x0000,0x0000,0x0000,0x0000,
  0x0000,0x0000,0x0000,0x0000,0x0000,0x0000,0x0000,0x0000,0x0000,0x0000,0x0000,0x0000,0x0000,0x0000,0x0000,0x0000,
  0x0000,0x0000,0x0000,0x0000,0x0000,0x0000,0x0000,0x0000,0x0000,0x0000,0x0000,0x0000,0x0000,0x0000,0x0000,0x0000,
  0x0000,0x0000,0x0000,0x0000,0x0000,0x0000,0x0000,0x0000,0x0000,0x0000,0x0000,0x0000,0x0000,0x0000,0x0000,0x0000,
  0x0000,0x0000,0x0000,0x0000,0x0000,0x0000,0x0000,0x0000,0x0000,0x0000,0x0000,0x0000,0x0000,0x0000,0x0000,0x0000,
  0x0000,0x0000,0x0000,0x0000,0x0000,0x0000,0x0000,0x0000,0x0000,0x0000,0x0000,0x0000,0x0000,0x0000,0x0000,0x0000,
  0x0000,0x0000,0x0000,0x0000,0x0000,0x0000,0x0000,0x0000,0x0000,0x0000,0x0000,0x0000,0x0000,0x0000,0x0000,0x0000,
  0x0000,0x0000,0x0000,0x0000,0x0000,0x0000,0x0000,0x0000,0x0000,0x0000,0x0000,0x0000,0x0000,0x0000,0x0000,0x0000,
  0x0000,0x0000,0x0000,0x0000,0x0000,0x0000,0x0000,0x0000,0x0000,0x0000,0x0000,0x0000,0x0000,0x0000,0x0000,0x0000,
  0x0000,0x0000,0x0000,0x0000,0x0000,0x0000,0x0000,0x0000,0x0000,0x0000,0x0000,0x0000,0x0000,0x0000,0x0000,0x0000,
  0x0000,0x0000,0x0000,0x0000,0x0000,0x0000,0x0000,0x0000,0x0000,0x0000,0x0000,0x0000,0x0000,0x0000,0x0000,0x0000,
  0x0000,0x0000,0x0000,0x0000,0x0000,0x0000,0x0000,0x0000,0x0000,0x0000,0x0000,0x0000,0x0000,0x0000,0x0000,0x0000,
  0x0000,0x0000,0x0000,0x0000,0x0000,0x0000,0x0000,0x0000,0x0000,0x0000,0x0000,0x0000,0x0000,0x0000,0x0000,0x0000,
  0x0000,0x0000,0x0000,0x0000,0x0000,0x0000,0x0000,0x0000,0x0000,0x0000,0x0000,0x0000,0x0000,0x0000,0x0000,0x0000,
  0x0000,0x0000,0x0000,0x0000,0x0000,0x0000,0x0000,0x0000,0x0000,0x0000,0x0000,0x0000,0x0000,0x0000,0x0000,0x0000,
  0x0000,0x0000,0x0000,0x0000,0x0000,0x0000,0x0000,0x0000,0x0000,0x0000,0x0000,0x0000,0x0000,0x0000,0x0000,0x0000,
  0x0000,0x0000,0x0000,0x0000,0x0000,0x0000,0x0000,0x0000,0x0000,0x0000,0x0000,0x0000,0x0000,0x0000,0x0000,0x0000,
  0x0000,0x0000,0x0000,0x0000,0x0000,0x0000,0x0000,0x0000,0x0000,0x0000,0x0000,0x0000,0x0000,0x0000,0x0000,0x0000,
  0x0000,0x0000,0x0000,0x0000,0x0000,0x0000,0x0000,0x0000,0x0000,0x0000,0x0000,0x0000,0x0000,0x0000,0x0000,0x0000,
  
};

const uint16_t THEME_MEDICAL[] PROGMEM = {
  0x0236,0x0236,0x0236,0x0236,0x0236,0x0236,0x0236,0x0236,0x0236,0x0236,0x0236,0x0236,0x0236,0x0236,0x0236,0x0236,
  0x0236,0x0236,0x0236,0x0236,0x0236,0x0236,0x0236,0x0236,0x0236,0x0236,0x0236,0x0236,0x0236,0x0236,0x0236,0x0236,
  0x0236,0x0236,0x0236,0x0236,0x0236,0x0236,0x0236,0x0236,0x0236,0x0236,0x0236,0x0236,0x0236,0x0236,0x0236,0x0236,
  0x0236,0x0236,0x0236,0x0236,0x0236,0x0236,0x0236,0x0236,0x0236,0x0236,0x0236,0x0236,0x0236,0x0236,0x0236,0x0236,
  0x0236,0x0236,0x0236,0x0236,0x0236,0x0236,0x0236,0x0236,0x0236,0x0236,0x0236,0x0236,0x0236,0x0236,0x0236,0x0236,
  0x0236,0x0236,0x0236,0x0236,0x0236,0x0236,0x0236,0x0236,0x0236,0x0236,0x0236,0x0236,0x0236,0x0236,0x0236,0x0236,
  0x0236,0x0236,0x0236,0x0236,0x0236,0x0236,0x0236,0x0236,0x0236,0x0236,0x0236,0x0236,0x0236,0x0236,0x0236,0x0236,
  0x0236,0x0236,0x0236,0x0236,0x0236,0x0236,0x0236,0x0236,0x0236,0x0236,0x0236,0x0236,0x0236,0x0236,0x0236,0x0236,
  0x0236,0x0236,0x0236,0x0236,0x0236,0x0236,0x0236,0x0236,0x0236,0x0236,0x0236,0x0236,0x0236,0x0236,0x0236,0x0236,
  0x0236,0x0236,0x0236,0x0236,0x0236,0x0236,0x0236,0x0236,0x0236,0x0236,0x0236,0x0236,0x0236,0x0236,0x0236,0x0236,
  0x0256,0x0256,0x0256,0x0256,0x0256,0x0256,0x0256,0x0256,0x0256,0x0256,0x0256,0x0256,0x0256,0x0256,0x0256,0x0256,
  0x0256,0x0256,0x0256,0x0256,0x0256,0x0256,0x0256,0x0256,0x0256,0x0256,0x0256,0x0256,0x0256,0x0256,0x0256,0x0256,
  0x0256,0x0256,0x0256,0x0256,0x0256,0x0256,0x0256,0x0256,0x0256,0x0256,0x0256,0x0256,0x0256,0x0256,0x0256,0x0256,
  0x0256,0x0256,0x0256,0x0256,0x0256,0x0256,0x0256,0x0256,0x0256,0x0256,0x0256,0x0256,0x0256,0x0256,0x0256,0x0256,
  0x0256,0x0256,0x0256,0x0256,0x0256,0x0256,0x0256,0x0256,0x0256,0x0256,0x0256,0x0256,0x0256,0x0256,0x0256,0x0256,
  0x0255,0x0255,0x0255,0x0255,0x0255,0x0255,0x0255,0x0255,0x0255,0x0255,0x0255,0x0255,0x0255,0x0255,0x0255,0x0255,
  0x0255,0x0255,0x0255,0x0255,0x0255,0x0255,0x0255,0x0255,0x0255,0x0255,0x0255,0x0255,0x0255,0x0255,0x0255,0x0255,
  0x0255,0x0255,0x0255,0x0255,0x0255,0x0255,0x0255,0x0255,0x0255,0x0255,0x0255,0x0255,0x0255,0x0255,0x0255,0x0255,
  0x0255,0x0255,0x0255,0x0255,0x0255,0x0255,0x0255,0x0255,0x0255,0x0255,0x0255,0x0255,0x0255,0x0255,0x0255,0x0255,
  0x0255,0x0255,0x0255,0x0255,0x0255,0x0255,0x0255,0x0255,0x0255,0x0255,0x0255,0x0255,0x0255,0x0255,0x0255,0x0255,
  0x0255,0x0255,0x0255,0x0255,0x0255,0x0255,0x0255,0x0255,0x0255,0x0255,0x0255,0x0255,0x0255,0x0255,0x0255,0x0255,
  0x0255,0x0255,0x0255,0x0255,0x0255,0x0255,0x0255,0x0255,0x0255,0x0255,0x0255,0x0255,0x0255,0x0255,0x0255,0x0255,
  0x0255,0x0255,0x0255,0x0255,0x0255,0x0255,0x0255,0x0255,0x0255,0x0255,0x0255,0x0255,0x0255,0x0255,0x0255,0x0255,
  0x0255,0x0255,0x0255,0x0255,0x0255,0x0255,0x0255,0x0255,0x0255,0x0255,0x0255,0x0255,0x0255,0x0255,0x0255,0x0255,
  0x0255,0x0255,0x0255,0x0255,0x0255,0x0255,0x0255,0x0255,0x0255,0x0255,0x0255,0x0255,0x0255,0x0255,0x0255,0x0255,
  0x0255,0x0255,0x0255,0x0255,0x0255,0x0255,0x0255,0x0255,0x0255,0x0255,0x0255,0x0255,0x0255,0x0255,0x0255,0x0255,
  0x0255,0x0255,0x0255,0x0255,0x0255,0x0255,0x0255,0x0255,0x0255,0x0255,0x0255,0x0255,0x0255,0x0255,0x0255,0x0255,
  0x0255,0x0255,0x0255,0x0255,0x0255,0x0255,0x0255,0x0255,0x0255,0x0255,0x0255,0x0255,0x0255,0x0255,0x0255,0x0255,
  0x0255,0x0255,0x0255,0x0255,0x0255,0x0255,0x0255,0x0255,0x0255,0x0255,0x0255,0x0255,0x0255,0x0255,0x0255,0x0255,
  0x0255,0x0255,0x0255,0x0255,0x0255,0x0255,0x0255,0x0255,0x0255,0x0255,0x0255,0x0255,0x0255,0x0255,0x0255,0x0255,
  0x0275,0x0275,0x0275,0x0275,0x0275,0x0275,0x0275,0x0275,0x0275,0x0275,0x0275,0x0275,0x0275,0x0275,0x0275,0x0275,
  0x0275,0x0275,0x0275,0x0275,0x0275,0x0275,0x0275,0x0275,0x0275,0x0275,0x0275,0x0275,0x0275,0x0275,0x0275,0x0275,
  0x0275,0x0275,0x0275,0x0275,0x0275,0x0275,0x0275,0x0275,0x0275,0x0275,0x0275,0x0275,0x0275,0x0275,0x0275,0x0275,
  0x0275,0x0275,0x0275,0x0275,0x0275,0x0275,0x0275,0x0275,0x0275,0x0275,0x0275,0x0275,0x0275,0x0275,0x0275,0x0275,
  0x0275,0x0275,0x0275,0x0275,0x0275,0x0275,0x0275,0x0275,0x0275,0x0275,0x0275,0x0275,0x0275,0x0275,0x0275,0x0275,
  0x0274,0x0274,0x0274,0x0274,0x0274,0x0274,0x0274,0x0274,0x0274,0x0274,0x0274,0x0274,0x0274,0x0274,0x0274,0x0274,
  0x0274,0x0274,0x0274,0x0274,0x0274,0x0274,0x0274,0x0274,0x0274,0x0274,0x0274,0x0274,0x0274,0x0274,0x0274,0x0274,
  0x0274,0x0274,0x0274,0x0274,0x0274,0x0274,0x0274,0x0274,0x0274,0x0274,0x0274,0x0274,0x0274,0x0274,0x0274,0x0274,
  0x0274,0x0274,0x0274,0x0274,0x0274,0x0274,0x0274,0x0274,0x0274,0x0274,0x0274,0x0274,0x0274,0x0274,0x0274,0x0274,
  0x0274,0x0274,0x0274,0x0274,0x0274,0x0274,0x0274,0x0274,0x0274,0x0274,0x0274,0x0274,0x0274,0x0274,0x0274,0x0274,
  0x0274,0x0274,0x0274,0x0274,0x0274,0x0274,0x0274,0x0274,0x0274,0x0274,0x0274,0x0274,0x0274,0x0274,0x0274,0x0274,
  0x0274,0x0274,0x0274,0x0274,0x0274,0x0274,0x0274,0x0274,0x0274,0x0274,0x0274,0x0274,0x0274,0x0274,0x0274,0x0274,
  0x0274,0xFFFF,0xFFFF,0xFFFF,0xFFFF,0xFFFF,0xFFFF,0xFFFF,0xFFFF,0xFFFF,0xFFFF,0xFFFF,0xFFFF,0xFFFF,0xFFFF,0xFFFF,
  0x0274,0x0274,0x0274,0x0274,0x0274,0x0274,0x0274,0x0274,0x0274,0x0274,0x0274,0x0274,0x0274,0x0274,0x0274,0x0274,
  0x0274,0x0274,0x0274,0x0274,0x0274,0x0274,0x0274,0x0274,0x0274,0x0274,0x0274,0x0274,0x0274,0x0274,0x0274,0x0274,
  0x0274,0x0274,0x0274,0x0274,0x0274,0x0274,0x0274,0x0274,0x0274,0x0274,0x0274,0x0274,0x0274,0x0274,0x0274,0x0274,
  0x0274,0x0274,0x0274,0x0274,0x0274,0x0274,0x0274,0x0274,0x0274,0x0274,0x0274,0x0274,0x0274,0x0274,0x0274,0x0274,
  0x0274,0xFFFF,0xFFFF,0xFFFF,0xFFFF,0xFFFF,0xFFFF,0xFFFF,0xFFFF,0xFFFF,0xFFFF,0xFFFF,0xFFFF,0xFFFF,0xFFFF,0xFFFF,
  0x0274,0x0274,0x0274,0x0274,0x0274,0x0274,0x0274,0x0274,0x0274,0x0274,0x0274,0x0274,0x0274,0x0274,0x0274,0x0274,
  0x0274,0x0274,0x0274,0x0274,0x0274,0x0274,0x0274,0x0274,0x0274,0x0274,0x0274,0x0274,0x0274,0x0274,0x0274,0x0274,
  0x0294,0x0294,0x0294,0x0294,0x0294,0x0294,0x0294,0x0294,0x0294,0x0294,0x0294,0x0294,0x0294,0x0294,0x0294,0x0294,
  0x0294,0x0294,0x0294,0x0294,0x0294,0x0294,0x0294,0x0294,0x0294,0x0294,0x0294,0x0294,0x0294,0x0294,0x0294,0x0294,
  0x0294,0xFFFF,0xFFFF,0xFFFF,0xFFFF,0xFFFF,0xFFFF,0xFFFF,0xFFFF,0xFFFF,0xFFFF,0xFFFF,0xFFFF,0xFFFF,0xFFFF,0xFFFF,
  0x0294,0x0294,0x0294,0x0294,0x0294,0x0294,0x0294,0x0294,0x0294,0x0294,0x0294,0x0294,0x0294,0x0294,0x0294,0x0294,
  0x0294,0x0294,0x0294,0x0294,0x0294,0x0294,0x0294,0x0294,0x0294,0x0294,0x0294,0x0294,0x0294,0x0294,0x0294,0x0294,
  0x0293,0x0293,0x0293,0x0293,0x0293,0x0293,0x0293,0x0293,0x0293,0x0293,0x0293,0x0293,0x0293,0x0293,0x0293,0x0293,
  0x0293,0x0293,0x0293,0x0293,0x0293,0x0293,0x0293,0x0293,0x0293,0x0293,0x0293,0x0293,0x0293,0x0293,0x0293,0x0293,
  0x0293,0xFFFF,0xFFFF,0xFFFF,0xFFFF,0xFFFF,0xFFFF,0xFFFF,0xFFFF,0xFFFF,0xFFFF,0xFFFF,0xFFFF,0xFFFF,0xFFFF,0xFFFF,
  0x0293,0x0293,0x0293,0x0293,0x0293,0x0293,0x0293,0x0293,0x0293,0x0293,0x0293,0x0293,0x0293,0x0293,0x0293,0x0293,
  0x0293,0x0293,0x0293,0x0293,0x0293,0x0293,0x0293,0x0293,0x0293,0x0293,0x0293,0x0293,0x0293,0x0293,0x0293,0x0293,
  0x0293,0x0293,0x0293,0x0293,0x0293,0x0293,0x0293,0x0293,0x0293,0x0293,0x0293,0x0293,0x0293,0x0293,0x0293,0x0293,
  0x0293,0x0293,0x0293,0x0293,0x0293,0x0293,0x0293,0x0293,0x0293,0x0293,0x0293,0x0293,0x0293,0x0293,0x0293,0x0293,
  0x0293,0xFFFF,0xFFFF,0xFFFF,0xFFFF,0xFFFF,0xFFFF,0xFFFF,0xFFFF,0xFFFF,0xFFFF,0xFFFF,0xFFFF,0xFFFF,0xFFFF,0xFFFF,
  0x0293,0x0293,0x0293,0x0293,0x0293,0x0293,0x0293,0x0293,0x0293,0x0293,0x0293,0x0293,0x0293,0x0293,0x0293,0x0293,
  0x0293,0x0293,0x0293,0x0293,0x0293,0x0293,0x0293,0x0293,0x0293,0x0293,0x0293,0x0293,0x0293,0x0293,0x0293,0x0293,
  0x0293,0x0293,0x0293,0x0293,0x0293,0x0293,0x0293,0x0293,0x0293,0x0293,0x0293,0x0293,0x0293,0x0293,0x0293,0x0293,
  0x0293,0x0293,0x0293,0x0293,0x0293,0x0293,0x0293,0x0293,0x0293,0x0293,0x0293,0x0293,0x0293,0x0293,0x0293,0x0293,
  0x0293,0xFFFF,0xFFFF,0xFFFF,0xFFFF,0xFFFF,0xFFFF,0xFFFF,0xFFFF,0xFFFF,0xFFFF,0xFFFF,0xFFFF,0xFFFF,0xFFFF,0xFFFF,
  0x0293,0x0293,0x0293,0x0293,0x0293,0x0293,0x0293,0x0293,0x0293,0x0293,0x0293,0x0293,0x0293,0x0293,0x0293,0x0293,
  0x0293,0x0293,0x0293,0x0293,0x0293,0x0293,0x0293,0x0293,0x0293,0x0293,0x0293,0x0293,0x0293,0x0293,0x0293,0x0293,
  0x02B3,0x02B3,0x02B3,0x02B3,0x02B3,0x02B3,0x02B3,0x02B3,0x02B3,0x02B3,0x02B3,0x02B3,0x02B3,0x02B3,0x02B3,0x02B3,
  0x02B3,0x02B3,0x02B3,0x02B3,0x02B3,0x02B3,0x02B3,0x02B3,0x02B3,0x02B3,0xFFFF,0xFFFF,0xFFFF,0xFFFF,0xFFFF,0xFFFF,
  0xFFFF,0xFFFF,0xFFFF,0xFFFF,0xFFFF,0xFFFF,0xFFFF,0xFFFF,0xFFFF,0xFFFF,0xFFFF,0xFFFF,0xFFFF,0xFFFF,0xFFFF,0xFFFF,
  0xFFFF,0xFFFF,0xFFFF,0xFFFF,0xFFFF,0xFFFF,0xFFFF,0x02B3,0x02B3,0x02B3,0x02B3,0x02B3,0x02B3,0x02B3,0x02B3,0x02B3,
  0x02B3,0x02B3,0x02B3,0x02B3,0x02B3,0x02B3,0x02B3,0x02B3,0x02B3,0x02B3,0x02B3,0x02B3,0x02B3,0x02B3,0x02B3,0x02B3,
  0x02B2,0x02B2,0x02B2,0x02B2,0x02B2,0x02B2,0x02B2,0x02B2,0x02B2,0x02B2,0x02B2,0x02B2,0x02B2,0x02B2,0x02B2,0x02B2,
  0x02B2,0x02B2,0x02B2,0x02B2,0x02B2,0x02B2,0x02B2,0x02B2,0x02B2,0x02B2,0xFFFF,0xFFFF,0xFFFF,0xFFFF,0xFFFF,0xFFFF,
  0xFFFF,0xFFFF,0xFFFF,0xFFFF,0xFFFF,0xFFFF,0xFFFF,0xFFFF,0xFFFF,0xFFFF,0xFFFF,0xFFFF,0xFFFF,0xFFFF,0xFFFF,0xFFFF,
  0xFFFF,0xFFFF,0xFFFF,0xFFFF,0xFFFF,0xFFFF,0xFFFF,0x02B2,0x02B2,0x02B2,0x02B2,0x02B2,0x02B2,0x02B2,0x02B2,0x02B2,
  0x02B2,0x02B2,0x02B2,0x02B2,0x02B2,0x02B2,0x02B2,0x02B2,0x02B2,0x02B2,0x02B2,0x02B2,0x02B2,0x02B2,0x02B2,0x02B2,
  0x02B2,0x02B2,0x02B2,0x02B2,0x02B2,0x02B2,0x02B2,0x02B2,0x02B2,0x02B2,0x02B2,0x02B2,0x02B2,0x02B2,0x02B2,0x02B2,
  0x02B2,0x02B2,0x02B2,0x02B2,0x02B2,0x02B2,0x02B2,0x02B2,0x02B2,0x02B2,0xFFFF,0xFFFF,0xFFFF,0xFFFF,0xFFFF,0xFFFF,
  0xFFFF,0xFFFF,0xFFFF,0xFFFF,0xFFFF,0xFFFF,0xFFFF,0xFFFF,0xFFFF,0xFFFF,0xFFFF,0xFFFF,0xFFFF,0xFFFF,0xFFFF,0xFFFF,
  0xFFFF,0xFFFF,0xFFFF,0xFFFF,0xFFFF,0xFFFF,0xFFFF,0x02B2,0x02B2,0x02B2,0x02B2,0x02B2,0x02B2,0x02B2,0x02B2,0x02B2,
  0x02B2,0x02B2,0x02B2,0x02B2,0x02B2,0x02B2,0x02B2,0x02B2,0x02B2,0x02B2,0x02B2,0x02B2,0x02B2,0x02B2,0x02B2,0x02B2,
  0x02B2,0x02B2,0x02B2,0x02B2,0x02B2,0x02B2,0x02B2,0x02B2,0x02B2,0x02B2,0x02B2,0x02B2,0x02B2,0x02B2,0x02B2,0x02B2,
  0x02B2,0x02B2,0x02B2,0x02B2,0x02B2,0x02B2,0x02B2,0x02B2,0x02B2,0x02B2,0xFFFF,0xFFFF,0xFFFF,0xFFFF,0xFFFF,0xFFFF,
  0xFFFF,0xFFFF,0xFFFF,0xFFFF,0xFFFF,0xFFFF,0xFFFF,0xFFFF,0xFFFF,0xFFFF,0xFFFF,0xFFFF,0xFFFF,0xFFFF,0xFFFF,0xFFFF,
  0xFFFF,0xFFFF,0xFFFF,0xFFFF,0xFFFF,0xFFFF,0xFFFF,0x02B2,0x02B2,0x02B2,0x02B2,0x02B2,0x02B2,0x02B2,0x02B2,0x02B2,
  0x02B2,0x02B2,0x02B2,0x02B2,0x02B2,0x02B2,0x02B2,0x02B2,0x02B2,0x02B2,0x02B2,0x02B2,0x02B2,0x02B2,0x02B2,0x02B2,
  0x02D2,0x02D2,0x02D2,0x02D2,0x02D2,0x02D2,0x02D2,0x02D2,0x02D2,0x02D2,0x02D2,0x02D2,0x02D2,0x02D2,0x02D2,0x02D2,
  0x02D2,0x02D2,0x02D2,0x02D2,0x02D2,0x02D2,0x02D2,0x02D2,0x02D2,0x02D2,0xFFFF,0xFFFF,0xFFFF,0xFFFF,0xFFFF,0xFFFF,
  0xFFFF,0xFFFF,0xFFFF,0xFFFF,0xFFFF,0xFFFF,0xFFFF,0xFFFF,0xFFFF,0xFFFF,0xFFFF,0xFFFF,0xFFFF,0xFFFF,0xFFFF,0xFFFF,
  0xFFFF,0xFFFF,0xFFFF,0xFFFF,0xFFFF,0xFFFF,0xFFFF,0x02D2,0x02D2,0x02D2,0x02D2,0x02D2,0x02D2,0x02D2,0x02D2,0x02D2,
  0x02D2,0x02D2,0x02D2,0x02D2,0x02D2,0x02D2,0x02D2,0x02D2,0x02D2,0x02D2,0x02D2,0x02D2,0x02D2,0x02D2,0x02D2,0x02D2,
  0x02D1,0x02D1,0x02D1,0x02D1,0x02D1,0x02D1,0x02D1,0x02D1,0x02D1,0x02D1,0x02D1,0x02D1,0x02D1,0x02D1,0x02D1,0x02D1,
  0x02D1,0x02D1,0x02D1,0x02D1,0x02D1,0x02D1,0x02D1,0x02D1,0x02D1,0x02D1,0xFFFF,0xFFFF,0xFFFF,0xFFFF,0xFFFF,0xFFFF,
  0xFFFF,0xFFFF,0xFFFF,0xFFFF,0xFFFF,0xFFFF,0xFFFF,0xFFFF,0xFFFF,0xFFFF,0xFFFF,0xFFFF,0xFFFF,0xFFFF,0xFFFF,0xFFFF,
  0xFFFF,0xFFFF,0xFFFF,0xFFFF,0xFFFF,0xFFFF,0xFFFF,0x02D1,0x02D1,0x02D1,0x02D1,0x02D1,0x02D1,0x02D1,0x02D1,0x02D1,
  0x02D1,0x02D1,0x02D1,0x02D1,0x02D1,0x02D1,0x02D1,0x02D1,0x02D1,0x02D1,0x02D1,0x02D1,0x02D1,0x02D1,0x02D1,0x02D1,
  0x02D1,0x02D1,0x02D1,0x02D1,0x02D1,0x02D1,0x02D1,0x02D1,0x02D1,0x02D1,0x02D1,0x02D1,0x02D1,0x02D1,0x02D1,0x02D1,
  0x02D1,0x02D1,0x02D1,0x02D1,0x02D1,0x02D1,0x02D1,0x02D1,0x02D1,0x02D1,0xFFFF,0xFFFF,0xFFFF,0xFFFF,0xFFFF,0xFFFF,
  0xFFFF,0xFFFF,0xFFFF,0xFFFF,0xFFFF,0xFFFF,0xFFFF,0xFFFF,0xFFFF,0xFFFF,0xFFFF,0xFFFF,0xFFFF,0xFFFF,0xFFFF,0xFFFF,
  0xFFFF,0xFFFF,0xFFFF,0xFFFF,0xFFFF,0xFFFF,0xFFFF,0x02D1,0x02D1,0x02D1,0x02D1,0x02D1,0x02D1,0x02D1,0x02D1,0x02D1,
  0x02D1,0x02D1,0x02D1,0x02D1,0x02D1,0x02D1,0x02D1,0x02D1,0x02D1,0x02D1,0x02D1,0x02D1,0x02D1,0x02D1,0x02D1,0x02D1,
  0x02D1,0x02D1,0x02D1,0x02D1,0x02D1,0x02D1,0x02D1,0x02D1,0x02D1,0x02D1,0x02D1,0x02D1,0x02D1,0x02D1,0x02D1,0x02D1,
  0x02D1,0x02D1,0x02D1,0x02D1,0x02D1,0x02D1,0x02D1,0x02D1,0x02D1,0x02D1,0xFFFF,0xFFFF,0xFFFF,0xFFFF,0xFFFF,0xFFFF,
  0xFFFF,0xFFFF,0xFFFF,0xFFFF,0xFFFF,0xFFFF,0xFFFF,0xFFFF,0xFFFF,0xFFFF,0xFFFF,0xFFFF,0xFFFF,0xFFFF,0xFFFF,0xFFFF,
  0xFFFF,0xFFFF,0xFFFF,0xFFFF,0xFFFF,0xFFFF,0xFFFF,0x02D1,0x02D1,0x02D1,0x02D1,0x02D1,0x02D1,0x02D1,0x02D1,0x02D1,
  0x02D1,0x02D1,0x02D1,0x02D1,0x02D1,0x02D1,0x02D1,0x02D1,0x02D1,0x02D1,0x02D1,0x02D1,0x02D1,0x02D1,0x02D1,0x02D1,
  0x02F1,0x02F1,0x02F1,0x02F1,0x02F1,0x02F1,0x02F1,0x02F1,0x02F1,0x02F1,0x02F1,0x02F1,0x02F1,0x02F1,0x02F1,0x02F1,
  0x02F1,0x02F1,0x02F1,0x02F1,0x02F1,0x02F1,0x02F1,0x02F1,0x02F1,0x02F1,0x02F1,0x02F1,0x02F1,0x02F1,0x02F1,0x02F1,
  0x02F1,0xFFFF,0xFFFF,0xFFFF,0xFFFF,0xFFFF,0xFFFF,0xFFFF,0xFFFF,0xFFFF,0xFFFF,0xFFFF,0xFFFF,0xFFFF,0xFFFF,0xFFFF,
  0x02F1,0x02F1,0x02F1,0x02F1,0x02F1,0x02F1,0x02F1,0x02F1,0x02F1,0x02F1,0x02F1,0x02F1,0x02F1,0x02F1,0x02F1,0x02F1,
  0x02F1,0x02F1,0x02F1,0x02F1,0x02F1,0x02F1,0x02F1,0x02F1,0x02F1,0x02F1,0x02F1,0x02F1,0x02F1,0x02F1,0x02F1,0x02F1,
  0x02F0,0x02F0,0x02F0,0x02F0,0x02F0,0x02F0,0x02F0,0x02F0,0x02F0,0x02F0,0x02F0,0x02F0,0x02F0,0x02F0,0x02F0,0x02F0,
  0x02F0,0x02F0,0x02F0,0x02F0,0x02F0,0x02F0,0x02F0,0x02F0,0x02F0,0x02F0,0x02F0,0x02F0,0x02F0,0x02F0,0x02F0,0x02F0,
  0x02F0,0xFFFF,0xFFFF,0xFFFF,0xFFFF,0xFFFF,0xFFFF,0xFFFF,0xFFFF,0xFFFF,0xFFFF,0xFFFF,0xFFFF,0xFFFF,0xFFFF,0xFFFF,
  0x02F0,0x02F0,0x02F0,0x02F0,0x02F0,0x02F0,0x02F0,0x02F0,0x02F0,0x02F0,0x02F0,0x02F0,0x02F0,0x02F0,0x02F0,0x02F0,
  0x02F0,0x02F0,0x02F0,0x02F0,0x02F0,0x02F0,0x02F0,0x02F0,0x02F0,0x02F0,0x02F0,0x02F0,0x02F0,0x02F0,0x02F0,0x02F0,
  0x02F0,0x02F0,0x02F0,0x02F0,0x02F0,0x02F0,0x02F0,0x02F0,0x02F0,0x02F0,0x02F0,0x02F0,0x02F0,0x02F0,0x02F0,0x02F0,
  0x02F0,0x02F0,0x02F0,0x02F0,0x02F0,0x02F0,0x02F0,0x02F0,0x02F0,0x02F0,0x02F0,0x02F0,0x02F0,0x02F0,0x02F0,0x02F0,
  0x02F0,0xFFFF,0xFFFF,0xFFFF,0xFFFF,0xFFFF,0xFFFF,0xFFFF,0xFFFF,0xFFFF,0xFFFF,0xFFFF,0xFFFF,0xFFFF,0xFFFF,0xFFFF,
  0x02F0,0x02F0,0x02F0,0x02F0,0x02F0,0x02F0,0x02F0,0x02F0,0x02F0,0x02F0,0x02F0,0x02F0,0x02F0,0x02F0,0x02F0,0x02F0,
  0x02F0,0x02F0,0x02F0,0x02F0,0x02F0,0x02F0,0x02F0,0x02F0,0x02F0,0x02F0,0x02F0,0x02F0,0x02F0,0x02F0,0x02F0,0x02F0,
  0x02F0,0x02F0,0x02F0,0x02F0,0x02F0,0x02F0,0x02F0,0x02F0,0x02F0,0x02F0,0x02F0,0x02F0,0x02F0,0x02F0,0x02F0,0x02F0,
  0x02F0,0x02F0,0x02F0,0x02F0,0x02F0,0x02F0,0x02F0,0x02F0,0x02F0,0x02F0,0x02F0,0x02F0,0x02F0,0x02F0,0x02F0,0x02F0,
  0x02F0,0xFFFF,0xFFFF,0xFFFF,0xFFFF,0xFFFF,0xFFFF,0xFFFF,0xFFFF,0xFFFF,0xFFFF,0xFFFF,0xFFFF,0xFFFF,0xFFFF,0xFFFF,
  0x02F0,0x02F0,0x02F0,0x02F0,0x02F0,0x02F0,0x02F0,0x02F0,0x02F0,0x02F0,0x02F0,0x02F0,0x02F0,0x02F0,0x02F0,0x02F0,
  0x02F0,0x02F0,0x02F0,0x02F0,0x02F0,0x02F0,0x02F0,0x02F0,0x02F0,0x02F0,0x02F0,0x02F0,0x02F0,0x02F0,0x02F0,0x02F0,
  0x0310,0x0310,0x0310,0x0310,0x0310,0x0310,0x0310,0x0310,0x0310,0x0310,0x0310,0x0310,0x0310,0x0310,0x0310,0x0310,
  0x0310,0x0310,0x0310,0x0310,0x0310,0x0310,0x0310,0x0310,0x0310,0x0310,0x0310,0x0310,0x0310,0x0310,0x0310,0x0310,
  0x0310,0xFFFF,0xFFFF,0xFFFF,0xFFFF,0xFFFF,0xFFFF,0xFFFF,0xFFFF,0xFFFF,0xFFFF,0xFFFF,0xFFFF,0xFFFF,0xFFFF,0xFFFF,
  0x0310,0x0310,0x0310,0x0310,0x0310,0x0310,0x0310,0x0310,0x0310,0x0310,0x0310,0x0310,0x0310,0x0310,0x0310,0x0310,
  0x0310,0x0310,0x0310,0x0310,0x0310,0x0310,0x0310,0x0310,0x0310,0x0310,0x0310,0x0310,0x0310,0x0310,0x0310,0x0310,
  0x030F,0x030F,0x030F,0x030F,0x030F,0x030F,0x030F,0x030F,0x030F,0x030F,0x030F,0x030F,0x030F,0x030F,0x030F,0x030F,
  0x030F,0x030F,0x030F,0x030F,0x030F,0x030F,0x030F,0x030F,0x030F,0x030F,0x030F,0x030F,0x030F,0x030F,0x030F,0x030F,
  0x030F,0xFFFF,0xFFFF,0xFFFF,0xFFFF,0xFFFF,0xFFFF,0xFFFF,0xFFFF,0xFFFF,0xFFFF,0xFFFF,0xFFFF,0xFFFF,0xFFFF,0xFFFF,
  0x030F,0x030F,0x030F,0x030F,0x030F,0x030F,0x030F,0x030F,0x030F,0x030F,0x030F,0x030F,0x030F,0x030F,0x030F,0x030F,
  0x030F,0x030F,0x030F,0x030F,0x030F,0x030F,0x030F,0x030F,0x030F,0x030F,0x030F,0x030F,0x030F,0x030F,0x030F,0x030F,
  0x030F,0x030F,0x030F,0x030F,0x030F,0x030F,0x030F,0x030F,0x030F,0x030F,0x030F,0x030F,0x030F,0x030F,0x030F,0x030F,
  0x030F,0x030F,0x030F,0x030F,0x030F,0x030F,0x030F,0x030F,0x030F,0x030F,0x030F,0x030F,0x030F,0x030F,0x030F,0x030F,
  0x030F,0x030F,0x030F,0x030F,0x030F,0x030F,0x030F,0x030F,0x030F,0x030F,0x030F,0x030F,0x030F,0x030F,0x030F,0x030F,
  0x030F,0x030F,0x030F,0x030F,0x030F,0x030F,0x030F,0x030F,0x030F,0x030F,0x030F,0x030F,0x030F,0x030F,0x030F,0x030F,
  0x030F,0x030F,0x030F,0x030F,0x030F,0x030F,0x030F,0x030F,0x030F,0x030F,0x030F,0x030F,0x030F,0x030F,0x030F,0x030F,
  0x030F,0x030F,0x030F,0x030F,0x030F,0x030F,0x030F,0x030F,0x030F,0x030F,0x030F,0x030F,0x030F,0x030F,0x030F,0x030F,
  0x030F,0x030F,0x030F,0x030F,0x030F,0x030F,0x030F,0x030F,0x030F,0x030F,0x030F,0x030F,0x030F,0x030F,0x030F,0x030F,
  0x030F,0x030F,0x030F,0x030F,0x030F,0x030F,0x030F,0x030F,0x030F,0x030F,0x030F,0x030F,0x030F,0x030F,0x030F,0x030F,
  0x030F,0x030F,0x030F,0x030F,0x030F,0x030F,0x030F,0x030F,0x030F,0x030F,0x030F,0x030F,0x030F,0x030F,0x030F,0x030F,
  0x030F,0x030F,0x030F,0x030F,0x030F,0x030F,0x030F,0x030F,0x030F,0x030F,0x030F,0x030F,0x030F,0x030F,0x030F,0x030F,
  0x032F,0x032F,0x032F,0x032F,0x032F,0x032F,0x032F,0x032F,0x032F,0x032F,0x032F,0x032F,0x032F,0x032F,0x032F,0x032F,
  0x032F,0x032F,0x032F,0x032F,0x032F,0x032F,0x032F,0x032F,0x032F,0x032F,0x032F,0x032F,0x032F,0x032F,0x032F,0x032F,
  0x032F,0x032F,0x032F,0x032F,0x032F,0x032F,0x032F,0x032F,0x032F,0x032F,0x032F,0x032F,0x032F,0x032F,0x032F,0x032F,
  0x032F,0x032F,0x032F,0x032F,0x032F,0x032F,0x032F,0x032F,0x032F,0x032F,0x032F,0x032F,0x032F,0x032F,0x032F,0x032F,
  0x032F,0x032F,0x032F,0x032F,0x032F,0x032F,0x032F,0x032F,0x032F,0x032F,0x032F,0x032F,0x032F,0x032F,0x032F,0x032F,
  0x032E,0x032E,0x032E,0x032E,0x032E,0x032E,0x032E,0x032E,0x032E,0x032E,0x032E,0x032E,0x032E,0x032E,0x032E,0x032E,
  0x032E,0x032E,0x032E,0x032E,0x032E,0x032E,0x032E,0x032E,0x032E,0x032E,0x032E,0x032E,0x032E,0x032E,0x032E,0x032E,
  0x032E,0x032E,0x032E,0x032E,0x032E,0x032E,0x032E,0x032E,0x032E,0x032E,0x032E,0x032E,0x032E,0x032E,0x032E,0x032E,
  0x032E,0x032E,0x032E,0x032E,0x032E,0x032E,0x032E,0x032E,0x032E,0x032E,0x032E,0x032E,0x032E,0x032E,0x032E,0x032E,
  0x032E,0x032E,0x032E,0x032E,0x032E,0x032E,0x032E,0x032E,0x032E,0x032E,0x032E,0x032E,0x032E,0x032E,0x032E,0x032E,
  0x032E,0x032E,0x032E,0x032E,0x032E,0x032E,0x032E,0x032E,0x032E,0x032E,0x032E,0x032E,0x032E,0x032E,0x032E,0x032E,
  0x032E,0x032E,0x032E,0x032E,0x032E,0x032E,0x032E,0x032E,0x032E,0x032E,0x032E,0x032E,0x032E,0x032E,0x032E,0x032E,
  0x032E,0x032E,0x032E,0x032E,0x032E,0x032E,0x032E,0x032E,0x032E,0x032E,0x032E,0x032E,0x032E,0x032E,0x032E,0x032E,
  0x032E,0x032E,0x032E,0x032E,0x032E,0x032E,0x032E,0x032E,0x032E,0x032E,0x032E,0x032E,0x032E,0x032E,0x032E,0x032E,
  0x032E,0x032E,0x032E,0x032E,0x032E,0x032E,0x032E,0x032E,0x032E,0x032E,0x032E,0x032E,0x032E,0x032E,0x032E,0x032E,
  0x032E,0x032E,0x032E,0x032E,0x032E,0x032E,0x032E,0x032E,0x032E,0x032E,0x032E,0x032E,0x032E,0x032E,0x032E,0x032E,
  0x032E,0x032E,0x032E,0x032E,0x032E,0x032E,0x032E,0x032E,0x032E,0x032E,0x032E,0x032E,0x032E,0x032E,0x032E,0x032E,
  0x032E,0x032E,0x032E,0x032E,0x032E,0x032E,0x032E,0x032E,0x032E,0x032E,0x032E,0x032E,0x032E,0x032E,0x032E,0x032E,
  0x032E,0x032E,0x032E,0x032E,0x032E,0x032E,0x032E,0x032E,0x032E,0x032E,0x032E,0x032E,0x032E,0x032E,0x032E,0x032E,
  0x032E,0x032E,0x032E,0x032E,0x032E,0x032E,0x032E,0x032E,0x032E,0x032E,0x032E,0x032E,0x032E,0x032E,0x032E,0x032E,
  0x034E,0x034E,0x034E,0x034E,0x034E,0x034E,0x034E,0x034E,0x034E,0x034E,0x034E,0x034E,0x034E,0x034E,0x034E,0x034E,
  0x034E,0x034E,0x034E,0x034E,0x034E,0x034E,0x034E,0x034E,0x034E,0x034E,0x034E,0x034E,0x034E,0x034E,0x034E,0x034E,
  0x034E,0x034E,0x034E,0x034E,0x034E,0x034E,0x034E,0x034E,0x034E,0x034E,0x034E,0x034E,0x034E,0x034E,0x034E,0x034E,
  0x034E,0x034E,0x034E,0x034E,0x034E,0x034E,0x034E,0x034E,0x034E,0x034E,0x034E,0x034E,0x034E,0x034E,0x034E,0x034E,
  0x034E,0x034E,0x034E,0x034E,0x034E,0x034E,0x034E,0x034E,0x034E,0x034E,0x034E,0x034E,0x034E,0x034E,0x034E,0x034E,
  0x0296,0x0296,0x0296,0x0296,0x0296,0x0296,0x0296,0x0296,0x0296,0x0296,0x0296,0x0296,0x0296,0x0296,0x0296,0x0296,
  0x0296,0x0296,0x0296,0x0296,0x0296,0x0296,0x0296,0x0296,0x0296,0x0296,0x0296,0x0296,0x0296,0x0296,0x0296,0x0296,
  0x0296,0x0296,0x0296,0x0296,0x0296,0x0296,0x0296,0x0296,0x0296,0x0296,0x0296,0x0296,0x0296,0x0296,0x0296,0x0296,
  0x0296,0x0296,0x0296,0x0296,0x0296,0x0296,0x0296,0x0296,0x0296,0x0296,0x0296,0x0296,0x0296,0x0296,0x0296,0x0296,
  0x0296,0x0296,0x0296,0x0296,0x0296,0x0296,0x0296,0x0296,0x0296,0x0296,0x0296,0x0296,0x0296,0x0296,0x0296,0x0296,
  0xF7BF,0xF7BF,0xF7BF,0xF7BF,0xF7BF,0xF7BF,0xF7BF,0xF7BF,0xF7BF,0xF7BF,0xF7BF,0xF7BF,0xF7BF,0xF7BF,0xF7BF,0xF7BF,
  0xF7BF,0xF7BF,0xF7BF,0xF7BF,0xF7BF,0xF7BF,0xF7BF,0xF7BF,0xF7BF,0xF7BF,0xF7BF,0xF7BF,0xF7BF,0xF7BF,0xF7BF,0xF7BF,
  0xF7BF,0xF7BF,0xF7BF,0xF7BF,0xF7BF,0xF7BF,0xF7BF,0xF7BF,0xF7BF,0xF7BF,0xF7BF,0xF7BF,0xF7BF,0xF7BF,0xF7BF,0xF7BF,
  0xF7BF,0xF7BF,0xF7BF,0xF7BF,0xF7BF,0xF7BF,0xF7BF,0xF7BF,0xF7BF,0xF7BF,0xF7BF,0xF7BF,0xF7BF,0xF7BF,0xF7BF,0xF7BF,
  0xF7BF,0xF7BF,0xF7BF,0xF7BF,0xF7BF,0xF7BF,0xF7BF,0xF7BF,0xF7BF,0xF7BF,0xF7BF,0xF7BF,0xF7BF,0xF7BF,0xF7BF,0xF7BF,
  0xF7BF,0xF7BF,0xF7BF,0xF7BF,0xF7BF,0xF7BF,0xF7BF,0xF7BF,0xF7BF,0xF7BF,0xF7BF,0xF7BF,0xF7BF,0xF7BF,0xF7BF,0xF7BF,
  0xF7BF,0xF7BF,0xF7BF,0xF7BF,0xF7BF,0xF7BF,0xF7BF,0xF7BF,0xF7BF,0xF7BF,0xF7BF,0xF7BF,0xF7BF,0xF7BF,0xF7BF,0xF7BF,
  0xF7BF,0xF7BF,0xF7BF,0xF7BF,0xF7BF,0xF7BF,0xF7BF,0xF7BF,0xF7BF,0xF7BF,0xF7BF,0xF7BF,0xF7BF,0xF7BF,0xF7BF,0xF7BF,
  0xF7BF,0xF7BF,0xF7BF,0xF7BF,0xF7BF,0xF7BF,0xF7BF,0xF7BF,0xF7BF,0xF7BF,0xF7BF,0xF7BF,0xF7BF,0xF7BF,0xF7BF,0xF7BF,
  0xF7BF,0xF7BF,0xF7BF,0xF7BF,0xF7BF,0xF7BF,0xF7BF,0xF7BF,0xF7BF,0xF7BF,0xF7BF,0xF7BF,0xF7BF,0xF7BF,0xF7BF,0xF7BF,
  0xF7BF,0xF7BF,0xF7BF,0xF7BF,0xF7BF,0xF7BF,0xF7BF,0xF7BF,0xF7BF,0xF7BF,0xF7BF,0xF7BF,0xF7BF,0xF7BF,0xF7BF,0xF7BF,
  0xF7BF,0xF7BF,0xF7BF,0xF7BF,0xF7BF,0xF7BF,0xF7BF,0xF7BF,0xF7BF,0xF7BF,0xF7BF,0xF7BF,0xF7BF,0xF7BF,0xF7BF,0xF7BF,
  0xF7BF,0xF7BF,0xF7BF,0xF7BF,0xF7BF,0xF7BF,0xF7BF,0xF7BF,0xF7BF,0xF7BF,0xF7BF,0xF7BF,0xF7BF,0xF7BF,0xF7BF,0xF7BF,
  0xF7BF,0xF7BF,0xF7BF,0xF7BF,0xF7BF,0xF7BF,0xF7BF,0xF7BF,0xF7BF,0xF7BF,0xF7BF,0xF7BF,0xF7BF,0xF7BF,0xF7BF,0xF7BF,
  0xF7BF,0xF7BF,0xF7BF,0xF7BF,0xF7BF,0xF7BF,0xF7BF,0xF7BF,0xF7BF,0xF7BF,0xF7BF,0xF7BF,0xF7BF,0xF7BF,0xF7BF,0xF7BF,
  0xF7BF,0xF7BF,0xF7BF,0xF7BF,0xF7BF,0xF7BF,0xF7BF,0xF7BF,0xF7BF,0xF7BF,0xF7BF,0xF7BF,0xF7BF,0xF7BF,0xF7BF,0xF7BF,
  0xF7BF,0xF7BF,0xF7BF,0xF7BF,0xF7BF,0xF7BF,0xF7BF,0xF7BF,0xF7BF,0xF7BF,0xF7BF,0xF7BF,0xF7BF,0xF7BF,0xF7BF,0xF7BF,
  0xF7BF,0xF7BF,0xF7BF,0xF7BF,0xF7BF,0xF7BF,0xF7BF,0xF7BF,0xF7BF,0xF7BF,0xF7BF,0xF7BF,0xF7BF,0xF7BF,0xF7BF,0xF7BF,
  0xF7BF,0xF7BF,0xF7BF,0xF7BF,0xF7BF,0xF7BF,0xF7BF,0xF7BF,0xF7BF,0xF7BF,0xF7BF,0xF7BF,0xF7BF,0xF7BF,0xF7BF,0xF7BF,
  0xF7BF,0xF7BF,0xF7BF,0xF7BF,0xF7BF,0xF7BF,0xF7BF,0xF7BF,0xF7BF,0xF7BF,0xF7BF,0xF7BF,0xF7BF,0xF7BF,0xF7BF,0xF7BF,
  0xF7BF,0xF7BF,0xF7BF,0xF7BF,0xF7BF,0xF7BF,0xF7BF,0xF7BF,0xF7BF,0xF7BF,0xF7BF,0xF7BF,0xF7BF,0xF7BF,0xF7BF,0xF7BF,
  0xF7BF,0xF7BF,0xF7BF,0xF7BF,0xF7BF,0xF7BF,0xF7BF,0xF7BF,0xF7BF,0xF7BF,0xF7BF,0xF7BF,0xF7BF,0xF7BF,0xF7BF,0xF7BF,
  0xF7BF,0xF7BF,0xF7BF,0xF7BF,0xF7BF,0xF7BF,0xF7BF,0xF7BF,0xF7BF,0xF7BF,0xF7BF,0xF7BF,0xF7BF,0xF7BF,0xF7BF,0xF7BF,
  0xF7BF,0xF7BF,0xF7BF,0xF7BF,0xF7BF,0xF7BF,0xF7BF,0xF7BF,0xF7BF,0xF7BF,0xF7BF,0xF7BF,0xF7BF,0xF7BF,0xF7BF,0xF7BF,
  0xF7BF,0xF7BF,0xF7BF,0xF7BF,0xF7BF,0xF7BF,0xF7BF,0xF7BF,0xF7BF,0xF7BF,0xF7BF,0xF7BF,0xF7BF,0xF7BF,0xF7BF,0xF7BF,
  0xF7BF,0xF7BF,0xF7BF,0xF7BF,0xF7BF,0xF7BF,0xF7BF,0xF7BF,0xF7BF,0xF7BF,0xF7BF,0xF7BF,0xF7BF,0xF7BF,0xF7BF,0xF7BF,
  0xF7BF,0xF7BF,0xF7BF,0xF7BF,0xF7BF,0xF7BF,0xF7BF,0xF7BF,0xF7BF,0xF7BF,0xF7BF,0xF7BF,0xF7BF,0xF7BF,0xF7BF,0xF7BF,
  0xF7BF,0xF7BF,0xF7BF,0xF7BF,0xF7BF,0xF7BF,0xF7BF,0xF7BF,0xF7BF,0xF7BF,0xF7BF,0xF7BF,0xF7BF,0xF7BF,0xF7BF,0xF7BF,
  0xF7BF,0xF7BF,0xF7BF,0xF7BF,0xF7BF,0xF7BF,0xF7BF,0xF7BF,0xF7BF,0xF7BF,0xF7BF,0xF7BF,0xF7BF,0xF7BF,0xF7BF,0xF7BF,
  0xF7BF,0xF7BF,0xF7BF,0xF7BF,0xF7BF,0xF7BF,0xF7BF,0xF7BF,0xF7BF,0xF7BF,0xF7BF,0xF7BF,0xF7BF,0xF7BF,0xF7BF,0xF7BF,
  0xF7BF,0xF7BF,0xF7BF,0xF7BF,0xF7BF,0xF7BF,0xF7BF,0xF7BF,0xF7BF,0xF7BF,0xF7BF,0xF7BF,0xF7BF,0xF7BF,0xF7BF,0xF7BF,
  0xF7BF,0xF7BF,0xF7BF,0xF7BF,0xF7BF,0xF7BF,0xF7BF,0xF7BF,0xF7BF,0xF7BF,0xF7BF,0xF7BF,0xF7BF,0xF7BF,0xF7BF,0xF7BF,
  0xF7BF,0xF7BF,0xF7BF,0xF7BF,0xF7BF,0xF7BF,0xF7BF,0xF7BF,0xF7BF,0xF7BF,0xF7BF,0xF7BF,0xF7BF,0xF7BF,0xF7BF,0xF7BF,
  0xF7BF,0xF7BF,0xF7BF,0xF7BF,0xF7BF,0xF7BF,0xF7BF,0xF7BF,0xF7BF,0xF7BF,0xF7BF,0xF7BF,0xF7BF,0xF7BF,0xF7BF,0xF7BF,
  0xF7BF,0xF7BF,0xF7BF,0xF7BF,0xF7BF,0xF7BF,0xF7BF,0xF7BF,0xF7BF,0xF7BF,0xF7BF,0xF7BF,0xF7BF,0xF7BF,0xF7BF,0xF7BF,
  0xF7BF,0xF7BF,0xF7BF,0xF7BF,0xF7BF,0xF7BF,0xF7BF,0xF7BF,0xF7BF,0xF7BF,0xF7BF,0xF7BF,0xF7BF,0xF7BF,0xF7BF,0xF7BF,
  0xF7BF,0xF7BF,0xF7BF,0xF7BF,0xF7BF,0xF7BF,0xF7BF,0xF7BF,0xF7BF,0xF7BF,0xF7BF,0xF7BF,0xF7BF,0xF7BF,0xF7BF,0xF7BF,
  0xF7BF,0xF7BF,0xF7BF,0xF7BF,0xF7BF,0xF7BF,0xF7BF,0xF7BF,0xF7BF,0xF7BF,0xF7BF,0xF7BF,0xF7BF,0xF7BF,0xF7BF,0xF7BF,
  0xF7BF,0xF7BF,0xF7BF,0xF7BF,0xF7BF,0xF7BF,0xF7BF,0xF7BF,0xF7BF,0xF7BF,0xF7BF,0xF7BF,0xF7BF,0xF7BF,0xF7BF,0xF7BF,
  0xF7BF,0xF7BF,0xF7BF,0xF7BF,0xF7BF,0xF7BF,0xF7BF,0xF7BF,0xF7BF,0xF7BF,0xF7BF,0xF7BF,0xF7BF,0xF7BF,0xF7BF,0xF7BF,
  0xF7BF,0xF7BF,0xF7BF,0xF7BF,0xF7BF,0xF7BF,0xF7BF,0xF7BF,0xF7BF,0xF7BF,0xF7BF,0xF7BF,0xF7BF,0xF7BF,0xF7BF,0xF7BF,
  0xF7BF,0xF7BF,0xF7BF,0xF7BF,0xF7BF,0xF7BF,0xF7BF,0xF7BF,0xF7BF,0xF7BF,0xF7BF,0xF7BF,0xF7BF,0xF7BF,0xF7BF,0xF7BF,
  0xF7BF,0xF7BF,0xF7BF,0xF7BF,0xF7BF,0xF7BF,0xF7BF,0xF7BF,0xF7BF,0xF7BF,0xF7BF,0xF7BF,0xF7BF,0xF7BF,0xF7BF,0xF7BF,
  0xF7BF,0xF7BF,0xF7BF,0xF7BF,0xF7BF,0xF7BF,0xF7BF,0xF7BF,0xF7BF,0xF7BF,0xF7BF,0xF7BF,0xF7BF,0xF7BF,0xF7BF,0xF7BF,
  0xF7BF,0xF7BF,0xF7BF,0xF7BF,0xF7BF,0xF7BF,0xF7BF,0xF7BF,0xF7BF,0xF7BF,0xF7BF,0xF7BF,0xF7BF,0xF7BF,0xF7BF,0xF7BF,
  0xF7BF,0xF7BF,0xF7BF,0xF7BF,0xF7BF,0xF7BF,0xF7BF,0xF7BF,0xF7BF,0xF7BF,0xF7BF,0xF7BF,0xF7BF,0xF7BF,0xF7BF,0xF7BF,
  0xF7BF,0xF7BF,0xF7BF,0xF7BF,0xF7BF,0xF7BF,0xF7BF,0xF7BF,0xF7BF,0xF7BF,0xF7BF,0xF7BF,0xF7BF,0xF7BF,0xF7BF,0xF7BF,
  0xF7BF,0xF7BF,0xF7BF,0xF7BF,0xF7BF,0xF7BF,0xF7BF,0xF7BF,0xF7BF,0xF7BF,0xF7BF,0xF7BF,0xF7BF,0xF7BF,0xF7BF,0xF7BF,
  0xF7BF,0xF7BF,0xF7BF,0xF7BF,0xF7BF,0xF7BF,0xF7BF,0xF7BF,0xF7BF,0xF7BF,0xF7BF,0xF7BF,0xF7BF,0xF7BF,0xF7BF,0xF7BF,
  0xF7BF,0xF7BF,0xF7BF,0xF7BF,0xF7BF,0xF7BF,0xF7BF,0xF7BF,0xF7BF,0xF7BF,0xF7BF,0xF7BF,0xF7BF,0xF7BF,0xF7BF,0xF7BF,
  0xF7BF,0xF7BF,0xF7BF,0xF7BF,0xF7BF,0xF7BF,0xF7BF,0xF7BF,0xF7BF,0xF7BF,0xF7BF,0xF7BF,0xF7BF,0xF7BF,0xF7BF,0xF7BF,
  0xF7BF,0xF7BF,0xF7BF,0xF7BF,0xF7BF,0xF7BF,0xF7BF,0xF7BF,0xF7BF,0xF7BF,0xF7BF,0xF7BF,0xF7BF,0xF7BF,0xF7BF,0xF7BF,
  0xF7BF,0xF7BF,0xF7BF,0xF7BF,0xF7BF,0xF7BF,0xF7BF,0xF7BF,0xF7BF,0xF7BF,0xF7BF,0xF7BF,0xF7BF,0xF7BF,0xF7BF,0xF7BF,
  0xF7BF,0xF7BF,0xF7BF,0xF7BF,0xF7BF,0xF7BF,0xF7BF,0xF7BF,0xF7BF,0xF7BF,0xF7BF,0xF7BF,0xF7BF,0xF7BF,0xF7BF,0xF7BF,
  0xF7BF,0xF7BF,0xF7BF,0xF7BF,0xF7BF,0xF7BF,0xF7BF,0xF7BF,0xF7BF,0xF7BF,0xF7BF,0xF7BF,0xF7BF,0xF7BF,0xF7BF,0xF7BF,
  0xF7BF,0xF7BF,0xF7BF,0xF7BF,0xF7BF,0xF7BF,0xF7BF,0xF7BF,0xF7BF,0xF7BF,0xF7BF,0xF7BF,0xF7BF,0xF7BF,0xF7BF,0xF7BF,
  0xF7BF,0xF7BF,0xF7BF,0xF7BF,0xF7BF,0xF7BF,0xF7BF,0xF7BF,0xF7BF,0xF7BF,0xF7BF,0xF7BF,0xF7BF,0xF7BF,0xF7BF,0xF7BF,
  0xF7BF,0xF7BF,0xF7BF,0xF7BF,0xF7BF,0xF7BF,0xF7BF,0xF7BF,0xF7BF,0xF7BF,0xF7BF,0xF7BF,0xF7BF,0xF7BF,0xF7BF,0xF7BF,
  0xF7BF,0xF7BF,0xF7BF,0xF7BF,0xF7BF,0xF7BF,0xF7BF,0xF7BF,0xF7BF,0xF7BF,0xF7BF,0xF7BF,0xF7BF,0xF7BF,0xF7BF,0xF7BF,
  0xF7BF,0xF7BF,0xF7BF,0xF7BF,0xF7BF,0xF7BF,0xF7BF,0xF7BF,0xF7BF,0xF7BF,0xF7BF,0xF7BF,0xF7BF,0xF7BF,0xF7BF,0xF7BF,
  0xF7BF,0xF7BF,0xF7BF,0xF7BF,0xF7BF,0xF7BF,0xF7BF,0xF7BF,0xF7BF,0xF7BF,0xF7BF,0xF7BF,0xF7BF,0xF7BF,0xF7BF,0xF7BF,
  0xF7BF,0xF7BF,0xF7BF,0xF7BF,0xF7BF,0xF7BF,0xF7BF,0xF7BF,0xF7BF,0xF7BF,0xF7BF,0xF7BF,0xF7BF,0xF7BF,0xF7BF,0xF7BF,
  0xF7BF,0xF7BF,0xF7BF,0xF7BF,0xF7BF,0xF7BF,0xF7BF,0xF7BF,0xF7BF,0xF7BF,0xF7BF,0xF7BF,0xF7BF,0xF7BF,0xF7BF,0xF7BF,
  0xF7BF,0xF7BF,0xF7BF,0xF7BF,0xF7BF,0xF7BF,0xF7BF,0xF7BF,0xF7BF,0xF7BF,0xF7BF,0xF7BF,0xF7BF,0xF7BF,0xF7BF,0xF7BF,
  0xF7BF,0xF7BF,0xF7BF,0xF7BF,0xF7BF,0xF7BF,0xF7BF,0xF7BF,0xF7BF,0xF7BF,0xF7BF,0xF7BF,0xF7BF,0xF7BF,0xF7BF,0xF7BF,
  0xF7BF,0xF7BF,0xF7BF,0xF7BF,0xF7BF,0xF7BF,0xF7BF,0xF7BF,0xF7BF,0xF7BF,0xF7BF,0xF7BF,0xF7BF,0xF7BF,0xF7BF,0xF7BF,
  0xF7BF,0xF7BF,0xF7BF,0xF7BF,0xF7BF,0xF7BF,0xF7BF,0xF7BF,0xF7BF,0xF7BF,0xF7BF,0xF7BF,0xF7BF,0xF7BF,0xF7BF,0xF7BF,
  0xF7BF,0xF7BF,0xF7BF,0xF7BF,0xF7BF,0xF7BF,0xF7BF,0xF7BF,0xF7BF,0xF7BF,0xF7BF,0xF7BF,0xF7BF,0xF7BF,0xF7BF,0xF7BF,
  0xF7BF,0xF7BF,0xF7BF,0xF7BF,0xF7BF,0xF7BF,0xF7BF,0xF7BF,0xF7BF,0xF7BF,0xF7BF,0xF7BF,0xF7BF,0xF7BF,0xF7BF,0xF7BF,
  0xF7BF,0xF7BF,0xF7BF,0xF7BF,0xF7BF,0xF7BF,0xF7BF,0xF7BF,0xF7BF,0xF7BF,0xF7BF,0xF7BF,0xF7BF,0xF7BF,0xF7BF,0xF7BF,
  0xF7BF,0xF7BF,0xF7BF,0xF7BF,0xF7BF,0xF7BF,0xF7BF,0xF7BF,0xF7BF,0xF7BF,0xF7BF,0xF7BF,0xF7BF,0xF7BF,0xF7BF,0xF7BF,
  0xF7BF,0xF7BF,0xF7BF,0xF7BF,0xF7BF,0xF7BF,0xF7BF,0xF7BF,0xF7BF,0xF7BF,0xF7BF,0xF7BF,0xF7BF,0xF7BF,0xF7BF,0xF7BF,
  0xF7BF,0xF7BF,0xF7BF,0xF7BF,0xF7BF,0xF7BF,0xF7BF,0xF7BF,0xF7BF,0xF7BF,0xF7BF,0xF7BF,0xF7BF,0xF7BF,0xF7BF,0xF7BF,
  0xF7BF,0xF7BF,0xF7BF,0xF7BF,0xF7BF,0xF7BF,0xF7BF,0xF7BF,0xF7BF,0xF7BF,0xF7BF,0xF7BF,0xF7BF,0xF7BF,0xF7BF,0xF7BF,
  0xF7BF,0xF7BF,0xF7BF,0xF7BF,0xF7BF,0xF7BF,0xF7BF,0xF7BF,0xF7BF,0xF7BF,0xF7BF,0xF7BF,0xF7BF,0xF7BF,0xF7BF,0xF7BF,
  0xF7BF,0xF7BF,0xF7BF,0xF7BF,0xF7BF,0xF7BF,0xF7BF,0xF7BF,0xF7BF,0xF7BF,0xF7BF,0xF7BF,0xF7BF,0xF7BF,0xF7BF,0xF7BF,
  0xF7BF,0xF7BF,0xF7BF,0xF7BF,0xF7BF,0xF7BF,0xF7BF,0xF7BF,0xF7BF,0xF7BF,0xF7BF,0xF7BF,0xF7BF,0xF7BF,0xF7BF,0xF7BF,
  0xF7BF,0xF7BF,0xF7BF,0xF7BF,0xF7BF,0xF7BF,0xF7BF,0xF7BF,0xF7BF,0xF7BF,0xF7BF,0xF7BF,0xF7BF,0xF7BF,0xF7BF,0xF7BF,
  0xF7BF,0xF7BF,0xF7BF,0xF7BF,0xF7BF,0xF7BF,0xF7BF,0xF7BF,0xF7BF,0xF7BF,0xF7BF,0xF7BF,0xF7BF,0xF7BF,0xF7BF,0xF7BF,
  0xF7BF,0xF7BF,0xF7BF,0xF7BF,0xF7BF,0xF7BF,0xF7BF,0xF7BF,0xF7BF,0xF7BF,0xF7BF,0xF7BF,0xF7BF,0xF7BF,0xF7BF,0xF7BF,
  0xF7BF,0xF7BF,0xF7BF,0xF7BF,0xF7BF,0xF7BF,0xF7BF,0xF7BF,0xF7BF,0xF7BF,0xF7BF,0xF7BF,0xF7BF,0xF7BF,0xF7BF,0xF7BF,
  0xF7BF,0xF7BF,0xF7BF,0xF7BF,0xF7BF,0xF7BF,0xF7BF,0xF7BF,0xF7BF,0xF7BF,0xF7BF,0xF7BF,0xF7BF,0xF7BF,0xF7BF,0xF7BF,
  0xF7BF,0xF7BF,0xF7BF,0xF7BF,0xF7BF,0xF7BF,0xF7BF,0xF7BF,0xF7BF,0xF7BF,0xF7BF,0xF7BF,0xF7BF,0xF7BF,0xF7BF,0xF7BF,
  0xF7BF,0xF7BF,0xF7BF,0xF7BF,0xF7BF,0xF7BF,0xF7BF,0xF7BF,0xF7BF,0xF7BF,0xF7BF,0xF7BF,0xF7BF,0xF7BF,0xF7BF,0xF7BF,
  0xF7BF,0xF7BF,0xF7BF,0xF7BF,0xF7BF,0xF7BF,0xF7BF,0xF7BF,0xF7BF,0xF7BF,0xF7BF,0xF7BF,0xF7BF,0xF7BF,0xF7BF,0xF7BF,
  0xF7BF,0xF7BF,0xF7BF,0xF7BF,0xF7BF,0xF7BF,0xF7BF,0xF7BF,0xF7BF,0xF7BF,0xF7BF,0xF7BF,0xF7BF,0xF7BF,0xF7BF,0xF7BF,
  0xF7BF,0xF7BF,0xF7BF,0xF7BF,0xF7BF,0xF7BF,0xF7BF,0xF7BF,0xF7BF,0xF7BF,0xF7BF,0xF7BF,0xF7BF,0xF7BF,0xF7BF,0xF7BF,
  0xF7BF,0xF7BF,0xF7BF,0xF7BF,0xF7BF,0xF7BF,0xF7BF,0xF7BF,0xF7BF,0xF7BF,0xF7BF,0xF7BF,0xF7BF,0xF7BF,0xF7BF,0xF7BF,
  0xF7BF,0xF7BF,0xF7BF,0xF7BF,0xF7BF,0xF7BF,0xF7BF,0xF7BF,0xF7BF,0xF7BF,0xF7BF,0xF7BF,0xF7BF,0xF7BF,0xF7BF,0xF7BF,
  0xF7BF,0xF7BF,0xF7BF,0xF7BF,0xF7BF,0xF7BF,0xF7BF,0xF7BF,0xF7BF,0xF7BF,0xF7BF,0xF7BF,0xF7BF,0xF7BF,0xF7BF,0xF7BF,
  0xF7BF,0xF7BF,0xF7BF,0xF7BF,0xF7BF,0xF7BF,0xF7BF,0xF7BF,0xF7BF,0xF7BF,0xF7BF,0xF7BF,0xF7BF,0xF7BF,0xF7BF,0xF7BF,
  0xF7BF,0xF7BF,0xF7BF,0xF7BF,0xF7BF,0xF7BF,0xF7BF,0xF7BF,0xF7BF,0xF7BF,0xF7BF,0xF7BF,0xF7BF,0xF7BF,0xF7BF,0xF7BF,
  0xF7BF,0xF7BF,0xF7BF,0xF7BF,0xF7BF,0xF7BF,0xF7BF,0xF7BF,0xF7BF,0xF7BF,0xF7BF,0xF7BF,0xF7BF,0xF7BF,0xF7BF,0xF7BF,
  0xF7BF,0xF7BF,0xF7BF,0xF7BF,0xF7BF,0xF7BF,0xF7BF,0xF7BF,0xF7BF,0xF7BF,0xF7BF,0xF7BF,0xF7BF,0xF7BF,0xF7BF,0xF7BF,
  0xF7BF,0xF7BF,0xF7BF,0xF7BF,0xF7BF,0xF7BF,0xF7BF,0xF7BF,0xF7BF,0xF7BF,0xF7BF,0xF7BF,0xF7BF,0xF7BF,0xF7BF,0xF7BF,
  0xF7BF,0xF7BF,0xF7BF,0xF7BF,0xF7BF,0xF7BF,0xF7BF,0xF7BF,0xF7BF,0xF7BF,0xF7BF,0xF7BF,0xF7BF,0xF7BF,0xF7BF,0xF7BF,
  0xF7BF,0xF7BF,0xF7BF,0xF7BF,0xF7BF,0xF7BF,0xF7BF,0xF7BF,0xF7BF,0xF7BF,0xF7BF,0xF7BF,0xF7BF,0xF7BF,0xF7BF,0xF7BF,
  0xF7BF,0xF7BF,0xF7BF,0xF7BF,0xF7BF,0xF7BF,0xF7BF,0xF7BF,0xF7BF,0xF7BF,0xF7BF,0xF7BF,0xF7BF,0xF7BF,0xF7BF,0xF7BF,
  0xF7BF,0xF7BF,0xF7BF,0xF7BF,0xF7BF,0xF7BF,0xF7BF,0xF7BF,0xF7BF,0xF7BF,0xF7BF,0xF7BF,0xF7BF,0xF7BF,0xF7BF,0xF7BF,
  0xF7BF,0xF7BF,0xF7BF,0xF7BF,0xF7BF,0xF7BF,0xF7BF,0xF7BF,0xF7BF,0xF7BF,0xF7BF,0xF7BF,0xF7BF,0xF7BF,0xF7BF,0xF7BF,
  0xF7BF,0xF7BF,0xF7BF,0xF7BF,0xF7BF,0xF7BF,0xF7BF,0xF7BF,0xF7BF,0xF7BF,0xF7BF,0xF7BF,0xF7BF,0xF7BF,0xF7BF,0xF7BF,
  0xF7BF,0xF7BF,0xF7BF,0xF7BF,0xF7BF,0xF7BF,0xF7BF,0xF7BF,0xF7BF,0xF7BF,0xF7BF,0xF7BF,0xF7BF,0xF7BF,0xF7BF,0xF7BF,
  0xF7BF,0xF7BF,0xF7BF,0xF7BF,0xF7BF,0xF7BF,0xF7BF,0xF7BF,0xF7BF,0xF7BF,0xF7BF,0xF7BF,0xF7BF,0xF7BF,0xF7BF,0xF7BF,
  0xF7BF,0xF7BF,0xF7BF,0xF7BF,0xF7BF,0xF7BF,0xF7BF,0xF7BF,0xF7BF,0xF7BF,0xF7BF,0xF7BF,0xF7BF,0xF7BF,0xF7BF,0xF7BF,
  0xF7BF,0xF7BF,0xF7BF,0xF7BF,0xF7BF,0xF7BF,0xF7BF,0xF7BF,0xF7BF,0xF7BF,0xF7BF,0xF7BF,0xF7BF,0xF7BF,0xF7BF,0xF7BF,
  0xF7BF,0xF7BF,0xF7BF,0xF7BF,0xF7BF,0xF7BF,0xF7BF,0xF7BF,0xF7BF,0xF7BF,0xF7BF,0xF7BF,0xF7BF,0xF7BF,0xF7BF,0xF7BF,
  0xF7BF,0xF7BF,0xF7BF,0xF7BF,0xF7BF,0xF7BF,0xF7BF,0xF7BF,0xF7BF,0xF7BF,0xF7BF,0xF7BF,0xF7BF,0xF7BF,0xF7BF,0xF7BF,
  0xF7BF,0xF7BF,0xF7BF,0xF7BF,0xF7BF,0xF7BF,0xF7BF,0xF7BF,0xF7BF,0xF7BF,0xF7BF,0xF7BF,0xF7BF,0xF7BF,0xF7BF,0xF7BF,
  0xF7BF,0xF7BF,0xF7BF,0xF7BF,0xF7BF,0xF7BF,0xF7BF,0xF7BF,0xF7BF,0xF7BF,0xF7BF,0xF7BF,0xF7BF,0xF7BF,0xF7BF,0xF7BF,
  0xF7BF,0xF7BF,0xF7BF,0xF7BF,0xF7BF,0xF7BF,0xF7BF,0xF7BF,0xF7BF,0xF7BF,0xF7BF,0xF7BF,0xF7BF,0xF7BF,0xF7BF,0xF7BF,
  0xF7BF,0xF7BF,0xF7BF,0xF7BF,0xF7BF,0xF7BF,0xF7BF,0xF7BF,0xF7BF,0xF7BF,0xF7BF,0xF7BF,0xF7BF,0xF7BF,0xF7BF,0xF7BF,
  0xF7BF,0xF7BF,0xF7BF,0xF7BF,0xF7BF,0xF7BF,0xF7BF,0xF7BF,0xF7BF,0xF7BF,0xF7BF,0xF7BF,0xF7BF,0xF7BF,0xF7BF,0xF7BF,
  0xF7BF,0xF7BF,0xF7BF,0xF7BF,0xF7BF,0xF7BF,0xF7BF,0xF7BF,0xF7BF,0xF7BF,0xF7BF,0xF7BF,0xF7BF,0xF7BF,0xF7BF,0xF7BF,
  0xF7BF,0xF7BF,0xF7BF,0xF7BF,0xF7BF,0xF7BF,0xF7BF,0xF7BF,0xF7BF,0xF7BF,0xF7BF,0xF7BF,0xF7BF,0xF7BF,0xF7BF,0xF7BF,
  0xF7BF,0xF7BF,0xF7BF,0xF7BF,0xF7BF,0xF7BF,0xF7BF,0xF7BF,0xF7BF,0xF7BF,0xF7BF,0xF7BF,0xF7BF,0xF7BF,0xF7BF,0xF7BF,
  0xF7BF,0xF7BF,0xF7BF,0xF7BF,0xF7BF,0xF7BF,0xF7BF,0xF7BF,0xF7BF,0xF7BF,0xF7BF,0xF7BF,0xF7BF,0xF7BF,0xF7BF,0xF7BF,
  0xF7BF,0xF7BF,0xF7BF,0xF7BF,0xF7BF,0xF7BF,0xF7BF,0xF7BF,0xF7BF,0xF7BF,0xF7BF,0xF7BF,0xF7BF,0xF7BF,0xF7BF,0xF7BF,
  0xF7BF,0xF7BF,0xF7BF,0xF7BF,0xF7BF,0xF7BF,0xF7BF,0xF7BF,0xF7BF,0xF7BF,0xF7BF,0xF7BF,0xF7BF,0xF7BF,0xF7BF,0xF7BF,
  0xF7BF,0xF7BF,0xF7BF,0xF7BF,0xF7BF,0xF7BF,0xF7BF,0xF7BF,0xF7BF,0xF7BF,0xF7BF,0xF7BF,0xF7BF,0xF7BF,0xF7BF,0xF7BF,
  0xF7BF,0xF7BF,0xF7BF,0xF7BF,0xF7BF,0xF7BF,0xF7BF,0xF7BF,0xF7BF,0xF7BF,0xF7BF,0xF7BF,0xF7BF,0xF7BF,0xF7BF,0xF7BF,
  0xF7BE,0xF7BE,0xF7BE,0xF7BE,0xF7BE,0xF7BE,0xF7BE,0xF7BE,0xF7BE,0xF7BE,0xF7BE,0xF7BE,0xF7BE,0xF7BE,0xF7BE,0xF7BE,
  0xF7BE,0xF7BE,0xF7BE,0xF7BE,0xF7BE,0xF7BE,0xF7BE,0xF7BE,0xF7BE,0xF7BE,0xF7BE,0xF7BE,0xF7BE,0xF7BE,0xF7BE,0xF7BE,
  0xF7BE,0xF7BE,0xF7BE,0xF7BE,0xF7BE,0xF7BE,0xF7BE,0xF7BE,0xF7BE,0xF7BE,0xF7BE,0xF7BE,0xF7BE,0xF7BE,0xF7BE,0xF7BE,
  0xF7BE,0xF7BE,0xF7BE,0xF7BE,0xF7BE,0xF7BE,0xF7BE,0xF7BE,0xF7BE,0xF7BE,0xF7BE,0xF7BE,0xF7BE,0xF7BE,0xF7BE,0xF7BE,
  0xF7BE,0xF7BE,0xF7BE,0xF7BE,0xF7BE,0xF7BE,0xF7BE,0xF7BE,0xF7BE,0xF7BE,0xF7BE,0xF7BE,0xF7BE,0xF7BE,0xF7BE,0xF7BE,
  0xF7BE,0xF7BE,0xF7BE,0xF7BE,0xF7BE,0xF7BE,0xF7BE,0xF7BE,0xF7BE,0xF7BE,0xF7BE,0xF7BE,0xF7BE,0xF7BE,0xF7BE,0xF7BE,
  0xF7BE,0xF7BE,0xF7BE,0xF7BE,0xF7BE,0xF7BE,0xF7BE,0xF7BE,0xF7BE,0xF7BE,0xF7BE,0xF7BE,0xF7BE,0xF7BE,0xF7BE,0xF7BE,
  0xF7BE,0xF7BE,0xF7BE,0xF7BE,0xF7BE,0xF7BE,0xF7BE,0xF7BE,0xF7BE,0xF7BE,0xF7BE,0xF7BE,0xF7BE,0xF7BE,0xF7BE,0xF7BE,
  0xF7BE,0xF7BE,0xF7BE,0xF7BE,0xF7BE,0xF7BE,0xF7BE,0xF7BE,0xF7BE,0xF7BE,0xF7BE,0xF7BE,0xF7BE,0xF7BE,0xF7BE,0xF7BE,
  0xF7BE,0xF7BE,0xF7BE,0xF7BE,0xF7BE,0xF7BE,0xF7BE,0xF7BE,0xF7BE,0xF7BE,0xF7BE,0xF7BE,0xF7BE,0xF7BE,0xF7BE,0xF7BE,
  0xF7BE,0xF7BE,0xF7BE,0xF7BE,0xF7BE,0xF7BE,0xF7BE,0xF7BE,0xF7BE,0xF7BE,0xF7BE,0xF7BE,0xF7BE,0xF7BE,0xF7BE,0xF7BE,
  0xF7BE,0xF7BE,0xF7BE,0xF7BE,0xF7BE,0xF7BE,0xF7BE,0xF7BE,0xF7BE,0xF7BE,0xF7BE,0xF7BE,0xF7BE,0xF7BE,0xF7BE,0xF7BE,
  0xF7BE,0xF7BE,0xF7BE,0xF7BE,0xF7BE,0xF7BE,0xF7BE,0xF7BE,0xF7BE,0xF7BE,0xF7BE,0xF7BE,0xF7BE,0xF7BE,0xF7BE,0xF7BE,
  0xF7BE,0xF7BE,0xF7BE,0xF7BE,0xF7BE,0xF7BE,0xF7BE,0xF7BE,0xF7BE,0xF7BE,0xF7BE,0xF7BE,0xF7BE,0xF7BE,0xF7BE,0xF7BE,
  0xF7BE,0xF7BE,0xF7BE,0xF7BE,0xF7BE,0xF7BE,0xF7BE,0xF7BE,0xF7BE,0xF7BE,0xF7BE,0xF7BE,0xF7BE,0xF7BE,0xF7BE,0xF7BE,
  0xF7BE,0xF7BE,0xF7BE,0xF7BE,0xF7BE,0xF7BE,0xF7BE,0xF7BE,0xF7BE,0xF7BE,0xF7BE,0xF7BE,0xF7BE,0xF7BE,0xF7BE,0xF7BE,
  0xF7BE,0xF7BE,0xF7BE,0xF7BE,0xF7BE,0xF7BE,0xF7BE,0xF7BE,0xF7BE,0xF7BE,0xF7BE,0xF7BE,0xF7BE,0xF7BE,0xF7BE,0xF7BE,
  0xF7BE,0xF7BE,0xF7BE,0xF7BE,0xF7BE,0xF7BE,0xF7BE,0xF7BE,0xF7BE,0xF7BE,0xF7BE,0xF7BE,0xF7BE,0xF7BE,0xF7BE,0xF7BE,
  0xF7BE,0xF7BE,0xF7BE,0xF7BE,0xF7BE,0xF7BE,0xF7BE,0xF7BE,0xF7BE,0xF7BE,0xF7BE,0xF7BE,0xF7BE,0xF7BE,0xF7BE,0xF7BE,
  0xF7BE,0xF7BE,0xF7BE,0xF7BE,0xF7BE,0xF7BE,0xF7BE,0xF7BE,0xF7BE,0xF7BE,0xF7BE,0xF7BE,0xF7BE,0xF7BE,0xF7BE,0xF7BE,
  0xF7BE,0xF7BE,0xF7BE,0xF7BE,0xF7BE,0xF7BE,0xF7BE,0xF7BE,0xF7BE,0xF7BE,0xF7BE,0xF7BE,0xF7BE,0xF7BE,0xF7BE,0xF7BE,
  0xF7BE,0xF7BE,0xF7BE,0xF7BE,0xF7BE,0xF7BE,0xF7BE,0xF7BE,0xF7BE,0xF7BE,0xF7BE,0xF7BE,0xF7BE,0xF7BE,0xF7BE,0xF7BE,
  0xF7BE,0xF7BE,0xF7BE,0xF7BE,0xF7BE,0xF7BE,0xF7BE,0xF7BE,0xF7BE,0xF7BE,0xF7BE,0xF7BE,0xF7BE,0xF7BE,0xF7BE,0xF7BE,
  0xF7BE,0xF7BE,0xF7BE,0xF7BE,0xF7BE,0xF7BE,0xF7BE,0xF7BE,0xF7BE,0xF7BE,0xF7BE,0xF7BE,0xF7BE,0xF7BE,0xF7BE,0xF7BE,
  0xF7BE,0xF7BE,0xF7BE,0xF7BE,0xF7BE,0xF7BE,0xF7BE,0xF7BE,0xF7BE,0xF7BE,0xF7BE,0xF7BE,0xF7BE,0xF7BE,0xF7BE,0xF7BE,
  0xF7BE,0xF7BE,0xF7BE,0xF7BE,0xF7BE,0xF7BE,0xF7BE,0xF7BE,0xF7BE,0xF7BE,0xF7BE,0xF7BE,0xF7BE,0xF7BE,0xF7BE,0xF7BE,
  0xF7BE,0xF7BE,0xF7BE,0xF7BE,0xF7BE,0xF7BE,0xF7BE,0xF7BE,0xF7BE,0xF7BE,0xF7BE,0xF7BE,0xF7BE,0xF7BE,0xF7BE,0xF7BE,
  0xF7BE,0xF7BE,0xF7BE,0xF7BE,0xF7BE,0xF7BE,0xF7BE,0xF7BE,0xF7BE,0xF7BE,0xF7BE,0xF7BE,0xF7BE,0xF7BE,0xF7BE,0xF7BE,
  0xF7BE,0xF7BE,0xF7BE,0xF7BE,0xF7BE,0xF7BE,0xF7BE,0xF7BE,0xF7BE,0xF7BE,0xF7BE,0xF7BE,0xF7BE,0xF7BE,0xF7BE,0xF7BE,
  0xF7BE,0xF7BE,0xF7BE,0xF7BE,0xF7BE,0xF7BE,0xF7BE,0xF7BE,0xF7BE,0xF7BE,0xF7BE,0xF7BE,0xF7BE,0xF7BE,0xF7BE,0xF7BE,
  0xF7BE,0xF7BE,0xF7BE,0xF7BE,0xF7BE,0xF7BE,0xF7BE,0xF7BE,0xF7BE,0xF7BE,0xF7BE,0xF7BE,0xF7BE,0xF7BE,0xF7BE,0xF7BE,
  0xF7BE,0xF7BE,0xF7BE,0xF7BE,0xF7BE,0xF7BE,0xF7BE,0xF7BE,0xF7BE,0xF7BE,0xF7BE,0xF7BE,0xF7BE,0xF7BE,0xF7BE,0xF7BE,
  0xF7BE,0xF7BE,0xF7BE,0xF7BE,0xF7BE,0xF7BE,0xF7BE,0xF7BE,0xF7BE,0xF7BE,0xF7BE,0xF7BE,0xF7BE,0xF7BE,0xF7BE,0xF7BE,
  0xF7BE,0xF7BE,0xF7BE,0xF7BE,0xF7BE,0xF7BE,0xF7BE,0xF7BE,0xF7BE,0xF7BE,0xF7BE,0xF7BE,0xF7BE,0xF7BE,0xF7BE,0xF7BE,
  0xF7BE,0xF7BE,0xF7BE,0xF7BE,0xF7BE,0xF7BE,0xF7BE,0xF7BE,0xF7BE,0xF7BE,0xF7BE,0xF7BE,0xF7BE,0xF7BE,0xF7BE,0xF7BE,
  0xF7BE,0xF7BE,0xF7BE,0xF7BE,0xF7BE,0xF7BE,0xF7BE,0xF7BE,0xF7BE,0xF7BE,0xF7BE,0xF7BE,0xF7BE,0xF7BE,0xF7BE,0xF7BE,
  0xF7BE,0xF7BE,0xF7BE,0xF7BE,0xF7BE,0xF7BE,0xF7BE,0xF7BE,0xF7BE,0xF7BE,0xF7BE,0xF7BE,0xF7BE,0xF7BE,0xF7BE,0xF7BE,
  0xF7BE,0xF7BE,0xF7BE,0xF7BE,0xF7BE,0xF7BE,0xF7BE,0xF7BE,0xF7BE,0xF7BE,0xF7BE,0xF7BE,0xF7BE,0xF7BE,0xF7BE,0xF7BE,
  0xF7BE,0xF7BE,0xF7BE,0xF7BE,0xF7BE,0xF7BE,0xF7BE,0xF7BE,0xF7BE,0xF7BE,0xF7BE,0xF7BE,0xF7BE,0xF7BE,0xF7BE,0xF7BE,
  0xF7BE,0xF7BE,0xF7BE,0xF7BE,0xF7BE,0xF7BE,0xF7BE,0xF7BE,0xF7BE,0xF7BE,0xF7BE,0xF7BE,0xF7BE,0xF7BE,0xF7BE,0xF7BE,
  0xF7BE,0xF7BE,0xF7BE,0xF7BE,0xF7BE,0xF7BE,0xF7BE,0xF7BE,0xF7BE,0xF7BE,0xF7BE,0xF7BE,0xF7BE,0xF7BE,0xF7BE,0xF7BE,
  0xF7BE,0xF7BE,0xF7BE,0xF7BE,0xF7BE,0xF7BE,0xF7BE,0xF7BE,0xF7BE,0xF7BE,0xF7BE,0xF7BE,0xF7BE,0xF7BE,0xF7BE,0xF7BE,
  0xF7BE,0xF7BE,0xF7BE,0xF7BE,0xF7BE,0xF7BE,0xF7BE,0xF7BE,0xF7BE,0xF7BE,0xF7BE,0xF7BE,0xF7BE,0xF7BE,0xF7BE,0xF7BE,
  0xF7BE,0xF7BE,0xF7BE,0xF7BE,0xF7BE,0xF7BE,0xF7BE,0xF7BE,0xF7BE,0xF7BE,0xF7BE,0xF7BE,0xF7BE,0xF7BE,0xF7BE,0xF7BE,
  0xF7BE,0xF7BE,0xF7BE,0xF7BE,0xF7BE,0xF7BE,0xF7BE,0xF7BE,0xF7BE,0xF7BE,0xF7BE,0xF7BE,0xF7BE,0xF7BE,0xF7BE,0xF7BE,
  0xF7BE,0xF7BE,0xF7BE,0xF7BE,0xF7BE,0xF7BE,0xF7BE,0xF7BE,0xF7BE,0xF7BE,0xF7BE,0xF7BE,0xF7BE,0xF7BE,0xF7BE,0xF7BE,
  0xF7BE,0xF7BE,0xF7BE,0xF7BE,0xF7BE,0xF7BE,0xF7BE,0xF7BE,0xF7BE,0xF7BE,0xF7BE,0xF7BE,0xF7BE,0xF7BE,0xF7BE,0xF7BE,
  0xF7BE,0xF7BE,0xF7BE,0xF7BE,0xF7BE,0xF7BE,0xF7BE,0xF7BE,0xF7BE,0xF7BE,0xF7BE,0xF7BE,0xF7BE,0xF7BE,0xF7BE,0xF7BE,
  0xF7BE,0xF7BE,0xF7BE,0xF7BE,0xF7BE,0xF7BE,0xF7BE,0xF7BE,0xF7BE,0xF7BE,0xF7BE,0xF7BE,0xF7BE,0xF7BE,0xF7BE,0xF7BE,
  0xF7BE,0xF7BE,0xF7BE,0xF7BE,0xF7BE,0xF7BE,0xF7BE,0xF7BE,0xF7BE,0xF7BE,0xF7BE,0xF7BE,0xF7BE,0xF7BE,0xF7BE,0xF7BE,
  0xF7BE,0xF7BE,0xF7BE,0xF7BE,0xF7BE,0xF7BE,0xF7BE,0xF7BE,0xF7BE,0xF7BE,0xF7BE,0xF7BE,0xF7BE,0xF7BE,0xF7BE,0xF7BE,
  0xF7BE,0xF7BE,0xF7BE,0xF7BE,0xF7BE,0xF7BE,0xF7BE,0xF7BE,0xF7BE,0xF7BE,0xF7BE,0xF7BE,0xF7BE,0xF7BE,0xF7BE,0xF7BE,
  0xF7BE,0xF7BE,0xF7BE,0xF7BE,0xF7BE,0xF7BE,0xF7BE,0xF7BE,0xF7BE,0xF7BE,0xF7BE,0xF7BE,0xF7BE,0xF7BE,0xF7BE,0xF7BE,
  0xF7BE,0xF7BE,0xF7BE,0xF7BE,0xF7BE,0xF7BE,0xF7BE,0xF7BE,0xF7BE,0xF7BE,0xF7BE,0xF7BE,0xF7BE,0xF7BE,0xF7BE,0xF7BE,
  0xF7BE,0xF7BE,0xF7BE,0xF7BE,0xF7BE,0xF7BE,0xF7BE,0xF7BE,0xF7BE,0xF7BE,0xF7BE,0xF7BE,0xF7BE,0xF7BE,0xF7BE,0xF7BE,
  0xF7BE,0xF7BE,0xF7BE,0xF7BE,0xF7BE,0xF7BE,0xF7BE,0xF7BE,0xF7BE,0xF7BE,0xF7BE,0xF7BE,0xF7BE,0xF7BE,0xF7BE,0xF7BE,
  0xF7BE,0xF7BE,0xF7BE,0xF7BE,0xF7BE,0xF7BE,0xF7BE,0xF7BE,0xF7BE,0xF7BE,0xF7BE,0xF7BE,0xF7BE,0xF7BE,0xF7BE,0xF7BE,
  0xF7BE,0xF7BE,0xF7BE,0xF7BE,0xF7BE,0xF7BE,0xF7BE,0xF7BE,0xF7BE,0xF7BE,0xF7BE,0xF7BE,0xF7BE,0xF7BE,0xF7BE,0xF7BE,
  0xF7BE,0xF7BE,0xF7BE,0xF7BE,0xF7BE,0xF7BE,0xF7BE,0xF7BE,0xF7BE,0xF7BE,0xF7BE,0xF7BE,0xF7BE,0xF7BE,0xF7BE,0xF7BE,
  0xF7BE,0xF7BE,0xF7BE,0xF7BE,0xF7BE,0xF7BE,0xF7BE,0xF7BE,0xF7BE,0xF7BE,0xF7BE,0xF7BE,0xF7BE,0xF7BE,0xF7BE,0xF7BE,
  0xF7BE,0xF7BE,0xF7BE,0xF7BE,0xF7BE,0xF7BE,0xF7BE,0xF7BE,0xF7BE,0xF7BE,0xF7BE,0xF7BE,0xF7BE,0xF7BE,0xF7BE,0xF7BE,
  0xF7BE,0xF7BE,0xF7BE,0xF7BE,0xF7BE,0xF7BE,0xF7BE,0xF7BE,0xF7BE,0xF7BE,0xF7BE,0xF7BE,0xF7BE,0xF7BE,0xF7BE,0xF7BE,
  0xF7BE,0xF7BE,0xF7BE,0xF7BE,0xF7BE,0xF7BE,0xF7BE,0xF7BE,0xF7BE,0xF7BE,0xF7BE,0xF7BE,0xF7BE,0xF7BE,0xF7BE,0xF7BE,
  0xF7BE,0xF7BE,0xF7BE,0xF7BE,0xF7BE,0xF7BE,0xF7BE,0xF7BE,0xF7BE,0xF7BE,0xF7BE,0xF7BE,0xF7BE,0xF7BE,0xF7BE,0xF7BE,
  0xF7BE,0xF7BE,0xF7BE,0xF7BE,0xF7BE,0xF7BE,0xF7BE,0xF7BE,0xF7BE,0xF7BE,0xF7BE,0xF7BE,0xF7BE,0xF7BE,0xF7BE,0xF7BE,
  0xF7BE,0xF7BE,0xF7BE,0xF7BE,0xF7BE,0xF7BE,0xF7BE,0xF7BE,0xF7BE,0xF7BE,0xF7BE,0xF7BE,0xF7BE,0xF7BE,0xF7BE,0xF7BE,
  0xF7BE,0xF7BE,0xF7BE,0xF7BE,0xF7BE,0xF7BE,0xF7BE,0xF7BE,0xF7BE,0xF7BE,0xF7BE,0xF7BE,0xF7BE,0xF7BE,0xF7BE,0xF7BE,
  0xF7BE,0xF7BE,0xF7BE,0xF7BE,0xF7BE,0xF7BE,0xF7BE,0xF7BE,0xF7BE,0xF7BE,0xF7BE,0xF7BE,0xF7BE,0xF7BE,0xF7BE,0xF7BE,
  0xF7BE,0xF7BE,0xF7BE,0xF7BE,0xF7BE,0xF7BE,0xF7BE,0xF7BE,0xF7BE,0xF7BE,0xF7BE,0xF7BE,0xF7BE,0xF7BE,0xF7BE,0xF7BE,
  0xF7BE,0xF7BE,0xF7BE,0xF7BE,0xF7BE,0xF7BE,0xF7BE,0xF7BE,0xF7BE,0xF7BE,0xF7BE,0xF7BE,0xF7BE,0xF7BE,0xF7BE,0xF7BE,
  0xF7BE,0xF7BE,0xF7BE,0xF7BE,0xF7BE,0xF7BE,0xF7BE,0xF7BE,0xF7BE,0xF7BE,0xF7BE,0xF7BE,0xF7BE,0xF7BE,0xF7BE,0xF7BE,
  0xF7BE,0xF7BE,0xF7BE,0xF7BE,0xF7BE,0xF7BE,0xF7BE,0xF7BE,0xF7BE,0xF7BE,0xF7BE,0xF7BE,0xF7BE,0xF7BE,0xF7BE,0xF7BE,
  0xF7BE,0xF7BE,0xF7BE,0xF7BE,0xF7BE,0xF7BE,0xF7BE,0xF7BE,0xF7BE,0xF7BE,0xF7BE,0xF7BE,0xF7BE,0xF7BE,0xF7BE,0xF7BE,
  0xF7BE,0xF7BE,0xF7BE,0xF7BE,0xF7BE,0xF7BE,0xF7BE,0xF7BE,0xF7BE,0xF7BE,0xF7BE,0xF7BE,0xF7BE,0xF7BE,0xF7BE,0xF7BE,
  0xF7BE,0xF7BE,0xF7BE,0xF7BE,0xF7BE,0xF7BE,0xF7BE,0xF7BE,0xF7BE,0xF7BE,0xF7BE,0xF7BE,0xF7BE,0xF7BE,0xF7BE,0xF7BE,
  0xF7BE,0xF7BE,0xF7BE,0xF7BE,0xF7BE,0xF7BE,0xF7BE,0xF7BE,0xF7BE,0xF7BE,0xF7BE,0xF7BE,0xF7BE,0xF7BE,0xF7BE,0xF7BE,
  0xF7BE,0xF7BE,0xF7BE,0xF7BE,0xF7BE,0xF7BE,0xF7BE,0xF7BE,0xF7BE,0xF7BE,0xF7BE,0xF7BE,0xF7BE,0xF7BE,0xF7BE,0xF7BE,
  0xF7BE,0xF7BE,0xF7BE,0xF7BE,0xF7BE,0xF7BE,0xF7BE,0xF7BE,0xF7BE,0xF7BE,0xF7BE,0xF7BE,0xF7BE,0xF7BE,0xF7BE,0xF7BE,
  0xF7BE,0xF7BE,0xF7BE,0xF7BE,0xF7BE,0xF7BE,0xF7BE,0xF7BE,0xF7BE,0xF7BE,0xF7BE,0xF7BE,0xF7BE,0xF7BE,0xF7BE,0xF7BE,
  0xF7BE,0xF7BE,0xF7BE,0xF7BE,0xF7BE,0xF7BE,0xF7BE,0xF7BE,0xF7BE,0xF7BE,0xF7BE,0xF7BE,0xF7BE,0xF7BE,0xF7BE,0xF7BE,
  0xF7BE,0xF7BE,0xF7BE,0xF7BE,0xF7BE,0xF7BE,0xF7BE,0xF7BE,0xF7BE,0xF7BE,0xF7BE,0xF7BE,0xF7BE,0xF7BE,0xF7BE,0xF7BE,
  0xF7BE,0xF7BE,0xF7BE,0xF7BE,0xF7BE,0xF7BE,0xF7BE,0xF7BE,0xF7BE,0xF7BE,0xF7BE,0xF7BE,0xF7BE,0xF7BE,0xF7BE,0xF7BE,
  0xF7BE,0xF7BE,0xF7BE,0xF7BE,0xF7BE,0xF7BE,0xF7BE,0xF7BE,0xF7BE,0xF7BE,0xF7BE,0xF7BE,0xF7BE,0xF7BE,0xF7BE,0xF7BE,
  0xF7BE,0xF7BE,0xF7BE,0xF7BE,0xF7BE,0xF7BE,0xF7BE,0xF7BE,0xF7BE,0xF7BE,0xF7BE,0xF7BE,0xF7BE,0xF7BE,0xF7BE,0xF7BE,
  0xF7BE,0xF7BE,0xF7BE,0xF7BE,0xF7BE,0xF7BE,0xF7BE,0xF7BE,0xF7BE,0xF7BE,0xF7BE,0xF7BE,0xF7BE,0xF7BE,0xF7BE,0xF7BE,
  0xF7BE,0xF7BE,0xF7BE,0xF7BE,0xF7BE,0xF7BE,0xF7BE,0xF7BE,0xF7BE,0xF7BE,0xF7BE,0xF7BE,0xF7BE,0xF7BE,0xF7BE,0xF7BE,
  0xF7BE,0xF7BE,0xF7BE,0xF7BE,0xF7BE,0xF7BE,0xF7BE,0xF7BE,0xF7BE,0xF7BE,0xF7BE,0xF7BE,0xF7BE,0xF7BE,0xF7BE,0xF7BE,
  0xF7BE,0xF7BE,0xF7BE,0xF7BE,0xF7BE,0xF7BE,0xF7BE,0xF7BE,0xF7BE,0xF7BE,0xF7BE,0xF7BE,0xF7BE,0xF7BE,0xF7BE,0xF7BE,
  0xF7BE,0xF7BE,0xF7BE,0xF7BE,0xF7BE,0xF7BE,0xF7BE,0xF7BE,0xF7BE,0xF7BE,0xF7BE,0xF7BE,0xF7BE,0xF7BE,0xF7BE,0xF7BE,
  0xF7BE,0xF7BE,0xF7BE,0xF7BE,0xF7BE,0xF7BE,0xF7BE,0xF7BE,0xF7BE,0xF7BE,0xF7BE,0xF7BE,0xF7BE,0xF7BE,0xF7BE,0xF7BE,
  0xF7BE,0xF7BE,0xF7BE,0xF7BE,0xF7BE,0xF7BE,0xF7BE,0xF7BE,0xF7BE,0xF7BE,0xF7BE,0xF7BE,0xF7BE,0xF7BE,0xF7BE,0xF7BE,
  0xF7BE,0xF7BE,0xF7BE,0xF7BE,0xF7BE,0xF7BE,0xF7BE,0xF7BE,0xF7BE,0xF7BE,0xF7BE,0xF7BE,0xF7BE,0xF7BE,0xF7BE,0xF7BE,
  0xF7BE,0xF7BE,0xF7BE,0xF7BE,0xF7BE,0xF7BE,0xF7BE,0xF7BE,0xF7BE,0xF7BE,0xF7BE,0xF7BE,0xF7BE,0xF7BE,0xF7BE,0xF7BE,
  0xF7BE,0xF7BE,0xF7BE,0xF7BE,0xF7BE,0xF7BE,0xF7BE,0xF7BE,0xF7BE,0xF7BE,0xF7BE,0xF7BE,0xF7BE,0xF7BE,0xF7BE,0xF7BE,
  0xF7BE,0xF7BE,0xF7BE,0xF7BE,0xF7BE,0xF7BE,0xF7BE,0xF7BE,0xF7BE,0xF7BE,0xF7BE,0xF7BE,0xF7BE,0xF7BE,0xF7BE,0xF7BE,
  0xF7BE,0xF7BE,0xF7BE,0xF7BE,0xF7BE,0xF7BE,0xF7BE,0xF7BE,0xF7BE,0xF7BE,0xF7BE,0xF7BE,0xF7BE,0xF7BE,0xF7BE,0xF7BE,
  0xF7BE,0xF7BE,0xF7BE,0xF7BE,0xF7BE,0xF7BE,0xF7BE,0xF7BE,0xF7BE,0xF7BE,0xF7BE,0xF7BE,0xF7BE,0xF7BE,0xF7BE,0xF7BE,
  0xF7BE,0xF7BE,0xF7BE,0xF7BE,0xF7BE,0xF7BE,0xF7BE,0xF7BE,0xF7BE,0xF7BE,0xF7BE,0xF7BE,0xF7BE,0xF7BE,0xF7BE,0xF7BE,
  0xF7BE,0xF7BE,0xF7BE,0xF7BE,0xF7BE,0xF7BE,0xF7BE,0xF7BE,0xF7BE,0xF7BE,0xF7BE,0xF7BE,0xF7BE,0xF7BE,0xF7BE,0xF7BE,
  0xF7BE,0xF7BE,0xF7BE,0xF7BE,0xF7BE,0xF7BE,0xF7BE,0xF7BE,0xF7BE,0xF7BE,0xF7BE,0xF7BE,0xF7BE,0xF7BE,0xF7BE,0xF7BE,
  0xF7BE,0xF7BE,0xF7BE,0xF7BE,0xF7BE,0xF7BE,0xF7BE,0xF7BE,0xF7BE,0xF7BE,0xF7BE,0xF7BE,0xF7BE,0xF7BE,0xF7BE,0xF7BE,
  0xF7BE,0xF7BE,0xF7BE,0xF7BE,0xF7BE,0xF7BE,0xF7BE,0xF7BE,0xF7BE,0xF7BE,0xF7BE,0xF7BE,0xF7BE,0xF7BE,0xF7BE,0xF7BE,
  0xF7BE,0xF7BE,0xF7BE,0xF7BE,0xF7BE,0xF7BE,0xF7BE,0xF7BE,0xF7BE,0xF7BE,0xF7BE,0xF7BE,0xF7BE,0xF7BE,0xF7BE,0xF7BE,
  0xF7BE,0xF7BE,0xF7BE,0xF7BE,0xF7BE,0xF7BE,0xF7BE,0xF7BE,0xF7BE,0xF7BE,0xF7BE,0xF7BE,0xF7BE,0xF7BE,0xF7BE,0xF7BE,
  0xF7BE,0xF7BE,0xF7BE,0xF7BE,0xF7BE,0xF7BE,0xF7BE,0xF7BE,0xF7BE,0xF7BE,0xF7BE,0xF7BE,0xF7BE,0xF7BE,0xF7BE,0xF7BE,
  0xF7BE,0xF7BE,0xF7BE,0xF7BE,0xF7BE,0xF7BE,0xF7BE,0xF7BE,0xF7BE,0xF7BE,0xF7BE,0xF7BE,0xF7BE,0xF7BE,0xF7BE,0xF7BE,
  0xF7BE,0xF7BE,0xF7BE,0xF7BE,0xF7BE,0xF7BE,0xF7BE,0xF7BE,0xF7BE,0xF7BE,0xF7BE,0xF7BE,0xF7BE,0xF7BE,0xF7BE,0xF7BE,
  0xF7BE,0xF7BE,0xF7BE,0xF7BE,0xF7BE,0xF7BE,0xF7BE,0xF7BE,0xF7BE,0xF7BE,0xF7BE,0xF7BE,0xF7BE,0xF7BE,0xF7BE,0xF7BE,
  0xF7BE,0xF7BE,0xF7BE,0xF7BE,0xF7BE,0xF7BE,0xF7BE,0xF7BE,0xF7BE,0xF7BE,0xF7BE,0xF7BE,0xF7BE,0xF7BE,0xF7BE,0xF7BE,
  0xF7BE,0xF7BE,0xF7BE,0xF7BE,0xF7BE,0xF7BE,0xF7BE,0xF7BE,0xF7BE,0xF7BE,0xF7BE,0xF7BE,0xF7BE,0xF7BE,0xF7BE,0xF7BE,
  0xF7BE,0xF7BE,0xF7BE,0xF7BE,0xF7BE,0xF7BE,0xF7BE,0xF7BE,0xF7BE,0xF7BE,0xF7BE,0xF7BE,0xF7BE,0xF7BE,0xF7BE,0xF7BE,
  0xF7BE,0xF7BE,0xF7BE,0xF7BE,0xF7BE,0xF7BE,0xF7BE,0xF7BE,0xF7BE,0xF7BE,0xF7BE,0xF7BE,0xF7BE,0xF7BE,0xF7BE,0xF7BE,
  0xF7BE,0xF7BE,0xF7BE,0xF7BE,0xF7BE,0xF7BE,0xF7BE,0xF7BE,0xF7BE,0xF7BE,0xF7BE,0xF7BE,0xF7BE,0xF7BE,0xF7BE,0xF7BE,
  0xF7BE,0xF7BE,0xF7BE,0xF7BE,0xF7BE,0xF7BE,0xF7BE,0xF7BE,0xF7BE,0xF7BE,0xF7BE,0xF7BE,0xF7BE,0xF7BE,0xF7BE,0xF7BE,
  0xF7BE,0xF7BE,0xF7BE,0xF7BE,0xF7BE,0xF7BE,0xF7BE,0xF7BE,0xF7BE,0xF7BE,0xF7BE,0xF7BE,0xF7BE,0xF7BE,0xF7BE,0xF7BE,
  0xF7BE,0xF7BE,0xF7BE,0xF7BE,0xF7BE,0xF7BE,0xF7BE,0xF7BE,0xF7BE,0xF7BE,0xF7BE,0xF7BE,0xF7BE,0xF7BE,0xF7BE,0xF7BE,
  0xF7BE,0xF7BE,0xF7BE,0xF7BE,0xF7BE,0xF7BE,0xF7BE,0xF7BE,0xF7BE,0xF7BE,0xF7BE,0xF7BE,0xF7BE,0xF7BE,0xF7BE,0xF7BE,
  0xF7BE,0xF7BE,0xF7BE,0xF7BE,0xF7BE,0xF7BE,0xF7BE,0xF7BE,0xF7BE,0xF7BE,0xF7BE,0xF7BE,0xF7BE,0xF7BE,0xF7BE,0xF7BE,
  0xF7BE,0xF7BE,0xF7BE,0xF7BE,0xF7BE,0xF7BE,0xF7BE,0xF7BE,0xF7BE,0xF7BE,0xF7BE,0xF7BE,0xF7BE,0xF7BE,0xF7BE,0xF7BE,
  0xF7BE,0xF7BE,0xF7BE,0xF7BE,0xF7BE,0xF7BE,0xF7BE,0xF7BE,0xF7BE,0xF7BE,0xF7BE,0xF7BE,0xF7BE,0xF7BE,0xF7BE,0xF7BE,
  0xF7BE,0xF7BE,0xF7BE,0xF7BE,0xF7BE,0xF7BE,0xF7BE,0xF7BE,0xF7BE,0xF7BE,0xF7BE,0xF7BE,0xF7BE,0xF7BE,0xF7BE,0xF7BE,
  0xF7BE,0xF7BE,0xF7BE,0xF7BE,0xF7BE,0xF7BE,0xF7BE,0xF7BE,0xF7BE,0xF7BE,0xF7BE,0xF7BE,0xF7BE,0xF7BE,0xF7BE,0xF7BE,
  0xF7BE,0xF7BE,0xF7BE,0xF7BE,0xF7BE,0xF7BE,0xF7BE,0xF7BE,0xF7BE,0xF7BE,0xF7BE,0xF7BE,0xF7BE,0xF7BE,0xF7BE,0xF7BE,
  0xF7BE,0xF7BE,0xF7BE,0xF7BE,0xF7BE,0xF7BE,0xF7BE,0xF7BE,0xF7BE,0xF7BE,0xF7BE,0xF7BE,0xF7BE,0xF7BE,0xF7BE,0xF7BE,
  0xF7BE,0xF7BE,0xF7BE,0xF7BE,0xF7BE,0xF7BE,0xF7BE,0xF7BE,0xF7BE,0xF7BE,0xF7BE,0xF7BE,0xF7BE,0xF7BE,0xF7BE,0xF7BE,
  0xF7BE,0xF7BE,0xF7BE,0xF7BE,0xF7BE,0xF7BE,0xF7BE,0xF7BE,0xF7BE,0xF7BE,0xF7BE,0xF7BE,0xF7BE,0xF7BE,0xF7BE,0xF7BE,
  0xF7BE,0xF7BE,0xF7BE,0xF7BE,0xF7BE,0xF7BE,0xF7BE,0xF7BE,0xF7BE,0xF7BE,0xF7BE,0xF7BE,0xF7BE,0xF7BE,0xF7BE,0xF7BE,
  0xF7BE,0xF7BE,0xF7BE,0xF7BE,0xF7BE,0xF7BE,0xF7BE,0xF7BE,0xF7BE,0xF7BE,0xF7BE,0xF7BE,0xF7BE,0xF7BE,0xF7BE,0xF7BE,
  0xF7BE,0xF7BE,0xF7BE,0xF7BE,0xF7BE,0xF7BE,0xF7BE,0xF7BE,0xF7BE,0xF7BE,0xF7BE,0xF7BE,0xF7BE,0xF7BE,0xF7BE,0xF7BE,
  0xF7BE,0xF7BE,0xF7BE,0xF7BE,0xF7BE,0xF7BE,0xF7BE,0xF7BE,0xF7BE,0xF7BE,0xF7BE,0xF7BE,0xF7BE,0xF7BE,0xF7BE,0xF7BE,
  0xF7BE,0xF7BE,0xF7BE,0xF7BE,0xF7BE,0xF7BE,0xF7BE,0xF7BE,0xF7BE,0xF7BE,0xF7BE,0xF7BE,0xF7BE,0xF7BE,0xF7BE,0xF7BE,
  0xF7BE,0xF7BE,0xF7BE,0xF7BE,0xF7BE,0xF7BE,0xF7BE,0xF7BE,0xF7BE,0xF7BE,0xF7BE,0xF7BE,0xF7BE,0xF7BE,0xF7BE,0xF7BE,
  0xF7BE,0xF7BE,0xF7BE,0xF7BE,0xF7BE,0xF7BE,0xF7BE,0xF7BE,0xF7BE,0xF7BE,0xF7BE,0xF7BE,0xF7BE,0xF7BE,0xF7BE,0xF7BE,
  0xF7BE,0xF7BE,0xF7BE,0xF7BE,0xF7BE,0xF7BE,0xF7BE,0xF7BE,0xF7BE,0xF7BE,0xF7BE,0xF7BE,0xF7BE,0xF7BE,0xF7BE,0xF7BE,
  0xF7BE,0xF7BE,0xF7BE,0xF7BE,0xF7BE,0xF7BE,0xF7BE,0xF7BE,0xF7BE,0xF7BE,0xF7BE,0xF7BE,0xF7BE,0xF7BE,0xF7BE,0xF7BE,
  0xF7BD,0xF7BD,0xF7BD,0xF7BD,0xF7BD,0xF7BD,0xF7BD,0xF7BD,0xF7BD,0xF7BD,0xF7BD,0xF7BD,0xF7BD,0xF7BD,0xF7BD,0xF7BD,
  0xF7BD,0xF7BD,0xF7BD,0xF7BD,0xF7BD,0xF7BD,0xF7BD,0xF7BD,0xF7BD,0xF7BD,0xF7BD,0xF7BD,0xF7BD,0xF7BD,0xF7BD,0xF7BD,
  0xF7BD,0xF7BD,0xF7BD,0xF7BD,0xF7BD,0xF7BD,0xF7BD,0xF7BD,0xF7BD,0xF7BD,0xF7BD,0xF7BD,0xF7BD,0xF7BD,0xF7BD,0xF7BD,
  0xF7BD,0xF7BD,0xF7BD,0xF7BD,0xF7BD,0xF7BD,0xF7BD,0xF7BD,0xF7BD,0xF7BD,0xF7BD,0xF7BD,0xF7BD,0xF7BD,0xF7BD,0xF7BD,
  0xF7BD,0xF7BD,0xF7BD,0xF7BD,0xF7BD,0xF7BD,0xF7BD,0xF7BD,0xF7BD,0xF7BD,0xF7BD,0xF7BD,0xF7BD,0xF7BD,0xF7BD,0xF7BD,
  0xF7BD,0xF7BD,0xF7BD,0xF7BD,0xF7BD,0xF7BD,0xF7BD,0xF7BD,0xF7BD,0xF7BD,0xF7BD,0xF7BD,0xF7BD,0xF7BD,0xF7BD,0xF7BD,
  0xF7BD,0xF7BD,0xF7BD,0xF7BD,0xF7BD,0xF7BD,0xF7BD,0xF7BD,0xF7BD,0xF7BD,0xF7BD,0xF7BD,0xF7BD,0xF7BD,0xF7BD,0xF7BD,
  0xF7BD,0xF7BD,0xF7BD,0xF7BD,0xF7BD,0xF7BD,0xF7BD,0xF7BD,0xF7BD,0xF7BD,0xF7BD,0xF7BD,0xF7BD,0xF7BD,0xF7BD,0xF7BD,
  0xF7BD,0xF7BD,0xF7BD,0xF7BD,0xF7BD,0xF7BD,0xF7BD,0xF7BD,0xF7BD,0xF7BD,0xF7BD,0xF7BD,0xF7BD,0xF7BD,0xF7BD,0xF7BD,
  0xF7BD,0xF7BD,0xF7BD,0xF7BD,0xF7BD,0xF7BD,0xF7BD,0xF7BD,0xF7BD,0xF7BD,0xF7BD,0xF7BD,0xF7BD,0xF7BD,0xF7BD,0xF7BD,
  0xF7BD,0xF7BD,0xF7BD,0xF7BD,0xF7BD,0xF7BD,0xF7BD,0xF7BD,0xF7BD,0xF7BD,0xF7BD,0xF7BD,0xF7BD,0xF7BD,0xF7BD,0xF7BD,
  0xF7BD,0xF7BD,0xF7BD,0xF7BD,0xF7BD,0xF7BD,0xF7BD,0xF7BD,0xF7BD,0xF7BD,0xF7BD,0xF7BD,0xF7BD,0xF7BD,0xF7BD,0xF7BD,
  0xF7BD,0xF7BD,0xF7BD,0xF7BD,0xF7BD,0xF7BD,0xF7BD,0xF7BD,0xF7BD,0xF7BD,0xF7BD,0xF7BD,0xF7BD,0xF7BD,0xF7BD,0xF7BD,
  0xF7BD,0xF7BD,0xF7BD,0xF7BD,0xF7BD,0xF7BD,0xF7BD,0xF7BD,0xF7BD,0xF7BD,0xF7BD,0xF7BD,0xF7BD,0xF7BD,0xF7BD,0xF7BD,
  0xF7BD,0xF7BD,0xF7BD,0xF7BD,0xF7BD,0xF7BD,0xF7BD,0xF7BD,0xF7BD,0xF7BD,0xF7BD,0xF7BD,0xF7BD,0xF7BD,0xF7BD,0xF7BD,
  0xF7BD,0xF7BD,0xF7BD,0xF7BD,0xF7BD,0xF7BD,0xF7BD,0xF7BD,0xF7BD,0xF7BD,0xF7BD,0xF7BD,0xF7BD,0xF7BD,0xF7BD,0xF7BD,
  0xF7BD,0xF7BD,0xF7BD,0xF7BD,0xF7BD,0xF7BD,0xF7BD,0xF7BD,0xF7BD,0xF7BD,0xF7BD,0xF7BD,0xF7BD,0xF7BD,0xF7BD,0xF7BD,
  0xF7BD,0xF7BD,0xF7BD,0xF7BD,0xF7BD,0xF7BD,0xF7BD,0xF7BD,0xF7BD,0xF7BD,0xF7BD,0xF7BD,0xF7BD,0xF7BD,0xF7BD,0xF7BD,
  0xF7BD,0xF7BD,0xF7BD,0xF7BD,0xF7BD,0xF7BD,0xF7BD,0xF7BD,0xF7BD,0xF7BD,0xF7BD,0xF7BD,0xF7BD,0xF7BD,0xF7BD,0xF7BD,
  0xF7BD,0xF7BD,0xF7BD,0xF7BD,0xF7BD,0xF7BD,0xF7BD,0xF7BD,0xF7BD,0xF7BD,0xF7BD,0xF7BD,0xF7BD,0xF7BD,0xF7BD,0xF7BD,
  0xF7BD,0xF7BD,0xF7BD,0xF7BD,0xF7BD,0xF7BD,0xF7BD,0xF7BD,0xF7BD,0xF7BD,0xF7BD,0xF7BD,0xF7BD,0xF7BD,0xF7BD,0xF7BD,
  0xF7BD,0xF7BD,0xF7BD,0xF7BD,0xF7BD,0xF7BD,0xF7BD,0xF7BD,0xF7BD,0xF7BD,0xF7BD,0xF7BD,0xF7BD,0xF7BD,0xF7BD,0xF7BD,
  0xF7BD,0xF7BD,0xF7BD,0xF7BD,0xF7BD,0xF7BD,0xF7BD,0xF7BD,0xF7BD,0xF7BD,0xF7BD,0xF7BD,0xF7BD,0xF7BD,0xF7BD,0xF7BD,
  0xF7BD,0xF7BD,0xF7BD,0xF7BD,0xF7BD,0xF7BD,0xF7BD,0xF7BD,0xF7BD,0xF7BD,0xF7BD,0xF7BD,0xF7BD,0xF7BD,0xF7BD,0xF7BD,
  0xF7BD,0xF7BD,0xF7BD,0xF7BD,0xF7BD,0xF7BD,0xF7BD,0xF7BD,0xF7BD,0xF7BD,0xF7BD,0xF7BD,0xF7BD,0xF7BD,0xF7BD,0xF7BD,
  0xF7BD,0xF7BD,0xF7BD,0xF7BD,0xF7BD,0xF7BD,0xF7BD,0xF7BD,0xF7BD,0xF7BD,0xF7BD,0xF7BD,0xF7BD,0xF7BD,0xF7BD,0xF7BD,
  0xF7BD,0xF7BD,0xF7BD,0xF7BD,0xF7BD,0xF7BD,0xF7BD,0xF7BD,0xF7BD,0xF7BD,0xF7BD,0xF7BD,0xF7BD,0xF7BD,0xF7BD,0xF7BD,
  0xF7BD,0xF7BD,0xF7BD,0xF7BD,0xF7BD,0xF7BD,0xF7BD,0xF7BD,0xF7BD,0xF7BD,0xF7BD,0xF7BD,0xF7BD,0xF7BD,0xF7BD,0xF7BD,
  0xF7BD,0xF7BD,0xF7BD,0xF7BD,0xF7BD,0xF7BD,0xF7BD,0xF7BD,0xF7BD,0xF7BD,0xF7BD,0xF7BD,0xF7BD,0xF7BD,0xF7BD,0xF7BD,
  0xF7BD,0xF7BD,0xF7BD,0xF7BD,0xF7BD,0xF7BD,0xF7BD,0xF7BD,0xF7BD,0xF7BD,0xF7BD,0xF7BD,0xF7BD,0xF7BD,0xF7BD,0xF7BD,
  0xF7BD,0xF7BD,0xF7BD,0xF7BD,0xF7BD,0xF7BD,0xF7BD,0xF7BD,0xF7BD,0xF7BD,0xF7BD,0xF7BD,0xF7BD,0xF7BD,0xF7BD,0xF7BD,
  0xF7BD,0xF7BD,0xF7BD,0xF7BD,0xF7BD,0xF7BD,0xF7BD,0xF7BD,0xF7BD,0xF7BD,0xF7BD,0xF7BD,0xF7BD,0xF7BD,0xF7BD,0xF7BD,
  0xF7BD,0xF7BD,0xF7BD,0xF7BD,0xF7BD,0xF7BD,0xF7BD,0xF7BD,0xF7BD,0xF7BD,0xF7BD,0xF7BD,0xF7BD,0xF7BD,0xF7BD,0xF7BD,
  0xF7BD,0xF7BD,0xF7BD,0xF7BD,0xF7BD,0xF7BD,0xF7BD,0xF7BD,0xF7BD,0xF7BD,0xF7BD,0xF7BD,0xF7BD,0xF7BD,0xF7BD,0xF7BD,
  0xF7BD,0xF7BD,0xF7BD,0xF7BD,0xF7BD,0xF7BD,0xF7BD,0xF7BD,0xF7BD,0xF7BD,0xF7BD,0xF7BD,0xF7BD,0xF7BD,0xF7BD,0xF7BD,
  0xF7BD,0xF7BD,0xF7BD,0xF7BD,0xF7BD,0xF7BD,0xF7BD,0xF7BD,0xF7BD,0xF7BD,0xF7BD,0xF7BD,0xF7BD,0xF7BD,0xF7BD,0xF7BD,
  0xF7BD,0xF7BD,0xF7BD,0xF7BD,0xF7BD,0xF7BD,0xF7BD,0xF7BD,0xF7BD,0xF7BD,0xF7BD,0xF7BD,0xF7BD,0xF7BD,0xF7BD,0xF7BD,
  0xF7BD,0xF7BD,0xF7BD,0xF7BD,0xF7BD,0xF7BD,0xF7BD,0xF7BD,0xF7BD,0xF7BD,0xF7BD,0xF7BD,0xF7BD,0xF7BD,0xF7BD,0xF7BD,
  0xF7BD,0xF7BD,0xF7BD,0xF7BD,0xF7BD,0xF7BD,0xF7BD,0xF7BD,0xF7BD,0xF7BD,0xF7BD,0xF7BD,0xF7BD,0xF7BD,0xF7BD,0xF7BD,
  0xF7BD,0xF7BD,0xF7BD,0xF7BD,0xF7BD,0xF7BD,0xF7BD,0xF7BD,0xF7BD,0xF7BD,0xF7BD,0xF7BD,0xF7BD,0xF7BD,0xF7BD,0xF7BD,
  0xF7BD,0xF7BD,0xF7BD,0xF7BD,0xF7BD,0xF7BD,0xF7BD,0xF7BD,0xF7BD,0xF7BD,0xF7BD,0xF7BD,0xF7BD,0xF7BD,0xF7BD,0xF7BD,
  0xF7BD,0xF7BD,0xF7BD,0xF7BD,0xF7BD,0xF7BD,0xF7BD,0xF7BD,0xF7BD,0xF7BD,0xF7BD,0xF7BD,0xF7BD,0xF7BD,0xF7BD,0xF7BD,
  0xF7BD,0xF7BD,0xF7BD,0xF7BD,0xF7BD,0xF7BD,0xF7BD,0xF7BD,0xF7BD,0xF7BD,0xF7BD,0xF7BD,0xF7BD,0xF7BD,0xF7BD,0xF7BD,
  0xF7BD,0xF7BD,0xF7BD,0xF7BD,0xF7BD,0xF7BD,0xF7BD,0xF7BD,0xF7BD,0xF7BD,0xF7BD,0xF7BD,0xF7BD,0xF7BD,0xF7BD,0xF7BD,
  0xF7BD,0xF7BD,0xF7BD,0xF7BD,0xF7BD,0xF7BD,0xF7BD,0xF7BD,0xF7BD,0xF7BD,0xF7BD,0xF7BD,0xF7BD,0xF7BD,0xF7BD,0xF7BD,
  0xF7BD,0xF7BD,0xF7BD,0xF7BD,0xF7BD,0xF7BD,0xF7BD,0xF7BD,0xF7BD,0xF7BD,0xF7BD,0xF7BD,0xF7BD,0xF7BD,0xF7BD,0xF7BD,
  0xF7BD,0xF7BD,0xF7BD,0xF7BD,0xF7BD,0xF7BD,0xF7BD,0xF7BD,0xF7BD,0xF7BD,0xF7BD,0xF7BD,0xF7BD,0xF7BD,0xF7BD,0xF7BD,
  0xF7BD,0xF7BD,0xF7BD,0xF7BD,0xF7BD,0xF7BD,0xF7BD,0xF7BD,0xF7BD,0xF7BD,0xF7BD,0xF7BD,0xF7BD,0xF7BD,0xF7BD,0xF7BD,
  0xF7BD,0xF7BD,0xF7BD,0xF7BD,0xF7BD,0xF7BD,0xF7BD,0xF7BD,0xF7BD,0xF7BD,0xF7BD,0xF7BD,0xF7BD,0xF7BD,0xF7BD,0xF7BD,
  0xF7BD,0xF7BD,0xF7BD,0xF7BD,0xF7BD,0xF7BD,0xF7BD,0xF7BD,0xF7BD,0xF7BD,0xF7BD,0xF7BD,0xF7BD,0xF7BD,0xF7BD,0xF7BD,
  0xF7BD,0xF7BD,0xF7BD,0xF7BD,0xF7BD,0xF7BD,0xF7BD,0xF7BD,0xF7BD,0xF7BD,0xF7BD,0xF7BD,0xF7BD,0xF7BD,0xF7BD,0xF7BD,
  0xF7BD,0xF7BD,0xF7BD,0xF7BD,0xF7BD,0xF7BD,0xF7BD,0xF7BD,0xF7BD,0xF7BD,0xF7BD,0xF7BD,0xF7BD,0xF7BD,0xF7BD,0xF7BD,
  0xF7BD,0xF7BD,0xF7BD,0xF7BD,0xF7BD,0xF7BD,0xF7BD,0xF7BD,0xF7BD,0xF7BD,0xF7BD,0xF7BD,0xF7BD,0xF7BD,0xF7BD,0xF7BD,
  0xF7BD,0xF7BD,0xF7BD,0xF7BD,0xF7BD,0xF7BD,0xF7BD,0xF7BD,0xF7BD,0xF7BD,0xF7BD,0xF7BD,0xF7BD,0xF7BD,0xF7BD,0xF7BD,
  0xF7BD,0xF7BD,0xF7BD,0xF7BD,0xF7BD,0xF7BD,0xF7BD,0xF7BD,0xF7BD,0xF7BD,0xF7BD,0xF7BD,0xF7BD,0xF7BD,0xF7BD,0xF7BD,
  0xF7BD,0xF7BD,0xF7BD,0xF7BD,0xF7BD,0xF7BD,0xF7BD,0xF7BD,0xF7BD,0xF7BD,0xF7BD,0xF7BD,0xF7BD,0xF7BD,0xF7BD,0xF7BD,
  0xF7BD,0xF7BD,0xF7BD,0xF7BD,0xF7BD,0xF7BD,0xF7BD,0xF7BD,0xF7BD,0xF7BD,0xF7BD,0xF7BD,0xF7BD,0xF7BD,0xF7BD,0xF7BD,
  0xF7BD,0xF7BD,0xF7BD,0xF7BD,0xF7BD,0xF7BD,0xF7BD,0xF7BD,0xF7BD,0xF7BD,0xF7BD,0xF7BD,0xF7BD,0xF7BD,0xF7BD,0xF7BD,
  0xF7BD,0xF7BD,0xF7BD,0xF7BD,0xF7BD,0xF7BD,0xF7BD,0xF7BD,0xF7BD,0xF7BD,0xF7BD,0xF7BD,0xF7BD,0xF7BD,0xF7BD,0xF7BD,
  0xF7BD,0xF7BD,0xF7BD,0xF7BD,0xF7BD,0xF7BD,0xF7BD,0xF7BD,0xF7BD,0xF7BD,0xF7BD,0xF7BD,0xF7BD,0xF7BD,0xF7BD,0xF7BD,
  0xF7BD,0xF7BD,0xF7BD,0xF7BD,0xF7BD,0xF7BD,0xF7BD,0xF7BD,0xF7BD,0xF7BD,0xF7BD,0xF7BD,0xF7BD,0xF7BD,0xF7BD,0xF7BD,
  0xF7BD,0xF7BD,0xF7BD,0xF7BD,0xF7BD,0xF7BD,0xF7BD,0xF7BD,0xF7BD,0xF7BD,0xF7BD,0xF7BD,0xF7BD,0xF7BD,0xF7BD,0xF7BD,
  0xF7BD,0xF7BD,0xF7BD,0xF7BD,0xF7BD,0xF7BD,0xF7BD,0xF7BD,0xF7BD,0xF7BD,0xF7BD,0xF7BD,0xF7BD,0xF7BD,0xF7BD,0xF7BD,
  0xF7BD,0xF7BD,0xF7BD,0xF7BD,0xF7BD,0xF7BD,0xF7BD,0xF7BD,0xF7BD,0xF7BD,0xF7BD,0xF7BD,0xF7BD,0xF7BD,0xF7BD,0xF7BD,
  0xF7BD,0xF7BD,0xF7BD,0xF7BD,0xF7BD,0xF7BD,0xF7BD,0xF7BD,0xF7BD,0xF7BD,0xF7BD,0xF7BD,0xF7BD,0xF7BD,0xF7BD,0xF7BD,
  0xF7BD,0xF7BD,0xF7BD,0xF7BD,0xF7BD,0xF7BD,0xF7BD,0xF7BD,0xF7BD,0xF7BD,0xF7BD,0xF7BD,0xF7BD,0xF7BD,0xF7BD,0xF7BD,
  0xF7BD,0xF7BD,0xF7BD,0xF7BD,0xF7BD,0xF7BD,0xF7BD,0xF7BD,0xF7BD,0xF7BD,0xF7BD,0xF7BD,0xF7BD,0xF7BD,0xF7BD,0xF7BD,
  0xF7BD,0xF7BD,0xF7BD,0xF7BD,0xF7BD,0xF7BD,0xF7BD,0xF7BD,0xF7BD,0xF7BD,0xF7BD,0xF7BD,0xF7BD,0xF7BD,0xF7BD,0xF7BD,
  0xF7BD,0xF7BD,0xF7BD,0xF7BD,0xF7BD,0xF7BD,0xF7BD,0xF7BD,0xF7BD,0xF7BD,0xF7BD,0xF7BD,0xF7BD,0xF7BD,0xF7BD,0xF7BD,
  0xF7BD,0xF7BD,0xF7BD,0xF7BD,0xF7BD,0xF7BD,0xF7BD,0xF7BD,0xF7BD,0xF7BD,0xF7BD,0xF7BD,0xF7BD,0xF7BD,0xF7BD,0xF7BD,
  0xF7BD,0xF7BD,0xF7BD,0xF7BD,0xF7BD,0xF7BD,0xF7BD,0xF7BD,0xF7BD,0xF7BD,0xF7BD,0xF7BD,0xF7BD,0xF7BD,0xF7BD,0xF7BD,
  0xF7BD,0xF7BD,0xF7BD,0xF7BD,0xF7BD,0xF7BD,0xF7BD,0xF7BD,0xF7BD,0xF7BD,0xF7BD,0xF7BD,0xF7BD,0xF7BD,0xF7BD,0xF7BD,
  0xF7BD,0xF7BD,0xF7BD,0xF7BD,0xF7BD,0xF7BD,0xF7BD,0xF7BD,0xF7BD,0xF7BD,0xF7BD,0xF7BD,0xF7BD,0xF7BD,0xF7BD,0xF7BD,
  0xF7BD,0xF7BD,0xF7BD,0xF7BD,0xF7BD,0xF7BD,0xF7BD,0xF7BD,0xF7BD,0xF7BD,0xF7BD,0xF7BD,0xF7BD,0xF7BD,0xF7BD,0xF7BD,
  0xF7BD,0xF7BD,0xF7BD,0xF7BD,0xF7BD,0xF7BD,0xF7BD,0xF7BD,0xF7BD,0xF7BD,0xF7BD,0xF7BD,0xF7BD,0xF7BD,0xF7BD,0xF7BD,
  0xF7BD,0xF7BD,0xF7BD,0xF7BD,0xF7BD,0xF7BD,0xF7BD,0xF7BD,0xF7BD,0xF7BD,0xF7BD,0xF7BD,0xF7BD,0xF7BD,0xF7BD,0xF7BD,
  0xF7BD,0xF7BD,0xF7BD,0xF7BD,0xF7BD,0xF7BD,0xF7BD,0xF7BD,0xF7BD,0xF7BD,0xF7BD,0xF7BD,0xF7BD,0xF7BD,0xF7BD,0xF7BD,
  0xF7BD,0xF7BD,0xF7BD,0xF7BD,0xF7BD,0xF7BD,0xF7BD,0xF7BD,0xF7BD,0xF7BD,0xF7BD,0xF7BD,0xF7BD,0xF7BD,0xF7BD,0xF7BD,
  0xF7BD,0xF7BD,0xF7BD,0xF7BD,0xF7BD,0xF7BD,0xF7BD,0xF7BD,0xF7BD,0xF7BD,0xF7BD,0xF7BD,0xF7BD,0xF7BD,0xF7BD,0xF7BD,
  0xF7BD,0xF7BD,0xF7BD,0xF7BD,0xF7BD,0xF7BD,0xF7BD,0xF7BD,0xF7BD,0xF7BD,0xF7BD,0xF7BD,0xF7BD,0xF7BD,0xF7BD,0xF7BD,
  0xF7BD,0xF7BD,0xF7BD,0xF7BD,0xF7BD,0xF7BD,0xF7BD,0xF7BD,0xF7BD,0xF7BD,0xF7BD,0xF7BD,0xF7BD,0xF7BD,0xF7BD,0xF7BD,
  0xF7BD,0xF7BD,0xF7BD,0xF7BD,0xF7BD,0xF7BD,0xF7BD,0xF7BD,0xF7BD,0xF7BD,0xF7BD,0xF7BD,0xF7BD,0xF7BD,0xF7BD,0xF7BD,
  0xF7BD,0xF7BD,0xF7BD,0xF7BD,0xF7BD,0xF7BD,0xF7BD,0xF7BD,0xF7BD,0xF7BD,0xF7BD,0xF7BD,0xF7BD,0xF7BD,0xF7BD,0xF7BD,
  0xF7BD,0xF7BD,0xF7BD,0xF7BD,0xF7BD,0xF7BD,0xF7BD,0xF7BD,0xF7BD,0xF7BD,0xF7BD,0xF7BD,0xF7BD,0xF7BD,0xF7BD,0xF7BD,
  0xF7BD,0xF7BD,0xF7BD,0xF7BD,0xF7BD,0xF7BD,0xF7BD,0xF7BD,0xF7BD,0xF7BD,0xF7BD,0xF7BD,0xF7BD,0xF7BD,0xF7BD,0xF7BD,
  0xF7BD,0xF7BD,0xF7BD,0xF7BD,0xF7BD,0xF7BD,0xF7BD,0xF7BD,0xF7BD,0xF7BD,0xF7BD,0xF7BD,0xF7BD,0xF7BD,0xF7BD,0xF7BD,
  0xF7BD,0xF7BD,0xF7BD,0xF7BD,0xF7BD,0xF7BD,0xF7BD,0xF7BD,0xF7BD,0xF7BD,0xF7BD,0xF7BD,0xF7BD,0xF7BD,0xF7BD,0xF7BD,
  0xF7BD,0xF7BD,0xF7BD,0xF7BD,0xF7BD,0xF7BD,0xF7BD,0xF7BD,0xF7BD,0xF7BD,0xF7BD,0xF7BD,0xF7BD,0xF7BD,0xF7BD,0xF7BD,
  0xF7BD,0xF7BD,0xF7BD,0xF7BD,0xF7BD,0xF7BD,0xF7BD,0xF7BD,0xF7BD,0xF7BD,0xF7BD,0xF7BD,0xF7BD,0xF7BD,0xF7BD,0xF7BD,
  0xF7BD,0xF7BD,0xF7BD,0xF7BD,0xF7BD,0xF7BD,0xF7BD,0xF7BD,0xF7BD,0xF7BD,0xF7BD,0xF7BD,0xF7BD,0xF7BD,0xF7BD,0xF7BD,
  0xF7BD,0xF7BD,0xF7BD,0xF7BD,0xF7BD,0xF7BD,0xF7BD,0xF7BD,0xF7BD,0xF7BD,0xF7BD,0xF7BD,0xF7BD,0xF7BD,0xF7BD,0xF7BD,
  0xF7BD,0xF7BD,0xF7BD,0xF7BD,0xF7BD,0xF7BD,0xF7BD,0xF7BD,0xF7BD,0xF7BD,0xF7BD,0xF7BD,0xF7BD,0xF7BD,0xF7BD,0xF7BD,
  0xF7BD,0xF7BD,0xF7BD,0xF7BD,0xF7BD,0xF7BD,0xF7BD,0xF7BD,0xF7BD,0xF7BD,0xF7BD,0xF7BD,0xF7BD,0xF7BD,0xF7BD,0xF7BD,
  0xF7BD,0xF7BD,0xF7BD,0xF7BD,0xF7BD,0xF7BD,0xF7BD,0xF7BD,0xF7BD,0xF7BD,0xF7BD,0xF7BD,0xF7BD,0xF7BD,0xF7BD,0xF7BD,
  0xF7BD,0xF7BD,0xF7BD,0xF7BD,0xF7BD,0xF7BD,0xF7BD,0xF7BD,0xF7BD,0xF7BD,0xF7BD,0xF7BD,0xF7BD,0xF7BD,0xF7BD,0xF7BD,
  0xF7BD,0xF7BD,0xF7BD,0xF7BD,0xF7BD,0xF7BD,0xF7BD,0xF7BD,0xF7BD,0xF7BD,0xF7BD,0xF7BD,0xF7BD,0xF7BD,0xF7BD,0xF7BD,
  0xF7BD,0xF7BD,0xF7BD,0xF7BD,0xF7BD,0xF7BD,0xF7BD,0xF7BD,0xF7BD,0xF7BD,0xF7BD,0xF7BD,0xF7BD,0xF7BD,0xF7BD,0xF7BD,
  0xF7BD,0xF7BD,0xF7BD,0xF7BD,0xF7BD,0xF7BD,0xF7BD,0xF7BD,0xF7BD,0xF7BD,0xF7BD,0xF7BD,0xF7BD,0xF7BD,0xF7BD,0xF7BD,
  0xF7BD,0xF7BD,0xF7BD,0xF7BD,0xF7BD,0xF7BD,0xF7BD,0xF7BD,0xF7BD,0xF7BD,0xF7BD,0xF7BD,0xF7BD,0xF7BD,0xF7BD,0xF7BD,
  0xF7BD,0xF7BD,0xF7BD,0xF7BD,0xF7BD,0xF7BD,0xF7BD,0xF7BD,0xF7BD,0xF7BD,0xF7BD,0xF7BD,0xF7BD,0xF7BD,0xF7BD,0xF7BD,
  0xF7BD,0xF7BD,0xF7BD,0xF7BD,0xF7BD,0xF7BD,0xF7BD,0xF7BD,0xF7BD,0xF7BD,0xF7BD,0xF7BD,0xF7BD,0xF7BD,0xF7BD,0xF7BD,
  0xF7BD,0xF7BD,0xF7BD,0xF7BD,0xF7BD,0xF7BD,0xF7BD,0xF7BD,0xF7BD,0xF7BD,0xF7BD,0xF7BD,0xF7BD,0xF7BD,0xF7BD,0xF7BD,
  0xF7BD,0xF7BD,0xF7BD,0xF7BD,0xF7BD,0xF7BD,0xF7BD,0xF7BD,0xF7BD,0xF7BD,0xF7BD,0xF7BD,0xF7BD,0xF7BD,0xF7BD,0xF7BD,
  0xF7BD,0xF7BD,0xF7BD,0xF7BD,0xF7BD,0xF7BD,0xF7BD,0xF7BD,0xF7BD,0xF7BD,0xF7BD,0xF7BD,0xF7BD,0xF7BD,0xF7BD,0xF7BD,
  0xF7BD,0xF7BD,0xF7BD,0xF7BD,0xF7BD,0xF7BD,0xF7BD,0xF7BD,0xF7BD,0xF7BD,0xF7BD,0xF7BD,0xF7BD,0xF7BD,0xF7BD,0xF7BD,
  0xF7BD,0xF7BD,0xF7BD,0xF7BD,0xF7BD,0xF7BD,0xF7BD,0xF7BD,0xF7BD,0xF7BD,0xF7BD,0xF7BD,0xF7BD,0xF7BD,0xF7BD,0xF7BD,
  0xF7BD,0xF7BD,0xF7BD,0xF7BD,0xF7BD,0xF7BD,0xF7BD,0xF7BD,0xF7BD,0xF7BD,0xF7BD,0xF7BD,0xF7BD,0xF7BD,0xF7BD,0xF7BD,
  0xF7BD,0xF7BD,0xF7BD,0xF7BD,0xF7BD,0xF7BD,0xF7BD,0xF7BD,0xF7BD,0xF7BD,0xF7BD,0xF7BD,0xF7BD,0xF7BD,0xF7BD,0xF7BD,
  0xF7BD,0xF7BD,0xF7BD,0xF7BD,0xF7BD,0xF7BD,0xF7BD,0xF7BD,0xF7BD,0xF7BD,0xF7BD,0xF7BD,0xF7BD,0xF7BD,0xF7BD,0xF7BD,
  0xF7BD,0xF7BD,0xF7BD,0xF7BD,0xF7BD,0xF7BD,0xF7BD,0xF7BD,0xF7BD,0xF7BD,0xF7BD,0xF7BD,0xF7BD,0xF7BD,0xF7BD,0xF7BD,
  0xF7BD,0xF7BD,0xF7BD,0xF7BD,0xF7BD,0xF7BD,0xF7BD,0xF7BD,0xF7BD,0xF7BD,0xF7BD,0xF7BD,0xF7BD,0xF7BD,0xF7BD,0xF7BD,
  0xF7BD,0xF7BD,0xF7BD,0xF7BD,0xF7BD,0xF7BD,0xF7BD,0xF7BD,0xF7BD,0xF7BD,0xF7BD,0xF7BD,0xF7BD,0xF7BD,0xF7BD,0xF7BD,
  0xF7BD,0xF7BD,0xF7BD,0xF7BD,0xF7BD,0xF7BD,0xF7BD,0xF7BD,0xF7BD,0xF7BD,0xF7BD,0xF7BD,0xF7BD,0xF7BD,0xF7BD,0xF7BD,
  0xF7BD,0xF7BD,0xF7BD,0xF7BD,0xF7BD,0xF7BD,0xF7BD,0xF7BD,0xF7BD,0xF7BD,0xF7BD,0xF7BD,0xF7BD,0xF7BD,0xF7BD,0xF7BD,
  0xF7BD,0xF7BD,0xF7BD,0xF7BD,0xF7BD,0xF7BD,0xF7BD,0xF7BD,0xF7BD,0xF7BD,0xF7BD,0xF7BD,0xF7BD,0xF7BD,0xF7BD,0xF7BD,
  0xF7BD,0xF7BD,0xF7BD,0xF7BD,0xF7BD,0xF7BD,0xF7BD,0xF7BD,0xF7BD,0xF7BD,0xF7BD,0xF7BD,0xF7BD,0xF7BD,0xF7BD,0xF7BD,
  0xF7BD,0xF7BD,0xF7BD,0xF7BD,0xF7BD,0xF7BD,0xF7BD,0xF7BD,0xF7BD,0xF7BD,0xF7BD,0xF7BD,0xF7BD,0xF7BD,0xF7BD,0xF7BD,
  0xF7BD,0xF7BD,0xF7BD,0xF7BD,0xF7BD,0xF7BD,0xF7BD,0xF7BD,0xF7BD,0xF7BD,0xF7BD,0xF7BD,0xF7BD,0xF7BD,0xF7BD,0xF7BD,
  0xF7BD,0xF7BD,0xF7BD,0xF7BD,0xF7BD,0xF7BD,0xF7BD,0xF7BD,0xF7BD,0xF7BD,0xF7BD,0xF7BD,0xF7BD,0xF7BD,0xF7BD,0xF7BD,
  0xF7BD,0xF7BD,0xF7BD,0xF7BD,0xF7BD,0xF7BD,0xF7BD,0xF7BD,0xF7BD,0xF7BD,0xF7BD,0xF7BD,0xF7BD,0xF7BD,0xF7BD,0xF7BD,
  0xF7BD,0xF7BD,0xF7BD,0xF7BD,0xF7BD,0xF7BD,0xF7BD,0xF7BD,0xF7BD,0xF7BD,0xF7BD,0xF7BD,0xF7BD,0xF7BD,0xF7BD,0xF7BD,
  0xF7BD,0xF7BD,0xF7BD,0xF7BD,0xF7BD,0xF7BD,0xF7BD,0xF7BD,0xF7BD,0xF7BD,0xF7BD,0xF7BD,0xF7BD,0xF7BD,0xF7BD,0xF7BD,
  0xF7BD,0xF7BD,0xF7BD,0xF7BD,0xF7BD,0xF7BD,0xF7BD,0xF7BD,0xF7BD,0xF7BD,0xF7BD,0xF7BD,0xF7BD,0xF7BD,0xF7BD,0xF7BD,
  0xF7BD,0xF7BD,0xF7BD,0xF7BD,0xF7BD,0xF7BD,0xF7BD,0xF7BD,0xF7BD,0xF7BD,0xF7BD,0xF7BD,0xF7BD,0xF7BD,0xF7BD,0xF7BD,
  0xF7BD,0xF7BD,0xF7BD,0xF7BD,0xF7BD,0xF7BD,0xF7BD,0xF7BD,0xF7BD,0xF7BD,0xF7BD,0xF7BD,0xF7BD,0xF7BD,0xF7BD,0xF7BD,
  0xF7BD,0xF7BD,0xF7BD,0xF7BD,0xF7BD,0xF7BD,0xF7BD,0xF7BD,0xF7BD,0xF7BD,0xF7BD,0xF7BD,0xF7BD,0xF7BD,0xF7BD,0xF7BD,
  0xF7BD,0xF7BD,0xF7BD,0xF7BD,0xF7BD,0xF7BD,0xF7BD,0xF7BD,0xF7BD,0xF7BD,0xF7BD,0xF7BD,0xF7BD,0xF7BD,0xF7BD,0xF7BD,
  0xF7BD,0xF7BD,0xF7BD,0xF7BD,0xF7BD,0xF7BD,0xF7BD,0xF7BD,0xF7BD,0xF7BD,0xF7BD,0xF7BD,0xF7BD,0xF7BD,0xF7BD,0xF7BD,
  0xF7BD,0xF7BD,0xF7BD,0xF7BD,0xF7BD,0xF7BD,0xF7BD,0xF7BD,0xF7BD,0xF7BD,0xF7BD,0xF7BD,0xF7BD,0xF7BD,0xF7BD,0xF7BD,
  0xF7BD,0xF7BD,0xF7BD,0xF7BD,0xF7BD,0xF7BD,0xF7BD,0xF7BD,0xF7BD,0xF7BD,0xF7BD,0xF7BD,0xF7BD,0xF7BD,0xF7BD,0xF7BD,
  0xF7BC,0xF7BC,0xF7BC,0xF7BC,0xF7BC,0xF7BC,0xF7BC,0xF7BC,0xF7BC,0xF7BC,0xF7BC,0xF7BC,0xF7BC,0xF7BC,0xF7BC,0xF7BC,
  0xF7BC,0xF7BC,0xF7BC,0xF7BC,0xF7BC,0xF7BC,0xF7BC,0xF7BC,0xF7BC,0xF7BC,0xF7BC,0xF7BC,0xF7BC,0xF7BC,0xF7BC,0xF7BC,
  0xF7BC,0xF7BC,0xF7BC,0xF7BC,0xF7BC,0xF7BC,0xF7BC,0xF7BC,0xF7BC,0xF7BC,0xF7BC,0xF7BC,0xF7BC,0xF7BC,0xF7BC,0xF7BC,
  0xF7BC,0xF7BC,0xF7BC,0xF7BC,0xF7BC,0xF7BC,0xF7BC,0xF7BC,0xF7BC,0xF7BC,0xF7BC,0xF7BC,0xF7BC,0xF7BC,0xF7BC,0xF7BC,
  0xF7BC,0xF7BC,0xF7BC,0xF7BC,0xF7BC,0xF7BC,0xF7BC,0xF7BC,0xF7BC,0xF7BC,0xF7BC,0xF7BC,0xF7BC,0xF7BC,0xF7BC,0xF7BC,
  0xF7BC,0xF7BC,0xF7BC,0xF7BC,0xF7BC,0xF7BC,0xF7BC,0xF7BC,0xF7BC,0xF7BC,0xF7BC,0xF7BC,0xF7BC,0xF7BC,0xF7BC,0xF7BC,
  0xF7BC,0xF7BC,0xF7BC,0xF7BC,0xF7BC,0xF7BC,0xF7BC,0xF7BC,0xF7BC,0xF7BC,0xF7BC,0xF7BC,0xF7BC,0xF7BC,0xF7BC,0xF7BC,
  0xF7BC,0xF7BC,0xF7BC,0xF7BC,0xF7BC,0xF7BC,0xF7BC,0xF7BC,0xF7BC,0xF7BC,0xF7BC,0xF7BC,0xF7BC,0xF7BC,0xF7BC,0xF7BC,
  0xF7BC,0xF7BC,0xF7BC,0xF7BC,0xF7BC,0xF7BC,0xF7BC,0xF7BC,0xF7BC,0xF7BC,0xF7BC,0xF7BC,0xF7BC,0xF7BC,0xF7BC,0xF7BC,
  0xF7BC,0xF7BC,0xF7BC,0xF7BC,0xF7BC,0xF7BC,0xF7BC,0xF7BC,0xF7BC,0xF7BC,0xF7BC,0xF7BC,0xF7BC,0xF7BC,0xF7BC,0xF7BC,
  0xF7BC,0xF7BC,0xF7BC,0xF7BC,0xF7BC,0xF7BC,0xF7BC,0xF7BC,0xF7BC,0xF7BC,0xF7BC,0xF7BC,0xF7BC,0xF7BC,0xF7BC,0xF7BC,
  0xF7BC,0xF7BC,0xF7BC,0xF7BC,0xF7BC,0xF7BC,0xF7BC,0xF7BC,0xF7BC,0xF7BC,0xF7BC,0xF7BC,0xF7BC,0xF7BC,0xF7BC,0xF7BC,
  0xF7BC,0xF7BC,0xF7BC,0xF7BC,0xF7BC,0xF7BC,0xF7BC,0xF7BC,0xF7BC,0xF7BC,0xF7BC,0xF7BC,0xF7BC,0xF7BC,0xF7BC,0xF7BC,
  0xF7BC,0xF7BC,0xF7BC,0xF7BC,0xF7BC,0xF7BC,0xF7BC,0xF7BC,0xF7BC,0xF7BC,0xF7BC,0xF7BC,0xF7BC,0xF7BC,0xF7BC,0xF7BC,
  0xF7BC,0xF7BC,0xF7BC,0xF7BC,0xF7BC,0xF7BC,0xF7BC,0xF7BC,0xF7BC,0xF7BC,0xF7BC,0xF7BC,0xF7BC,0xF7BC,0xF7BC,0xF7BC,
  0xF7BC,0xF7BC,0xF7BC,0xF7BC,0xF7BC,0xF7BC,0xF7BC,0xF7BC,0xF7BC,0xF7BC,0xF7BC,0xF7BC,0xF7BC,0xF7BC,0xF7BC,0xF7BC,
  0xF7BC,0xF7BC,0xF7BC,0xF7BC,0xF7BC,0xF7BC,0xF7BC,0xF7BC,0xF7BC,0xF7BC,0xF7BC,0xF7BC,0xF7BC,0xF7BC,0xF7BC,0xF7BC,
  0xF7BC,0xF7BC,0xF7BC,0xF7BC,0xF7BC,0xF7BC,0xF7BC,0xF7BC,0xF7BC,0xF7BC,0xF7BC,0xF7BC,0xF7BC,0xF7BC,0xF7BC,0xF7BC,
  0xF7BC,0xF7BC,0xF7BC,0xF7BC,0xF7BC,0xF7BC,0xF7BC,0xF7BC,0xF7BC,0xF7BC,0xF7BC,0xF7BC,0xF7BC,0xF7BC,0xF7BC,0xF7BC,
  0xF7BC,0xF7BC,0xF7BC,0xF7BC,0xF7BC,0xF7BC,0xF7BC,0xF7BC,0xF7BC,0xF7BC,0xF7BC,0xF7BC,0xF7BC,0xF7BC,0xF7BC,0xF7BC,
  0xF7BC,0xF7BC,0xF7BC,0xF7BC,0xF7BC,0xF7BC,0xF7BC,0xF7BC,0xF7BC,0xF7BC,0xF7BC,0xF7BC,0xF7BC,0xF7BC,0xF7BC,0xF7BC,
  0xF7BC,0xF7BC,0xF7BC,0xF7BC,0xF7BC,0xF7BC,0xF7BC,0xF7BC,0xF7BC,0xF7BC,0xF7BC,0xF7BC,0xF7BC,0xF7BC,0xF7BC,0xF7BC,
  0xF7BC,0xF7BC,0xF7BC,0xF7BC,0xF7BC,0xF7BC,0xF7BC,0xF7BC,0xF7BC,0xF7BC,0xF7BC,0xF7BC,0xF7BC,0xF7BC,0xF7BC,0xF7BC,
  0xF7BC,0xF7BC,0xF7BC,0xF7BC,0xF7BC,0xF7BC,0xF7BC,0xF7BC,0xF7BC,0xF7BC,0xF7BC,0xF7BC,0xF7BC,0xF7BC,0xF7BC,0xF7BC,
  0xF7BC,0xF7BC,0xF7BC,0xF7BC,0xF7BC,0xF7BC,0xF7BC,0xF7BC,0xF7BC,0xF7BC,0xF7BC,0xF7BC,0xF7BC,0xF7BC,0xF7BC,0xF7BC,
  0xF7BC,0xF7BC,0xF7BC,0xF7BC,0xF7BC,0xF7BC,0xF7BC,0xF7BC,0xF7BC,0xF7BC,0xF7BC,0xF7BC,0xF7BC,0xF7BC,0xF7BC,0xF7BC,
  0xF7BC,0xF7BC,0xF7BC,0xF7BC,0xF7BC,0xF7BC,0xF7BC,0xF7BC,0xF7BC,0xF7BC,0xF7BC,0xF7BC,0xF7BC,0xF7BC,0xF7BC,0xF7BC,
  0xF7BC,0xF7BC,0xF7BC,0xF7BC,0xF7BC,0xF7BC,0xF7BC,0xF7BC,0xF7BC,0xF7BC,0xF7BC,0xF7BC,0xF7BC,0xF7BC,0xF7BC,0xF7BC,
  0xF7BC,0xF7BC,0xF7BC,0xF7BC,0xF7BC,0xF7BC,0xF7BC,0xF7BC,0xF7BC,0xF7BC,0xF7BC,0xF7BC,0xF7BC,0xF7BC,0xF7BC,0xF7BC,
  0xF7BC,0xF7BC,0xF7BC,0xF7BC,0xF7BC,0xF7BC,0xF7BC,0xF7BC,0xF7BC,0xF7BC,0xF7BC,0xF7BC,0xF7BC,0xF7BC,0xF7BC,0xF7BC,
  0xF7BC,0xF7BC,0xF7BC,0xF7BC,0xF7BC,0xF7BC,0xF7BC,0xF7BC,0xF7BC,0xF7BC,0xF7BC,0xF7BC,0xF7BC,0xF7BC,0xF7BC,0xF7BC,
  0xF7BC,0xF7BC,0xF7BC,0xF7BC,0xF7BC,0xF7BC,0xF7BC,0xF7BC,0xF7BC,0xF7BC,0xF7BC,0xF7BC,0xF7BC,0xF7BC,0xF7BC,0xF7BC,
  0xF7BC,0xF7BC,0xF7BC,0xF7BC,0xF7BC,0xF7BC,0xF7BC,0xF7BC,0xF7BC,0xF7BC,0xF7BC,0xF7BC,0xF7BC,0xF7BC,0xF7BC,0xF7BC,
  0xF7BC,0xF7BC,0xF7BC,0xF7BC,0xF7BC,0xF7BC,0xF7BC,0xF7BC,0xF7BC,0xF7BC,0xF7BC,0xF7BC,0xF7BC,0xF7BC,0xF7BC,0xF7BC,
  0xF7BC,0xF7BC,0xF7BC,0xF7BC,0xF7BC,0xF7BC,0xF7BC,0xF7BC,0xF7BC,0xF7BC,0xF7BC,0xF7BC,0xF7BC,0xF7BC,0xF7BC,0xF7BC,
  0xF7BC,0xF7BC,0xF7BC,0xF7BC,0xF7BC,0xF7BC,0xF7BC,0xF7BC,0xF7BC,0xF7BC,0xF7BC,0xF7BC,0xF7BC,0xF7BC,0xF7BC,0xF7BC,
  0xF7BC,0xF7BC,0xF7BC,0xF7BC,0xF7BC,0xF7BC,0xF7BC,0xF7BC,0xF7BC,0xF7BC,0xF7BC,0xF7BC,0xF7BC,0xF7BC,0xF7BC,0xF7BC,
  0xF7BC,0xF7BC,0xF7BC,0xF7BC,0xF7BC,0xF7BC,0xF7BC,0xF7BC,0xF7BC,0xF7BC,0xF7BC,0xF7BC,0xF7BC,0xF7BC,0xF7BC,0xF7BC,
  0xF7BC,0xF7BC,0xF7BC,0xF7BC,0xF7BC,0xF7BC,0xF7BC,0xF7BC,0xF7BC,0xF7BC,0xF7BC,0xF7BC,0xF7BC,0xF7BC,0xF7BC,0xF7BC,
  0xF7BC,0xF7BC,0xF7BC,0xF7BC,0xF7BC,0xF7BC,0xF7BC,0xF7BC,0xF7BC,0xF7BC,0xF7BC,0xF7BC,0xF7BC,0xF7BC,0xF7BC,0xF7BC,
  0xF7BC,0xF7BC,0xF7BC,0xF7BC,0xF7BC,0xF7BC,0xF7BC,0xF7BC,0xF7BC,0xF7BC,0xF7BC,0xF7BC,0xF7BC,0xF7BC,0xF7BC,0xF7BC,
  0xF7BC,0xF7BC,0xF7BC,0xF7BC,0xF7BC,0xF7BC,0xF7BC,0xF7BC,0xF7BC,0xF7BC,0xF7BC,0xF7BC,0xF7BC,0xF7BC,0xF7BC,0xF7BC,
  0xF7BC,0xF7BC,0xF7BC,0xF7BC,0xF7BC,0xF7BC,0xF7BC,0xF7BC,0xF7BC,0xF7BC,0xF7BC,0xF7BC,0xF7BC,0xF7BC,0xF7BC,0xF7BC,
  0xF7BC,0xF7BC,0xF7BC,0xF7BC,0xF7BC,0xF7BC,0xF7BC,0xF7BC,0xF7BC,0xF7BC,0xF7BC,0xF7BC,0xF7BC,0xF7BC,0xF7BC,0xF7BC,
  0xF7BC,0xF7BC,0xF7BC,0xF7BC,0xF7BC,0xF7BC,0xF7BC,0xF7BC,0xF7BC,0xF7BC,0xF7BC,0xF7BC,0xF7BC,0xF7BC,0xF7BC,0xF7BC,
  0xF7BC,0xF7BC,0xF7BC,0xF7BC,0xF7BC,0xF7BC,0xF7BC,0xF7BC,0xF7BC,0xF7BC,0xF7BC,0xF7BC,0xF7BC,0xF7BC,0xF7BC,0xF7BC,
  0xF7BC,0xF7BC,0xF7BC,0xF7BC,0xF7BC,0xF7BC,0xF7BC,0xF7BC,0xF7BC,0xF7BC,0xF7BC,0xF7BC,0xF7BC,0xF7BC,0xF7BC,0xF7BC,
  0xF7BC,0xF7BC,0xF7BC,0xF7BC,0xF7BC,0xF7BC,0xF7BC,0xF7BC,0xF7BC,0xF7BC,0xF7BC,0xF7BC,0xF7BC,0xF7BC,0xF7BC,0xF7BC,
  0xF7BC,0xF7BC,0xF7BC,0xF7BC,0xF7BC,0xF7BC,0xF7BC,0xF7BC,0xF7BC,0xF7BC,0xF7BC,0xF7BC,0xF7BC,0xF7BC,0xF7BC,0xF7BC,
  0xF7BC,0xF7BC,0xF7BC,0xF7BC,0xF7BC,0xF7BC,0xF7BC,0xF7BC,0xF7BC,0xF7BC,0xF7BC,0xF7BC,0xF7BC,0xF7BC,0xF7BC,0xF7BC,
  0xF7BC,0xF7BC,0xF7BC,0xF7BC,0xF7BC,0xF7BC,0xF7BC,0xF7BC,0xF7BC,0xF7BC,0xF7BC,0xF7BC,0xF7BC,0xF7BC,0xF7BC,0xF7BC,
  0xF7BC,0xF7BC,0xF7BC,0xF7BC,0xF7BC,0xF7BC,0xF7BC,0xF7BC,0xF7BC,0xF7BC,0xF7BC,0xF7BC,0xF7BC,0xF7BC,0xF7BC,0xF7BC,
  0xF7BC,0xF7BC,0xF7BC,0xF7BC,0xF7BC,0xF7BC,0xF7BC,0xF7BC,0xF7BC,0xF7BC,0xF7BC,0xF7BC,0xF7BC,0xF7BC,0xF7BC,0xF7BC,
  0xF7BC,0xF7BC,0xF7BC,0xF7BC,0xF7BC,0xF7BC,0xF7BC,0xF7BC,0xF7BC,0xF7BC,0xF7BC,0xF7BC,0xF7BC,0xF7BC,0xF7BC,0xF7BC,
  0xF7BC,0xF7BC,0xF7BC,0xF7BC,0xF7BC,0xF7BC,0xF7BC,0xF7BC,0xF7BC,0xF7BC,0xF7BC,0xF7BC,0xF7BC,0xF7BC,0xF7BC,0xF7BC,
  0xF7BC,0xF7BC,0xF7BC,0xF7BC,0xF7BC,0xF7BC,0xF7BC,0xF7BC,0xF7BC,0xF7BC,0xF7BC,0xF7BC,0xF7BC,0xF7BC,0xF7BC,0xF7BC,
  0xF7BC,0xF7BC,0xF7BC,0xF7BC,0xF7BC,0xF7BC,0xF7BC,0xF7BC,0xF7BC,0xF7BC,0xF7BC,0xF7BC,0xF7BC,0xF7BC,0xF7BC,0xF7BC,
  0xF7BC,0xF7BC,0xF7BC,0xF7BC,0xF7BC,0xF7BC,0xF7BC,0xF7BC,0xF7BC,0xF7BC,0xF7BC,0xF7BC,0xF7BC,0xF7BC,0xF7BC,0xF7BC,
  0xF7BC,0xF7BC,0xF7BC,0xF7BC,0xF7BC,0xF7BC,0xF7BC,0xF7BC,0xF7BC,0xF7BC,0xF7BC,0xF7BC,0xF7BC,0xF7BC,0xF7BC,0xF7BC,
  0xF7BC,0xF7BC,0xF7BC,0xF7BC,0xF7BC,0xF7BC,0xF7BC,0xF7BC,0xF7BC,0xF7BC,0xF7BC,0xF7BC,0xF7BC,0xF7BC,0xF7BC,0xF7BC,
  0xF7BC,0xF7BC,0xF7BC,0xF7BC,0xF7BC,0xF7BC,0xF7BC,0xF7BC,0xF7BC,0xF7BC,0xF7BC,0xF7BC,0xF7BC,0xF7BC,0xF7BC,0xF7BC,
  0xF7BC,0xF7BC,0xF7BC,0xF7BC,0xF7BC,0xF7BC,0xF7BC,0xF7BC,0xF7BC,0xF7BC,0xF7BC,0xF7BC,0xF7BC,0xF7BC,0xF7BC,0xF7BC,
  0xF7BC,0xF7BC,0xF7BC,0xF7BC,0xF7BC,0xF7BC,0xF7BC,0xF7BC,0xF7BC,0xF7BC,0xF7BC,0xF7BC,0xF7BC,0xF7BC,0xF7BC,0xF7BC,
  0xF7BC,0xF7BC,0xF7BC,0xF7BC,0xF7BC,0xF7BC,0xF7BC,0xF7BC,0xF7BC,0xF7BC,0xF7BC,0xF7BC,0xF7BC,0xF7BC,0xF7BC,0xF7BC,
  0xF7BC,0xF7BC,0xF7BC,0xF7BC,0xF7BC,0xF7BC,0xF7BC,0xF7BC,0xF7BC,0xF7BC,0xF7BC,0xF7BC,0xF7BC,0xF7BC,0xF7BC,0xF7BC,
  0xF7BC,0xF7BC,0xF7BC,0xF7BC,0xF7BC,0xF7BC,0xF7BC,0xF7BC,0xF7BC,0xF7BC,0xF7BC,0xF7BC,0xF7BC,0xF7BC,0xF7BC,0xF7BC,
  0xF7BC,0xF7BC,0xF7BC,0xF7BC,0xF7BC,0xF7BC,0xF7BC,0xF7BC,0xF7BC,0xF7BC,0xF7BC,0xF7BC,0xF7BC,0xF7BC,0xF7BC,0xF7BC,
  0xF7BC,0xF7BC,0xF7BC,0xF7BC,0xF7BC,0xF7BC,0xF7BC,0xF7BC,0xF7BC,0xF7BC,0xF7BC,0xF7BC,0xF7BC,0xF7BC,0xF7BC,0xF7BC,
  0xF7BC,0xF7BC,0xF7BC,0xF7BC,0xF7BC,0xF7BC,0xF7BC,0xF7BC,0xF7BC,0xF7BC,0xF7BC,0xF7BC,0xF7BC,0xF7BC,0xF7BC,0xF7BC,
  0xF7BC,0xF7BC,0xF7BC,0xF7BC,0xF7BC,0xF7BC,0xF7BC,0xF7BC,0xF7BC,0xF7BC,0xF7BC,0xF7BC,0xF7BC,0xF7BC,0xF7BC,0xF7BC,
  0xF7BC,0xF7BC,0xF7BC,0xF7BC,0xF7BC,0xF7BC,0xF7BC,0xF7BC,0xF7BC,0xF7BC,0xF7BC,0xF7BC,0xF7BC,0xF7BC,0xF7BC,0xF7BC,
  0xF7BC,0xF7BC,0xF7BC,0xF7BC,0xF7BC,0xF7BC,0xF7BC,0xF7BC,0xF7BC,0xF7BC,0xF7BC,0xF7BC,0xF7BC,0xF7BC,0xF7BC,0xF7BC,
  0xF7BC,0xF7BC,0xF7BC,0xF7BC,0xF7BC,0xF7BC,0xF7BC,0xF7BC,0xF7BC,0xF7BC,0xF7BC,0xF7BC,0xF7BC,0xF7BC,0xF7BC,0xF7BC,
  0xF7BC,0xF7BC,0xF7BC,0xF7BC,0xF7BC,0xF7BC,0xF7BC,0xF7BC,0xF7BC,0xF7BC,0xF7BC,0xF7BC,0xF7BC,0xF7BC,0xF7BC,0xF7BC,
  0xF7BC,0xF7BC,0xF7BC,0xF7BC,0xF7BC,0xF7BC,0xF7BC,0xF7BC,0xF7BC,0xF7BC,0xF7BC,0xF7BC,0xF7BC,0xF7BC,0xF7BC,0xF7BC,
  0xF7BC,0xF7BC,0xF7BC,0xF7BC,0xF7BC,0xF7BC,0xF7BC,0xF7BC,0xF7BC,0xF7BC,0xF7BC,0xF7BC,0xF7BC,0xF7BC,0xF7BC,0xF7BC,
  0xF7BC,0xF7BC,0xF7BC,0xF7BC,0xF7BC,0xF7BC,0xF7BC,0xF7BC,0xF7BC,0xF7BC,0xF7BC,0xF7BC,0xF7BC,0xF7BC,0xF7BC,0xF7BC,
  0xF7BC,0xF7BC,0xF7BC,0xF7BC,0xF7BC,0xF7BC,0xF7BC,0xF7BC,0xF7BC,0xF7BC,0xF7BC,0xF7BC,0xF7BC,0xF7BC,0xF7BC,0xF7BC,
  0xF7BC,0xF7BC,0xF7BC,0xF7BC,0xF7BC,0xF7BC,0xF7BC,0xF7BC,0xF7BC,0xF7BC,0xF7BC,0xF7BC,0xF7BC,0xF7BC,0xF7BC,0xF7BC,
  0xF7BC,0xF7BC,0xF7BC,0xF7BC,0xF7BC,0xF7BC,0xF7BC,0xF7BC,0xF7BC,0xF7BC,0xF7BC,0xF7BC,0xF7BC,0xF7BC,0xF7BC,0xF7BC,
  0xF7BC,0xF7BC,0xF7BC,0xF7BC,0xF7BC,0xF7BC,0xF7BC,0xF7BC,0xF7BC,0xF7BC,0xF7BC,0xF7BC,0xF7BC,0xF7BC,0xF7BC,0xF7BC,
  0xF7BC,0xF7BC,0xF7BC,0xF7BC,0xF7BC,0xF7BC,0xF7BC,0xF7BC,0xF7BC,0xF7BC,0xF7BC,0xF7BC,0xF7BC,0xF7BC,0xF7BC,0xF7BC,
  0xF7BC,0xF7BC,0xF7BC,0xF7BC,0xF7BC,0xF7BC,0xF7BC,0xF7BC,0xF7BC,0xF7BC,0xF7BC,0xF7BC,0xF7BC,0xF7BC,0xF7BC,0xF7BC,
  0xF7BC,0xF7BC,0xF7BC,0xF7BC,0xF7BC,0xF7BC,0xF7BC,0xF7BC,0xF7BC,0xF7BC,0xF7BC,0xF7BC,0xF7BC,0xF7BC,0xF7BC,0xF7BC,
  0xF7BC,0xF7BC,0xF7BC,0xF7BC,0xF7BC,0xF7BC,0xF7BC,0xF7BC,0xF7BC,0xF7BC,0xF7BC,0xF7BC,0xF7BC,0xF7BC,0xF7BC,0xF7BC,
  0xF7BC,0xF7BC,0xF7BC,0xF7BC,0xF7BC,0xF7BC,0xF7BC,0xF7BC,0xF7BC,0xF7BC,0xF7BC,0xF7BC,0xF7BC,0xF7BC,0xF7BC,0xF7BC,
  0xF7BC,0xF7BC,0xF7BC,0xF7BC,0xF7BC,0xF7BC,0xF7BC,0xF7BC,0xF7BC,0xF7BC,0xF7BC,0xF7BC,0xF7BC,0xF7BC,0xF7BC,0xF7BC,
  0xF7BC,0xF7BC,0xF7BC,0xF7BC,0xF7BC,0xF7BC,0xF7BC,0xF7BC,0xF7BC,0xF7BC,0xF7BC,0xF7BC,0xF7BC,0xF7BC,0xF7BC,0xF7BC,
  0xF7BC,0xF7BC,0xF7BC,0xF7BC,0xF7BC,0xF7BC,0xF7BC,0xF7BC,0xF7BC,0xF7BC,0xF7BC,0xF7BC,0xF7BC,0xF7BC,0xF7BC,0xF7BC,
  0xF7BC,0xF7BC,0xF7BC,0xF7BC,0xF7BC,0xF7BC,0xF7BC,0xF7BC,0xF7BC,0xF7BC,0xF7BC,0xF7BC,0xF7BC,0xF7BC,0xF7BC,0xF7BC,
  0xF7BC,0xF7BC,0xF7BC,0xF7BC,0xF7BC,0xF7BC,0xF7BC,0xF7BC,0xF7BC,0xF7BC,0xF7BC,0xF7BC,0xF7BC,0xF7BC,0xF7BC,0xF7BC,
  0xF7BC,0xF7BC,0xF7BC,0xF7BC,0xF7BC,0xF7BC,0xF7BC,0xF7BC,0xF7BC,0xF7BC,0xF7BC,0xF7BC,0xF7BC,0xF7BC,0xF7BC,0xF7BC,
  0xF7BC,0xF7BC,0xF7BC,0xF7BC,0xF7BC,0xF7BC,0xF7BC,0xF7BC,0xF7BC,0xF7BC,0xF7BC,0xF7BC,0xF7BC,0xF7BC,0xF7BC,0xF7BC,
  0xF7BC,0xF7BC,0xF7BC,0xF7BC,0xF7BC,0xF7BC,0xF7BC,0xF7BC,0xF7BC,0xF7BC,0xF7BC,0xF7BC,0xF7BC,0xF7BC,0xF7BC,0xF7BC,
  0xF7BC,0xF7BC,0xF7BC,0xF7BC,0xF7BC,0xF7BC,0xF7BC,0xF7BC,0xF7BC,0xF7BC,0xF7BC,0xF7BC,0xF7BC,0xF7BC,0xF7BC,0xF7BC,
  0xF7BC,0xF7BC,0xF7BC,0xF7BC,0xF7BC,0xF7BC,0xF7BC,0xF7BC,0xF7BC,0xF7BC,0xF7BC,0xF7BC,0xF7BC,0xF7BC,0xF7BC,0xF7BC,
  0xF7BC,0xF7BC,0xF7BC,0xF7BC,0xF7BC,0xF7BC,0xF7BC,0xF7BC,0xF7BC,0xF7BC,0xF7BC,0xF7BC,0xF7BC,0xF7BC,0xF7BC,0xF7BC,
  0xF7BC,0xF7BC,0xF7BC,0xF7BC,0xF7BC,0xF7BC,0xF7BC,0xF7BC,0xF7BC,0xF7BC,0xF7BC,0xF7BC,0xF7BC,0xF7BC,0xF7BC,0xF7BC,
  0xF7BC,0xF7BC,0xF7BC,0xF7BC,0xF7BC,0xF7BC,0xF7BC,0xF7BC,0xF7BC,0xF7BC,0xF7BC,0xF7BC,0xF7BC,0xF7BC,0xF7BC,0xF7BC,
  0xF7BC,0xF7BC,0xF7BC,0xF7BC,0xF7BC,0xF7BC,0xF7BC,0xF7BC,0xF7BC,0xF7BC,0xF7BC,0xF7BC,0xF7BC,0xF7BC,0xF7BC,0xF7BC,
  0xF7BC,0xF7BC,0xF7BC,0xF7BC,0xF7BC,0xF7BC,0xF7BC,0xF7BC,0xF7BC,0xF7BC,0xF7BC,0xF7BC,0xF7BC,0xF7BC,0xF7BC,0xF7BC,
  0xF7BC,0xF7BC,0xF7BC,0xF7BC,0xF7BC,0xF7BC,0xF7BC,0xF7BC,0xF7BC,0xF7BC,0xF7BC,0xF7BC,0xF7BC,0xF7BC,0xF7BC,0xF7BC,
  0xF7BC,0xF7BC,0xF7BC,0xF7BC,0xF7BC,0xF7BC,0xF7BC,0xF7BC,0xF7BC,0xF7BC,0xF7BC,0xF7BC,0xF7BC,0xF7BC,0xF7BC,0xF7BC,
  0xF7BC,0xF7BC,0xF7BC,0xF7BC,0xF7BC,0xF7BC,0xF7BC,0xF7BC,0xF7BC,0xF7BC,0xF7BC,0xF7BC,0xF7BC,0xF7BC,0xF7BC,0xF7BC,
  0xF7BC,0xF7BC,0xF7BC,0xF7BC,0xF7BC,0xF7BC,0xF7BC,0xF7BC,0xF7BC,0xF7BC,0xF7BC,0xF7BC,0xF7BC,0xF7BC,0xF7BC,0xF7BC,
  0xF7BC,0xF7BC,0xF7BC,0xF7BC,0xF7BC,0xF7BC,0xF7BC,0xF7BC,0xF7BC,0xF7BC,0xF7BC,0xF7BC,0xF7BC,0xF7BC,0xF7BC,0xF7BC,
  0xF7BC,0xF7BC,0xF7BC,0xF7BC,0xF7BC,0xF7BC,0xF7BC,0xF7BC,0xF7BC,0xF7BC,0xF7BC,0xF7BC,0xF7BC,0xF7BC,0xF7BC,0xF7BC,
  0xF7BC,0xF7BC,0xF7BC,0xF7BC,0xF7BC,0xF7BC,0xF7BC,0xF7BC,0xF7BC,0xF7BC,0xF7BC,0xF7BC,0xF7BC,0xF7BC,0xF7BC,0xF7BC,
  0xF7BC,0xF7BC,0xF7BC,0xF7BC,0xF7BC,0xF7BC,0xF7BC,0xF7BC,0xF7BC,0xF7BC,0xF7BC,0xF7BC,0xF7BC,0xF7BC,0xF7BC,0xF7BC,
  0xF7BC,0xF7BC,0xF7BC,0xF7BC,0xF7BC,0xF7BC,0xF7BC,0xF7BC,0xF7BC,0xF7BC,0xF7BC,0xF7BC,0xF7BC,0xF7BC,0xF7BC,0xF7BC,
  0xF7BC,0xF7BC,0xF7BC,0xF7BC,0xF7BC,0xF7BC,0xF7BC,0xF7BC,0xF7BC,0xF7BC,0xF7BC,0xF7BC,0xF7BC,0xF7BC,0xF7BC,0xF7BC,
  0xF7BC,0xF7BC,0xF7BC,0xF7BC,0xF7BC,0xF7BC,0xF7BC,0xF7BC,0xF7BC,0xF7BC,0xF7BC,0xF7BC,0xF7BC,0xF7BC,0xF7BC,0xF7BC,
  0xF7BC,0xF7BC,0xF7BC,0xF7BC,0xF7BC,0xF7BC,0xF7BC,0xF7BC,0xF7BC,0xF7BC,0xF7BC,0xF7BC,0xF7BC,0xF7BC,0xF7BC,0xF7BC,
  0xF7BC,0xF7BC,0xF7BC,0xF7BC,0xF7BC,0xF7BC,0xF7BC,0xF7BC,0xF7BC,0xF7BC,0xF7BC,0xF7BC,0xF7BC,0xF7BC,0xF7BC,0xF7BC,
  0xF7BC,0xF7BC,0xF7BC,0xF7BC,0xF7BC,0xF7BC,0xF7BC,0xF7BC,0xF7BC,0xF7BC,0xF7BC,0xF7BC,0xF7BC,0xF7BC,0xF7BC,0xF7BC,
  0xF7BC,0xF7BC,0xF7BC,0xF7BC,0xF7BC,0xF7BC,0xF7BC,0xF7BC,0xF7BC,0xF7BC,0xF7BC,0xF7BC,0xF7BC,0xF7BC,0xF7BC,0xF7BC,
  0xF7BC,0xF7BC,0xF7BC,0xF7BC,0xF7BC,0xF7BC,0xF7BC,0xF7BC,0xF7BC,0xF7BC,0xF7BC,0xF7BC,0xF7BC,0xF7BC,0xF7BC,0xF7BC,
  0xF7BC,0xF7BC,0xF7BC,0xF7BC,0xF7BC,0xF7BC,0xF7BC,0xF7BC,0xF7BC,0xF7BC,0xF7BC,0xF7BC,0xF7BC,0xF7BC,0xF7BC,0xF7BC,
  0xF7BC,0xF7BC,0xF7BC,0xF7BC,0xF7BC,0xF7BC,0xF7BC,0xF7BC,0xF7BC,0xF7BC,0xF7BC,0xF7BC,0xF7BC,0xF7BC,0xF7BC,0xF7BC,
  0xF7BC,0xF7BC,0xF7BC,0xF7BC,0xF7BC,0xF7BC,0xF7BC,0xF7BC,0xF7BC,0xF7BC,0xF7BC,0xF7BC,0xF7BC,0xF7BC,0xF7BC,0xF7BC,
  0xF7BC,0xF7BC,0xF7BC,0xF7BC,0xF7BC,0xF7BC,0xF7BC,0xF7BC,0xF7BC,0xF7BC,0xF7BC,0xF7BC,0xF7BC,0xF7BC,0xF7BC,0xF7BC,
  0xF7BC,0xF7BC,0xF7BC,0xF7BC,0xF7BC,0xF7BC,0xF7BC,0xF7BC,0xF7BC,0xF7BC,0xF7BC,0xF7BC,0xF7BC,0xF7BC,0xF7BC,0xF7BC,
  0xF7BC,0xF7BC,0xF7BC,0xF7BC,0xF7BC,0xF7BC,0xF7BC,0xF7BC,0xF7BC,0xF7BC,0xF7BC,0xF7BC,0xF7BC,0xF7BC,0xF7BC,0xF7BC,
  0xF7BC,0xF7BC,0xF7BC,0xF7BC,0xF7BC,0xF7BC,0xF7BC,0xF7BC,0xF7BC,0xF7BC,0xF7BC,0xF7BC,0xF7BC,0xF7BC,0xF7BC,0xF7BC,
  0xF7BC,0xF7BC,0xF7BC,0xF7BC,0xF7BC,0xF7BC,0xF7BC,0xF7BC,0xF7BC,0xF7BC,0xF7BC,0xF7BC,0xF7BC,0xF7BC,0xF7BC,0xF7BC,
  0xF7BC,0xF7BC,0xF7BC,0xF7BC,0xF7BC,0xF7BC,0xF7BC,0xF7BC,0xF7BC,0xF7BC,0xF7BC,0xF7BC,0xF7BC,0xF7BC,0xF7BC,0xF7BC,
  0xF7BC,0xF7BC,0xF7BC,0xF7BC,0xF7BC,0xF7BC,0xF7BC,0xF7BC,0xF7BC,0xF7BC,0xF7BC,0xF7BC,0xF7BC,0xF7BC,0xF7BC,0xF7BC,
  0xF7BC,0xF7BC,0xF7BC,0xF7BC,0xF7BC,0xF7BC,0xF7BC,0xF7BC,0xF7BC,0xF7BC,0xF7BC,0xF7BC,0xF7BC,0xF7BC,0xF7BC,0xF7BC,
  0xF7BC,0xF7BC,0xF7BC,0xF7BC,0xF7BC,0xF7BC,0xF7BC,0xF7BC,0xF7BC,0xF7BC,0xF7BC,0xF7BC,0xF7BC,0xF7BC,0xF7BC,0xF7BC,
  0xF7BC,0xF7BC,0xF7BC,0xF7BC,0xF7BC,0xF7BC,0xF7BC,0xF7BC,0xF7BC,0xF7BC,0xF7BC,0xF7BC,0xF7BC,0xF7BC,0xF7BC,0xF7BC,
  0xF7BC,0xF7BC,0xF7BC,0xF7BC,0xF7BC,0xF7BC,0xF7BC,0xF7BC,0xF7BC,0xF7BC,0xF7BC,0xF7BC,0xF7BC,0xF7BC,0xF7BC,0xF7BC,
  0xF7BC,0xF7BC,0xF7BC,0xF7BC,0xF7BC,0xF7BC,0xF7BC,0xF7BC,0xF7BC,0xF7BC,0xF7BC,0xF7BC,0xF7BC,0xF7BC,0xF7BC,0xF7BC,
  0xF7BC,0xF7BC,0xF7BC,0xF7BC,0xF7BC,0xF7BC,0xF7BC,0xF7BC,0xF7BC,0xF7BC,0xF7BC,0xF7BC,0xF7BC,0xF7BC,0xF7BC,0xF7BC,
  0xF7BC,0xF7BC,0xF7BC,0xF7BC,0xF7BC,0xF7BC,0xF7BC,0xF7BC,0xF7BC,0xF7BC,0xF7BC,0xF7BC,0xF7BC,0xF7BC,0xF7BC,0xF7BC,
  0xF7BC,0xF7BC,0xF7BC,0xF7BC,0xF7BC,0xF7BC,0xF7BC,0xF7BC,0xF7BC,0xF7BC,0xF7BC,0xF7BC,0xF7BC,0xF7BC,0xF7BC,0xF7BC,
  0xF7BB,0xF7BB,0xF7BB,0xF7BB,0xF7BB,0xF7BB,0xF7BB,0xF7BB,0xF7BB,0xF7BB,0xF7BB,0xF7BB,0xF7BB,0xF7BB,0xF7BB,0xF7BB,
  0xF7BB,0xF7BB,0xF7BB,0xF7BB,0xF7BB,0xF7BB,0xF7BB,0xF7BB,0xF7BB,0xF7BB,0xF7BB,0xF7BB,0xF7BB,0xF7BB,0xF7BB,0xF7BB,
  0xF7BB,0xF7BB,0xF7BB,0xF7BB,0xF7BB,0xF7BB,0xF7BB,0xF7BB,0xF7BB,0xF7BB,0xF7BB,0xF7BB,0xF7BB,0xF7BB,0xF7BB,0xF7BB,
  0xF7BB,0xF7BB,0xF7BB,0xF7BB,0xF7BB,0xF7BB,0xF7BB,0xF7BB,0xF7BB,0xF7BB,0xF7BB,0xF7BB,0xF7BB,0xF7BB,0xF7BB,0xF7BB,
  0xF7BB,0xF7BB,0xF7BB,0xF7BB,0xF7BB,0xF7BB,0xF7BB,0xF7BB,0xF7BB,0xF7BB,0xF7BB,0xF7BB,0xF7BB,0xF7BB,0xF7BB,0xF7BB,
  0xF7BB,0xF7BB,0xF7BB,0xF7BB,0xF7BB,0xF7BB,0xF7BB,0xF7BB,0xF7BB,0xF7BB,0xF7BB,0xF7BB,0xF7BB,0xF7BB,0xF7BB,0xF7BB,
  0xF7BB,0xF7BB,0xF7BB,0xF7BB,0xF7BB,0xF7BB,0xF7BB,0xF7BB,0xF7BB,0xF7BB,0xF7BB,0xF7BB,0xF7BB,0xF7BB,0xF7BB,0xF7BB,
  0xF7BB,0xF7BB,0xF7BB,0xF7BB,0xF7BB,0xF7BB,0xF7BB,0xF7BB,0xF7BB,0xF7BB,0xF7BB,0xF7BB,0xF7BB,0xF7BB,0xF7BB,0xF7BB,
  0xF7BB,0xF7BB,0xF7BB,0xF7BB,0xF7BB,0xF7BB,0xF7BB,0xF7BB,0xF7BB,0xF7BB,0xF7BB,0xF7BB,0xF7BB,0xF7BB,0xF7BB,0xF7BB,
  0xF7BB,0xF7BB,0xF7BB,0xF7BB,0xF7BB,0xF7BB,0xF7BB,0xF7BB,0xF7BB,0xF7BB,0xF7BB,0xF7BB,0xF7BB,0xF7BB,0xF7BB,0xF7BB,
  0xF7BB,0xF7BB,0xF7BB,0xF7BB,0xF7BB,0xF7BB,0xF7BB,0xF7BB,0xF7BB,0xF7BB,0xF7BB,0xF7BB,0xF7BB,0xF7BB,0xF7BB,0xF7BB,
  0xF7BB,0xF7BB,0xF7BB,0xF7BB,0xF7BB,0xF7BB,0xF7BB,0xF7BB,0xF7BB,0xF7BB,0xF7BB,0xF7BB,0xF7BB,0xF7BB,0xF7BB,0xF7BB,
  0xF7BB,0xF7BB,0xF7BB,0xF7BB,0xF7BB,0xF7BB,0xF7BB,0xF7BB,0xF7BB,0xF7BB,0xF7BB,0xF7BB,0xF7BB,0xF7BB,0xF7BB,0xF7BB,
  0xF7BB,0xF7BB,0xF7BB,0xF7BB,0xF7BB,0xF7BB,0xF7BB,0xF7BB,0xF7BB,0xF7BB,0xF7BB,0xF7BB,0xF7BB,0xF7BB,0xF7BB,0xF7BB,
  0xF7BB,0xF7BB,0xF7BB,0xF7BB,0xF7BB,0xF7BB,0xF7BB,0xF7BB,0xF7BB,0xF7BB,0xF7BB,0xF7BB,0xF7BB,0xF7BB,0xF7BB,0xF7BB,
  0xF7BB,0xF7BB,0xF7BB,0xF7BB,0xF7BB,0xF7BB,0xF7BB,0xF7BB,0xF7BB,0xF7BB,0xF7BB,0xF7BB,0xF7BB,0xF7BB,0xF7BB,0xF7BB,
  0xF7BB,0xF7BB,0xF7BB,0xF7BB,0xF7BB,0xF7BB,0xF7BB,0xF7BB,0xF7BB,0xF7BB,0xF7BB,0xF7BB,0xF7BB,0xF7BB,0xF7BB,0xF7BB,
  0xF7BB,0xF7BB,0xF7BB,0xF7BB,0xF7BB,0xF7BB,0xF7BB,0xF7BB,0xF7BB,0xF7BB,0xF7BB,0xF7BB,0xF7BB,0xF7BB,0xF7BB,0xF7BB,
  0xF7BB,0xF7BB,0xF7BB,0xF7BB,0xF7BB,0xF7BB,0xF7BB,0xF7BB,0xF7BB,0xF7BB,0xF7BB,0xF7BB,0xF7BB,0xF7BB,0xF7BB,0xF7BB,
  0xF7BB,0xF7BB,0xF7BB,0xF7BB,0xF7BB,0xF7BB,0xF7BB,0xF7BB,0xF7BB,0xF7BB,0xF7BB,0xF7BB,0xF7BB,0xF7BB,0xF7BB,0xF7BB,
  0xF7BB,0xF7BB,0xF7BB,0xF7BB,0xF7BB,0xF7BB,0xF7BB,0xF7BB,0xF7BB,0xF7BB,0xF7BB,0xF7BB,0xF7BB,0xF7BB,0xF7BB,0xF7BB,
  0xF7BB,0xF7BB,0xF7BB,0xF7BB,0xF7BB,0xF7BB,0xF7BB,0xF7BB,0xF7BB,0xF7BB,0xF7BB,0xF7BB,0xF7BB,0xF7BB,0xF7BB,0xF7BB,
  0xF7BB,0xF7BB,0xF7BB,0xF7BB,0xF7BB,0xF7BB,0xF7BB,0xF7BB,0xF7BB,0xF7BB,0xF7BB,0xF7BB,0xF7BB,0xF7BB,0xF7BB,0xF7BB,
  0xF7BB,0xF7BB,0xF7BB,0xF7BB,0xF7BB,0xF7BB,0xF7BB,0xF7BB,0xF7BB,0xF7BB,0xF7BB,0xF7BB,0xF7BB,0xF7BB,0xF7BB,0xF7BB,
  0xF7BB,0xF7BB,0xF7BB,0xF7BB,0xF7BB,0xF7BB,0xF7BB,0xF7BB,0xF7BB,0xF7BB,0xF7BB,0xF7BB,0xF7BB,0xF7BB,0xF7BB,0xF7BB,
  0xF7BB,0xF7BB,0xF7BB,0xF7BB,0xF7BB,0xF7BB,0xF7BB,0xF7BB,0xF7BB,0xF7BB,0xF7BB,0xF7BB,0xF7BB,0xF7BB,0xF7BB,0xF7BB,
  0xF7BB,0xF7BB,0xF7BB,0xF7BB,0xF7BB,0xF7BB,0xF7BB,0xF7BB,0xF7BB,0xF7BB,0xF7BB,0xF7BB,0xF7BB,0xF7BB,0xF7BB,0xF7BB,
  0xF7BB,0xF7BB,0xF7BB,0xF7BB,0xF7BB,0xF7BB,0xF7BB,0xF7BB,0xF7BB,0xF7BB,0xF7BB,0xF7BB,0xF7BB,0xF7BB,0xF7BB,0xF7BB,
  0xF7BB,0xF7BB,0xF7BB,0xF7BB,0xF7BB,0xF7BB,0xF7BB,0xF7BB,0xF7BB,0xF7BB,0xF7BB,0xF7BB,0xF7BB,0xF7BB,0xF7BB,0xF7BB,
  0xF7BB,0xF7BB,0xF7BB,0xF7BB,0xF7BB,0xF7BB,0xF7BB,0xF7BB,0xF7BB,0xF7BB,0xF7BB,0xF7BB,0xF7BB,0xF7BB,0xF7BB,0xF7BB,
  0xF7BB,0xF7BB,0xF7BB,0xF7BB,0xF7BB,0xF7BB,0xF7BB,0xF7BB,0xF7BB,0xF7BB,0xF7BB,0xF7BB,0xF7BB,0xF7BB,0xF7BB,0xF7BB,
  0xF7BB,0xF7BB,0xF7BB,0xF7BB,0xF7BB,0xF7BB,0xF7BB,0xF7BB,0xF7BB,0xF7BB,0xF7BB,0xF7BB,0xF7BB,0xF7BB,0xF7BB,0xF7BB,
  0xF7BB,0xF7BB,0xF7BB,0xF7BB,0xF7BB,0xF7BB,0xF7BB,0xF7BB,0xF7BB,0xF7BB,0xF7BB,0xF7BB,0xF7BB,0xF7BB,0xF7BB,0xF7BB,
  0xF7BB,0xF7BB,0xF7BB,0xF7BB,0xF7BB,0xF7BB,0xF7BB,0xF7BB,0xF7BB,0xF7BB,0xF7BB,0xF7BB,0xF7BB,0xF7BB,0xF7BB,0xF7BB,
  0xF7BB,0xF7BB,0xF7BB,0xF7BB,0xF7BB,0xF7BB,0xF7BB,0xF7BB,0xF7BB,0xF7BB,0xF7BB,0xF7BB,0xF7BB,0xF7BB,0xF7BB,0xF7BB,
  0xF7BB,0xF7BB,0xF7BB,0xF7BB,0xF7BB,0xF7BB,0xF7BB,0xF7BB,0xF7BB,0xF7BB,0xF7BB,0xF7BB,0xF7BB,0xF7BB,0xF7BB,0xF7BB,
  0xF7BB,0xF7BB,0xF7BB,0xF7BB,0xF7BB,0xF7BB,0xF7BB,0xF7BB,0xF7BB,0xF7BB,0xF7BB,0xF7BB,0xF7BB,0xF7BB,0xF7BB,0xF7BB,
  0xF7BB,0xF7BB,0xF7BB,0xF7BB,0xF7BB,0xF7BB,0xF7BB,0xF7BB,0xF7BB,0xF7BB,0xF7BB,0xF7BB,0xF7BB,0xF7BB,0xF7BB,0xF7BB,
  0xF7BB,0xF7BB,0xF7BB,0xF7BB,0xF7BB,0xF7BB,0xF7BB,0xF7BB,0xF7BB,0xF7BB,0xF7BB,0xF7BB,0xF7BB,0xF7BB,0xF7BB,0xF7BB,
  0xF7BB,0xF7BB,0xF7BB,0xF7BB,0xF7BB,0xF7BB,0xF7BB,0xF7BB,0xF7BB,0xF7BB,0xF7BB,0xF7BB,0xF7BB,0xF7BB,0xF7BB,0xF7BB,
  0xF7BB,0xF7BB,0xF7BB,0xF7BB,0xF7BB,0xF7BB,0xF7BB,0xF7BB,0xF7BB,0xF7BB,0xF7BB,0xF7BB,0xF7BB,0xF7BB,0xF7BB,0xF7BB,
  0xF7BB,0xF7BB,0xF7BB,0xF7BB,0xF7BB,0xF7BB,0xF7BB,0xF7BB,0xF7BB,0xF7BB,0xF7BB,0xF7BB,0xF7BB,0xF7BB,0xF7BB,0xF7BB,
  0xF7BB,0xF7BB,0xF7BB,0xF7BB,0xF7BB,0xF7BB,0xF7BB,0xF7BB,0xF7BB,0xF7BB,0xF7BB,0xF7BB,0xF7BB,0xF7BB,0xF7BB,0xF7BB,
  0xF7BB,0xF7BB,0xF7BB,0xF7BB,0xF7BB,0xF7BB,0xF7BB,0xF7BB,0xF7BB,0xF7BB,0xF7BB,0xF7BB,0xF7BB,0xF7BB,0xF7BB,0xF7BB,
  0xF7BB,0xF7BB,0xF7BB,0xF7BB,0xF7BB,0xF7BB,0xF7BB,0xF7BB,0xF7BB,0xF7BB,0xF7BB,0xF7BB,0xF7BB,0xF7BB,0xF7BB,0xF7BB,
  0xF7BB,0xF7BB,0xF7BB,0xF7BB,0xF7BB,0xF7BB,0xF7BB,0xF7BB,0xF7BB,0xF7BB,0xF7BB,0xF7BB,0xF7BB,0xF7BB,0xF7BB,0xF7BB,
  0xF7BB,0xF7BB,0xF7BB,0xF7BB,0xF7BB,0xF7BB,0xF7BB,0xF7BB,0xF7BB,0xF7BB,0xF7BB,0xF7BB,0xF7BB,0xF7BB,0xF7BB,0xF7BB,
  0xF7BB,0xF7BB,0xF7BB,0xF7BB,0xF7BB,0xF7BB,0xF7BB,0xF7BB,0xF7BB,0xF7BB,0xF7BB,0xF7BB,0xF7BB,0xF7BB,0xF7BB,0xF7BB,
  0xF7BB,0xF7BB,0xF7BB,0xF7BB,0xF7BB,0xF7BB,0xF7BB,0xF7BB,0xF7BB,0xF7BB,0xF7BB,0xF7BB,0xF7BB,0xF7BB,0xF7BB,0xF7BB,
  0xF7BB,0xF7BB,0xF7BB,0xF7BB,0xF7BB,0xF7BB,0xF7BB,0xF7BB,0xF7BB,0xF7BB,0xF7BB,0xF7BB,0xF7BB,0xF7BB,0xF7BB,0xF7BB,
  0x0296,0x0296,0x0296,0x0296,0x0296,0x0296,0x0296,0x0296,0x0296,0x0296,0x0296,0x0296,0x0296,0x0296,0x0296,0x0296,
  0x0296,0x0296,0x0296,0x0296,0x0296,0x0296,0x0296,0x0296,0x0296,0x0296,0x0296,0x0296,0x0296,0x0296,0x0296,0x0296,
  0x0296,0x0296,0x0296,0x0296,0x0296,0x0296,0x0296,0x0296,0x0296,0x0296,0x0296,0x0296,0x0296,0x0296,0x0296,0x0296,
  0x0296,0x0296,0x0296,0x0296,0x0296,0x0296,0x0296,0x0296,0x0296,0x0296,0x0296,0x0296,0x0296,0x0296,0x0296,0x0296,
  0x0296,0x0296,0x0296,0x0296,0x0296,0x0296,0x0296,0x0296,0x0296,0x0296,0x0296,0x0296,0x0296,0x0296,0x0296,0x0296,
  0xF7BB,0xF7BB,0xF7BB,0xF7BB,0xF7BB,0xF7BB,0xF7BB,0xF7BB,0xF7BB,0xF7BB,0xF7BB,0xF7BB,0xF7BB,0xF7BB,0xF7BB,0xF7BB,
  0xF7BB,0xF7BB,0xF7BB,0xF7BB,0xF7BB,0xF7BB,0xF7BB,0xF7BB,0xF7BB,0xF7BB,0xF7BB,0xF7BB,0xF7BB,0xF7BB,0xF7BB,0xF7BB,
  0xF7BB,0xF7BB,0xF7BB,0xF7BB,0xF7BB,0xF7BB,0xF7BB,0xF7BB,0xF7BB,0xF7BB,0xF7BB,0xF7BB,0xF7BB,0xF7BB,0xF7BB,0xF7BB,
  0xF7BB,0xF7BB,0xF7BB,0xF7BB,0xF7BB,0xF7BB,0xF7BB,0xF7BB,0xF7BB,0xF7BB,0xF7BB,0xF7BB,0xF7BB,0xF7BB,0xF7BB,0xF7BB,
  0xF7BB,0xF7BB,0xF7BB,0xF7BB,0xF7BB,0xF7BB,0xF7BB,0xF7BB,0xF7BB,0xF7BB,0xF7BB,0xF7BB,0xF7BB,0xF7BB,0xF7BB,0xF7BB,
  0xF7BB,0xF7BB,0xF7BB,0xF7BB,0xF7BB,0xF7BB,0xF7BB,0xF7BB,0xF7BB,0xF7BB,0xF7BB,0xF7BB,0xF7BB,0xF7BB,0xF7BB,0xF7BB,
  0xF7BB,0xF7BB,0xF7BB,0xF7BB,0xF7BB,0xF7BB,0xF7BB,0xF7BB,0xF7BB,0xF7BB,0xF7BB,0xF7BB,0xF7BB,0xF7BB,0xF7BB,0xF7BB,
  0xF7BB,0xF7BB,0xF7BB,0xF7BB,0xF7BB,0xF7BB,0xF7BB,0xF7BB,0xF7BB,0xF7BB,0xF7BB,0xF7BB,0xF7BB,0xF7BB,0xF7BB,0xF7BB,
  0xF7BB,0xF7BB,0xF7BB,0xF7BB,0xF7BB,0xF7BB,0xF7BB,0xF7BB,0xF7BB,0xF7BB,0xF7BB,0xF7BB,0xF7BB,0xF7BB,0xF7BB,0xF7BB,
  0xF7BB,0xF7BB,0xF7BB,0xF7BB,0xF7BB,0xF7BB,0xF7BB,0xF7BB,0xF7BB,0xF7BB,0xF7BB,0xF7BB,0xF7BB,0xF7BB,0xF7BB,0xF7BB,
  0xF7BB,0xF7BB,0xF7BB,0xF7BB,0xF7BB,0x64BB,0x64BB,0x64BB,0x64BB,0x64BB,0x64BB,0x64BB,0x64BB,0x64BB,0x64BB,0x64BB,
  0x64BB,0x64BB,0x64BB,0x64BB,0x64BB,0x64BB,0x64BB,0x64BB,0x64BB,0x64BB,0x64BB,0x64BB,0x64BB,0x64BB,0x64BB,0x64BB,
  0x64BB,0x64BB,0x64BB,0x64BB,0x64BB,0x64BB,0x64BB,0x64BB,0x64BB,0x64BB,0x64BB,0x64BB,0x64BB,0x64BB,0x64BB,0x64BB,
  0x64BB,0x64BB,0x64BB,0x64BB,0x64BB,0x64BB,0x64BB,0x64BB,0x64BB,0x64BB,0x64BB,0x64BB,0x64BB,0x64BB,0x64BB,0x64BB,
  0x64BB,0x64BB,0x64BB,0x64BB,0x64BB,0x64BB,0x64BB,0x64BB,0x64BB,0x64BB,0x64BB,0x64BB,0xF7BB,0xF7BB,0xF7BB,0xF7BB,
  0xF7BB,0xF7BB,0xF7BB,0xF7BB,0xF7BB,0xF7BB,0xF7BB,0xF7BB,0xF7BB,0xF7BB,0xF7BB,0xF7BB,0xF7BB,0xF7BB,0xF7BB,0xF7BB,
  0xF7BB,0xF7BB,0xF7BB,0xF7BB,0xF7BB,0xF7BB,0xF7BB,0xF7BB,0xF7BB,0xF7BB,0xF7BB,0xF7BB,0xF7BB,0xF7BB,0xF7BB,0xF7BB,
  0xF7BB,0xF7BB,0xF7BB,0xF7BB,0xF7BB,0xF7BB,0xF7BB,0xF7BB,0xF7BB,0xF7BB,0xF7BB,0xF7BB,0xF7BB,0xF7BB,0xF7BB,0xF7BB,
  0xF7BB,0xF7BB,0xF7BB,0xF7BB,0xF7BB,0xF7BB,0xF7BB,0xF7BB,0xF7BB,0xF7BB,0xF7BB,0xF7BB,0xF7BB,0xF7BB,0xF7BB,0xF7BB,
  0xF7BB,0xF7BB,0xF7BB,0xF7BB,0xF7BB,0xF7BB,0xF7BB,0xF7BB,0xF7BB,0xF7BB,0xF7BB,0xF7BB,0xF7BB,0xF7BB,0xF7BB,0xF7BB,
  0xF7BB,0xF7BB,0xF7BB,0xF7BB,0xF7BB,0xF7BB,0xF7BB,0xF7BB,0xF7BB,0xF7BB,0xF7BB,0xF7BB,0xF7BB,0xF7BB,0xF7BB,0xF7BB,
  0xF7BB,0xF7BB,0xF7BB,0xF7BB,0xF7BB,0xF7BB,0xF7BB,0xF7BB,0xF7BB,0xF7BB,0xF7BB,0xF7BB,0xF7BB,0xF7BB,0xF7BB,0xF7BB,
  0xF7BB,0xF7BB,0xF7BB,0xF7BB,0xF7BB,0xF7BB,0xF7BB,0xF7BB,0xF7BB,0xF7BB,0xF7BB,0xF7BB,0xF7BB,0xF7BB,0xF7BB,0xF7BB,
  0xF7BB,0xF7BB,0xF7BB,0xF7BB,0xF7BB,0xF7BB,0xF7BB,0xF7BB,0xF7BB,0xF7BB,0xF7BB,0xF7BB,0xF7BB,0xF7BB,0xF7BB,0xF7BB,
  0xF7BB,0xF7BB,0xF7BB,0xF7BB,0xF7BB,0xF7BB,0xF7BB,0xF7BB,0xF7BB,0xF7BB,0xF7BB,0xF7BB,0xF7BB,0xF7BB,0xF7BB,0xF7BB,
  0xF7BB,0xF7BB,0xF7BB,0xF7BB,0xF7BB,0xF7BB,0xF7BB,0xF7BB,0xF7BB,0xF7BB,0xF7BB,0xF7BB,0xF7BB,0xF7BB,0xF7BB,0xF7BB,
  0xF7BB,0xF7BB,0xF7BB,0xF7BB,0xF7BB,0xF7BB,0xF7BB,0xF7BB,0xF7BB,0xF7BB,0xF7BB,0xF7BB,0xF7BB,0xF7BB,0xF7BB,0xF7BB,
  0xF7BB,0xF7BB,0xF7BB,0xF7BB,0xF7BB,0xF7BB,0xF7BB,0xF7BB,0xF7BB,0xF7BB,0xF7BB,0xF7BB,0xF7BB,0xF7BB,0xF7BB,0xF7BB,
  0xF7BB,0xF7BB,0xF7BB,0xF7BB,0xF7BB,0xF7BB,0xF7BB,0xF7BB,0xF7BB,0xF7BB,0xF7BB,0xF7BB,0xF7BB,0xF7BB,0xF7BB,0xF7BB,
  0xF7BB,0xF7BB,0xF7BB,0xF7BB,0xF7BB,0xF7BB,0xF7BB,0xF7BB,0xF7BB,0xF7BB,0xF7BB,0xF7BB,0xF7BB,0xF7BB,0xF7BB,0xF7BB,
  0xF7BB,0xF7BB,0xF7BB,0xF7BB,0xF7BB,0xF7BB,0xF7BB,0xF7BB,0xF7BB,0xF7BB,0xF7BB,0xF7BB,0xF7BB,0xF7BB,0xF7BB,0xF7BB,
  0xF7BB,0xF7BB,0xF7BB,0xF7BB,0xF7BB,0xF7BB,0xF7BB,0xF7BB,0xF7BB,0xF7BB,0xF7BB,0xF7BB,0xF7BB,0xF7BB,0xF7BB,0xF7BB,
  0xF7BB,0xF7BB,0xF7BB,0xF7BB,0xF7BB,0xF7BB,0xF7BB,0xF7BB,0xF7BB,0xF7BB,0xF7BB,0xF7BB,0xF7BB,0xF7BB,0xF7BB,0xF7BB,
  0xF7BB,0xF7BB,0xF7BB,0xF7BB,0xF7BB,0xF7BB,0xF7BB,0xF7BB,0xF7BB,0xF7BB,0xF7BB,0xF7BB,0xF7BB,0xF7BB,0xF7BB,0xF7BB,
  0xF7BB,0xF7BB,0xF7BB,0xF7BB,0xF7BB,0xF7BB,0xF7BB,0xF7BB,0xF7BB,0xF7BB,0xF7BB,0xF7BB,0xF7BB,0xF7BB,0xF7BB,0xF7BB,
  0xF7BB,0xF7BB,0xF7BB,0xF7BB,0xF7BB,0xF7BB,0xF7BB,0xF7BB,0xF7BB,0xF7BB,0xF7BB,0xF7BB,0xF7BB,0xF7BB,0xF7BB,0xF7BB,
  0xF7BB,0xF7BB,0xF7BB,0xF7BB,0xF7BB,0xF7BB,0xF7BB,0xF7BB,0xF7BB,0xF7BB,0xF7BB,0xF7BB,0xF7BB,0xF7BB,0xF7BB,0xF7BB,
  0xF7BB,0xF7BB,0xF7BB,0xF7BB,0xF7BB,0xF7BB,0xF7BB,0xF7BB,0xF7BB,0xF7BB,0xF7BB,0xF7BB,0xF7BB,0xF7BB,0xF7BB,0xF7BB,
  0xF7BB,0xF7BB,0xF7BB,0xF7BB,0xF7BB,0xF7BB,0xF7BB,0xF7BB,0xF7BB,0xF7BB,0xF7BB,0xF7BB,0xF7BB,0xF7BB,0xF7BB,0xF7BB,
  0xF7BB,0xF7BB,0xF7BB,0xF7BB,0xF7BB,0xF7BB,0xF7BB,0xF7BB,0xF7BB,0xF7BB,0xF7BB,0xF7BB,0xF7BB,0xF7BB,0xF7BB,0xF7BB,
  0xF7BB,0xF7BB,0xF7BB,0xF7BB,0xF7BB,0xF7BB,0xF7BB,0xF7BB,0xF7BB,0xF7BB,0xF7BB,0xF7BB,0xF7BB,0xF7BB,0xF7BB,0xF7BB,
  0xF7BB,0xF7BB,0xF7BB,0xF7BB,0xF7BB,0xF7BB,0xF7BB,0xF7BB,0xF7BB,0xF7BB,0xF7BB,0xF7BB,0xF7BB,0xF7BB,0xF7BB,0xF7BB,
  0xF7BB,0xF7BB,0xF7BB,0xF7BB,0xF7BB,0xF7BB,0xF7BB,0xF7BB,0xF7BB,0xF7BB,0xF7BB,0xF7BB,0xF7BB,0xF7BB,0xF7BB,0xF7BB,
  0xF7BB,0xF7BB,0xF7BB,0xF7BB,0xF7BB,0xF7BB,0xF7BB,0xF7BB,0xF7BB,0xF7BB,0xF7BB,0xF7BB,0xF7BB,0xF7BB,0xF7BB,0xF7BB,
  0xF7BB,0xF7BB,0xF7BB,0xF7BB,0xF7BB,0xF7BB,0xF7BB,0xF7BB,0xF7BB,0xF7BB,0xF7BB,0xF7BB,0xF7BB,0xF7BB,0xF7BB,0xF7BB,
  
};

const uint16_t THEME_NUIT[] PROGMEM = {
  0x5000,0x5000,0x5000,0x5000,0x5000,0x5000,0x5000,0x5000,0x5000,0x5000,0x5000,0x5000,0x5000,0x5000,0x5000,0x5000,
  0x5000,0x5000,0x5000,0x5000,0x5000,0x5000,0x5000,0x5000,0x5000,0x5000,0x5000,0x5000,0x5000,0x5000,0x5000,0x5000,
  0x5000,0x5000,0x5000,0x5000,0x5000,0x5000,0x5000,0x5000,0x5000,0x5000,0x5000,0x5000,0x5000,0x5000,0x5000,0x5000,
  0x5000,0x5000,0x5000,0x5000,0x5000,0x5000,0x5000,0x5000,0x5000,0x5000,0x5000,0x5000,0x5000,0x5000,0x5000,0x5000,
  0x5000,0x5000,0x5000,0x5000,0x5000,0x5000,0x5000,0x5000,0x5000,0x5000,0x5000,0x5000,0x5000,0x5000,0x5000,0x5000,
  0x4800,0x4800,0x4800,0x4800,0x4800,0x4800,0x4800,0x4800,0x4800,0x4800,0x4800,0x4800,0x4800,0x4800,0x4800,0x4800,
  0x4800,0x4800,0x4800,0x4800,0x4800,0x4800,0x4800,0x4800,0x4800,0x4800,0x4800,0x4800,0x4800,0x4800,0x4800,0x4800,
  0x4800,0x4800,0x4800,0x4800,0x4800,0x4800,0x4800,0x4800,0x4800,0x4800,0x4800,0x4800,0x4800,0x4800,0x4800,0x4800,
  0x4800,0x4800,0x4800,0x4800,0x4800,0x4800,0x4800,0x4800,0x4800,0x4800,0x4800,0x4800,0x4800,0x4800,0x4800,0x4800,
  0x4800,0x4800,0x4800,0x4800,0x4800,0x4800,0x4800,0x4800,0x4800,0x4800,0x4800,0x4800,0x4800,0x4800,0x4800,0x4800,
  0x4800,0x4800,0x4800,0x4800,0x4800,0x4800,0x4800,0x4800,0x4800,0x4800,0x4800,0x4800,0x4800,0x4800,0x4800,0x4800,
  0x4800,0x4800,0x4800,0x4800,0x4800,0x4800,0x4800,0x4800,0x4800,0x4800,0x4800,0x4800,0x4800,0x4800,0x4800,0x4800,
  0x4800,0x4800,0x4800,0x4800,0x4800,0x4800,0x4800,0x4800,0x4800,0x4800,0x4800,0x4800,0x4800,0x4800,0x4800,0x4800,
  0x4800,0x4800,0x4800,0x4800,0x4800,0x4800,0x4800,0x4800,0x4800,0x4800,0x4800,0x4800,0x4800,0x4800,0x4800,0x4800,
  0x4800,0x4800,0x4800,0x4800,0x4800,0x4800,0x4800,0x4800,0x4800,0x4800,0x4800,0x4800,0x4800,0x4800,0x4800,0x4800,
  0x4800,0x4800,0x4800,0x4800,0x4800,0x4800,0x4800,0x4800,0x4800,0x4800,0x4800,0x4800,0x4800,0x4800,0x4800,0x4800,
  0x4800,0x4800,0x4800,0x4800,0x4800,0x4800,0x4800,0x4800,0x4800,0x4800,0x4800,0x4800,0x4800,0x4800,0x4800,0x4800,
  0x4800,0x4800,0x4800,0x4800,0x4800,0x4800,0x4800,0x4800,0x4800,0x4800,0x4800,0x4800,0x4800,0x4800,0x4800,0x4800,
  0x4800,0x4800,0x4800,0x4800,0x4800,0x4800,0x4800,0x4800,0x4800,0x4800,0x4800,0x4800,0x4800,0x4800,0x4800,0x4800,
  0x4800,0x4800,0x4800,0x4800,0x4800,0x4800,0x4800,0x4800,0x4800,0x4800,0x4800,0x4800,0x4800,0x4800,0x4800,0x4800,
  0x4800,0x4800,0x4800,0x4800,0x4800,0x4800,0x4800,0x4800,0x4800,0x4800,0x4800,0x4800,0x4800,0x4800,0x4800,0x4800,
  0x4800,0x4800,0x4800,0x4800,0x90E0,0x4800,0x4800,0x4800,0x4800,0x4800,0x4800,0x4800,0x4800,0x4800,0x4800,0x4800,
  0x4800,0x4800,0x4800,0x4800,0x4800,0x4800,0x4800,0x4800,0x4800,0x4800,0x4800,0x4800,0x4800,0x4800,0x4800,0x4800,
  0x4800,0x4800,0x4800,0x4800,0x4800,0x4800,0x4800,0x4800,0x4800,0x4800,0x4800,0x4800,0x4800,0x4800,0x4800,0x4800,
  0x4800,0x4800,0x4800,0x4800,0x4800,0x4800,0x4800,0x4800,0x4800,0x4800,0x4800,0x4800,0x4800,0x4800,0x4800,0x4800,
  0x4000,0x4000,0x4000,0x4000,0x4000,0x4000,0x4000,0x4000,0x4000,0x4000,0x4000,0x4000,0x4000,0x4000,0x4000,0x4000,
  0x4000,0x4000,0x4000,0x90E0,0x90E0,0x90E0,0x4000,0x4000,0x4000,0x4000,0x4000,0x4000,0x4000,0x4000,0x4000,0x4000,
  0x4000,0x4000,0x4000,0x4000,0x4000,0x4000,0x4000,0x4000,0x4000,0x4000,0x4000,0x4000,0x4000,0x4000,0x4000,0x4000,
  0x4000,0x4000,0x4000,0x4000,0x4000,0x4000,0x4000,0x4000,0x4000,0x4000,0x4000,0x4000,0x4000,0x4000,0x4000,0x4000,
  0x4000,0x4000,0x4000,0x4000,0x4000,0x4000,0x4000,0x4000,0x4000,0x4000,0x4000,0x4000,0x4000,0x4000,0x4000,0x4000,
  0x4000,0x4000,0x4000,0x4000,0x4000,0x4000,0x4000,0x4000,0x4000,0x4000,0x4000,0x4000,0x4000,0x4000,0x4000,0x4000,
  0x4000,0x4000,0x4000,0x4000,0x90E0,0x4000,0x4000,0x4000,0x4000,0x4000,0x4000,0x4000,0x4000,0x4000,0x4000,0x4000,
  0x4000,0x4000,0x4000,0x4000,0x4000,0x4000,0x4000,0x4000,0x4000,0x4000,0x4000,0x4000,0x4000,0x4000,0x4000,0x4000,
  0x4000,0x4000,0x4000,0x4000,0x4000,0x4000,0x4000,0x4000,0x4000,0x4000,0x4000,0x4000,0x4000,0x4000,0x4000,0x4000,
  0x4000,0x4000,0x4000,0x4000,0x4000,0x4000,0x4000,0x4000,0x4000,0x4000,0x4000,0x4000,0x4000,0x4000,0x4000,0x4000,
  0x4000,0x4000,0x4000,0x4000,0x4000,0x4000,0x4000,0x4000,0x4000,0x4000,0x4000,0x4000,0x4000,0x4000,0x4000,0x4000,
  0x4000,0x4000,0x4000,0x4000,0x4000,0x4000,0x4000,0x4000,0x4000,0x4000,0x4000,0x4000,0x4000,0x4000,0x4000,0x4000,
  0x4000,0x4000,0x4000,0x4000,0x4000,0x4000,0x4000,0x4000,0x4000,0x4000,0x4000,0x4000,0x4000,0x90E0,0x4000,0x4000,
  0x4000,0x4000,0x4000,0x4000,0x4000,0x4000,0x4000,0x4000,0x4000,0x4000,0x4000,0x4000,0x4000,0x4000,0x4000,0x4000,
  0x4000,0x4000,0x4000,0x4000,0x4000,0x4000,0x4000,0x4000,0x4000,0x4000,0x4000,0x4000,0x4000,0x4000,0x4000,0x4000,
  0x4000,0x4000,0x4000,0x4000,0x4000,0x4000,0x4000,0x4000,0x4000,0x4000,0x4000,0x4000,0x4000,0x4000,0x4000,0x4000,
  0x4000,0x4000,0x4000,0x4000,0x4000,0x4000,0x4000,0x4000,0x4000,0x4000,0x4000,0x4000,0x4000,0x4000,0x4000,0x4000,
  0x4000,0x4000,0x4000,0x4000,0x4000,0x4000,0x4000,0x4000,0x4000,0x4000,0x4000,0x4000,0x90E0,0x90E0,0x90E0,0x4000,
  0x4000,0x4000,0x4000,0x4000,0x4000,0x4000,0x4000,0x4000,0x4000,0x4000,0x4000,0xB180,0xB180,0xB180,0xB180,0xB180,
  0xB180,0xB180,0x4000,0x4000,0x4000,0x4000,0x4000,0x4000,0x4000,0x4000,0x4000,0x4000,0x4000,0x4000,0x4000,0x4000,
  0x4000,0x4000,0x4000,0x4000,0x4000,0x4000,0x4000,0x4000,0x4000,0x4000,0x90E0,0x4000,0x4000,0x4000,0x4000,0x4000,
  0x4000,0x4000,0x4000,0x4000,0x4000,0x4000,0x4000,0x4000,0x4000,0x4000,0x4000,0x4000,0x4000,0x4000,0x4000,0x4000,
  0x4000,0x4000,0x4000,0x4000,0x4000,0x4000,0x4000,0x4000,0x4000,0x4000,0x4000,0x4000,0x4000,0x90E0,0x4000,0x4000,
  0x4000,0x4000,0x4000,0x4000,0x4000,0x4000,0x4000,0x4000,0x4000,0xB180,0xB180,0x4000,0x4000,0x4000,0x4000,0x4000,
  0x4000,0x4000,0xB180,0xB180,0x4000,0x4000,0x4000,0x4000,0x4000,0x4000,0x4000,0x4000,0x4000,0x4000,0x4000,0x4000,
  0x3800,0x3800,0x3800,0x3800,0x3800,0x3800,0x3800,0x3800,0x3800,0x90E0,0x90E0,0x90E0,0x3800,0x3800,0x3800,0x3800,
  0x3800,0x3800,0x3800,0x3800,0x3800,0x3800,0x3800,0x3800,0x3800,0x3800,0x3800,0x3800,0x3800,0x3800,0x3800,0x3800,
  0x3800,0x3800,0x3800,0x3800,0x3800,0x3800,0x3800,0x3800,0x3800,0x3800,0x3800,0x3800,0x3800,0x3800,0x3800,0x3800,
  0x3800,0x3800,0x3800,0x3800,0x3800,0x3800,0x3800,0x3800,0xB180,0x3800,0x3800,0x3800,0x3800,0x3800,0x1800,0x1800,
  0x1800,0x1800,0x1800,0x1800,0x1800,0x3800,0x3800,0x3800,0x3800,0x3800,0x3800,0x3800,0x3800,0x3800,0x3800,0x3800,
  0x3800,0x3800,0x3800,0x3800,0x3800,0x3800,0x3800,0x3800,0x3800,0x3800,0x90E0,0x3800,0x3800,0x3800,0x3800,0x3800,
  0x3800,0x3800,0x3800,0x3800,0x3800,0x3800,0x3800,0x3800,0x3800,0x3800,0x3800,0x3800,0x3800,0x3800,0x3800,0x3800,
  0x3800,0x3800,0x3800,0x3800,0x3800,0x3800,0x3800,0x3800,0x3800,0x3800,0x3800,0x3800,0x3800,0x3800,0x3800,0x3800,
  0x3800,0x3800,0x3800,0x3800,0x3800,0x3800,0x3800,0xB180,0x3800,0x3800,0x3800,0x3800,0x1800,0x1800,0x1800,0x1800,
  0x1800,0x1800,0x1800,0x1800,0x1800,0x1800,0x1800,0x3800,0x3800,0x3800,0x3800,0x3800,0x3800,0x3800,0x3800,0x3800,
  0x3800,0x3800,0x3800,0x3800,0x3800,0x3800,0x3800,0x3800,0x3800,0x3800,0x3800,0x3800,0x3800,0x3800,0x3800,0x3800,
  0x3800,0x3800,0x3800,0x3800,0x3800,0x3800,0x3800,0x3800,0x3800,0x3800,0x3800,0x3800,0x3800,0x3800,0x3800,0x3800,
  0x3800,0x3800,0x3800,0x3800,0x3800,0x3800,0x3800,0x3800,0x3800,0x3800,0x3800,0x3800,0x3800,0x3800,0x3800,0x3800,
  0x3800,0x3800,0x3800,0x3800,0x3800,0x3800,0xB180,0x3800,0x3800,0x3800,0x3800,0x1800,0x1800,0x1800,0x1800,0x1800,
  0x1800,0x1800,0x1800,0x1800,0x1800,0x1800,0x1800,0x1800,0x3800,0x3800,0x3800,0x3800,0x3800,0x3800,0x3800,0x3800,
  0x3800,0x3800,0x3800,0x3800,0x3800,0x3800,0x3800,0x3800,0x3800,0x3800,0x3800,0x3800,0x3800,0x3800,0x3800,0x3800,
  0x3800,0x3800,0x3800,0x3800,0x3800,0x3800,0x3800,0x3800,0x3800,0x3800,0x3800,0x3800,0x3800,0x3800,0x3800,0x3800,
  0x3800,0x3800,0x3800,0x3800,0x3800,0x3800,0x3800,0x3800,0x3800,0x3800,0x3800,0x3800,0x3800,0x3800,0x3800,0x3800,
  0x3800,0x3800,0x3800,0x3800,0x3800,0xB180,0x3800,0x3800,0x3800,0x3800,0x1800,0x1800,0x1800,0x1800,0x1800,0x1800,
  0x1800,0x1800,0x1800,0x1800,0x1800,0x1800,0x1800,0x1800,0x1800,0x3800,0x3800,0x3800,0x3800,0x3800,0x3800,0x3800,
  0x3000,0x3000,0x3000,0x3000,0x3000,0x3000,0x3000,0x3000,0x3000,0x3000,0x3000,0x3000,0x3000,0x3000,0x3000,0x3000,
  0x3000,0x3000,0x3000,0x3000,0x3000,0x3000,0x3000,0x3000,0x3000,0x3000,0x3000,0x3000,0x3000,0x3000,0x3000,0x3000,
  0x3000,0x3000,0x3000,0x90E0,0x3000,0x3000,0x3000,0x3000,0x3000,0x3000,0x3000,0x3000,0x3000,0x3000,0x3000,0x3000,
  0x3000,0x3000,0x3000,0x3000,0x3000,0xB180,0x3000,0x3000,0x3000,0x1800,0x1800,0x1800,0x1800,0x1800,0x1800,0x1800,
  0x1800,0x1800,0x1800,0x1800,0x1800,0x1800,0x1800,0x1800,0x1800,0x1800,0x3000,0x3000,0x3000,0x3000,0x3000,0x3000,
  0x3000,0x3000,0x3000,0x3000,0x3000,0x3000,0x3000,0x3000,0x3000,0x3000,0x3000,0x3000,0x3000,0x3000,0x3000,0x3000,
  0x3000,0x3000,0x3000,0x3000,0x3000,0x3000,0x3000,0x3000,0x3000,0x3000,0x3000,0x3000,0x3000,0x3000,0x3000,0x3000,
  0x3000,0x3000,0x90E0,0x90E0,0x90E0,0x3000,0x3000,0x3000,0x3000,0x3000,0x3000,0x3000,0x3000,0x3000,0x3000,0x3000,
  0x3000,0x3000,0x3000,0x3000,0xB180,0x3000,0x3000,0x3000,0x3000,0x1800,0x1800,0x1800,0x1800,0x1800,0x1800,0x1800,
  0x1800,0x1800,0x1800,0x1800,0x1800,0x1800,0x1800,0x1800,0x1800,0x1800,0x3000,0x3000,0x3000,0x3000,0x3000,0x3000,
  0x3000,0x3000,0x3000,0x3000,0x3000,0x3000,0x3000,0x3000,0x3000,0x3000,0x3000,0x3000,0x3000,0x3000,0x3000,0x3000,
  0x3000,0x3000,0x3000,0x3000,0x3000,0x3000,0x3000,0x3000,0x3000,0x3000,0x3000,0x3000,0x3000,0x3000,0x3000,0x3000,
  0x3000,0x3000,0x3000,0x90E0,0x3000,0x3000,0x3000,0x3000,0x3000,0x3000,0x3000,0x3000,0x3000,0x3000,0x3000,0x3000,
  0x3000,0x3000,0x3000,0x3000,0xB180,0x3000,0x3000,0x3000,0x1800,0x1800,0x1800,0x1800,0x1800,0x1800,0x1800,0x1800,
  0x1800,0x1800,0x1800,0x1800,0x1800,0x1800,0x1800,0x1800,0x1800,0x1800,0x1800,0x3000,0x3000,0x3000,0x3000,0x3000,
  0x3000,0x3000,0x3000,0x3000,0x3000,0x3000,0x3000,0x3000,0x3000,0x3000,0x3000,0x3000,0x3000,0x3000,0x3000,0x3000,
  0x3000,0x3000,0x3000,0x3000,0x3000,0x3000,0x3000,0x3000,0x3000,0x3000,0x3000,0x3000,0x3000,0x3000,0x3000,0x3000,
  0x3000,0x3000,0x3000,0x3000,0x3000,0x3000,0x3000,0x3000,0x3000,0x3000,0x3000,0x3000,0x3000,0x3000,0x3000,0x3000,
  0x3000,0x3000,0x3000,0x3000,0xB180,0x3000,0x3000,0x3000,0x1800,0x1800,0x1800,0x1800,0x1800,0x1800,0x1800,0x1800,
  0x1800,0x1800,0x1800,0x1800,0x1800,0x1800,0x1800,0x1800,0x1800,0x1800,0x1800,0x3000,0x3000,0x3000,0x3000,0x3000,
  0x3000,0x3000,0x3000,0x3000,0x3000,0x3000,0x3000,0x3000,0x3000,0x3000,0x3000,0x3000,0x3000,0x3000,0x3000,0x3000,
  0x3000,0x3000,0x3000,0x3000,0x3000,0x3000,0x3000,0x3000,0x3000,0x3000,0x3000,0x3000,0x3000,0x3000,0x3000,0x3000,
  0x3000,0x3000,0x3000,0x3000,0x3000,0x3000,0x3000,0x3000,0x3000,0x3000,0x3000,0x3000,0x3000,0x3000,0x3000,0x3000,
  0x3000,0x3000,0x3000,0x3000,0xB180,0x3000,0x3000,0x3000,0x1800,0x1800,0x1800,0x1800,0x1800,0x1800,0x1800,0x1800,
  0x1800,0x1800,0x1800,0x1800,0x1800,0x1800,0x1800,0x1800,0x1800,0x1800,0x1800,0x3000,0x3000,0x3000,0x3000,0x3000,
  0x2800,0x2800,0x2800,0x2800,0x2800,0x2800,0x2800,0x2800,0x2800,0x2800,0x2800,0x2800,0x2800,0x2800,0x2800,0x2800,
  0x2800,0x2800,0x2800,0x2800,0x2800,0x2800,0x2800,0x2800,0x2800,0x2800,0x2800,0x2800,0x2800,0x2800,0x2800,0x2800,
  0x2800,0x2800,0x2800,0x2800,0x2800,0x2800,0x2800,0x2800,0x2800,0x2800,0x2800,0x2800,0x2800,0x2800,0x2800,0x2800,
  0x2800,0x2800,0x2800,0x2800,0xB180,0x2800,0x2800,0x2800,0x1800,0x1800,0x1800,0x1800,0x1800,0x1800,0x1800,0x1800,
  0x1800,0x1800,0x1800,0x1800,0x1800,0x1800,0x90E0,0x1800,0x1800,0x1800,0x1800,0x2800,0x2800,0x2800,0x2800,0x2800,
  0x2800,0x2800,0x2800,0x2800,0x2800,0x2800,0x2800,0x2800,0x2800,0x2800,0x2800,0x2800,0x2800,0x2800,0x2800,0x2800,
  0x2800,0x2800,0x2800,0x2800,0x2800,0x2800,0x2800,0x2800,0x2800,0x2800,0x2800,0x2800,0x2800,0x2800,0x2800,0x2800,
  0x2800,0x2800,0x2800,0x2800,0x2800,0x2800,0x2800,0x2800,0x2800,0x2800,0x2800,0x2800,0x2800,0x2800,0x2800,0x2800,
  0x2800,0x2800,0x2800,0x2800,0xB180,0x2800,0x2800,0x2800,0x1800,0x1800,0x1800,0x1800,0x1800,0x1800,0x1800,0x1800,
  0x1800,0x1800,0x1800,0x1800,0x1800,0x90E0,0x90E0,0x90E0,0x1800,0x1800,0x1800,0x2800,0x2800,0x2800,0x2800,0x2800,
  0x2800,0x2800,0x2800,0x2800,0x2800,0x2800,0x2800,0x2800,0x2800,0x2800,0x2800,0x2800,0x2800,0x2800,0x2800,0x2800,
  0x2800,0x2800,0x2800,0x2800,0x2800,0x2800,0x2800,0x2800,0x2800,0x2800,0x2800,0x2800,0x2800,0x2800,0x2800,0x2800,
  0x2800,0x2800,0x2800,0x2800,0x2800,0x2800,0x2800,0x2800,0x2800,0x2800,0x2800,0x2800,0x2800,0x2800,0x2800,0x2800,
  0x2800,0x2800,0x2800,0x2800,0xB180,0x2800,0x2800,0x2800,0x2800,0x1800,0x1800,0x1800,0x1800,0x1800,0x1800,0x1800,
  0x1800,0x1800,0x1800,0x1800,0x1800,0x1800,0x90E0,0x1800,0x1800,0x1800,0x2800,0x2800,0x2800,0x2800,0x2800,0x2800,
  0x2800,0x2800,0x2800,0x2800,0x2800,0x2800,0x2800,0x2800,0x2800,0x2800,0x2800,0x2800,0x2800,0x2800,0x2800,0x2800,
  0x2800,0x2800,0x2800,0x2800,0x2800,0x2800,0x2800,0x2800,0x2800,0x2800,0x2800,0x2800,0x2800,0x2800,0x2800,0x2800,
  0x2800,0x2800,0x2800,0x2800,0x2800,0x2800,0x2800,0x2800,0x2800,0x2800,0x2800,0x2800,0x2800,0x2800,0x2800,0x2800,
  0x2800,0x2800,0x2800,0x2800,0x2800,0xB180,0x2800,0x2800,0x2800,0x1800,0x1800,0x1800,0x1800,0x1800,0x1800,0x1800,
  0x1800,0x1800,0x1800,0x1800,0x1800,0x1800,0x1800,0x1800,0x1800,0x1800,0x2800,0x2800,0x2800,0x2800,0x2800,0x2800,
  0x2000,0x2000,0x2000,0x2000,0x2000,0x2000,0x2000,0x2000,0x2000,0x2000,0x2000,0x2000,0x2000,0x2000,0x2000,0x2000,
  0x2000,0x2000,0x2000,0x2000,0x2000,0x2000,0x2000,0x2000,0x2000,0x2000,0x2000,0x2000,0x2000,0x2000,0x2000,0x2000,
  0x2000,0x2000,0x2000,0x2000,0x2000,0x2000,0x2000,0x2000,0x2000,0x2000,0x2000,0x2000,0x2000,0x2000,0x2000,0x2000,
  0x2000,0x2000,0x2000,0x2000,0x2000,0xB180,0x2000,0x2000,0x2000,0x2000,0x1800,0x1800,0x1800,0x1800,0x1800,0x1800,
  0x1800,0x1800,0x1800,0x1800,0x1800,0x1800,0x1800,0x1800,0x1800,0x2000,0x2000,0x2000,0x2000,0x2000,0x2000,0x2000,
  0x2000,0x2000,0x2000,0x2000,0x2000,0x2000,0x2000,0x2000,0x2000,0x2000,0x2000,0x2000,0x2000,0x2000,0x2000,0x90E0,
  0x2000,0x2000,0x2000,0x2000,0x2000,0x2000,0x2000,0x2000,0x2000,0x2000,0x2000,0x2000,0x2000,0x2000,0x2000,0x2000,
  0x2000,0x2000,0x2000,0x2000,0x2000,0x2000,0x2000,0x2000,0x2000,0x2000,0x2000,0x2000,0x2000,0x2000,0x2000,0x2000,
  0x2000,0x2000,0x2000,0x2000,0x2000,0x2000,0xB180,0x2000,0x2000,0x2000,0x2000,0x1800,0x1800,0x1800,0x1800,0x1800,
  0x1800,0x1800,0x1800,0x1800,0x1800,0x1800,0x1800,0x1800,0x2000,0x2000,0x2000,0x2000,0x2000,0x2000,0x2000,0x2000,
  0x2000,0x2000,0x2000,0x2000,0x2000,0x2000,0x2000,0x2000,0x2000,0x2000,0x2000,0x2000,0x2000,0x2000,0x90E0,0x90E0,
  0x90E0,0x2000,0x2000,0x2000,0x2000,0x2000,0x2000,0x2000,0x2000,0x2000,0x2000,0x2000,0x2000,0x2000,0x2000,0x2000,
  0x2000,0x2000,0x2000,0x2000,0x2000,0x2000,0x2000,0x2000,0x2000,0x2000,0x2000,0x2000,0x2000,0x2000,0x2000,0x2000,
  0x2000,0x2000,0x2000,0x2000,0x2000,0x2000,0x2000,0xB180,0x2000,0x2000,0x2000,0x2000,0x1800,0x1800,0x1800,0x1800,
  0x1800,0x1800,0x1800,0x1800,0x1800,0x1800,0x1800,0x2000,0x2000,0x2000,0x2000,0x2000,0x2000,0x2000,0x2000,0x2000,
  0x2000,0x2000,0x2000,0x2000,0x2000,0x2000,0x2000,0x2000,0x2000,0x2000,0x2000,0x2000,0x2000,0x2000,0x2000,0x90E0,
  0x2000,0x2000,0x2000,0x2000,0x2000,0x2000,0x2000,0x2000,0x2000,0x2000,0x2000,0x2000,0x2000,0x2000,0x2000,0x2000,
  0x2000,0x2000,0x2000,0x2000,0x2000,0x2000,0x2000,0x2000,0x2000,0x2000,0x2000,0x2000,0x2000,0x2000,0x2000,0x2000,
  0x2000,0x2000,0x2000,0x2000,0x2000,0x2000,0x2000,0x2000,0xB180,0x2000,0x2000,0x2000,0x2000,0x2000,0x1800,0x1800,
  0x1800,0x1800,0x1800,0x1800,0x1800,0x2000,0x2000,0x2000,0x2000,0x2000,0x2000,0x2000,0x2000,0x2000,0x2000,0x2000,
  0x2000,0x2000,0x2000,0x2000,0x2000,0x2000,0x2000,0x2000,0x2000,0x2000,0x2000,0x2000,0x2000,0x2000,0x2000,0x2000,
  0x2000,0x2000,0x2000,0x2000,0x2000,0x2000,0x2000,0x2000,0x2000,0x2000,0x2000,0x2000,0x2000,0x2000,0x2000,0x2000,
  0x2000,0x2000,0x2000,0x2000,0x2000,0x2000,0x2000,0x2000,0x2000,0x2000,0x2000,0x2000,0x2000,0x2000,0x2000,0x2000,
  0x2000,0x2000,0x2000,0x2000,0x2000,0x2000,0x2000,0x2000,0x2000,0xB180,0xB180,0x2000,0x2000,0x2000,0x2000,0x2000,
  0x2000,0x2000,0xB180,0xB180,0x2000,0x2000,0x2000,0x2000,0x2000,0x2000,0x2000,0x2000,0x2000,0x2000,0x2000,0x2000,
  0x1800,0x1800,0x1800,0x1800,0x1800,0x1800,0x1800,0x1800,0x1800,0x1800,0x1800,0x1800,0x1800,0x1800,0x1800,0x1800,
  0x1800,0x1800,0x1800,0x1800,0x1800,0x1800,0x1800,0x1800,0x1800,0x1800,0x1800,0x1800,0x1800,0x1800,0x1800,0x1800,
  0x1800,0x1800,0x1800,0x1800,0x1800,0x1800,0x1800,0x1800,0x1800,0x1800,0x1800,0x1800,0x1800,0x1800,0x1800,0x1800,
  0x1800,0x1800,0x1800,0x1800,0x1800,0x1800,0x1800,0x1800,0x1800,0x1800,0x1800,0xB180,0xB180,0xB180,0xB180,0xB180,
  0xB180,0xB180,0x1800,0x1800,0x1800,0x1800,0x1800,0x1800,0x1800,0x1800,0x1800,0x1800,0x1800,0x1800,0x1800,0x1800,
  0x1800,0x1800,0x1800,0x1800,0x1800,0x1800,0x1800,0x1800,0x1800,0x1800,0x1800,0x1800,0x1800,0x1800,0x1800,0x1800,
  0x1800,0x1800,0x1800,0x1800,0x1800,0x1800,0x1800,0x1800,0x1800,0x1800,0x1800,0x1800,0x1800,0x1800,0x1800,0x1800,
  0x1800,0x1800,0x1800,0x1800,0x1800,0x1800,0x1800,0x1800,0x1800,0x1800,0x1800,0x1800,0x1800,0x1800,0x1800,0x1800,
  0x1800,0x1800,0x1800,0x1800,0x1800,0x1800,0x1800,0x1800,0x1800,0x1800,0x1800,0x1800,0x1800,0x1800,0x1800,0x1800,
  0x1800,0x1800,0x1800,0x1800,0x1800,0x1800,0x1800,0x1800,0x1800,0x1800,0x1800,0x1800,0x1800,0x1800,0x1800,0x1800,
  0x1800,0x1800,0x1800,0x1800,0x1800,0x1800,0x1800,0x1800,0x1800,0x1800,0x1800,0x1800,0x1800,0x1800,0x1800,0x1800,
  0x1800,0x1800,0x1800,0x1800,0x1800,0x1800,0x1800,0x1800,0x1800,0x1800,0x1800,0x1800,0x1800,0x1800,0x1800,0x1800,
  0x1800,0x1800,0x1800,0x1800,0x1800,0x1800,0x1800,0x1800,0x1800,0x1800,0x1800,0x1800,0x1800,0x1800,0x1800,0x1800,
  0x1800,0x1800,0x1800,0x1800,0x1800,0x1800,0x1800,0x1800,0x1800,0x1800,0x1800,0x1800,0x1800,0x1800,0x1800,0x1800,
  0x1800,0x1800,0x1800,0x1800,0x1800,0x1800,0x1800,0x1800,0x1800,0x1800,0x1800,0x1800,0x1800,0x1800,0x1800,0x1800,
  0x1800,0x1800,0x1800,0x1800,0x1800,0x1800,0x1800,0x1800,0x1800,0x1800,0x1800,0x1800,0x1800,0x1800,0x1800,0x1800,
  0x1800,0x1800,0x1800,0x1800,0x1800,0x1800,0x1800,0x1800,0x1800,0x1800,0x1800,0x1800,0x1800,0x1800,0x1800,0x1800,
  0x1800,0x1800,0x1800,0x1800,0x1800,0x1800,0x1800,0x1800,0x1800,0x1800,0x1800,0x1800,0x1800,0x1800,0x1800,0x1800,
  0x1800,0x1800,0x1800,0x1800,0x1800,0x1800,0x1800,0x1800,0x1800,0x1800,0x1800,0x1800,0x1800,0x1800,0x1800,0x1800,
  0x1800,0x1800,0x1800,0x1800,0x1800,0x1800,0x1800,0x1800,0x1800,0x1800,0x1800,0x1800,0x1800,0x1800,0x1800,0x1800,
  0x1000,0x1000,0x1000,0x1000,0x1000,0x1000,0x1000,0x1000,0x1000,0x1000,0x1000,0x1000,0x1000,0x1000,0x1000,0x1000,
  0x1000,0x1000,0x1000,0x1000,0x1000,0x1000,0x1000,0x1000,0x1000,0x1000,0x1000,0x1000,0x1000,0x1000,0x1000,0x1000,
  0x1000,0x1000,0x1000,0x1000,0x1000,0x1000,0x1000,0x1000,0x1000,0x1000,0x1000,0x1000,0x1000,0x1000,0x1000,0x1000,
  0x1000,0x1000,0x1000,0x1000,0x1000,0x1000,0x1000,0x1000,0x1000,0x1000,0x1000,0x1000,0x1000,0x1000,0x1000,0x1000,
  0x1000,0x1000,0x1000,0x1000,0x1000,0x1000,0x1000,0x1000,0x1000,0x1000,0x1000,0x1000,0x1000,0x1000,0x1000,0x1000,
  0x1000,0x1000,0x1000,0x1000,0x1000,0x1000,0x1000,0x1000,0x1000,0x1000,0x1000,0x1000,0x1000,0x1000,0x1000,0x1000,
  0x1000,0x1000,0x1000,0x1000,0x1000,0x1000,0x1000,0x1000,0x1000,0x1000,0x1000,0x1000,0x1000,0x1000,0x1000,0x1000,
  0x1000,0x1000,0x1000,0x1000,0x1000,0x1000,0x1000,0x1000,0x1000,0x1000,0x1000,0x1000,0x1000,0x1000,0x1000,0x1000,
  0x1000,0x1000,0x1000,0x1000,0x1000,0x1000,0x1000,0x1000,0x1000,0x1000,0x1000,0x1000,0x1000,0x1000,0x1000,0x1000,
  0x1000,0x1000,0x1000,0x1000,0x1000,0x1000,0x1000,0x1000,0x1000,0x1000,0x1000,0x1000,0x1000,0x1000,0x1000,0x1000,
  0x1000,0x1000,0x1000,0x1000,0x1000,0x1000,0x1000,0x1000,0x1000,0x1000,0x1000,0x1000,0x1000,0x1000,0x1000,0x1000,
  0x1000,0x1000,0x1000,0x1000,0x1000,0x1000,0x1000,0x1000,0x1000,0x1000,0x1000,0x1000,0x1000,0x1000,0x1000,0x1000,
  0x1000,0x1000,0x1000,0x1000,0x1000,0x1000,0x1000,0x1000,0x1000,0x1000,0x1000,0x1000,0x1000,0x1000,0x1000,0x1000,
  0x1000,0x1000,0x1000,0x1000,0x1000,0x1000,0x1000,0x1000,0x1000,0x1000,0x1000,0x1000,0x90E0,0x1000,0x1000,0x1000,
  0x1000,0x1000,0x1000,0x1000,0x1000,0x1000,0x1000,0x1000,0x1000,0x1000,0x1000,0x1000,0x1000,0x1000,0x1000,0x1000,
  0x1000,0x1000,0x1000,0x1000,0x1000,0x1000,0x1000,0x1000,0x1000,0x1000,0x1000,0x1000,0x1000,0x1000,0x1000,0x1000,
  0x1000,0x1000,0x1000,0x1000,0x1000,0x1000,0x1000,0x1000,0x1000,0x1000,0x1000,0x1000,0x1000,0x1000,0x1000,0x1000,
  0x1000,0x1000,0x1000,0x1000,0x1000,0x1000,0x1000,0x1000,0x1000,0x1000,0x1000,0x1000,0x1000,0x1000,0x1000,0x1000,
  0x1000,0x1000,0x1000,0x1000,0x1000,0x1000,0x1000,0x1000,0x1000,0x1000,0x1000,0x90E0,0x90E0,0x90E0,0x1000,0x1000,
  0x1000,0x1000,0x1000,0x1000,0x1000,0x1000,0x1000,0x1000,0x1000,0x1000,0x1000,0x1000,0x1000,0x1000,0x1000,0x1000,
  0x0800,0x0800,0x0800,0x0800,0x0800,0x0800,0x0800,0x0800,0x0800,0x0800,0x0800,0x0800,0x0800,0x0800,0x0800,0x0800,
  0x0800,0x0800,0x0800,0x0800,0x0800,0x0800,0x0800,0x0800,0x0800,0x0800,0x0800,0x0800,0x0800,0x0800,0x0800,0x0800,
  0x0800,0x0800,0x0800,0x0800,0x0800,0x0800,0x0800,0x0800,0x0800,0x0800,0x0800,0x0800,0x0800,0x0800,0x0800,0x0800,
  0x0800,0x0800,0x0800,0x0800,0x0800,0x0800,0x0800,0x0800,0x0800,0x0800,0x0800,0x0800,0x90E0,0x0800,0x0800,0x0800,
  0x0800,0x0800,0x0800,0x0800,0x0800,0x0800,0x0800,0x0800,0x0800,0x0800,0x0800,0x0800,0x0800,0x0800,0x0800,0x0800,
  0x0800,0x0800,0x0800,0x0800,0x0800,0x0800,0x0800,0x0800,0x0800,0x0800,0x0800,0x0800,0x0800,0x0800,0x0800,0x0800,
  0x0800,0x0800,0x0800,0x0800,0x0800,0x0800,0x0800,0x0800,0x0800,0x0800,0x0800,0x0800,0x0800,0x0800,0x0800,0x0800,
  0x0800,0x0800,0x0800,0x0800,0x0800,0x0800,0x0800,0x0800,0x0800,0x0800,0x0800,0x0800,0x0800,0x0800,0x0800,0x0800,
  0x0800,0x0800,0x0800,0x0800,0x0800,0x0800,0x0800,0x0800,0x0800,0x0800,0x0800,0x0800,0x0800,0x0800,0x0800,0x0800,
  0x0800,0x0800,0x0800,0x0800,0x0800,0x0800,0x0800,0x0800,0x0800,0x0800,0x0800,0x0800,0x0800,0x0800,0x0800,0x0800,
  0x0800,0x0800,0x0800,0x0800,0x0800,0x0800,0x0800,0x0800,0x0800,0x0800,0x0800,0x0800,0x0800,0x0800,0x0800,0x0800,
  0x0800,0x0800,0x0800,0x0800,0x0800,0x0800,0x0800,0x0800,0x0800,0x0800,0x0800,0x0800,0x0800,0x0800,0x0800,0x0800,
  0x0800,0x0800,0x0800,0x0800,0x0800,0x0800,0x0800,0x0800,0x0800,0x0800,0x0800,0x0800,0x0800,0x0800,0x0800,0x0800,
  0x0800,0x0800,0x0800,0x0800,0x0800,0x0800,0x0800,0x0800,0x0800,0x0800,0x0800,0x0800,0x0800,0x0800,0x0800,0x0800,
  0x0800,0x0800,0x0800,0x0800,0x0800,0x0800,0x0800,0x0800,0x0800,0x0800,0x0800,0x0800,0x0800,0x0800,0x0800,0x0800,
  0x0800,0x0800,0x0800,0x0800,0x0800,0x0800,0x0800,0x0800,0x0800,0x0800,0x0800,0x0800,0x0800,0x0800,0x0800,0x0800,
  0x0800,0x0800,0x0800,0x0800,0x0800,0x0800,0x0800,0x0800,0x0800,0x0800,0x0800,0x0800,0x0800,0x0800,0x0800,0x0800,
  0x0800,0x0800,0x0800,0x0800,0x0800,0x0800,0x0800,0x0800,0x0800,0x0800,0x0800,0x0800,0x0800,0x0800,0x0800,0x0800,
  0x0800,0x0800,0x0800,0x0800,0x0800,0x0800,0x0800,0x0800,0x0800,0x0800,0x0800,0x0800,0x0800,0x0800,0x0800,0x0800,
  0x0800,0x0800,0x0800,0x0800,0x0800,0x0800,0x0800,0x0800,0x0800,0x0800,0x0800,0x0800,0x0800,0x0800,0x0800,0x0800,
  0x0800,0x0800,0x0800,0x0800,0x0800,0x0800,0x0800,0x0800,0x0800,0x0800,0x0800,0x0800,0x0800,0x0800,0x0800,0x0800,
  0x0800,0x0800,0x0800,0x0800,0x0800,0x0800,0x0800,0x0800,0x0800,0x0800,0x0800,0x0800,0x0800,0x0800,0x0800,0x0800,
  0x0800,0x0800,0x0800,0x0800,0x0800,0x0800,0x0800,0x0800,0x0800,0x0800,0x0800,0x0800,0x0800,0x0800,0x0800,0x0800,
  0x0800,0x0800,0x0800,0x0800,0x0800,0x0800,0x0800,0x0800,0x0800,0x0800,0x0800,0x0800,0x0800,0x0800,0x0800,0x0800,
  0x0800,0x0800,0x0800,0x0800,0x0800,0x0800,0x0800,0x0800,0x0800,0x0800,0x0800,0x0800,0x0800,0x0800,0x0800,0x0800,
  0x0000,0x0000,0x0000,0x0000,0x0000,0x0000,0x0000,0x0000,0x0000,0x0000,0x0000,0x0000,0x0000,0x0000,0x0000,0x0000,
  0x0000,0x0000,0x0000,0x0000,0x0000,0x0000,0x0000,0x0000,0x0000,0x0000,0x0000,0x0000,0x0000,0x0000,0x0000,0x0000,
  0x0000,0x0000,0x0000,0x0000,0x0000,0x0000,0x0000,0x0000,0x0000,0x0000,0x0000,0x0000,0x0000,0x0000,0x0000,0x0000,
  0x0000,0x0000,0x0000,0x0000,0x0000,0x0000,0x0000,0x0000,0x0000,0x0000,0x0000,0x0000,0x0000,0x0000,0x0000,0x0000,
  0x0000,0x0000,0x0000,0x0000,0x0000,0x0000,0x0000,0x0000,0x0000,0x0000,0x0000,0x0000,0x0000,0x0000,0x0000,0x0000,
  0x0000,0x0000,0x0000,0x0000,0x0000,0x0000,0x0000,0x0000,0x0000,0x0000,0x0000,0x0000,0x0000,0x0000,0x0000,0x0000,
  0x0000,0x0000,0x0000,0x0000,0x0000,0x0000,0x0000,0x0000,0x0000,0x0000,0x0000,0x0000,0x0000,0x0000,0x0000,0x0000,
  0x0000,0x0000,0x0000,0x0000,0x0000,0x0000,0x0000,0x0000,0x0000,0x0000,0x0000,0x0000,0x0000,0x0000,0x0000,0x0000,
  0x0000,0x0000,0x0000,0x0000,0x0000,0x0000,0x0000,0x0000,0x0000,0x0000,0x0000,0x0000,0x0000,0x0000,0x0000,0x0000,
  0x0000,0x0000,0x0000,0x0000,0x0000,0x0000,0x0000,0x0000,0x0000,0x0000,0x0000,0x0000,0x0000,0x0000,0x0000,0x0000,
  0x0000,0x0000,0x0000,0x0000,0x0000,0x0000,0x0000,0x0000,0x0000,0x0000,0x0000,0x0000,0x0000,0x0000,0x0000,0x0000,
  0x0000,0x0000,0x0000,0x0000,0x0000,0x0000,0x0000,0x0000,0x0000,0x0000,0x0000,0x0000,0x0000,0x0000,0x0000,0x0000,
  0x0000,0x0000,0x0000,0x0000,0x0000,0x0000,0x0000,0x0000,0x0000,0x0000,0x0000,0x0000,0x0000,0x0000,0x0000,0x0000,
  0x0000,0x0000,0x0000,0x0000,0x0000,0x0000,0x0000,0x0000,0x0000,0x0000,0x0000,0x0000,0x0000,0x0000,0x0000,0x0000,
  0x0000,0x0000,0x0000,0x0000,0x0000,0x0000,0x0000,0x0000,0x0000,0x0000,0x0000,0x0000,0x0000,0x0000,0x0000,0x0000,
  0x9000,0x9000,0x9000,0x9000,0x9000,0x9000,0x9000,0x9000,0x9000,0x9000,0x9000,0x9000,0x9000,0x9000,0x9000,0x9000,
  0x9000,0x9000,0x9000,0x9000,0x9000,0x9000,0x9000,0x9000,0x9000,0x9000,0x9000,0x9000,0x9000,0x9000,0x9000,0x9000,
  0x9000,0x9000,0x9000,0x9000,0x9000,0x9000,0x9000,0x9000,0x9000,0x9000,0x9000,0x9000,0x9000,0x9000,0x9000,0x9000,
  0x9000,0x9000,0x9000,0x9000,0x9000,0x9000,0x9000,0x9000,0x9000,0x9000,0x9000,0x9000,0x9000,0x9000,0x9000,0x9000,
  0x9000,0x9000,0x9000,0x9000,0x9000,0x9000,0x9000,0x9000,0x9000,0x9000,0x9000,0x9000,0x9000,0x9000,0x9000,0x9000,
  0x5000,0x5000,0x5000,0x5000,0x5000,0x5000,0x5000,0x5000,0x5000,0x5000,0x5000,0x5000,0x5000,0x5000,0x5000,0x5000,
  0x5000,0x5000,0x5000,0x5000,0x5000,0x5000,0x5000,0x5000,0x5000,0x5000,0x5000,0x5000,0x5000,0x5000,0x5000,0x5000,
  0x5000,0x5000,0x5000,0x5000,0x5000,0x5000,0x5000,0x5000,0x5000,0x5000,0x5000,0x5000,0x5000,0x5000,0x5000,0x5000,
  0x5000,0x5000,0x5000,0x5000,0x5000,0x5000,0x5000,0x5000,0x5000,0x5000,0x5000,0x5000,0x5000,0x5000,0x5000,0x5000,
  0x5000,0x5000,0x5000,0x5000,0x5000,0x5000,0x5000,0x5000,0x5000,0x5000,0x5000,0x5000,0x5000,0x5000,0x5000,0x5000,
  0x1800,0x1800,0x1800,0x1800,0x1800,0x1800,0x1800,0x1800,0x1800,0x1800,0x1800,0x1800,0x1800,0x1800,0x1800,0x1800,
  0x1800,0x1800,0x1800,0x1800,0x1800,0x1800,0x1800,0x1800,0x1800,0x1800,0x1800,0x1800,0x1800,0x1800,0x1800,0x1800,
  0x1800,0x1800,0x1800,0x1800,0x1800,0x1800,0x1800,0x1800,0x1800,0x1800,0x1800,0x1800,0x1800,0x1800,0x1800,0x1800,
  0x1800,0x1800,0x1800,0x1800,0x1800,0x1800,0x1800,0x1800,0x1800,0x1800,0x1800,0x1800,0x1800,0x1800,0x1800,0x1800,
  0x1800,0x1800,0x1800,0x1800,0x1800,0x1800,0x1800,0x1800,0x1800,0x1800,0x1800,0x1800,0x1800,0x1800,0x1800,0x1800,
  0x1800,0x1800,0x1800,0x1800,0x1800,0x1800,0x1800,0x1800,0x1800,0x1800,0x1800,0x1800,0x1800,0x1800,0x1800,0x1800,
  0x1800,0x1800,0x1800,0x1800,0x1800,0x1800,0x1800,0x1800,0x1800,0x1800,0x1800,0x1800,0x1800,0x1800,0x1800,0x1800,
  0x1800,0x1800,0x1800,0x1800,0x1800,0x1800,0x1800,0x1800,0x1800,0x1800,0x1800,0x1800,0x1800,0x1800,0x1800,0x1800,
  0x1800,0x1800,0x1800,0x1800,0x1800,0x1800,0x1800,0x1800,0x1800,0x1800,0x1800,0x1800,0x1800,0x1800,0x1800,0x1800,
  0x1800,0x1800,0x1800,0x1800,0x1800,0x1800,0x1800,0x1800,0x1800,0x1800,0x1800,0x1800,0x1800,0x1800,0x1800,0x1800,
  0x1800,0x1800,0x1800,0x1800,0x1800,0x1800,0x1800,0x1800,0x1800,0x1800,0x1800,0x1800,0x1800,0x1800,0x1800,0x1800,
  0x1800,0x1800,0x1800,0x1800,0x1800,0x1800,0x1800,0x1800,0x1800,0x1800,0x1800,0x1800,0x1800,0x1800,0x1800,0x1800,
  0x1800,0x1800,0x1800,0x1800,0x1800,0x1800,0x1800,0x1800,0x1800,0x1800,0x1800,0x1800,0x1800,0x1800,0x1800,0x1800,
  0x1800,0x1800,0x1800,0x1800,0x1800,0x1800,0x1800,0x1800,0x1800,0x1800,0x1800,0x1800,0x1800,0x1800,0x1800,0x1800,
  0x1800,0x1800,0x1800,0x1800,0x1800,0x1800,0x1800,0x1800,0x1800,0x1800,0x1800,0x1800,0x1800,0x1800,0x1800,0x1800,
  0x1800,0x1800,0x1800,0x1800,0x1800,0x1800,0x1800,0x1800,0x1800,0x1800,0x1800,0x1800,0x1800,0x1800,0x1800,0x1800,
  0x1800,0x1800,0x1800,0x1800,0x1800,0x1800,0x1800,0x1800,0x1800,0x1800,0x1800,0x1800,0x1800,0x1800,0x1800,0x1800,
  0x1800,0x1800,0x1800,0x1800,0x1800,0x1800,0x1800,0x1800,0x1800,0x1800,0x1800,0x1800,0x1800,0x1800,0x1800,0x1800,
  0x1800,0x1800,0x1800,0x1800,0x1800,0x1800,0x1800,0x1800,0x1800,0x1800,0x1800,0x1800,0x1800,0x1800,0x1800,0x1800,
  0x1800,0x1800,0x1800,0x1800,0x1800,0x1800,0x1800,0x1800,0x1800,0x1800,0x1800,0x1800,0x1800,0x1800,0x1800,0x1800,
  0x1800,0x1800,0x1800,0x1800,0x1800,0x1800,0x1800,0x1800,0x1800,0x1800,0x1800,0x1800,0x1800,0x1800,0x1800,0x1800,
  0x1800,0x1800,0x1800,0x1800,0x1800,0x1800,0x1800,0x1800,0x1800,0x1800,0x1800,0x1800,0x1800,0x1800,0x1800,0x1800,
  0x1800,0x1800,0x1800,0x1800,0x1800,0x1800,0x1800,0x1800,0x1800,0x1800,0x1800,0x1800,0x1800,0x1800,0x1800,0x1800,
  0x1800,0x1800,0x1800,0x1800,0x1800,0x1800,0x1800,0x1800,0x1800,0x1800,0x1800,0x1800,0x1800,0x1800,0x1800,0x1800,
  0x1800,0x1800,0x1800,0x1800,0x1800,0x1800,0x1800,0x1800,0x1800,0x1800,0x1800,0x1800,0x1800,0x1800,0x1800,0x1800,
  0x1800,0x1800,0x1800,0x1800,0x1800,0x1800,0x1800,0x1800,0x1800,0x1800,0x1800,0x1800,0x1800,0x1800,0x1800,0x1800,
  0x1800,0x1800,0x1800,0x1800,0x1800,0x1800,0x1800,0x1800,0x1800,0x1800,0x1800,0x1800,0x1800,0x1800,0x1800,0x1800,
  0x1800,0x1800,0x1800,0x1800,0x1800,0x1800,0x1800,0x1800,0x1800,0x1800,0x1800,0x1800,0x1800,0x1800,0x1800,0x1800,
  0x1800,0x1800,0x1800,0x1800,0x1800,0x1800,0x1800,0x1800,0x1800,0x1800,0x1800,0x1800,0x1800,0x1800,0x1800,0x1800,
  0x1800,0x1800,0x1800,0x1800,0x1800,0x1800,0x1800,0x1800,0x1800,0x1800,0x1800,0x1800,0x1800,0x1800,0x1800,0x1800,
  0x1800,0x1800,0x1800,0x1800,0x1800,0x1800,0x1800,0x1800,0x1800,0x1800,0x1800,0x1800,0x1800,0x1800,0x1800,0x1800,
  0x1800,0x1800,0x1800,0x1800,0x1800,0x1800,0x1800,0x1800,0x1800,0x1800,0x1800,0x1800,0x1800,0x1800,0x1800,0x1800,
  0x1800,0x1800,0x1800,0x1800,0x1800,0x1800,0x1800,0x1800,0x1800,0x1800,0x1800,0x1800,0x1800,0x1800,0x1800,0x1800,
  0x1800,0x1800,0x1800,0x1800,0x1800,0x1800,0x1800,0x1800,0x1800,0x1800,0x1800,0x1800,0x1800,0x1800,0x1800,0x1800,
  0x1800,0x1800,0x1800,0x1800,0x1800,0x1800,0x1800,0x1800,0x1800,0x1800,0x1800,0x1800,0x1800,0x1800,0x1800,0x1800,
  0x1800,0x1800,0x1800,0x1800,0x1800,0x1800,0x1800,0x1800,0x1800,0x1800,0x1800,0x1800,0x1800,0x1800,0x1800,0x1800,
  0x1800,0x1800,0x1800,0x1800,0x1800,0x1800,0x1800,0x1800,0x1800,0x1800,0x1800,0x1800,0x1800,0x1800,0x1800,0x1800,
  0x1800,0x1800,0x1800,0x1800,0x1800,0x1800,0x1800,0x1800,0x1800,0x1800,0x1800,0x1800,0x1800,0x1800,0x1800,0x1800,
  0x1800,0x1800,0x1800,0x1800,0x1800,0x1800,0x1800,0x1800,0x1800,0x1800,0x1800,0x1800,0x1800,0x1800,0x1800,0x1800,
  0x1800,0x1800,0x1800,0x1800,0x1800,0x1800,0x1800,0x1800,0x1800,0x1800,0x1800,0x1800,0x1800,0x1800,0x1800,0x1800,
  0x1800,0x1800,0x1800,0x1800,0x1800,0x1800,0x1800,0x1800,0x1800,0x1800,0x1800,0x1800,0x1800,0x1800,0x1800,0x1800,
  0x1800,0x1800,0x1800,0x1800,0x1800,0x1800,0x1800,0x1800,0x1800,0x1800,0x1800,0x1800,0x1800,0x1800,0x1800,0x1800,
  0x1800,0x1800,0x1800,0x1800,0x1800,0x1800,0x1800,0x1800,0x1800,0x1800,0x1800,0x1800,0x1800,0x1800,0x1800,0x1800,
  0x1800,0x1800,0x1800,0x1800,0x1800,0x1800,0x1800,0x1800,0x1800,0x1800,0x1800,0x1800,0x1800,0x1800,0x1800,0x1800,
  0x1800,0x1800,0x1800,0x1800,0x1800,0x1800,0x1800,0x1800,0x1800,0x1800,0x1800,0x1800,0x1800,0x1800,0x1800,0x1800,
  0x1800,0x1800,0x1800,0x1800,0x1800,0x1800,0x1800,0x1800,0x1800,0x1800,0x1800,0x1800,0x1800,0x1800,0x1800,0x1800,
  0x1800,0x1800,0x1800,0x1800,0x1800,0x1800,0x1800,0x1800,0x1800,0x1800,0x1800,0x1800,0x1800,0x1800,0x1800,0x1800,
  0x1800,0x1800,0x1800,0x1800,0x1800,0x1800,0x1800,0x1800,0x1800,0x1800,0x1800,0x1800,0x1800,0x1800,0x1800,0x1800,
  0x1800,0x1800,0x1800,0x1800,0x1800,0x1800,0x1800,0x1800,0x1800,0x1800,0x1800,0x1800,0x1800,0x1800,0x1800,0x1800,
  0x1800,0x1800,0x1800,0x1800,0x1800,0x1800,0x1800,0x1800,0x1800,0x1800,0x1800,0x1800,0x1800,0x1800,0x1800,0x1800,
  0x1800,0x1800,0x1800,0x1800,0x1800,0x1800,0x1800,0x1800,0x1800,0x1800,0x1800,0x1800,0x1800,0x1800,0x1800,0x1800,
  0x1800,0x1800,0x1800,0x1800,0x1800,0x1800,0x1800,0x1800,0x1800,0x1800,0x1800,0x1800,0x1800,0x1800,0x1800,0x1800,
  0x1800,0x1800,0x1800,0x1800,0x1800,0x1800,0x1800,0x1800,0x1800,0x1800,0x1800,0x1800,0x1800,0x1800,0x1800,0x1800,
  0x1800,0x1800,0x1800,0x1800,0x1800,0x1800,0x1800,0x1800,0x1800,0x1800,0x1800,0x1800,0x1800,0x1800,0x1800,0x1800,
  0x1800,0x1800,0x1800,0x1800,0x1800,0x1800,0x1800,0x1800,0x1800,0x1800,0x1800,0x1800,0x1800,0x1800,0x1800,0x1800,
  0x1800,0x1800,0x1800,0x1800,0x1800,0x1800,0x1800,0x1800,0x1800,0x1800,0x1800,0x1800,0x1800,0x1800,0x1800,0x1800,
  0x1800,0x1800,0x1800,0x1800,0x1800,0x1800,0x1800,0x1800,0x1800,0x1800,0x1800,0x1800,0x1800,0x1800,0x1800,0x1800,
  0x1800,0x1800,0x1800,0x1800,0x1800,0x1800,0x1800,0x1800,0x1800,0x1800,0x1800,0x1800,0x1800,0x1800,0x1800,0x1800,
  0x1800,0x1800,0x1800,0x1800,0x1800,0x1800,0x1800,0x1800,0x1800,0x1800,0x1800,0x1800,0x1800,0x1800,0x1800,0x1800,
  0x1800,0x1800,0x1800,0x1800,0x1800,0x1800,0x1800,0x1800,0x1800,0x1800,0x1800,0x1800,0x1800,0x1800,0x1800,0x1800,
  0x1800,0x1800,0x1800,0x1800,0x1800,0x1800,0x1800,0x1800,0x1800,0x1800,0x1800,0x1800,0x1800,0x1800,0x1800,0x1800,
  0x1800,0x1800,0x1800,0x1800,0x1800,0x1800,0x1800,0x1800,0x1800,0x1800,0x1800,0x1800,0x1800,0x1800,0x1800,0x1800,
  0x1800,0x1800,0x1800,0x1800,0x1800,0x1800,0x1800,0x1800,0x1800,0x1800,0x1800,0x1800,0x1800,0x1800,0x1800,0x1800,
  0x1800,0x1800,0x1800,0x1800,0x1800,0x1800,0x1800,0x1800,0x1800,0x1800,0x1800,0x1800,0x1800,0x1800,0x1800,0x1800,
  0x1800,0x1800,0x1800,0x1800,0x1800,0x1800,0x1800,0x1800,0x1800,0x1800,0x1800,0x1800,0x1800,0x1800,0x1800,0x1800,
  0x1800,0x1800,0x1800,0x1800,0x1800,0x1800,0x1800,0x1800,0x1800,0x1800,0x1800,0x1800,0x1800,0x1800,0x1800,0x1800,
  0x1800,0x1800,0x1800,0x1800,0x1800,0x1800,0x1800,0x1800,0x1800,0x1800,0x1800,0x1800,0x1800,0x1800,0x1800,0x1800,
  0x1800,0x1800,0x1800,0x1800,0x1800,0x1800,0x1800,0x1800,0x1800,0x1800,0x1800,0x1800,0x1800,0x1800,0x1800,0x1800,
  0x1800,0x1800,0x1800,0x1800,0x1800,0x1800,0x1800,0x1800,0x1800,0x1800,0x1800,0x1800,0x1800,0x1800,0x1800,0x1800,
  0x1800,0x1800,0x1800,0x1800,0x1800,0x1800,0x1800,0x1800,0x1800,0x1800,0x1800,0x1800,0x1800,0x1800,0x1800,0x1800,
  0x1800,0x1800,0x1800,0x1800,0x1800,0x1800,0x1800,0x1800,0x1800,0x1800,0x1800,0x1800,0x1800,0x1800,0x1800,0x1800,
  0x1800,0x1800,0x1800,0x1800,0x1800,0x1800,0x1800,0x1800,0x1800,0x1800,0x1800,0x1800,0x1800,0x1800,0x1800,0x1800,
  0x1800,0x1800,0x1800,0x1800,0x1800,0x1800,0x1800,0x1800,0x1800,0x1800,0x1800,0x1800,0x1800,0x1800,0x1800,0x1800,
  0x1800,0x1800,0x1800,0x1800,0x1800,0x1800,0x1800,0x1800,0x1800,0x1800,0x1800,0x1800,0x1800,0x1800,0x1800,0x1800,
  0x1800,0x1800,0x1800,0x1800,0x1800,0x1800,0x1800,0x1800,0x1800,0x1800,0x1800,0x1800,0x1800,0x1800,0x1800,0x1800,
  0x1800,0x1800,0x1800,0x1800,0x1800,0x1800,0x1800,0x1800,0x1800,0x1800,0x1800,0x1800,0x1800,0x1800,0x1800,0x1800,
  0x1800,0x1800,0x1800,0x1800,0x1800,0x1800,0x1800,0x1800,0x1800,0x1800,0x1800,0x1800,0x1800,0x1800,0x1800,0x1800,
  0x1800,0x1800,0x1800,0x1800,0x1800,0x1800,0x1800,0x1800,0x1800,0x1800,0x1800,0x1800,0x1800,0x1800,0x1800,0x1800,
  0x1800,0x1800,0x1800,0x1800,0x1800,0x1800,0x1800,0x1800,0x1800,0x1800,0x1800,0x1800,0x1800,0x1800,0x1800,0x1800,
  0x1800,0x1800,0x1800,0x1800,0x1800,0x1800,0x1800,0x1800,0x1800,0x1800,0x1800,0x1800,0x1800,0x1800,0x1800,0x1800,
  0x1800,0x1800,0x1800,0x1800,0x1800,0x1800,0x1800,0x1800,0x1800,0x1800,0x1800,0x1800,0x1800,0x1800,0x1800,0x1800,
  0x1800,0x1800,0x1800,0x1800,0x1800,0x1800,0x1800,0x1800,0x1800,0x1800,0x1800,0x1800,0x1800,0x1800,0x1800,0x1800,
  0x1800,0x1800,0x1800,0x1800,0x1800,0x1800,0x1800,0x1800,0x1800,0x1800,0x1800,0x1800,0x1800,0x1800,0x1800,0x1800,
  0x1800,0x1800,0x1800,0x1800,0x1800,0x1800,0x1800,0x1800,0x1800,0x1800,0x1800,0x1800,0x1800,0x1800,0x1800,0x1800,
  0x1800,0x1800,0x1800,0x1800,0x1800,0x1800,0x1800,0x1800,0x1800,0x1800,0x1800,0x1800,0x1800,0x1800,0x1800,0x1800,
  0x1800,0x1800,0x1800,0x1800,0x1800,0x1800,0x1800,0x1800,0x1800,0x1800,0x1800,0x1800,0x1800,0x1800,0x1800,0x1800,
  0x1800,0x1800,0x1800,0x1800,0x1800,0x1800,0x1800,0x1800,0x1800,0x1800,0x1800,0x1800,0x1800,0x1800,0x1800,0x1800,
  0x1800,0x1800,0x1800,0x1800,0x1800,0x1800,0x1800,0x1800,0x1800,0x1800,0x1800,0x1800,0x1800,0x1800,0x1800,0x1800,
  0x1800,0x1800,0x1800,0x1800,0x1800,0x1800,0x1800,0x1800,0x1800,0x1800,0x1800,0x1800,0x1800,0x1800,0x1800,0x1800,
  0x1800,0x1800,0x1800,0x1800,0x1800,0x1800,0x1800,0x1800,0x1800,0x1800,0x1800,0x1800,0x1800,0x1800,0x1800,0x1800,
  0x1800,0x1800,0x1800,0x1800,0x1800,0x1800,0x1800,0x1800,0x1800,0x1800,0x1800,0x1800,0x1800,0x1800,0x1800,0x1800,
  0x1800,0x1800,0x1800,0x1800,0x1800,0x1800,0x1800,0x1800,0x1800,0x1800,0x1800,0x1800,0x1800,0x1800,0x1800,0x1800,
  0x1800,0x1800,0x1800,0x1800,0x1800,0x1800,0x1800,0x1800,0x1800,0x1800,0x1800,0x1800,0x1800,0x1800,0x1800,0x1800,
  0x1800,0x1800,0x1800,0x1800,0x1800,0x1800,0x1800,0x1800,0x1800,0x1800,0x1800,0x1800,0x1800,0x1800,0x1800,0x1800,
  0x1800,0x1800,0x1800,0x1800,0x1800,0x1800,0x1800,0x1800,0x1800,0x1800,0x1800,0x1800,0x1800,0x1800,0x1800,0x1800,
  0x1800,0x1800,0x1800,0x1800,0x1800,0x1800,0x1800,0x1800,0x1800,0x1800,0x1800,0x1800,0x1800,0x1800,0x1800,0x1800,
  0x1800,0x1800,0x1800,0x1800,0x1800,0x1800,0x1800,0x1800,0x1800,0x1800,0x1800,0x1800,0x1800,0x1800,0x1800,0x1800,
  0x1800,0x1800,0x1800,0x1800,0x1800,0x1800,0x1800,0x1800,0x1800,0x1800,0x1800,0x1800,0x1800,0x1800,0x1800,0x1800,
  0x1800,0x1800,0x1800,0x1800,0x1800,0x1800,0x1800,0x1800,0x1800,0x1800,0x1800,0x1800,0x1800,0x1800,0x1800,0x1800,
  0x1800,0x1800,0x1800,0x1800,0x1800,0x1800,0x1800,0x1800,0x1800,0x1800,0x1800,0x1800,0x1800,0x1800,0x1800,0x1800,
  0x1800,0x1800,0x1800,0x1800,0x1800,0x1800,0x1800,0x1800,0x1800,0x1800,0x1800,0x1800,0x1800,0x1800,0x1800,0x1800,
  0x1800,0x1800,0x1800,0x1800,0x1800,0x1800,0x1800,0x1800,0x1800,0x1800,0x1800,0x1800,0x1800,0x1800,0x1800,0x1800,
  0x1800,0x1800,0x1800,0x1800,0x1800,0x1800,0x1800,0x1800,0x1800,0x1800,0x1800,0x1800,0x1800,0x1800,0x1800,0x1800,
  0x1800,0x1800,0x1800,0x1800,0x1800,0x1800,0x1800,0x1800,0x1800,0x1800,0x1800,0x1800,0x1800,0x1800,0x1800,0x1800,
  0x1800,0x1800,0x1800,0x1800,0x1800,0x1800,0x1800,0x1800,0x1800,0x1800,0x1800,0x1800,0x1800,0x1800,0x1800,0x1800,
  0x1800,0x1800,0x1800,0x1800,0x1800,0x1800,0x1800,0x1800,0x1800,0x1800,0x1800,0x1800,0x1800,0x1800,0x1800,0x1800,
  0x1800,0x1800,0x1800,0x1800,0x1800,0x1800,0x1800,0x1800,0x1800,0x1800,0x1800,0x1800,0x1800,0x1800,0x1800,0x1800,
  0x1800,0x1800,0x1800,0x1800,0x1800,0x1800,0x1800,0x1800,0x1800,0x1800,0x1800,0x1800,0x1800,0x1800,0x1800,0x1800,
  0x1800,0x1800,0x1800,0x1800,0x1800,0x1800,0x1800,0x1800,0x1800,0x1800,0x1800,0x1800,0x1800,0x1800,0x1800,0x1800,
  0x1800,0x1800,0x1800,0x1800,0x1800,0x1800,0x1800,0x1800,0x1800,0x1800,0x1800,0x1800,0x1800,0x1800,0x1800,0x1800,
  0x1800,0x1800,0x1800,0x1800,0x1800,0x1800,0x1800,0x1800,0x1800,0x1800,0x1800,0x1800,0x1800,0x1800,0x1800,0x1800,
  0x1800,0x1800,0x1800,0x1800,0x1800,0x1800,0x1800,0x1800,0x1800,0x1800,0x1800,0x1800,0x1800,0x1800,0x1800,0x1800,
  0x1800,0x1800,0x1800,0x1800,0x1800,0x1800,0x1800,0x1800,0x1800,0x1800,0x1800,0x1800,0x1800,0x1800,0x1800,0x1800,
  0x1800,0x1800,0x1800,0x1800,0x1800,0x1800,0x1800,0x1800,0x1800,0x1800,0x1800,0x1800,0x1800,0x1800,0x1800,0x1800,
  0x1800,0x1800,0x1800,0x1800,0x1800,0x1800,0x1800,0x1800,0x1800,0x1800,0x1800,0x1800,0x1800,0x1800,0x1800,0x1800,
  0x1800,0x1800,0x1800,0x1800,0x1800,0x1800,0x1800,0x1800,0x1800,0x1800,0x1800,0x1800,0x1800,0x1800,0x1800,0x1800,
  0x1800,0x1800,0x1800,0x1800,0x1800,0x1800,0x1800,0x1800,0x1800,0x1800,0x1800,0x1800,0x1800,0x1800,0x1800,0x1800,
  0x1800,0x1800,0x1800,0x1800,0x1800,0x1800,0x1800,0x1800,0x1800,0x1800,0x1800,0x1800,0x1800,0x1800,0x1800,0x1800,
  0x1800,0x1800,0x1800,0x1800,0x1800,0x1800,0x1800,0x1800,0x1800,0x1800,0x1800,0x1800,0x1800,0x1800,0x1800,0x1800,
  0x1800,0x1800,0x1800,0x1800,0x1800,0x1800,0x1800,0x1800,0x1800,0x1800,0x1800,0x1800,0x1800,0x1800,0x1800,0x1800,
  0x1800,0x1800,0x1800,0x1800,0x1800,0x1800,0x1800,0x1800,0x1800,0x1800,0x1800,0x1800,0x1800,0x1800,0x1800,0x1800,
  0x1800,0x1800,0x1800,0x1800,0x1800,0x1800,0x1800,0x1800,0x1800,0x1800,0x1800,0x1800,0x1800,0x1800,0x1800,0x1800,
  0x1800,0x1800,0x1800,0x1800,0x1800,0x1800,0x1800,0x1800,0x1800,0x1800,0x1800,0x1800,0x1800,0x1800,0x1800,0x1800,
  0x1800,0x1800,0x1800,0x1800,0x1800,0x1800,0x1800,0x1800,0x1800,0x1800,0x1800,0x1800,0x1800,0x1800,0x1800,0x1800,
  0x1800,0x1800,0x1800,0x1800,0x1800,0x1800,0x1800,0x1800,0x1800,0x1800,0x1800,0x1800,0x1800,0x1800,0x1800,0x1800,
  0x1800,0x1800,0x1800,0x1800,0x1800,0x1800,0x1800,0x1800,0x1800,0x1800,0x1800,0x1800,0x1800,0x1800,0x1800,0x1800,
  0x1800,0x1800,0x1800,0x1800,0x1800,0x1800,0x1800,0x1800,0x1800,0x1800,0x1800,0x1800,0x1800,0x1800,0x1800,0x1800,
  0x1800,0x1800,0x1800,0x1800,0x1800,0x1800,0x1800,0x1800,0x1800,0x1800,0x1800,0x1800,0x1800,0x1800,0x1800,0x1800,
  0x1800,0x1800,0x1800,0x1800,0x1800,0x1800,0x1800,0x1800,0x1800,0x1800,0x1800,0x1800,0x1800,0x1800,0x1800,0x1800,
  0x1800,0x1800,0x1800,0x1800,0x1800,0x1800,0x1800,0x1800,0x1800,0x1800,0x1800,0x1800,0x1800,0x1800,0x1800,0x1800,
  0x1800,0x1800,0x1800,0x1800,0x1800,0x1800,0x1800,0x1800,0x1800,0x1800,0x1800,0x1800,0x1800,0x1800,0x1800,0x1800,
  0x1800,0x1800,0x1800,0x1800,0x1800,0x1800,0x1800,0x1800,0x1800,0x1800,0x1800,0x1800,0x1800,0x1800,0x1800,0x1800,
  0x1800,0x1800,0x1800,0x1800,0x1800,0x1800,0x1800,0x1800,0x1800,0x1800,0x1800,0x1800,0x1800,0x1800,0x1800,0x1800,
  0x1800,0x1800,0x1800,0x1800,0x1800,0x1800,0x1800,0x1800,0x1800,0x1800,0x1800,0x1800,0x1800,0x1800,0x1800,0x1800,
  0x1800,0x1800,0x1800,0x1800,0x1800,0x1800,0x1800,0x1800,0x1800,0x1800,0x1800,0x1800,0x1800,0x1800,0x1800,0x1800,
  0x1800,0x1800,0x1800,0x1800,0x1800,0x1800,0x1800,0x1800,0x1800,0x1800,0x1800,0x1800,0x1800,0x1800,0x1800,0x1800,
  0x1800,0x1800,0x1800,0x1800,0x1800,0x1800,0x1800,0x1800,0x1800,0x1800,0x1800,0x1800,0x1800,0x1800,0x1800,0x1800,
  0x1800,0x1800,0x1800,0x1800,0x1800,0x1800,0x1800,0x1800,0x1800,0x1800,0x1800,0x1800,0x1800,0x1800,0x1800,0x1800,
  0x1800,0x1800,0x1800,0x1800,0x1800,0x1800,0x1800,0x1800,0x1800,0x1800,0x1800,0x1800,0x1800,0x1800,0x1800,0x1800,
  0x1800,0x1800,0x1800,0x1800,0x1800,0x1800,0x1800,0x1800,0x1800,0x1800,0x1800,0x1800,0x1800,0x1800,0x1800,0x1800,
  0x1800,0x1800,0x1800,0x1800,0x1800,0x1800,0x1800,0x1800,0x1800,0x1800,0x1800,0x1800,0x1800,0x1800,0x1800,0x1800,
  0x1800,0x1800,0x1800,0x1800,0x1800,0x1800,0x1800,0x1800,0x1800,0x1800,0x1800,0x1800,0x1800,0x1800,0x1800,0x1800,
  0x1800,0x1800,0x1800,0x1800,0x1800,0x1800,0x1800,0x1800,0x1800,0x1800,0x1800,0x1800,0x1800,0x1800,0x1800,0x1800,
  0x1800,0x1800,0x1800,0x1800,0x1800,0x1800,0x1800,0x1800,0x1800,0x1800,0x1800,0x1800,0x1800,0x1800,0x1800,0x1800,
  0x1800,0x1800,0x1800,0x1800,0x1800,0x1800,0x1800,0x1800,0x1800,0x1800,0x1800,0x1800,0x1800,0x1800,0x1800,0x1800,
  0x1800,0x1800,0x1800,0x1800,0x1800,0x1800,0x1800,0x1800,0x1800,0x1800,0x1800,0x1800,0x1800,0x1800,0x1800,0x1800,
  0x1800,0x1800,0x1800,0x1800,0x1800,0x1800,0x1800,0x1800,0x1800,0x1800,0x1800,0x1800,0x1800,0x1800,0x1800,0x1800,
  0x1800,0x1800,0x1800,0x1800,0x1800,0x1800,0x1800,0x1800,0x1800,0x1800,0x1800,0x1800,0x1800,0x1800,0x1800,0x1800,
  0x1800,0x1800,0x1800,0x1800,0x1800,0x1800,0x1800,0x1800,0x1800,0x1800,0x1800,0x1800,0x1800,0x1800,0x1800,0x1800,
  0x1800,0x1800,0x1800,0x1800,0x1800,0x1800,0x1800,0x1800,0x1800,0x1800,0x1800,0x1800,0x1800,0x1800,0x1800,0x1800,
  0x1800,0x1800,0x1800,0x1800,0x1800,0x1800,0x1800,0x1800,0x1800,0x1800,0x1800,0x1800,0x1800,0x1800,0x1800,0x1800,
  0x1800,0x1800,0x1800,0x1800,0x1800,0x1800,0x1800,0x1800,0x1800,0x1800,0x1800,0x1800,0x1800,0x1800,0x1800,0x1800,
  0x1800,0x1800,0x1800,0x1800,0x1800,0x1800,0x1800,0x1800,0x1800,0x1800,0x1800,0x1800,0x1800,0x1800,0x1800,0x1800,
  0x1800,0x1800,0x1800,0x1800,0x1800,0x1800,0x1800,0x1800,0x1800,0x1800,0x1800,0x1800,0x1800,0x1800,0x1800,0x1800,
  0x1800,0x1800,0x1800,0x1800,0x1800,0x1800,0x1800,0x1800,0x1800,0x1800,0x1800,0x1800,0x1800,0x1800,0x1800,0x1800,
  0x1800,0x1800,0x1800,0x1800,0x1800,0x1800,0x1800,0x1800,0x1800,0x1800,0x1800,0x1800,0x1800,0x1800,0x1800,0x1800,
  0x1800,0x1800,0x1800,0x1800,0x1800,0x1800,0x1800,0x1800,0x1800,0x1800,0x1800,0x1800,0x1800,0x1800,0x1800,0x1800,
  0x1800,0x1800,0x1800,0x1800,0x1800,0x1800,0x1800,0x1800,0x1800,0x1800,0x1800,0x1800,0x1800,0x1800,0x1800,0x1800,
  0x1800,0x1800,0x1800,0x1800,0x1800,0x1800,0x1800,0x1800,0x1800,0x1800,0x1800,0x1800,0x1800,0x1800,0x1800,0x1800,
  0x1800,0x1800,0x1800,0x1800,0x1800,0x1800,0x1800,0x1800,0x1800,0x1800,0x1800,0x1800,0x1800,0x1800,0x1800,0x1800,
  0x1800,0x1800,0x1800,0x1800,0x1800,0x1800,0x1800,0x1800,0x1800,0x1800,0x1800,0x1800,0x1800,0x1800,0x1800,0x1800,
  0x1800,0x1800,0x1800,0x1800,0x1800,0x1800,0x1800,0x1800,0x1800,0x1800,0x1800,0x1800,0x1800,0x1800,0x1800,0x1800,
  0x1800,0x1800,0x1800,0x1800,0x1800,0x1800,0x1800,0x1800,0x1800,0x1800,0x1800,0x1800,0x1800,0x1800,0x1800,0x1800,
  0x1800,0x1800,0x1800,0x1800,0x1800,0x1800,0x1800,0x1800,0x1800,0x1800,0x1800,0x1800,0x1800,0x1800,0x1800,0x1800,
  0x1800,0x1800,0x1800,0x1800,0x1800,0x1800,0x1800,0x1800,0x1800,0x1800,0x1800,0x1800,0x1800,0x1800,0x1800,0x1800,
  0x1800,0x1800,0x1800,0x1800,0x1800,0x1800,0x1800,0x1800,0x1800,0x1800,0x1800,0x1800,0x1800,0x1800,0x1800,0x1800,
  0x1800,0x1800,0x1800,0x1800,0x1800,0x1800,0x1800,0x1800,0x1800,0x1800,0x1800,0x1800,0x1800,0x1800,0x1800,0x1800,
  0x1800,0x1800,0x1800,0x1800,0x1800,0x1800,0x1800,0x1800,0x1800,0x1800,0x1800,0x1800,0x1800,0x1800,0x1800,0x1800,
  0x1800,0x1800,0x1800,0x1800,0x1800,0x1800,0x1800,0x1800,0x1800,0x1800,0x1800,0x1800,0x1800,0x1800,0x1800,0x1800,
  0x1800,0x1800,0x1800,0x1800,0x1800,0x1800,0x1800,0x1800,0x1800,0x1800,0x1800,0x1800,0x1800,0x1800,0x1800,0x1800,
  0x1800,0x1800,0x1800,0x1800,0x1800,0x1800,0x1800,0x1800,0x1800,0x1800,0x1800,0x1800,0x1800,0x1800,0x1800,0x1800,
  0x1800,0x1800,0x1800,0x1800,0x1800,0x1800,0x1800,0x1800,0x1800,0x1800,0x1800,0x1800,0x1800,0x1800,0x1800,0x1800,
  0x1800,0x1800,0x1800,0x1800,0x1800,0x1800,0x1800,0x1800,0x1800,0x1800,0x1800,0x1800,0x1800,0x1800,0x1800,0x1800,
  0x1800,0x1800,0x1800,0x1800,0x1800,0x1800,0x1800,0x1800,0x1800,0x1800,0x1800,0x1800,0x1800,0x1800,0x1800,0x1800,
  0x1800,0x1800,0x1800,0x1800,0x1800,0x1800,0x1800,0x1800,0x1800,0x1800,0x1800,0x1800,0x1800,0x1800,0x1800,0x1800,
  0x1800,0x1800,0x1800,0x1800,0x1800,0x1800,0x1800,0x1800,0x1800,0x1800,0x1800,0x1800,0x1800,0x1800,0x1800,0x1800,
  0x1800,0x1800,0x1800,0x1800,0x1800,0x1800,0x1800,0x1800,0x1800,0x1800,0x1800,0x1800,0x1800,0x1800,0x1800,0x1800,
  0x1800,0x1800,0x1800,0x1800,0x1800,0x1800,0x1800,0x1800,0x1800,0x1800,0x1800,0x1800,0x1800,0x1800,0x1800,0x1800,
  0x1800,0x1800,0x1800,0x1800,0x1800,0x1800,0x1800,0x1800,0x1800,0x1800,0x1800,0x1800,0x1800,0x1800,0x1800,0x1800,
  0x1800,0x1800,0x1800,0x1800,0x1800,0x1800,0x1800,0x1800,0x1800,0x1800,0x1800,0x1800,0x1800,0x1800,0x1800,0x1800,
  0x1800,0x1800,0x1800,0x1800,0x1800,0x1800,0x1800,0x1800,0x1800,0x1800,0x1800,0x1800,0x1800,0x1800,0x1800,0x1800,
  0x1800,0x1800,0x1800,0x1800,0x1800,0x1800,0x1800,0x1800,0x1800,0x1800,0x1800,0x1800,0x1800,0x1800,0x1800,0x1800,
  0x1800,0x1800,0x1800,0x1800,0x1800,0x1800,0x1800,0x1800,0x1800,0x1800,0x1800,0x1800,0x1800,0x1800,0x1800,0x1800,
  0x1800,0x1800,0x1800,0x1800,0x1800,0x1800,0x1800,0x1800,0x1800,0x1800,0x1800,0x1800,0x1800,0x1800,0x1800,0x1800,
  0x1800,0x1800,0x1800,0x1800,0x1800,0x1800,0x1800,0x1800,0x1800,0x1800,0x1800,0x1800,0x1800,0x1800,0x1800,0x1800,
  0x1800,0x1800,0x1800,0x1800,0x1800,0x1800,0x1800,0x1800,0x1800,0x1800,0x1800,0x1800,0x1800,0x1800,0x1800,0x1800,
  0x1800,0x1800,0x1800,0x1800,0x1800,0x1800,0x1800,0x1800,0x1800,0x1800,0x1800,0x1800,0x1800,0x1800,0x1800,0x1800,
  0x1800,0x1800,0x1800,0x1800,0x1800,0x1800,0x1800,0x1800,0x1800,0x1800,0x1800,0x1800,0x1800,0x1800,0x1800,0x1800,
  0x1800,0x1800,0x1800,0x1800,0x1800,0x1800,0x1800,0x1800,0x1800,0x1800,0x1800,0x1800,0x1800,0x1800,0x1800,0x1800,
  0x1800,0x1800,0x1800,0x1800,0x1800,0x1800,0x1800,0x1800,0x1800,0x1800,0x1800,0x1800,0x1800,0x1800,0x1800,0x1800,
  0x1800,0x1800,0x1800,0x1800,0x1800,0x1800,0x1800,0x1800,0x1800,0x1800,0x1800,0x1800,0x1800,0x1800,0x1800,0x1800,
  0x1800,0x1800,0x1800,0x1800,0x1800,0x1800,0x1800,0x1800,0x1800,0x1800,0x1800,0x1800,0x1800,0x1800,0x1800,0x1800,
  0x1800,0x1800,0x1800,0x1800,0x1800,0x1800,0x1800,0x1800,0x1800,0x1800,0x1800,0x1800,0x1800,0x1800,0x1800,0x1800,
  0x1800,0x1800,0x1800,0x1800,0x1800,0x1800,0x1800,0x1800,0x1800,0x1800,0x1800,0x1800,0x1800,0x1800,0x1800,0x1800,
  0x1800,0x1800,0x1800,0x1800,0x1800,0x1800,0x1800,0x1800,0x1800,0x1800,0x1800,0x1800,0x1800,0x1800,0x1800,0x1800,
  0x1800,0x1800,0x1800,0x1800,0x1800,0x1800,0x1800,0x1800,0x1800,0x1800,0x1800,0x1800,0x1800,0x1800,0x1800,0x1800,
  0x1800,0x1800,0x1800,0x1800,0x1800,0x1800,0x1800,0x1800,0x1800,0x1800,0x1800,0x1800,0x1800,0x1800,0x1800,0x1800,
  0x1800,0x1800,0x1800,0x1800,0x1800,0x1800,0x1800,0x1800,0x1800,0x1800,0x1800,0x1800,0x1800,0x1800,0x1800,0x1800,
  0x1800,0x1800,0x1800,0x1800,0x1800,0x1800,0x1800,0x1800,0x1800,0x1800,0x1800,0x1800,0x1800,0x1800,0x1800,0x1800,
  0x1800,0x1800,0x1800,0x1800,0x1800,0x1800,0x1800,0x1800,0x1800,0x1800,0x1800,0x1800,0x1800,0x1800,0x1800,0x1800,
  0x1800,0x1800,0x1800,0x1800,0x1800,0x1800,0x1800,0x1800,0x1800,0x1800,0x1800,0x1800,0x1800,0x1800,0x1800,0x1800,
  0x1800,0x1800,0x1800,0x1800,0x1800,0x1800,0x1800,0x1800,0x1800,0x1800,0x1800,0x1800,0x1800,0x1800,0x1800,0x1800,
  0x1800,0x1800,0x1800,0x1800,0x1800,0x1800,0x1800,0x1800,0x1800,0x1800,0x1800,0x1800,0x1800,0x1800,0x1800,0x1800,
  0x1800,0x1800,0x1800,0x1800,0x1800,0x1800,0x1800,0x1800,0x1800,0x1800,0x1800,0x1800,0x1800,0x1800,0x1800,0x1800,
  0x1800,0x1800,0x1800,0x1800,0x1800,0x1800,0x1800,0x1800,0x1800,0x1800,0x1800,0x1800,0x1800,0x1800,0x1800,0x1800,
  0x1800,0x1800,0x1800,0x1800,0x1800,0x1800,0x1800,0x1800,0x1800,0x1800,0x1800,0x1800,0x1800,0x1800,0x1800,0x1800,
  0x1800,0x1800,0x1800,0x1800,0x1800,0x1800,0x1800,0x1800,0x1800,0x1800,0x1800,0x1800,0x1800,0x1800,0x1800,0x1800,
  0x1800,0x1800,0x1800,0x1800,0x1800,0x1800,0x1800,0x1800,0x1800,0x1800,0x1800,0x1800,0x1800,0x1800,0x1800,0x1800,
  0x1800,0x1800,0x1800,0x1800,0x1800,0x1800,0x1800,0x1800,0x1800,0x1800,0x1800,0x1800,0x1800,0x1800,0x1800,0x1800,
  0x1800,0x1800,0x1800,0x1800,0x1800,0x1800,0x1800,0x1800,0x1800,0x1800,0x1800,0x1800,0x1800,0x1800,0x1800,0x1800,
  0x1800,0x1800,0x1800,0x1800,0x1800,0x1800,0x1800,0x1800,0x1800,0x1800,0x1800,0x1800,0x1800,0x1800,0x1800,0x1800,
  0x1800,0x1800,0x1800,0x1800,0x1800,0x1800,0x1800,0x1800,0x1800,0x1800,0x1800,0x1800,0x1800,0x1800,0x1800,0x1800,
  0x1800,0x1800,0x1800,0x1800,0x1800,0x1800,0x1800,0x1800,0x1800,0x1800,0x1800,0x1800,0x1800,0x1800,0x1800,0x1800,
  0x1800,0x1800,0x1800,0x1800,0x1800,0x1800,0x1800,0x1800,0x1800,0x1800,0x1800,0x1800,0x1800,0x1800,0x1800,0x1800,
  0x1800,0x1800,0x1800,0x1800,0x1800,0x1800,0x1800,0x1800,0x1800,0x1800,0x1800,0x1800,0x1800,0x1800,0x1800,0x1800,
  0x1800,0x1800,0x1800,0x1800,0x1800,0x1800,0x1800,0x1800,0x1800,0x1800,0x1800,0x1800,0x1800,0x1800,0x1800,0x1800,
  0x1800,0x1800,0x1800,0x1800,0x1800,0x1800,0x1800,0x1800,0x1800,0x1800,0x1800,0x1800,0x1800,0x1800,0x1800,0x1800,
  0x1800,0x1800,0x1800,0x1800,0x1800,0x1800,0x1800,0x1800,0x1800,0x1800,0x1800,0x1800,0x1800,0x1800,0x1800,0x1800,
  0x1800,0x1800,0x1800,0x1800,0x1800,0x1800,0x1800,0x1800,0x1800,0x1800,0x1800,0x1800,0x1800,0x1800,0x1800,0x1800,
  0x1800,0x1800,0x1800,0x1800,0x1800,0x1800,0x1800,0x1800,0x1800,0x1800,0x1800,0x1800,0x1800,0x1800,0x1800,0x1800,
  0x1800,0x1800,0x1800,0x1800,0x1800,0x1800,0x1800,0x1800,0x1800,0x1800,0x1800,0x1800,0x1800,0x1800,0x1800,0x1800,
  0x1800,0x1800,0x1800,0x1800,0x1800,0x1800,0x1800,0x1800,0x1800,0x1800,0x1800,0x1800,0x1800,0x1800,0x1800,0x1800,
  0x1800,0x1800,0x1800,0x1800,0x1800,0x1800,0x1800,0x1800,0x1800,0x1800,0x1800,0x1800,0x1800,0x1800,0x1800,0x1800,
  0x1800,0x1800,0x1800,0x1800,0x1800,0x1800,0x1800,0x1800,0x1800,0x1800,0x1800,0x1800,0x1800,0x1800,0x1800,0x1800,
  0x1800,0x1800,0x1800,0x1800,0x1800,0x1800,0x1800,0x1800,0x1800,0x1800,0x1800,0x1800,0x1800,0x1800,0x1800,0x1800,
  0x1800,0x1800,0x1800,0x1800,0x1800,0x1800,0x1800,0x1800,0x1800,0x1800,0x1800,0x1800,0x1800,0x1800,0x1800,0x1800,
  0x1800,0x1800,0x1800,0x1800,0x1800,0x1800,0x1800,0x1800,0x1800,0x1800,0x1800,0x1800,0x1800,0x1800,0x1800,0x1800,
  0x1800,0x1800,0x1800,0x1800,0x1800,0x1800,0x1800,0x1800,0x1800,0x1800,0x1800,0x1800,0x1800,0x1800,0x1800,0x1800,
  0x1800,0x1800,0x1800,0x1800,0x1800,0x1800,0x1800,0x1800,0x1800,0x1800,0x1800,0x1800,0x1800,0x1800,0x1800,0x1800,
  0x1800,0x1800,0x1800,0x1800,0x1800,0x1800,0x1800,0x1800,0x1800,0x1800,0x1800,0x1800,0x1800,0x1800,0x1800,0x1800,
  0x1800,0x1800,0x1800,0x1800,0x1800,0x1800,0x1800,0x1800,0x1800,0x1800,0x1800,0x1800,0x1800,0x1800,0x1800,0x1800,
  0x1800,0x1800,0x1800,0x1800,0x1800,0x1800,0x1800,0x1800,0x1800,0x1800,0x1800,0x1800,0x1800,0x1800,0x1800,0x1800,
  0x1800,0x1800,0x1800,0x1800,0x1800,0x1800,0x1800,0x1800,0x1800,0x1800,0x1800,0x1800,0x1800,0x1800,0x1800,0x1800,
  0x1800,0x1800,0x1800,0x1800,0x1800,0x1800,0x1800,0x1800,0x1800,0x1800,0x1800,0x1800,0x1800,0x1800,0x1800,0x1800,
  0x1800,0x1800,0x1800,0x1800,0x1800,0x1800,0x1800,0x1800,0x1800,0x1800,0x1800,0x1800,0x1800,0x1800,0x1800,0x1800,
  0x1800,0x1800,0x1800,0x1800,0x1800,0x1800,0x1800,0x1800,0x1800,0x1800,0x1800,0x1800,0x1800,0x1800,0x1800,0x1800,
  0x1800,0x1800,0x1800,0x1800,0x1800,0x1800,0x1800,0x1800,0x1800,0x1800,0x1800,0x1800,0x1800,0x1800,0x1800,0x1800,
  0x1800,0x1800,0x1800,0x1800,0x1800,0x1800,0x1800,0x1800,0x1800,0x1800,0x1800,0x1800,0x1800,0x1800,0x1800,0x1800,
  0x1800,0x1800,0x1800,0x1800,0x1800,0x1800,0x1800,0x1800,0x1800,0x1800,0x1800,0x1800,0x1800,0x1800,0x1800,0x1800,
  0x1800,0x1800,0x1800,0x1800,0x1800,0x1800,0x1800,0x1800,0x1800,0x1800,0x1800,0x1800,0x1800,0x1800,0x1800,0x1800,
  0x1800,0x1800,0x1800,0x1800,0x1800,0x1800,0x1800,0x1800,0x1800,0x1800,0x1800,0x1800,0x1800,0x1800,0x1800,0x1800,
  0x1800,0x1800,0x1800,0x1800,0x1800,0x1800,0x1800,0x1800,0x1800,0x1800,0x1800,0x1800,0x1800,0x1800,0x1800,0x1800,
  0x1800,0x1800,0x1800,0x1800,0x1800,0x1800,0x1800,0x1800,0x1800,0x1800,0x1800,0x1800,0x1800,0x1800,0x1800,0x1800,
  0x1800,0x1800,0x1800,0x1800,0x1800,0x1800,0x1800,0x1800,0x1800,0x1800,0x1800,0x1800,0x1800,0x1800,0x1800,0x1800,
  0x1800,0x1800,0x1800,0x1800,0x1800,0x1800,0x1800,0x1800,0x1800,0x1800,0x1800,0x1800,0x1800,0x1800,0x1800,0x1800,
  0x1800,0x1800,0x1800,0x1800,0x1800,0x1800,0x1800,0x1800,0x1800,0x1800,0x1800,0x1800,0x1800,0x1800,0x1800,0x1800,
  0x1800,0x1800,0x1800,0x1800,0x1800,0x1800,0x1800,0x1800,0x1800,0x1800,0x1800,0x1800,0x1800,0x1800,0x1800,0x1800,
  0x1800,0x1800,0x1800,0x1800,0x1800,0x1800,0x1800,0x1800,0x1800,0x1800,0x1800,0x1800,0x1800,0x1800,0x1800,0x1800,
  0x1800,0x1800,0x1800,0x1800,0x1800,0x1800,0x1800,0x1800,0x1800,0x1800,0x1800,0x1800,0x1800,0x1800,0x1800,0x1800,
  0x1800,0x1800,0x1800,0x1800,0x1800,0x1800,0x1800,0x1800,0x1800,0x1800,0x1800,0x1800,0x1800,0x1800,0x1800,0x1800,
  0x1800,0x1800,0x1800,0x1800,0x1800,0x1800,0x1800,0x1800,0x1800,0x1800,0x1800,0x1800,0x1800,0x1800,0x1800,0x1800,
  0x1800,0x1800,0x1800,0x1800,0x1800,0x1800,0x1800,0x1800,0x1800,0x1800,0x1800,0x1800,0x1800,0x1800,0x1800,0x1800,
  0x1800,0x1800,0x1800,0x1800,0x1800,0x1800,0x1800,0x1800,0x1800,0x1800,0x1800,0x1800,0x1800,0x1800,0x1800,0x1800,
  0x1800,0x1800,0x1800,0x1800,0x1800,0x1800,0x1800,0x1800,0x1800,0x1800,0x1800,0x1800,0x1800,0x1800,0x1800,0x1800,
  0x1800,0x1800,0x1800,0x1800,0x1800,0x1800,0x1800,0x1800,0x1800,0x1800,0x1800,0x1800,0x1800,0x1800,0x1800,0x1800,
  0x1800,0x1800,0x1800,0x1800,0x1800,0x1800,0x1800,0x1800,0x1800,0x1800,0x1800,0x1800,0x1800,0x1800,0x1800,0x1800,
  0x1800,0x1800,0x1800,0x1800,0x1800,0x1800,0x1800,0x1800,0x1800,0x1800,0x1800,0x1800,0x1800,0x1800,0x1800,0x1800,
  0x1800,0x1800,0x1800,0x1800,0x1800,0x1800,0x1800,0x1800,0x1800,0x1800,0x1800,0x1800,0x1800,0x1800,0x1800,0x1800,
  0x1800,0x1800,0x1800,0x1800,0x1800,0x1800,0x1800,0x1800,0x1800,0x1800,0x1800,0x1800,0x1800,0x1800,0x1800,0x1800,
  0x1800,0x1800,0x1800,0x1800,0x1800,0x1800,0x1800,0x1800,0x1800,0x1800,0x1800,0x1800,0x1800,0x1800,0x1800,0x1800,
  0x1800,0x1800,0x1800,0x1800,0x1800,0x1800,0x1800,0x1800,0x1800,0x1800,0x1800,0x1800,0x1800,0x1800,0x1800,0x1800,
  0x1800,0x1800,0x1800,0x1800,0x1800,0x1800,0x1800,0x1800,0x1800,0x1800,0x1800,0x1800,0x1800,0x1800,0x1800,0x1800,
  0x1800,0x1800,0x1800,0x1800,0x1800,0x1800,0x1800,0x1800,0x1800,0x1800,0x1800,0x1800,0x1800,0x1800,0x1800,0x1800,
  0x1800,0x1800,0x1800,0x1800,0x1800,0x1800,0x1800,0x1800,0x1800,0x1800,0x1800,0x1800,0x1800,0x1800,0x1800,0x1800,
  0x1800,0x1800,0x1800,0x1800,0x1800,0x1800,0x1800,0x1800,0x1800,0x1800,0x1800,0x1800,0x1800,0x1800,0x1800,0x1800,
  0x1800,0x1800,0x1800,0x1800,0x1800,0x1800,0x1800,0x1800,0x1800,0x1800,0x1800,0x1800,0x1800,0x1800,0x1800,0x1800,
  0x1800,0x1800,0x1800,0x1800,0x1800,0x1800,0x1800,0x1800,0x1800,0x1800,0x1800,0x1800,0x1800,0x1800,0x1800,0x1800,
  0x1800,0x1800,0x1800,0x1800,0x1800,0x1800,0x1800,0x1800,0x1800,0x1800,0x1800,0x1800,0x1800,0x1800,0x1800,0x1800,
  0x1800,0x1800,0x1800,0x1800,0x1800,0x1800,0x1800,0x1800,0x1800,0x1800,0x1800,0x1800,0x1800,0x1800,0x1800,0x1800,
  0x1800,0x1800,0x1800,0x1800,0x1800,0x1800,0x1800,0x1800,0x1800,0x1800,0x1800,0x1800,0x1800,0x1800,0x1800,0x1800,
  0x1800,0x1800,0x1800,0x1800,0x1800,0x1800,0x1800,0x1800,0x1800,0x1800,0x1800,0x1800,0x1800,0x1800,0x1800,0x1800,
  0x1800,0x1800,0x1800,0x1800,0x1800,0x1800,0x1800,0x1800,0x1800,0x1800,0x1800,0x1800,0x1800,0x1800,0x1800,0x1800,
  0x1800,0x1800,0x1800,0x1800,0x1800,0x1800,0x1800,0x1800,0x1800,0x1800,0x1800,0x1800,0x1800,0x1800,0x1800,0x1800,
  0x1800,0x1800,0x1800,0x1800,0x1800,0x1800,0x1800,0x1800,0x1800,0x1800,0x1800,0x1800,0x1800,0x1800,0x1800,0x1800,
  0x1800,0x1800,0x1800,0x1800,0x1800,0x1800,0x1800,0x1800,0x1800,0x1800,0x1800,0x1800,0x1800,0x1800,0x1800,0x1800,
  0x1800,0x1800,0x1800,0x1800,0x1800,0x1800,0x1800,0x1800,0x1800,0x1800,0x1800,0x1800,0x1800,0x1800,0x1800,0x1800,
  0x1800,0x1800,0x1800,0x1800,0x1800,0x1800,0x1800,0x1800,0x1800,0x1800,0x1800,0x1800,0x1800,0x1800,0x1800,0x1800,
  0x1800,0x1800,0x1800,0x1800,0x1800,0x1800,0x1800,0x1800,0x1800,0x1800,0x1800,0x1800,0x1800,0x1800,0x1800,0x1800,
  0x1800,0x1800,0x1800,0x1800,0x1800,0x1800,0x1800,0x1800,0x1800,0x1800,0x1800,0x1800,0x1800,0x1800,0x1800,0x1800,
  0x1800,0x1800,0x1800,0x1800,0x1800,0x1800,0x1800,0x1800,0x1800,0x1800,0x1800,0x1800,0x1800,0x1800,0x1800,0x1800,
  0x1800,0x1800,0x1800,0x1800,0x1800,0x1800,0x1800,0x1800,0x1800,0x1800,0x1800,0x1800,0x1800,0x1800,0x1800,0x1800,
  0x1800,0x1800,0x1800,0x1800,0x1800,0x1800,0x1800,0x1800,0x1800,0x1800,0x1800,0x1800,0x1800,0x1800,0x1800,0x1800,
  0x1800,0x1800,0x1800,0x1800,0x1800,0x1800,0x1800,0x1800,0x1800,0x1800,0x1800,0x1800,0x1800,0x1800,0x1800,0x1800,
  0x1800,0x1800,0x1800,0x1800,0x1800,0x1800,0x1800,0x1800,0x1800,0x1800,0x1800,0x1800,0x1800,0x1800,0x1800,0x1800,
  0x1800,0x1800,0x1800,0x1800,0x1800,0x1800,0x1800,0x1800,0x1800,0x1800,0x1800,0x1800,0x1800,0x1800,0x1800,0x1800,
  0x1800,0x1800,0x1800,0x1800,0x1800,0x1800,0x1800,0x1800,0x1800,0x1800,0x1800,0x1800,0x1800,0x1800,0x1800,0x1800,
  0x1800,0x1800,0x1800,0x1800,0x1800,0x1800,0x1800,0x1800,0x1800,0x1800,0x1800,0x1800,0x1800,0x1800,0x1800,0x1800,
  0x1800,0x1800,0x1800,0x1800,0x1800,0x1800,0x1800,0x1800,0x1800,0x1800,0x1800,0x1800,0x1800,0x1800,0x1800,0x1800,
  0x1800,0x1800,0x1800,0x1800,0x1800,0x1800,0x1800,0x1800,0x1800,0x1800,0x1800,0x1800,0x1800,0x1800,0x1800,0x1800,
  0x1800,0x1800,0x1800,0x1800,0x1800,0x1800,0x1800,0x1800,0x1800,0x1800,0x1800,0x1800,0x1800,0x1800,0x1800,0x1800,
  0x1800,0x1800,0x1800,0x1800,0x1800,0x1800,0x1800,0x1800,0x1800,0x1800,0x1800,0x1800,0x1800,0x1800,0x1800,0x1800,
  0x1800,0x1800,0x1800,0x1800,0x1800,0x1800,0x1800,0x1800,0x1800,0x1800,0x1800,0x1800,0x1800,0x1800,0x1800,0x1800,
  0x1800,0x1800,0x1800,0x1800,0x1800,0x1800,0x1800,0x1800,0x1800,0x1800,0x1800,0x1800,0x1800,0x1800,0x1800,0x1800,
  0x1800,0x1800,0x1800,0x1800,0x1800,0x1800,0x1800,0x1800,0x1800,0x1800,0x1800,0x1800,0x1800,0x1800,0x1800,0x1800,
  0x1800,0x1800,0x1800,0x1800,0x1800,0x1800,0x1800,0x1800,0x1800,0x1800,0x1800,0x1800,0x1800,0x1800,0x1800,0x1800,
  0x1800,0x1800,0x1800,0x1800,0x1800,0x1800,0x1800,0x1800,0x1800,0x1800,0x1800,0x1800,0x1800,0x1800,0x1800,0x1800,
  0x1800,0x1800,0x1800,0x1800,0x1800,0x1800,0x1800,0x1800,0x1800,0x1800,0x1800,0x1800,0x1800,0x1800,0x1800,0x1800,
  0x1800,0x1800,0x1800,0x1800,0x1800,0x1800,0x1800,0x1800,0x1800,0x1800,0x1800,0x1800,0x1800,0x1800,0x1800,0x1800,
  0x1800,0x1800,0x1800,0x1800,0x1800,0x1800,0x1800,0x1800,0x1800,0x1800,0x1800,0x1800,0x1800,0x1800,0x1800,0x1800,
  0x1800,0x1800,0x1800,0x1800,0x1800,0x1800,0x1800,0x1800,0x1800,0x1800,0x1800,0x1800,0x1800,0x1800,0x1800,0x1800,
  0x1800,0x1800,0x1800,0x1800,0x1800,0x1800,0x1800,0x1800,0x1800,0x1800,0x1800,0x1800,0x1800,0x1800,0x1800,0x1800,
  0x1800,0x1800,0x1800,0x1800,0x1800,0x1800,0x1800,0x1800,0x1800,0x1800,0x1800,0x1800,0x1800,0x1800,0x1800,0x1800,
  0x1800,0x1800,0x1800,0x1800,0x1800,0x1800,0x1800,0x1800,0x1800,0x1800,0x1800,0x1800,0x1800,0x1800,0x1800,0x1800,
  0x1800,0x1800,0x1800,0x1800,0x1800,0x1800,0x1800,0x1800,0x1800,0x1800,0x1800,0x1800,0x1800,0x1800,0x1800,0x1800,
  0x1800,0x1800,0x1800,0x1800,0x1800,0x1800,0x1800,0x1800,0x1800,0x1800,0x1800,0x1800,0x1800,0x1800,0x1800,0x1800,
  0x1800,0x1800,0x1800,0x1800,0x1800,0x1800,0x1800,0x1800,0x1800,0x1800,0x1800,0x1800,0x1800,0x1800,0x1800,0x1800,
  0x1800,0x1800,0x1800,0x1800,0x1800,0x1800,0x1800,0x1800,0x1800,0x1800,0x1800,0x1800,0x1800,0x1800,0x1800,0x1800,
  0x1800,0x1800,0x1800,0x1800,0x1800,0x1800,0x1800,0x1800,0x1800,0x1800,0x1800,0x1800,0x1800,0x1800,0x1800,0x1800,
  0x1800,0x1800,0x1800,0x1800,0x1800,0x1800,0x1800,0x1800,0x1800,0x1800,0x1800,0x1800,0x1800,0x1800,0x1800,0x1800,
  0x1800,0x1800,0x1800,0x1800,0x1800,0x1800,0x1800,0x1800,0x1800,0x1800,0x1800,0x1800,0x1800,0x1800,0x1800,0x1800,
  0x1800,0x1800,0x1800,0x1800,0x1800,0x1800,0x1800,0x1800,0x1800,0x1800,0x1800,0x1800,0x1800,0x1800,0x1800,0x1800,
  0x1800,0x1800,0x1800,0x1800,0x1800,0x1800,0x1800,0x1800,0x1800,0x1800,0x1800,0x1800,0x1800,0x1800,0x1800,0x1800,
  0x1800,0x1800,0x1800,0x1800,0x1800,0x1800,0x1800,0x1800,0x1800,0x1800,0x1800,0x1800,0x1800,0x1800,0x1800,0x1800,
  0x1800,0x1800,0x1800,0x1800,0x1800,0x1800,0x1800,0x1800,0x1800,0x1800,0x1800,0x1800,0x1800,0x1800,0x1800,0x1800,
  0x1800,0x1800,0x1800,0x1800,0x1800,0x1800,0x1800,0x1800,0x1800,0x1800,0x1800,0x1800,0x1800,0x1800,0x1800,0x1800,
  0x1800,0x1800,0x1800,0x1800,0x1800,0x1800,0x1800,0x1800,0x1800,0x1800,0x1800,0x1800,0x1800,0x1800,0x1800,0x1800,
  0x1800,0x1800,0x1800,0x1800,0x1800,0x1800,0x1800,0x1800,0x1800,0x1800,0x1800,0x1800,0x1800,0x1800,0x1800,0x1800,
  0x1800,0x1800,0x1800,0x1800,0x1800,0x1800,0x1800,0x1800,0x1800,0x1800,0x1800,0x1800,0x1800,0x1800,0x1800,0x1800,
  0x1800,0x1800,0x1800,0x1800,0x1800,0x1800,0x1800,0x1800,0x1800,0x1800,0x1800,0x1800,0x1800,0x1800,0x1800,0x1800,
  0x1800,0x1800,0x1800,0x1800,0x1800,0x1800,0x1800,0x1800,0x1800,0x1800,0x1800,0x1800,0x1800,0x1800,0x1800,0x1800,
  0x1800,0x1800,0x1800,0x1800,0x1800,0x1800,0x1800,0x1800,0x1800,0x1800,0x1800,0x1800,0x1800,0x1800,0x1800,0x1800,
  0x1800,0x1800,0x1800,0x1800,0x1800,0x1800,0x1800,0x1800,0x1800,0x1800,0x1800,0x1800,0x1800,0x1800,0x1800,0x1800,
  0x1800,0x1800,0x1800,0x1800,0x1800,0x1800,0x1800,0x1800,0x1800,0x1800,0x1800,0x1800,0x1800,0x1800,0x1800,0x1800,
  0x1800,0x1800,0x1800,0x1800,0x1800,0x1800,0x1800,0x1800,0x1800,0x1800,0x1800,0x1800,0x1800,0x1800,0x1800,0x1800,
  0x1800,0x1800,0x1800,0x1800,0x1800,0x1800,0x1800,0x1800,0x1800,0x1800,0x1800,0x1800,0x1800,0x1800,0x1800,0x1800,
  0x1800,0x1800,0x1800,0x1800,0x1800,0x1800,0x1800,0x1800,0x1800,0x1800,0x1800,0x1800,0x1800,0x1800,0x1800,0x1800,
  0x1800,0x1800,0x1800,0x1800,0x1800,0x1800,0x1800,0x1800,0x1800,0x1800,0x1800,0x1800,0x1800,0x1800,0x1800,0x1800,
  0x1800,0x1800,0x1800,0x1800,0x1800,0x1800,0x1800,0x1800,0x1800,0x1800,0x1800,0x1800,0x1800,0x1800,0x1800,0x1800,
  0x1800,0x1800,0x1800,0x1800,0x1800,0x1800,0x1800,0x1800,0x1800,0x1800,0x1800,0x1800,0x1800,0x1800,0x1800,0x1800,
  0x1800,0x1800,0x1800,0x1800,0x1800,0x1800,0x1800,0x1800,0x1800,0x1800,0x1800,0x1800,0x1800,0x1800,0x1800,0x1800,
  0x1800,0x1800,0x1800,0x1800,0x1800,0x1800,0x1800,0x1800,0x1800,0x1800,0x1800,0x1800,0x1800,0x1800,0x1800,0x1800,
  0x1800,0x1800,0x1800,0x1800,0x1800,0x1800,0x1800,0x1800,0x1800,0x1800,0x1800,0x1800,0x1800,0x1800,0x1800,0x1800,
  0x1800,0x1800,0x1800,0x1800,0x1800,0x1800,0x1800,0x1800,0x1800,0x1800,0x1800,0x1800,0x1800,0x1800,0x1800,0x1800,
  0x1800,0x1800,0x1800,0x1800,0x1800,0x1800,0x1800,0x1800,0x1800,0x1800,0x1800,0x1800,0x1800,0x1800,0x1800,0x1800,
  0x1800,0x1800,0x1800,0x1800,0x1800,0x1800,0x1800,0x1800,0x1800,0x1800,0x1800,0x1800,0x1800,0x1800,0x1800,0x1800,
  0x1800,0x1800,0x1800,0x1800,0x1800,0x1800,0x1800,0x1800,0x1800,0x1800,0x1800,0x1800,0x1800,0x1800,0x1800,0x1800,
  0x1800,0x1800,0x1800,0x1800,0x1800,0x1800,0x1800,0x1800,0x1800,0x1800,0x1800,0x1800,0x1800,0x1800,0x1800,0x1800,
  0x1800,0x1800,0x1800,0x1800,0x1800,0x1800,0x1800,0x1800,0x1800,0x1800,0x1800,0x1800,0x1800,0x1800,0x1800,0x1800,
  0x1800,0x1800,0x1800,0x1800,0x1800,0x1800,0x1800,0x1800,0x1800,0x1800,0x1800,0x1800,0x1800,0x1800,0x1800,0x1800,
  0x1800,0x1800,0x1800,0x1800,0x1800,0x1800,0x1800,0x1800,0x1800,0x1800,0x1800,0x1800,0x1800,0x1800,0x1800,0x1800,
  0x1800,0x1800,0x1800,0x1800,0x1800,0x1800,0x1800,0x1800,0x1800,0x1800,0x1800,0x1800,0x1800,0x1800,0x1800,0x1800,
  0x1800,0x1800,0x1800,0x1800,0x1800,0x1800,0x1800,0x1800,0x1800,0x1800,0x1800,0x1800,0x1800,0x1800,0x1800,0x1800,
  0x1800,0x1800,0x1800,0x1800,0x1800,0x1800,0x1800,0x1800,0x1800,0x1800,0x1800,0x1800,0x1800,0x1800,0x1800,0x1800,
  0x1800,0x1800,0x1800,0x1800,0x1800,0x1800,0x1800,0x1800,0x1800,0x1800,0x1800,0x1800,0x1800,0x1800,0x1800,0x1800,
  0x1800,0x1800,0x1800,0x1800,0x1800,0x1800,0x1800,0x1800,0x1800,0x1800,0x1800,0x1800,0x1800,0x1800,0x1800,0x1800,
  0x1800,0x1800,0x1800,0x1800,0x1800,0x1800,0x1800,0x1800,0x1800,0x1800,0x1800,0x1800,0x1800,0x1800,0x1800,0x1800,
  0x1800,0x1800,0x1800,0x1800,0x1800,0x1800,0x1800,0x1800,0x1800,0x1800,0x1800,0x1800,0x1800,0x1800,0x1800,0x1800,
  0x1800,0x1800,0x1800,0x1800,0x1800,0x1800,0x1800,0x1800,0x1800,0x1800,0x1800,0x1800,0x1800,0x1800,0x1800,0x1800,
  0x1800,0x1800,0x1800,0x1800,0x1800,0x1800,0x1800,0x1800,0x1800,0x1800,0x1800,0x1800,0x1800,0x1800,0x1800,0x1800,
  0x1800,0x1800,0x1800,0x1800,0x1800,0x1800,0x1800,0x1800,0x1800,0x1800,0x1800,0x1800,0x1800,0x1800,0x1800,0x1800,
  0x1800,0x1800,0x1800,0x1800,0x1800,0x1800,0x1800,0x1800,0x1800,0x1800,0x1800,0x1800,0x1800,0x1800,0x1800,0x1800,
  0x1800,0x1800,0x1800,0x1800,0x1800,0x1800,0x1800,0x1800,0x1800,0x1800,0x1800,0x1800,0x1800,0x1800,0x1800,0x1800,
  0x1800,0x1800,0x1800,0x1800,0x1800,0x1800,0x1800,0x1800,0x1800,0x1800,0x1800,0x1800,0x1800,0x1800,0x1800,0x1800,
  0x1800,0x1800,0x1800,0x1800,0x1800,0x1800,0x1800,0x1800,0x1800,0x1800,0x1800,0x1800,0x1800,0x1800,0x1800,0x1800,
  0x1800,0x1800,0x1800,0x1800,0x1800,0x1800,0x1800,0x1800,0x1800,0x1800,0x1800,0x1800,0x1800,0x1800,0x1800,0x1800,
  0x1800,0x1800,0x1800,0x1800,0x1800,0x1800,0x1800,0x1800,0x1800,0x1800,0x1800,0x1800,0x1800,0x1800,0x1800,0x1800,
  0x1800,0x1800,0x1800,0x1800,0x1800,0x1800,0x1800,0x1800,0x1800,0x1800,0x1800,0x1800,0x1800,0x1800,0x1800,0x1800,
  0x1800,0x1800,0x1800,0x1800,0x1800,0x1800,0x1800,0x1800,0x1800,0x1800,0x1800,0x1800,0x1800,0x1800,0x1800,0x1800,
  0x1800,0x1800,0x1800,0x1800,0x1800,0x1800,0x1800,0x1800,0x1800,0x1800,0x1800,0x1800,0x1800,0x1800,0x1800,0x1800,
  0x1800,0x1800,0x1800,0x1800,0x1800,0x1800,0x1800,0x1800,0x1800,0x1800,0x1800,0x1800,0x1800,0x1800,0x1800,0x1800,
  0x1800,0x1800,0x1800,0x1800,0x1800,0x1800,0x1800,0x1800,0x1800,0x1800,0x1800,0x1800,0x1800,0x1800,0x1800,0x1800,
  0x1800,0x1800,0x1800,0x1800,0x1800,0x1800,0x1800,0x1800,0x1800,0x1800,0x1800,0x1800,0x1800,0x1800,0x1800,0x1800,
  0x1800,0x1800,0x1800,0x1800,0x1800,0x1800,0x1800,0x1800,0x1800,0x1800,0x1800,0x1800,0x1800,0x1800,0x1800,0x1800,
  0x1800,0x1800,0x1800,0x1800,0x1800,0x1800,0x1800,0x1800,0x1800,0x1800,0x1800,0x1800,0x1800,0x1800,0x1800,0x1800,
  0x1800,0x1800,0x1800,0x1800,0x1800,0x1800,0x1800,0x1800,0x1800,0x1800,0x1800,0x1800,0x1800,0x1800,0x1800,0x1800,
  0x1800,0x1800,0x1800,0x1800,0x1800,0x1800,0x1800,0x1800,0x1800,0x1800,0x1800,0x1800,0x1800,0x1800,0x1800,0x1800,
  0x1800,0x1800,0x1800,0x1800,0x1800,0x1800,0x1800,0x1800,0x1800,0x1800,0x1800,0x1800,0x1800,0x1800,0x1800,0x1800,
  0x1800,0x1800,0x1800,0x1800,0x1800,0x1800,0x1800,0x1800,0x1800,0x1800,0x1800,0x1800,0x1800,0x1800,0x1800,0x1800,
  0x1800,0x1800,0x1800,0x1800,0x1800,0x1800,0x1800,0x1800,0x1800,0x1800,0x1800,0x1800,0x1800,0x1800,0x1800,0x1800,
  0x1800,0x1800,0x1800,0x1800,0x1800,0x1800,0x1800,0x1800,0x1800,0x1800,0x1800,0x1800,0x1800,0x1800,0x1800,0x1800,
  0x1800,0x1800,0x1800,0x1800,0x1800,0x1800,0x1800,0x1800,0x1800,0x1800,0x1800,0x1800,0x1800,0x1800,0x1800,0x1800,
  0x1800,0x1800,0x1800,0x1800,0x1800,0x1800,0x1800,0x1800,0x1800,0x1800,0x1800,0x1800,0x1800,0x1800,0x1800,0x1800,
  0x1800,0x1800,0x1800,0x1800,0x1800,0x1800,0x1800,0x1800,0x1800,0x1800,0x1800,0x1800,0x1800,0x1800,0x1800,0x1800,
  0x1800,0x1800,0x1800,0x1800,0x1800,0x1800,0x1800,0x1800,0x1800,0x1800,0x1800,0x1800,0x1800,0x1800,0x1800,0x1800,
  0x1800,0x1800,0x1800,0x1800,0x1800,0x1800,0x1800,0x1800,0x1800,0x1800,0x1800,0x1800,0x1800,0x1800,0x1800,0x1800,
  0x1800,0x1800,0x1800,0x1800,0x1800,0x1800,0x1800,0x1800,0x1800,0x1800,0x1800,0x1800,0x1800,0x1800,0x1800,0x1800,
  0x1800,0x1800,0x1800,0x1800,0x1800,0x1800,0x1800,0x1800,0x1800,0x1800,0x1800,0x1800,0x1800,0x1800,0x1800,0x1800,
  0x1800,0x1800,0x1800,0x1800,0x1800,0x1800,0x1800,0x1800,0x1800,0x1800,0x1800,0x1800,0x1800,0x1800,0x1800,0x1800,
  0x1800,0x1800,0x1800,0x1800,0x1800,0x1800,0x1800,0x1800,0x1800,0x1800,0x1800,0x1800,0x1800,0x1800,0x1800,0x1800,
  0x1800,0x1800,0x1800,0x1800,0x1800,0x1800,0x1800,0x1800,0x1800,0x1800,0x1800,0x1800,0x1800,0x1800,0x1800,0x1800,
  0x1800,0x1800,0x1800,0x1800,0x1800,0x1800,0x1800,0x1800,0x1800,0x1800,0x1800,0x1800,0x1800,0x1800,0x1800,0x1800,
  0x1800,0x1800,0x1800,0x1800,0x1800,0x1800,0x1800,0x1800,0x1800,0x1800,0x1800,0x1800,0x1800,0x1800,0x1800,0x1800,
  0x1800,0x1800,0x1800,0x1800,0x1800,0x1800,0x1800,0x1800,0x1800,0x1800,0x1800,0x1800,0x1800,0x1800,0x1800,0x1800,
  0x1800,0x1800,0x1800,0x1800,0x1800,0x1800,0x1800,0x1800,0x1800,0x1800,0x1800,0x1800,0x1800,0x1800,0x1800,0x1800,
  0x1800,0x1800,0x1800,0x1800,0x1800,0x1800,0x1800,0x1800,0x1800,0x1800,0x1800,0x1800,0x1800,0x1800,0x1800,0x1800,
  0x1800,0x1800,0x1800,0x1800,0x1800,0x1800,0x1800,0x1800,0x1800,0x1800,0x1800,0x1800,0x1800,0x1800,0x1800,0x1800,
  0x1800,0x1800,0x1800,0x1800,0x1800,0x1800,0x1800,0x1800,0x1800,0x1800,0x1800,0x1800,0x1800,0x1800,0x1800,0x1800,
  0x1800,0x1800,0x1800,0x1800,0x1800,0x1800,0x1800,0x1800,0x1800,0x1800,0x1800,0x1800,0x1800,0x1800,0x1800,0x1800,
  0x1800,0x1800,0x1800,0x1800,0x1800,0x1800,0x1800,0x1800,0x1800,0x1800,0x1800,0x1800,0x1800,0x1800,0x1800,0x1800,
  0x1800,0x1800,0x1800,0x1800,0x1800,0x1800,0x1800,0x1800,0x1800,0x1800,0x1800,0x1800,0x1800,0x1800,0x1800,0x1800,
  0x1800,0x1800,0x1800,0x1800,0x1800,0x1800,0x1800,0x1800,0x1800,0x1800,0x1800,0x1800,0x1800,0x1800,0x1800,0x1800,
  0x1800,0x1800,0x1800,0x1800,0x1800,0x1800,0x1800,0x1800,0x1800,0x1800,0x1800,0x1800,0x1800,0x1800,0x1800,0x1800,
  0x1800,0x1800,0x1800,0x1800,0x1800,0x1800,0x1800,0x1800,0x1800,0x1800,0x1800,0x1800,0x1800,0x1800,0x1800,0x1800,
  0x1800,0x1800,0x1800,0x1800,0x1800,0x1800,0x1800,0x1800,0x1800,0x1800,0x1800,0x1800,0x1800,0x1800,0x1800,0x1800,
  0x1800,0x1800,0x1800,0x1800,0x1800,0x1800,0x1800,0x1800,0x1800,0x1800,0x1800,0x1800,0x1800,0x1800,0x1800,0x1800,
  0x1800,0x1800,0x1800,0x1800,0x1800,0x1800,0x1800,0x1800,0x1800,0x1800,0x1800,0x1800,0x1800,0x1800,0x1800,0x1800,
  0x1800,0x1800,0x1800,0x1800,0x1800,0x1800,0x1800,0x1800,0x1800,0x1800,0x1800,0x1800,0x1800,0x1800,0x1800,0x1800,
  0x1800,0x1800,0x1800,0x1800,0x1800,0x1800,0x1800,0x1800,0x1800,0x1800,0x1800,0x1800,0x1800,0x1800,0x1800,0x1800,
  0x1800,0x1800,0x1800,0x1800,0x1800,0x1800,0x1800,0x1800,0x1800,0x1800,0x1800,0x1800,0x1800,0x1800,0x1800,0x1800,
  0x1800,0x1800,0x1800,0x1800,0x1800,0x1800,0x1800,0x1800,0x1800,0x1800,0x1800,0x1800,0x1800,0x1800,0x1800,0x1800,
  0x1800,0x1800,0x1800,0x1800,0x1800,0x1800,0x1800,0x1800,0x1800,0x1800,0x1800,0x1800,0x1800,0x1800,0x1800,0x1800,
  0x1800,0x1800,0x1800,0x1800,0x1800,0x1800,0x1800,0x1800,0x1800,0x1800,0x1800,0x1800,0x1800,0x1800,0x1800,0x1800,
  0x1800,0x1800,0x1800,0x1800,0x1800,0x1800,0x1800,0x1800,0x1800,0x1800,0x1800,0x1800,0x1800,0x1800,0x1800,0x1800,
  0x1800,0x1800,0x1800,0x1800,0x1800,0x1800,0x1800,0x1800,0x1800,0x1800,0x1800,0x1800,0x1800,0x1800,0x1800,0x1800,
  0x1800,0x1800,0x1800,0x1800,0x1800,0x1800,0x1800,0x1800,0x1800,0x1800,0x1800,0x1800,0x1800,0x1800,0x1800,0x1800,
  0x1800,0x1800,0x1800,0x1800,0x1800,0x1800,0x1800,0x1800,0x1800,0x1800,0x1800,0x1800,0x1800,0x1800,0x1800,0x1800,
  0x1800,0x1800,0x1800,0x1800,0x1800,0x1800,0x1800,0x1800,0x1800,0x1800,0x1800,0x1800,0x1800,0x1800,0x1800,0x1800,
  0x1800,0x1800,0x1800,0x1800,0x1800,0x1800,0x1800,0x1800,0x1800,0x1800,0x1800,0x1800,0x1800,0x1800,0x1800,0x1800,
  0x1800,0x1800,0x1800,0x1800,0x1800,0x1800,0x1800,0x1800,0x1800,0x1800,0x1800,0x1800,0x1800,0x1800,0x1800,0x1800,
  0x1800,0x1800,0x1800,0x1800,0x1800,0x1800,0x1800,0x1800,0x1800,0x1800,0x1800,0x1800,0x1800,0x1800,0x1800,0x1800,
  0x1800,0x1800,0x1800,0x1800,0x1800,0x1800,0x1800,0x1800,0x1800,0x1800,0x1800,0x1800,0x1800,0x1800,0x1800,0x1800,
  0x1800,0x1800,0x1800,0x1800,0x1800,0x1800,0x1800,0x1800,0x1800,0x1800,0x1800,0x1800,0x1800,0x1800,0x1800,0x1800,
  0x1800,0x1800,0x1800,0x1800,0x1800,0x1800,0x1800,0x1800,0x1800,0x1800,0x1800,0x1800,0x1800,0x1800,0x1800,0x1800,
  0x1800,0x1800,0x1800,0x1800,0x1800,0x1800,0x1800,0x1800,0x1800,0x1800,0x1800,0x1800,0x1800,0x1800,0x1800,0x1800,
  0x1800,0x1800,0x1800,0x1800,0x1800,0x1800,0x1800,0x1800,0x1800,0x1800,0x1800,0x1800,0x1800,0x1800,0x1800,0x1800,
  0x1800,0x1800,0x1800,0x1800,0x1800,0x1800,0x1800,0x1800,0x1800,0x1800,0x1800,0x1800,0x1800,0x1800,0x1800,0x1800,
  0x1800,0x1800,0x1800,0x1800,0x1800,0x1800,0x1800,0x1800,0x1800,0x1800,0x1800,0x1800,0x1800,0x1800,0x1800,0x1800,
  0x1800,0x1800,0x1800,0x1800,0x1800,0x1800,0x1800,0x1800,0x1800,0x1800,0x1800,0x1800,0x1800,0x1800,0x1800,0x1800,
  0x1800,0x1800,0x1800,0x1800,0x1800,0x1800,0x1800,0x1800,0x1800,0x1800,0x1800,0x1800,0x1800,0x1800,0x1800,0x1800,
  0x1800,0x1800,0x1800,0x1800,0x1800,0x1800,0x1800,0x1800,0x1800,0x1800,0x1800,0x1800,0x1800,0x1800,0x1800,0x1800,
  0x1800,0x1800,0x1800,0x1800,0x1800,0x1800,0x1800,0x1800,0x1800,0x1800,0x1800,0x1800,0x1800,0x1800,0x1800,0x1800,
  0x1800,0x1800,0x1800,0x1800,0x1800,0x1800,0x1800,0x1800,0x1800,0x1800,0x1800,0x1800,0x1800,0x1800,0x1800,0x1800,
  0x1800,0x1800,0x1800,0x1800,0x1800,0x1800,0x1800,0x1800,0x1800,0x1800,0x1800,0x1800,0x1800,0x1800,0x1800,0x1800,
  0x1800,0x1800,0x1800,0x1800,0x1800,0x1800,0x1800,0x1800,0x1800,0x1800,0x1800,0x1800,0x1800,0x1800,0x1800,0x1800,
  0x1800,0x1800,0x1800,0x1800,0x1800,0x1800,0x1800,0x1800,0x1800,0x1800,0x1800,0x1800,0x1800,0x1800,0x1800,0x1800,
  0x1800,0x1800,0x1800,0x1800,0x1800,0x1800,0x1800,0x1800,0x1800,0x1800,0x1800,0x1800,0x1800,0x1800,0x1800,0x1800,
  0x1800,0x1800,0x1800,0x1800,0x1800,0x1800,0x1800,0x1800,0x1800,0x1800,0x1800,0x1800,0x1800,0x1800,0x1800,0x1800,
  0x1800,0x1800,0x1800,0x1800,0x1800,0x1800,0x1800,0x1800,0x1800,0x1800,0x1800,0x1800,0x1800,0x1800,0x1800,0x1800,
  0x1800,0x1800,0x1800,0x1800,0x1800,0x1800,0x1800,0x1800,0x1800,0x1800,0x1800,0x1800,0x1800,0x1800,0x1800,0x1800,
  0x1800,0x1800,0x1800,0x1800,0x1800,0x1800,0x1800,0x1800,0x1800,0x1800,0x1800,0x1800,0x1800,0x1800,0x1800,0x1800,
  0x1800,0x1800,0x1800,0x1800,0x1800,0x1800,0x1800,0x1800,0x1800,0x1800,0x1800,0x1800,0x1800,0x1800,0x1800,0x1800,
  0x1800,0x1800,0x1800,0x1800,0x1800,0x1800,0x1800,0x1800,0x1800,0x1800,0x1800,0x1800,0x1800,0x1800,0x1800,0x1800,
  0x1800,0x1800,0x1800,0x1800,0x1800,0x1800,0x1800,0x1800,0x1800,0x1800,0x1800,0x1800,0x1800,0x1800,0x1800,0x1800,
  0x1800,0x1800,0x1800,0x1800,0x1800,0x1800,0x1800,0x1800,0x1800,0x1800,0x1800,0x1800,0x1800,0x1800,0x1800,0x1800,
  0x1800,0x1800,0x1800,0x1800,0x1800,0x1800,0x1800,0x1800,0x1800,0x1800,0x1800,0x1800,0x1800,0x1800,0x1800,0x1800,
  0x1800,0x1800,0x1800,0x1800,0x1800,0x1800,0x1800,0x1800,0x1800,0x1800,0x1800,0x1800,0x1800,0x1800,0x1800,0x1800,
  0x1800,0x1800,0x1800,0x1800,0x1800,0x1800,0x1800,0x1800,0x1800,0x1800,0x1800,0x1800,0x1800,0x1800,0x1800,0x1800,
  0x1800,0x1800,0x1800,0x1800,0x1800,0x1800,0x1800,0x1800,0x1800,0x1800,0x1800,0x1800,0x1800,0x1800,0x1800,0x1800,
  0x1800,0x1800,0x1800,0x1800,0x1800,0x1800,0x1800,0x1800,0x1800,0x1800,0x1800,0x1800,0x1800,0x1800,0x1800,0x1800,
  0x1800,0x1800,0x1800,0x1800,0x1800,0x1800,0x1800,0x1800,0x1800,0x1800,0x1800,0x1800,0x1800,0x1800,0x1800,0x1800,
  0x1800,0x1800,0x1800,0x1800,0x1800,0x1800,0x1800,0x1800,0x1800,0x1800,0x1800,0x1800,0x1800,0x1800,0x1800,0x1800,
  0x1800,0x1800,0x1800,0x1800,0x1800,0x1800,0x1800,0x1800,0x1800,0x1800,0x1800,0x1800,0x1800,0x1800,0x1800,0x1800,
  0x1800,0x1800,0x1800,0x1800,0x1800,0x1800,0x1800,0x1800,0x1800,0x1800,0x1800,0x1800,0x1800,0x1800,0x1800,0x1800,
  0x1800,0x1800,0x1800,0x1800,0x1800,0x1800,0x1800,0x1800,0x1800,0x1800,0x1800,0x1800,0x1800,0x1800,0x1800,0x1800,
  0x1800,0x1800,0x1800,0x1800,0x1800,0x1800,0x1800,0x1800,0x1800,0x1800,0x1800,0x1800,0x1800,0x1800,0x1800,0x1800,
  0x1800,0x1800,0x1800,0x1800,0x1800,0x1800,0x1800,0x1800,0x1800,0x1800,0x1800,0x1800,0x1800,0x1800,0x1800,0x1800,
  0x1800,0x1800,0x1800,0x1800,0x1800,0x1800,0x1800,0x1800,0x1800,0x1800,0x1800,0x1800,0x1800,0x1800,0x1800,0x1800,
  0x1800,0x1800,0x1800,0x1800,0x1800,0x1800,0x1800,0x1800,0x1800,0x1800,0x1800,0x1800,0x1800,0x1800,0x1800,0x1800,
  0x1800,0x1800,0x1800,0x1800,0x1800,0x1800,0x1800,0x1800,0x1800,0x1800,0x1800,0x1800,0x1800,0x1800,0x1800,0x1800,
  0x1800,0x1800,0x1800,0x1800,0x1800,0x1800,0x1800,0x1800,0x1800,0x1800,0x1800,0x1800,0x1800,0x1800,0x1800,0x1800,
  0x1800,0x1800,0x1800,0x1800,0x1800,0x1800,0x1800,0x1800,0x1800,0x1800,0x1800,0x1800,0x1800,0x1800,0x1800,0x1800,
  0x1800,0x1800,0x1800,0x1800,0x1800,0x1800,0x1800,0x1800,0x1800,0x1800,0x1800,0x1800,0x1800,0x1800,0x1800,0x1800,
  0x1800,0x1800,0x1800,0x1800,0x1800,0x1800,0x1800,0x1800,0x1800,0x1800,0x1800,0x1800,0x1800,0x1800,0x1800,0x1800,
  0x1800,0x1800,0x1800,0x1800,0x1800,0x1800,0x1800,0x1800,0x1800,0x1800,0x1800,0x1800,0x1800,0x1800,0x1800,0x1800,
  0x1800,0x1800,0x1800,0x1800,0x1800,0x1800,0x1800,0x1800,0x1800,0x1800,0x1800,0x1800,0x1800,0x1800,0x1800,0x1800,
  0x1800,0x1800,0x1800,0x1800,0x1800,0x1800,0x1800,0x1800,0x1800,0x1800,0x1800,0x1800,0x1800,0x1800,0x1800,0x1800,
  0x1800,0x1800,0x1800,0x1800,0x1800,0x1800,0x1800,0x1800,0x1800,0x1800,0x1800,0x1800,0x1800,0x1800,0x1800,0x1800,
  0x1800,0x1800,0x1800,0x1800,0x1800,0x1800,0x1800,0x1800,0x1800,0x1800,0x1800,0x1800,0x1800,0x1800,0x1800,0x1800,
  0x1800,0x1800,0x1800,0x1800,0x1800,0x1800,0x1800,0x1800,0x1800,0x1800,0x1800,0x1800,0x1800,0x1800,0x1800,0x1800,
  0x1800,0x1800,0x1800,0x1800,0x1800,0x1800,0x1800,0x1800,0x1800,0x1800,0x1800,0x1800,0x1800,0x1800,0x1800,0x1800,
  0x1800,0x1800,0x1800,0x1800,0x1800,0x1800,0x1800,0x1800,0x1800,0x1800,0x1800,0x1800,0x1800,0x1800,0x1800,0x1800,
  0x1800,0x1800,0x1800,0x1800,0x1800,0x1800,0x1800,0x1800,0x1800,0x1800,0x1800,0x1800,0x1800,0x1800,0x1800,0x1800,
  0x1800,0x1800,0x1800,0x1800,0x1800,0x1800,0x1800,0x1800,0x1800,0x1800,0x1800,0x1800,0x1800,0x1800,0x1800,0x1800,
  0x1800,0x1800,0x1800,0x1800,0x1800,0x1800,0x1800,0x1800,0x1800,0x1800,0x1800,0x1800,0x1800,0x1800,0x1800,0x1800,
  0x1800,0x1800,0x1800,0x1800,0x1800,0x1800,0x1800,0x1800,0x1800,0x1800,0x1800,0x1800,0x1800,0x1800,0x1800,0x1800,
  0x1800,0x1800,0x1800,0x1800,0x1800,0x1800,0x1800,0x1800,0x1800,0x1800,0x1800,0x1800,0x1800,0x1800,0x1800,0x1800,
  0x1800,0x1800,0x1800,0x1800,0x1800,0x1800,0x1800,0x1800,0x1800,0x1800,0x1800,0x1800,0x1800,0x1800,0x1800,0x1800,
  0x1800,0x1800,0x1800,0x1800,0x1800,0x1800,0x1800,0x1800,0x1800,0x1800,0x1800,0x1800,0x1800,0x1800,0x1800,0x1800,
  0x1800,0x1800,0x1800,0x1800,0x1800,0x1800,0x1800,0x1800,0x1800,0x1800,0x1800,0x1800,0x1800,0x1800,0x1800,0x1800,
  0x1800,0x1800,0x1800,0x1800,0x1800,0x1800,0x1800,0x1800,0x1800,0x1800,0x1800,0x1800,0x1800,0x1800,0x1800,0x1800,
  0x1800,0x1800,0x1800,0x1800,0x1800,0x1800,0x1800,0x1800,0x1800,0x1800,0x1800,0x1800,0x1800,0x1800,0x1800,0x1800,
  0x1800,0x1800,0x1800,0x1800,0x1800,0x1800,0x1800,0x1800,0x1800,0x1800,0x1800,0x1800,0x1800,0x1800,0x1800,0x1800,
  0x1800,0x1800,0x1800,0x1800,0x1800,0x1800,0x1800,0x1800,0x1800,0x1800,0x1800,0x1800,0x1800,0x1800,0x1800,0x1800,
  0x1800,0x1800,0x1800,0x1800,0x1800,0x1800,0x1800,0x1800,0x1800,0x1800,0x1800,0x1800,0x1800,0x1800,0x1800,0x1800,
  0x1800,0x1800,0x1800,0x1800,0x1800,0x1800,0x1800,0x1800,0x1800,0x1800,0x1800,0x1800,0x1800,0x1800,0x1800,0x1800,
  0x1800,0x1800,0x1800,0x1800,0x1800,0x1800,0x1800,0x1800,0x1800,0x1800,0x1800,0x1800,0x1800,0x1800,0x1800,0x1800,
  0x1800,0x1800,0x1800,0x1800,0x1800,0x1800,0x1800,0x1800,0x1800,0x1800,0x1800,0x1800,0x1800,0x1800,0x1800,0x1800,
  0x1800,0x1800,0x1800,0x1800,0x1800,0x1800,0x1800,0x1800,0x1800,0x1800,0x1800,0x1800,0x1800,0x1800,0x1800,0x1800,
  0x1800,0x1800,0x1800,0x1800,0x1800,0x1800,0x1800,0x1800,0x1800,0x1800,0x1800,0x1800,0x1800,0x1800,0x1800,0x1800,
  0x1800,0x1800,0x1800,0x1800,0x1800,0x1800,0x1800,0x1800,0x1800,0x1800,0x1800,0x1800,0x1800,0x1800,0x1800,0x1800,
  0x1800,0x1800,0x1800,0x1800,0x1800,0x1800,0x1800,0x1800,0x1800,0x1800,0x1800,0x1800,0x1800,0x1800,0x1800,0x1800,
  0x1800,0x1800,0x1800,0x1800,0x1800,0x1800,0x1800,0x1800,0x1800,0x1800,0x1800,0x1800,0x1800,0x1800,0x1800,0x1800,
  0x1800,0x1800,0x1800,0x1800,0x1800,0x1800,0x1800,0x1800,0x1800,0x1800,0x1800,0x1800,0x1800,0x1800,0x1800,0x1800,
  0x1800,0x1800,0x1800,0x1800,0x1800,0x1800,0x1800,0x1800,0x1800,0x1800,0x1800,0x1800,0x1800,0x1800,0x1800,0x1800,
  0x1800,0x1800,0x1800,0x1800,0x1800,0x1800,0x1800,0x1800,0x1800,0x1800,0x1800,0x1800,0x1800,0x1800,0x1800,0x1800,
  0x1800,0x1800,0x1800,0x1800,0x1800,0x1800,0x1800,0x1800,0x1800,0x1800,0x1800,0x1800,0x1800,0x1800,0x1800,0x1800,
  0x1800,0x1800,0x1800,0x1800,0x1800,0x1800,0x1800,0x1800,0x1800,0x1800,0x1800,0x1800,0x1800,0x1800,0x1800,0x1800,
  0x1800,0x1800,0x1800,0x1800,0x1800,0x1800,0x1800,0x1800,0x1800,0x1800,0x1800,0x1800,0x1800,0x1800,0x1800,0x1800,
  0x1800,0x1800,0x1800,0x1800,0x1800,0x1800,0x1800,0x1800,0x1800,0x1800,0x1800,0x1800,0x1800,0x1800,0x1800,0x1800,
  0x1800,0x1800,0x1800,0x1800,0x1800,0x1800,0x1800,0x1800,0x1800,0x1800,0x1800,0x1800,0x1800,0x1800,0x1800,0x1800,
  0x1800,0x1800,0x1800,0x1800,0x1800,0x1800,0x1800,0x1800,0x1800,0x1800,0x1800,0x1800,0x1800,0x1800,0x1800,0x1800,
  0x1800,0x1800,0x1800,0x1800,0x1800,0x1800,0x1800,0x1800,0x1800,0x1800,0x1800,0x1800,0x1800,0x1800,0x1800,0x1800,
  0x1800,0x1800,0x1800,0x1800,0x1800,0x1800,0x1800,0x1800,0x1800,0x1800,0x1800,0x1800,0x1800,0x1800,0x1800,0x1800,
  0x1800,0x1800,0x1800,0x1800,0x1800,0x1800,0x1800,0x1800,0x1800,0x1800,0x1800,0x1800,0x1800,0x1800,0x1800,0x1800,
  0x1800,0x1800,0x1800,0x1800,0x1800,0x1800,0x1800,0x1800,0x1800,0x1800,0x1800,0x1800,0x1800,0x1800,0x1800,0x1800,
  0x1800,0x1800,0x1800,0x1800,0x1800,0x1800,0x1800,0x1800,0x1800,0x1800,0x1800,0x1800,0x1800,0x1800,0x1800,0x1800,
  0x1800,0x1800,0x1800,0x1800,0x1800,0x1800,0x1800,0x1800,0x1800,0x1800,0x1800,0x1800,0x1800,0x1800,0x1800,0x1800,
  0x1800,0x1800,0x1800,0x1800,0x1800,0x1800,0x1800,0x1800,0x1800,0x1800,0x1800,0x1800,0x1800,0x1800,0x1800,0x1800,
  0x1800,0x1800,0x1800,0x1800,0x1800,0x1800,0x1800,0x1800,0x1800,0x1800,0x1800,0x1800,0x1800,0x1800,0x1800,0x1800,
  0x1800,0x1800,0x1800,0x1800,0x1800,0x1800,0x1800,0x1800,0x1800,0x1800,0x1800,0x1800,0x1800,0x1800,0x1800,0x1800,
  0x1800,0x1800,0x1800,0x1800,0x1800,0x1800,0x1800,0x1800,0x1800,0x1800,0x1800,0x1800,0x1800,0x1800,0x1800,0x1800,
  0x1800,0x1800,0x1800,0x1800,0x1800,0x1800,0x1800,0x1800,0x1800,0x1800,0x1800,0x1800,0x1800,0x1800,0x1800,0x1800,
  0x1800,0x1800,0x1800,0x1800,0x1800,0x1800,0x1800,0x1800,0x1800,0x1800,0x1800,0x1800,0x1800,0x1800,0x1800,0x1800,
  0x1800,0x1800,0x1800,0x1800,0x1800,0x1800,0x1800,0x1800,0x1800,0x1800,0x1800,0x1800,0x1800,0x1800,0x1800,0x1800,
  0x1800,0x1800,0x1800,0x1800,0x1800,0x1800,0x1800,0x1800,0x1800,0x1800,0x1800,0x1800,0x1800,0x1800,0x1800,0x1800,
  0x1800,0x1800,0x1800,0x1800,0x1800,0x1800,0x1800,0x1800,0x1800,0x1800,0x1800,0x1800,0x1800,0x1800,0x1800,0x1800,
  0x1800,0x1800,0x1800,0x1800,0x1800,0x1800,0x1800,0x1800,0x1800,0x1800,0x1800,0x1800,0x1800,0x1800,0x1800,0x1800,
  0x1800,0x1800,0x1800,0x1800,0x1800,0x1800,0x1800,0x1800,0x1800,0x1800,0x1800,0x1800,0x1800,0x1800,0x1800,0x1800,
  0x1800,0x1800,0x1800,0x1800,0x1800,0x1800,0x1800,0x1800,0x1800,0x1800,0x1800,0x1800,0x1800,0x1800,0x1800,0x1800,
  0x1800,0x1800,0x1800,0x1800,0x1800,0x1800,0x1800,0x1800,0x1800,0x1800,0x1800,0x1800,0x1800,0x1800,0x1800,0x1800,
  0x1800,0x1800,0x1800,0x1800,0x1800,0x1800,0x1800,0x1800,0x1800,0x1800,0x1800,0x1800,0x1800,0x1800,0x1800,0x1800,
  0x1800,0x1800,0x1800,0x1800,0x1800,0x1800,0x1800,0x1800,0x1800,0x1800,0x1800,0x1800,0x1800,0x1800,0x1800,0x1800,
  0x1800,0x1800,0x1800,0x1800,0x1800,0x1800,0x1800,0x1800,0x1800,0x1800,0x1800,0x1800,0x1800,0x1800,0x1800,0x1800,
  0x1800,0x1800,0x1800,0x1800,0x1800,0x1800,0x1800,0x1800,0x1800,0x1800,0x1800,0x1800,0x1800,0x1800,0x1800,0x1800,
  0x1800,0x1800,0x1800,0x1800,0x1800,0x1800,0x1800,0x1800,0x1800,0x1800,0x1800,0x1800,0x1800,0x1800,0x1800,0x1800,
  0x1800,0x1800,0x1800,0x1800,0x1800,0x1800,0x1800,0x1800,0x1800,0x1800,0x1800,0x1800,0x1800,0x1800,0x1800,0x1800,
  0x1800,0x1800,0x1800,0x1800,0x1800,0x1800,0x1800,0x1800,0x1800,0x1800,0x1800,0x1800,0x1800,0x1800,0x1800,0x1800,
  0x1800,0x1800,0x1800,0x1800,0x1800,0x1800,0x1800,0x1800,0x1800,0x1800,0x1800,0x1800,0x1800,0x1800,0x1800,0x1800,
  0x1800,0x1800,0x1800,0x1800,0x1800,0x1800,0x1800,0x1800,0x1800,0x1800,0x1800,0x1800,0x1800,0x1800,0x1800,0x1800,
  0x1800,0x1800,0x1800,0x1800,0x1800,0x1800,0x1800,0x1800,0x1800,0x1800,0x1800,0x1800,0x1800,0x1800,0x1800,0x1800,
  0x1800,0x1800,0x1800,0x1800,0x1800,0x1800,0x1800,0x1800,0x1800,0x1800,0x1800,0x1800,0x1800,0x1800,0x1800,0x1800,
  0x1800,0x1800,0x1800,0x1800,0x1800,0x1800,0x1800,0x1800,0x1800,0x1800,0x1800,0x1800,0x1800,0x1800,0x1800,0x1800,
  0x1800,0x1800,0x1800,0x1800,0x1800,0x1800,0x1800,0x1800,0x1800,0x1800,0x1800,0x1800,0x1800,0x1800,0x1800,0x1800,
  0x1800,0x1800,0x1800,0x1800,0x1800,0x1800,0x1800,0x1800,0x1800,0x1800,0x1800,0x1800,0x1800,0x1800,0x1800,0x1800,
  0x1800,0x1800,0x1800,0x1800,0x1800,0x1800,0x1800,0x1800,0x1800,0x1800,0x1800,0x1800,0x1800,0x1800,0x1800,0x1800,
  0x1800,0x1800,0x1800,0x1800,0x1800,0x1800,0x1800,0x1800,0x1800,0x1800,0x1800,0x1800,0x1800,0x1800,0x1800,0x1800,
  0x1800,0x1800,0x1800,0x1800,0x1800,0x1800,0x1800,0x1800,0x1800,0x1800,0x1800,0x1800,0x1800,0x1800,0x1800,0x1800,
  0x1800,0x1800,0x1800,0x1800,0x1800,0x1800,0x1800,0x1800,0x1800,0x1800,0x1800,0x1800,0x1800,0x1800,0x1800,0x1800,
  0x1800,0x1800,0x1800,0x1800,0x1800,0x1800,0x1800,0x1800,0x1800,0x1800,0x1800,0x1800,0x1800,0x1800,0x1800,0x1800,
  0x1800,0x1800,0x1800,0x1800,0x1800,0x1800,0x1800,0x1800,0x1800,0x1800,0x1800,0x1800,0x1800,0x1800,0x1800,0x1800,
  0x7800,0x7800,0x7800,0x7800,0x7800,0x7800,0x7800,0x7800,0x7800,0x7800,0x7800,0x7800,0x7800,0x7800,0x7800,0x7800,
  0x7800,0x7800,0x7800,0x7800,0x7800,0x7800,0x7800,0x7800,0x7800,0x7800,0x7800,0x7800,0x7800,0x7800,0x7800,0x7800,
  0x7800,0x7800,0x7800,0x7800,0x7800,0x7800,0x7800,0x7800,0x7800,0x7800,0x7800,0x7800,0x7800,0x7800,0x7800,0x7800,
  0x7800,0x7800,0x7800,0x7800,0x7800,0x7800,0x7800,0x7800,0x7800,0x7800,0x7800,0x7800,0x7800,0x7800,0x7800,0x7800,
  0x7800,0x7800,0x7800,0x7800,0x7800,0x7800,0x7800,0x7800,0x7800,0x7800,0x7800,0x7800,0x7800,0x7800,0x7800,0x7800,
  0x1800,0x1800,0x1800,0x1800,0x1800,0x1800,0x1800,0x1800,0x1800,0x1800,0x1800,0x1800,0x1800,0x1800,0x1800,0x1800,
  0x1800,0x1800,0x1800,0x1800,0x1800,0x1800,0x1800,0x1800,0x1800,0x1800,0x1800,0x1800,0x1800,0x1800,0x1800,0x1800,
  0x1800,0x1800,0x1800,0x1800,0x1800,0x1800,0x1800,0x1800,0x1800,0x1800,0x1800,0x1800,0x1800,0x1800,0x1800,0x1800,
  0x1800,0x1800,0x1800,0x1800,0x1800,0x1800,0x1800,0x1800,0x1800,0x1800,0x1800,0x1800,0x1800,0x1800,0x1800,0x1800,
  0x1800,0x1800,0x1800,0x1800,0x1800,0x1800,0x1800,0x1800,0x1800,0x1800,0x1800,0x1800,0x1800,0x1800,0x1800,0x1800,
  0x1800,0x1800,0x1800,0x1800,0x1800,0x1800,0x1800,0x1800,0x1800,0x1800,0x1800,0x1800,0x1800,0x1800,0x1800,0x1800,
  0x1800,0x1800,0x1800,0x1800,0x1800,0x1800,0x1800,0x1800,0x1800,0x1800,0x1800,0x1800,0x1800,0x1800,0x1800,0x1800,
  0x1800,0x1800,0x1800,0x1800,0x1800,0x1800,0x1800,0x1800,0x1800,0x1800,0x1800,0x1800,0x1800,0x1800,0x1800,0x1800,
  0x1800,0x1800,0x1800,0x1800,0x1800,0x1800,0x1800,0x1800,0x1800,0x1800,0x1800,0x1800,0x1800,0x1800,0x1800,0x1800,
  0x1800,0x1800,0x1800,0x1800,0x1800,0x1800,0x1800,0x1800,0x1800,0x1800,0x1800,0x1800,0x1800,0x1800,0x1800,0x1800,
  0x1800,0x1800,0x1800,0x1800,0x1800,0x1800,0x1800,0x1800,0x1800,0x1800,0x1800,0x1800,0x1800,0x1800,0x1800,0x1800,
  0x1800,0x1800,0x1800,0x1800,0x1800,0x1800,0x1800,0x1800,0x1800,0x1800,0x1800,0x1800,0x1800,0x1800,0x1800,0x1800,
  0x1800,0x1800,0x1800,0x1800,0x1800,0x1800,0x1800,0x1800,0x1800,0x1800,0x1800,0x1800,0x1800,0x1800,0x1800,0x1800,
  0x1800,0x1800,0x1800,0x1800,0x1800,0x1800,0x1800,0x1800,0x1800,0x1800,0x1800,0x1800,0x1800,0x1800,0x1800,0x1800,
  0x1800,0x1800,0x1800,0x1800,0x1800,0x1800,0x1800,0x1800,0x1800,0x1800,0x1800,0x1800,0x1800,0x1800,0x1800,0x1800,
  0x1800,0x1800,0x1800,0x1800,0x1800,0x1800,0x1800,0x1800,0x1800,0x1800,0x1800,0x1800,0x1800,0x1800,0x1800,0x1800,
  0x1800,0x1800,0x1800,0x1800,0x1800,0x1800,0x1800,0x1800,0x1800,0x1800,0x1800,0x1800,0x1800,0x1800,0x1800,0x1800,
  0x1800,0x1800,0x1800,0x1800,0x1800,0x1800,0x1800,0x1800,0x1800,0x1800,0x1800,0x1800,0x1800,0x1800,0x1800,0x1800,
  0x1800,0x1800,0x1800,0x1800,0x1800,0x1800,0x1800,0x1800,0x1800,0x1800,0x1800,0x1800,0x1800,0x1800,0x1800,0x1800,
  0x1800,0x1800,0x1800,0x1800,0x1800,0x1800,0x1800,0x1800,0x1800,0x1800,0x1800,0x1800,0x1800,0x1800,0x1800,0x1800,
  0x1800,0x1800,0x1800,0x1800,0x1800,0x1800,0x1800,0x1800,0x1800,0x1800,0x1800,0x1800,0x1800,0x1800,0x1800,0x1800,
  0x1800,0x1800,0x1800,0x1800,0x1800,0x1800,0x1800,0x1800,0x1800,0x1800,0x1800,0x1800,0x1800,0x1800,0x1800,0x1800,
  0x1800,0x1800,0x1800,0x1800,0x1800,0x1800,0x1800,0x1800,0x1800,0x1800,0x1800,0x1800,0x1800,0x1800,0x1800,0x1800,
  0x1800,0x1800,0x1800,0x1800,0x1800,0x1800,0x1800,0x1800,0x1800,0x1800,0x1800,0x1800,0x1800,0x1800,0x1800,0x1800,
  0x1800,0x1800,0x1800,0x1800,0x1800,0x1800,0x1800,0x1800,0x1800,0x1800,0x1800,0x1800,0x1800,0x1800,0x1800,0x1800,
  0x1800,0x1800,0x1800,0x1800,0x1800,0x1800,0x1800,0x1800,0x1800,0x1800,0x1800,0x1800,0x1800,0x1800,0x1800,0x1800,
  0x1800,0x1800,0x1800,0x1800,0x1800,0x1800,0x1800,0x1800,0x1800,0x1800,0x1800,0x1800,0x1800,0x1800,0x1800,0x1800,
  0x1800,0x1800,0x1800,0x1800,0x1800,0x1800,0x1800,0x1800,0x1800,0x1800,0x1800,0x1800,0x1800,0x1800,0x1800,0x1800,
  0x1800,0x1800,0x1800,0x1800,0x1800,0x1800,0x1800,0x1800,0x1800,0x1800,0x1800,0x1800,0x1800,0x1800,0x1800,0x1800,
  0x1800,0x1800,0x1800,0x1800,0x1800,0x1800,0x1800,0x1800,0x1800,0x1800,0x1800,0x1800,0x1800,0x1800,0x1800,0x1800,
  0x1800,0x1800,0x1800,0x1800,0x1800,0x1800,0x1800,0x1800,0x1800,0x1800,0x1800,0x1800,0x1800,0x1800,0x1800,0x1800,
  0x1800,0x1800,0x1800,0x1800,0x1800,0x1800,0x1800,0x1800,0x1800,0x1800,0x1800,0x1800,0x1800,0x1800,0x1800,0x1800,
  0x1800,0x1800,0x1800,0x1800,0x1800,0x1800,0x1800,0x1800,0x1800,0x1800,0x1800,0x1800,0x1800,0x1800,0x1800,0x1800,
  0x1800,0x1800,0x1800,0x1800,0x1800,0x1800,0x1800,0x1800,0x1800,0x1800,0x1800,0x1800,0x1800,0x1800,0x1800,0x1800,
  0x1800,0x1800,0x1800,0x1800,0x1800,0x1800,0x1800,0x1800,0x1800,0x1800,0x1800,0x1800,0x1800,0x1800,0x1800,0x1800,
  
};

const uint16_t THEME_NATURE[] PROGMEM = {
  0x03C0,0x03C0,0x03C0,0x03C0,0x03C0,0x03C0,0x03C0,0x03C0,0x03C0,0x03C0,0x03C0,0x03C0,0x03C0,0x03C0,0x03C0,0x03C0,
  0x03C0,0x03C0,0x03C0,0x03C0,0x03C0,0x03C0,0x03C0,0x03C0,0x03C0,0x03C0,0x03C0,0x03C0,0x03C0,0x03C0,0x03C0,0x03C0,
  0x03C0,0x03C0,0x03C0,0x03C0,0x03C0,0x03C0,0x03C0,0x03C0,0x03C0,0x03C0,0x03C0,0x03C0,0x03C0,0x03C0,0x03C0,0x03C0,
  0x03C0,0x03C0,0x03C0,0x03C0,0x03C0,0x03C0,0x03C0,0x03C0,0x03C0,0x03C0,0x03C0,0x03C0,0x03C0,0x03C0,0x03C0,0x03C0,
  0x03C0,0x03C0,0x03C0,0x03C0,0x03C0,0x03C0,0x03C0,0x03C0,0x03C0,0x03C0,0x03C0,0x03C0,0x03C0,0x03C0,0x03C0,0x03C0,
  0x03A0,0x03A0,0x03A0,0x03A0,0x03A0,0x03A0,0x03A0,0x03A0,0x03A0,0x03A0,0x03A0,0x03A0,0x03A0,0x03A0,0x03A0,0x03A0,
  0x03A0,0x03A0,0x03A0,0x03A0,0x03A0,0x03A0,0x03A0,0x03A0,0x03A0,0x03A0,0x03A0,0x03A0,0x03A0,0x03A0,0x03A0,0x03A0,
  0x03A0,0x03A0,0x03A0,0x03A0,0x03A0,0x03A0,0x03A0,0x03A0,0x03A0,0x03A0,0x03A0,0x03A0,0x03A0,0x03A0,0x03A0,0x03A0,
  0x03A0,0x03A0,0x03A0,0x03A0,0x03A0,0x03A0,0x03A0,0x03A0,0x03A0,0x03A0,0x03A0,0x03A0,0x03A0,0x03A0,0x03A0,0x03A0,
  0x03A0,0x03A0,0x03A0,0x03A0,0x03A0,0x03A0,0x03A0,0x03A0,0x03A0,0x03A0,0x03A0,0x03A0,0x03A0,0x03A0,0x03A0,0x03A0,
  0x03A0,0x03A0,0x03A0,0x03A0,0x03A0,0x03A0,0x03A0,0x03A0,0x03A0,0x03A0,0x03A0,0x03A0,0x03A0,0x03A0,0x03A0,0x03A0,
  0x03A0,0x03A0,0x03A0,0x03A0,0x03A0,0x03A0,0x03A0,0x03A0,0x03A0,0x03A0,0x03A0,0x03A0,0x03A0,0x03A0,0x03A0,0x03A0,
  0x03A0,0x03A0,0x03A0,0x03A0,0x03A0,0x03A0,0x03A0,0x03A0,0x03A0,0x03A0,0x03A0,0x03A0,0x03A0,0x03A0,0x03A0,0x03A0,
  0x03A0,0x03A0,0x03A0,0x03A0,0x03A0,0x03A0,0x03A0,0x03A0,0x03A0,0x03A0,0x03A0,0x03A0,0x03A0,0x03A0,0x03A0,0x03A0,
  0x03A0,0x03A0,0x03A0,0x03A0,0x03A0,0x03A0,0x03A0,0x03A0,0x03A0,0x03A0,0x03A0,0x03A0,0x03A0,0x03A0,0x03A0,0x03A0,
  0x0380,0x0380,0x0380,0x0380,0x0380,0x0380,0x0380,0x0380,0x0380,0x0380,0x0380,0x0380,0x0380,0x0380,0x0380,0x0380,
  0x0380,0x0380,0x0380,0x0380,0x0380,0x0380,0x0380,0x0380,0x0380,0x0380,0x0380,0x0380,0x0380,0x0380,0x0380,0x0380,
  0x0380,0x0380,0x0380,0x0380,0x0380,0x0380,0x0380,0x0380,0x0380,0x0380,0x0380,0x0380,0x0380,0x0380,0x0380,0x0380,
  0x0380,0x0380,0x0380,0x0380,0x0380,0x0380,0x0380,0x0380,0x0380,0x0380,0x0380,0x0380,0x0380,0x0380,0x0380,0x0380,
  0x0380,0x0380,0x0380,0x0380,0x0380,0x0380,0x0380,0x0380,0x0380,0x0380,0x0380,0x0380,0x0380,0x0380,0x0380,0x0380,
  0x0380,0x0380,0x0380,0x0380,0x0380,0x0380,0x0380,0x0380,0x0380,0x0380,0x0380,0x0380,0x0380,0x0380,0x0380,0x0380,
  0x0380,0x0380,0x0380,0x0380,0x0380,0x0380,0x0380,0x0380,0x0380,0x0380,0x0380,0x0380,0x0380,0x0380,0x0380,0x0380,
  0x0380,0x0380,0x0380,0x0380,0x0380,0x0380,0x0380,0x0380,0x0380,0x0380,0x0380,0x0380,0x0380,0x0380,0x0380,0x0380,
  0x0380,0x0380,0x0380,0x0380,0x0380,0x0380,0x0380,0x0380,0x0380,0x0380,0x0380,0x0380,0x0380,0x0380,0x0380,0x0380,
  0x0380,0x0380,0x0380,0x0380,0x0380,0x0380,0x0380,0x0380,0x0380,0x0380,0x0380,0x0380,0x0380,0x0380,0x0380,0x0380,
  0x0360,0x0360,0x0360,0x0360,0x0360,0x0360,0x0360,0x0360,0x0360,0x0360,0x0360,0x0360,0x0360,0x0360,0x0360,0x0360,
  0x0360,0x0360,0x0360,0x0360,0x0360,0x0360,0x0360,0x0360,0x0360,0x0360,0x0360,0x0360,0x0360,0x0360,0x0360,0x0360,
  0x0360,0x0360,0x0360,0x0360,0x0360,0x0360,0x0360,0x0360,0x0360,0x0360,0x0360,0x0360,0x0360,0x0360,0x0360,0x0360,
  0x0360,0x0360,0x0360,0x0360,0x0360,0x0360,0x0360,0x0360,0x0360,0x0360,0x0360,0x0360,0x0360,0x0360,0x0360,0x0360,
  0x0360,0x0360,0x0360,0x0360,0x0360,0x0360,0x0360,0x0360,0x0360,0x0360,0x0360,0x0360,0x0360,0x0360,0x0360,0x0360,
  0x0360,0x0360,0x0360,0x0360,0x0360,0x0360,0x0360,0x0360,0x0360,0x0360,0x0360,0x0360,0x0360,0x0360,0x0360,0x0360,
  0x0360,0x0360,0x0360,0x0360,0x0360,0x0360,0x0360,0x0360,0x0360,0x0360,0x0360,0x0360,0x0360,0x0360,0x0360,0x0360,
  0x0360,0x0360,0x0360,0x0360,0x0360,0x0360,0x0360,0x0360,0x0360,0x0360,0x0360,0x0360,0x0360,0x0360,0x0360,0x0360,
  0x0360,0x0360,0x0360,0x0360,0x0360,0x0360,0x0360,0x0360,0x0360,0x0360,0x0360,0x0360,0x0360,0x0360,0x0360,0x0360,
  0x0360,0x0360,0x0360,0x0360,0x0360,0x0360,0x0360,0x0360,0x0360,0x0360,0x0360,0x0360,0x0360,0x0360,0x0360,0x0360,
  0x0340,0x0340,0x0340,0x0340,0x0340,0x0340,0x0340,0x0340,0x0340,0x0340,0x0340,0x0340,0x0340,0x0340,0x0340,0x0340,
  0x0340,0x0340,0x0340,0x0340,0x0340,0x0340,0x0340,0x0340,0x0340,0x0340,0x0340,0x0340,0x0340,0x0340,0x0340,0x0340,
  0x0340,0x0340,0x0340,0x0340,0x0340,0x0340,0x0340,0x0340,0x0340,0x0340,0x0340,0x0340,0x0340,0x0340,0x0340,0x0340,
  0x0340,0x0340,0x0340,0x0340,0x0340,0x0340,0x0340,0x0340,0x0340,0x0340,0x0340,0x0340,0x0340,0x0340,0x0340,0x0340,
  0x0340,0x0340,0x0340,0x0340,0x0340,0x0340,0x0340,0x0340,0x0340,0x0340,0x0340,0x0340,0x0340,0x0340,0x0340,0x0340,
  0x0340,0x0340,0x0340,0x0340,0x0340,0x0340,0x0340,0x0340,0x0340,0x0340,0x0340,0x0340,0x0340,0x0340,0x0340,0x0340,
  0x0340,0x0340,0x0340,0x0340,0x0340,0x0340,0x0340,0x0340,0x0340,0x0340,0x0340,0x0340,0x0340,0x0340,0x0340,0x0340,
  0x0340,0x0340,0x0340,0x0340,0x0340,0x0340,0x0340,0x0340,0x0340,0x0340,0x0340,0x0340,0x0340,0x0340,0x0340,0x0340,
  0x0340,0x0340,0x0340,0x0340,0x0340,0x0340,0x0340,0x0340,0x0340,0x0340,0x0340,0x0340,0x0340,0x0340,0x0340,0x0340,
  0x0340,0x0340,0x0340,0x0340,0x0340,0x0340,0x0340,0x0340,0x0340,0x0340,0x0340,0x0340,0x0340,0x0340,0x0340,0x0340,
  0x0320,0x0320,0x0320,0x0320,0x0320,0x0320,0x0320,0x0320,0x0320,0x0320,0x0320,0x0320,0x0320,0x0320,0x0320,0x0320,
  0x0320,0x0320,0x0320,0x0320,0x0320,0x0320,0x0320,0x0320,0x0320,0x0320,0x0320,0x0320,0x0320,0x0320,0x0320,0x0320,
  0x0320,0x0320,0x0320,0x0320,0x0320,0x0320,0x0320,0x0320,0x0320,0x0320,0x0320,0x0320,0x0320,0x0320,0x0320,0x0320,
  0x0320,0x0320,0x0320,0x0320,0x0320,0x0320,0x0320,0x0320,0x0320,0x0320,0x0320,0x0320,0x0320,0x0320,0x0320,0x0320,
  0x0320,0x0320,0x0320,0x0320,0x0320,0x0320,0x0320,0x0320,0x0320,0x0320,0x0320,0x0320,0x0320,0x0320,0x0320,0x0320,
  0x0320,0x0320,0x0320,0x0320,0x0320,0x0320,0x0320,0x0320,0x0320,0x0320,0x0320,0x0320,0x0320,0x0320,0x0320,0x0320,
  0x0320,0x0320,0x0320,0x0320,0x0320,0x0320,0x0320,0x0320,0x0320,0x0320,0x0320,0x0320,0x0320,0x0320,0x0320,0x0320,
  0x0320,0x0320,0x0320,0x0320,0x0320,0x0320,0x0320,0x0320,0x0320,0x0320,0x0320,0x0320,0x0320,0x0320,0x0320,0x0320,
  0x0320,0x0320,0x0320,0x0320,0x0320,0x0320,0x0320,0x0320,0x0320,0x0320,0x0320,0x0320,0x0320,0x0320,0x0320,0x0320,
  0x0320,0x0320,0x0320,0x0320,0x0320,0x0320,0x0320,0x0320,0x0320,0x0320,0x0320,0x0320,0x0320,0x0320,0x0320,0x0320,
  0x0300,0x0300,0x0300,0x0300,0x0300,0x0300,0x0300,0x0300,0x0300,0x0300,0x0300,0x0300,0x0300,0x0300,0x0300,0x0300,
  0x0300,0x0300,0x0300,0x0300,0x0300,0x0300,0x0300,0x0300,0x0300,0x0300,0x0300,0x0300,0x0300,0x0300,0x0300,0x0300,
  0x0300,0x0300,0x0300,0x0300,0x0300,0x0300,0x0300,0x0300,0x0300,0x0300,0x0300,0x0300,0x0300,0x0300,0x0300,0x0300,
  0x0300,0x0300,0x0300,0x0300,0x0300,0x0300,0x0300,0x0300,0x0300,0x0300,0x0300,0x0300,0x0300,0x0300,0x0300,0x0300,
  0x0300,0x0300,0x0300,0x0300,0x0300,0x0300,0x0300,0x0300,0x0300,0x0300,0x0300,0x0300,0x0300,0x0300,0x0300,0x0300,
  0x0300,0x0300,0x0300,0x0300,0x0300,0x0300,0x0300,0x0300,0x0300,0x0300,0x0300,0x0300,0x0300,0x0300,0x0300,0x0300,
  0x0300,0x0300,0x0300,0x0300,0x0300,0x0300,0x0300,0x0300,0x0300,0x0300,0x0300,0x0300,0x0300,0x0300,0x0300,0x0300,
  0x0300,0x0300,0x0300,0x0300,0x0300,0x0300,0x0300,0x0300,0x0300,0x0300,0x0300,0x0300,0x0300,0x0300,0x0300,0x0300,
  0x0300,0x0300,0x0300,0x0300,0x0300,0x0300,0x0300,0x0300,0x0300,0x0300,0x0300,0x0300,0x0300,0x0300,0x0300,0x0300,
  0x0300,0x0300,0x0300,0x0300,0x0300,0x0300,0x0300,0x0300,0x0300,0x0300,0x0300,0x0300,0x0300,0x0300,0x0300,0x0300,
  0x02E0,0x02E0,0x02E0,0x02E0,0x02E0,0x02E0,0x02E0,0x02E0,0x02E0,0x02E0,0x02E0,0x02E0,0x02E0,0x02E0,0x02E0,0x02E0,
  0x02E0,0x02E0,0x02E0,0x02E0,0x02E0,0x02E0,0x02E0,0x02E0,0x02E0,0x02E0,0x02E0,0x02E0,0x02E0,0x02E0,0x02E0,0x02E0,
  0x02E0,0x02E0,0x02E0,0x02E0,0x02E0,0x02E0,0x02E0,0x02E0,0x02E0,0x02E0,0x02E0,0x02E0,0x02E0,0x02E0,0x02E0,0x02E0,
  0x02E0,0x02E0,0x02E0,0x02E0,0x02E0,0x02E0,0x02E0,0x02E0,0x02E0,0x02E0,0x02E0,0x02E0,0x02E0,0x02E0,0x02E0,0x02E0,
  0x02E0,0x02E0,0x02E0,0x02E0,0x02E0,0x02E0,0x02E0,0x02E0,0x02E0,0x02E0,0x02E0,0x02E0,0x02E0,0x02E0,0x02E0,0x02E0,
  0x02E0,0x02E0,0x02E0,0x02E0,0x02E0,0x02E0,0x02E0,0x02E0,0x02E0,0x02E0,0x02E0,0x02E0,0x02E0,0x02E0,0x02E0,0x02E0,
  0x02E0,0x02E0,0x02E0,0x02E0,0x02E0,0x02E0,0x02E0,0x02E0,0x02E0,0x02E0,0x02E0,0x02E0,0x02E0,0x02E0,0x02E0,0x02E0,
  0x02E0,0x02E0,0x02E0,0x02E0,0x02E0,0x02E0,0x02E0,0x02E0,0x02E0,0x02E0,0x02E0,0x02E0,0x02E0,0x02E0,0x02E0,0x02E0,
  0x02E0,0x02E0,0x02E0,0x02E0,0x02E0,0x02E0,0x02E0,0x02E0,0x02E0,0x02E0,0x02E0,0x02E0,0x02E0,0x02E0,0x02E0,0x02E0,
  0x02E0,0x02E0,0x02E0,0x02E0,0x02E0,0x02E0,0x02E0,0x02E0,0x02E0,0x02E0,0x02E0,0x02E0,0x02E0,0x02E0,0x02E0,0x02E0,
  0x02C0,0x02C0,0x02C0,0x02C0,0x02C0,0x02C0,0x02C0,0x02C0,0x02C0,0x02C0,0x02C0,0x02C0,0x02C0,0x02C0,0x02C0,0x02C0,
  0x02C0,0x02C0,0x02C0,0x02C0,0x02C0,0x02C0,0x02C0,0x02C0,0x02C0,0x02C0,0x02C0,0x02C0,0x02C0,0x02C0,0x02C0,0x02C0,
  0x02C0,0x02C0,0x02C0,0x02C0,0x02C0,0x02C0,0x02C0,0x02C0,0x02C0,0x02C0,0x02C0,0x02C0,0x02C0,0x02C0,0x02C0,0x02C0,
  0x02C0,0x02C0,0x02C0,0x02C0,0x02C0,0x02C0,0x02C0,0x02C0,0x02C0,0x02C0,0x02C0,0x02C0,0x02C0,0x02C0,0x02C0,0x02C0,
  0x02C0,0x02C0,0x02C0,0x02C0,0x02C0,0x02C0,0x02C0,0x02C0,0x02C0,0x02C0,0x02C0,0x02C0,0x02C0,0x02C0,0x02C0,0x02C0,
  0x02C0,0x02C0,0x02C0,0x02C0,0x02C0,0x02C0,0x02C0,0x02C0,0x02C0,0x02C0,0x02C0,0x02C0,0x02C0,0x02C0,0x02C0,0x02C0,
  0x02C0,0x02C0,0x02C0,0x02C0,0x02C0,0x02C0,0x02C0,0x02C0,0x02C0,0x02C0,0x02C0,0x02C0,0x02C0,0x02C0,0x02C0,0x02C0,
  0x02C0,0x02C0,0x02C0,0x02C0,0x02C0,0x02C0,0x02C0,0x02C0,0x02C0,0x02C0,0x02C0,0x02C0,0x02C0,0x02C0,0x02C0,0x02C0,
  0x02C0,0x02C0,0x02C0,0x02C0,0x02C0,0x02C0,0x02C0,0x02C0,0x02C0,0x02C0,0x02C0,0x02C0,0x02C0,0x02C0,0x02C0,0x02C0,
  0x02C0,0x02C0,0x02C0,0x02C0,0x02C0,0x02C0,0x02C0,0x02C0,0x02C0,0x02C0,0x02C0,0x02C0,0x02C0,0x02C0,0x02C0,0x02C0,
  0x02A0,0x02A0,0x02A0,0x02A0,0x02A0,0x02A0,0x02A0,0x02A0,0x02A0,0x02A0,0x02A0,0x02A0,0x02A0,0x02A0,0x02A0,0x02A0,
  0x02A0,0x02A0,0x02A0,0x02A0,0x02A0,0x02A0,0x02A0,0x02A0,0x02A0,0x02A0,0x02A0,0x02A0,0x02A0,0x02A0,0x02A0,0x02A0,
  0x02A0,0x02A0,0x02A0,0x02A0,0x02A0,0x02A0,0x02A0,0x02A0,0x02A0,0x02A0,0x02A0,0x02A0,0x02A0,0x02A0,0x02A0,0x02A0,
  0x02A0,0x02A0,0x02A0,0x02A0,0x02A0,0x02A0,0x02A0,0x02A0,0x02A0,0x02A0,0x02A0,0x02A0,0x02A0,0x02A0,0x02A0,0x02A0,
  0x02A0,0x02A0,0x02A0,0x02A0,0x02A0,0x02A0,0x02A0,0x02A0,0x02A0,0x02A0,0x02A0,0x02A0,0x02A0,0x02A0,0x02A0,0x02A0,
  0x02A0,0x02A0,0x02A0,0x02A0,0x02A0,0x02A0,0x02A0,0x02A0,0x02A0,0x02A0,0x02A0,0x02A0,0x02A0,0x02A0,0x02A0,0x02A0,
  0x02A0,0x02A0,0x02A0,0x02A0,0x02A0,0x02A0,0x02A0,0x02A0,0x02A0,0x02A0,0x02A0,0x02A0,0x02A0,0x02A0,0x02A0,0x02A0,
  0x02A0,0x02A0,0x02A0,0x02A0,0x02A0,0x02A0,0x02A0,0x02A0,0x02A0,0x02A0,0x02A0,0x02A0,0x02A0,0x02A0,0x02A0,0x02A0,
  0x02A0,0x02A0,0x02A0,0x02A0,0x02A0,0x02A0,0x02A0,0x02A0,0x02A0,0x02A0,0x02A0,0x02A0,0x02A0,0x02A0,0x02A0,0x02A0,
  0x02A0,0x02A0,0x02A0,0x02A0,0x02A0,0x02A0,0x02A0,0x02A0,0x02A0,0x02A0,0x02A0,0x02A0,0x02A0,0x02A0,0x02A0,0x02A0,
  0x0280,0x0280,0x0280,0x0280,0x0280,0x0280,0x0280,0x0280,0x0280,0x0280,0x0280,0x0280,0x0280,0x0280,0x0280,0x0280,
  0x0280,0x0280,0x0280,0x0280,0x0280,0x0280,0x0280,0x0280,0x0280,0x0280,0x0280,0x0280,0x0280,0x0280,0x0280,0x0280,
  0x0280,0x0280,0x0280,0x0280,0x0280,0x0280,0x0280,0x0280,0x0280,0x0280,0x0280,0x0280,0x0280,0x0280,0x0280,0x0280,
  0x0280,0x0280,0x0280,0x0280,0x0280,0x0280,0x0280,0x0280,0x0280,0x0280,0x0280,0x0280,0x0280,0x0280,0x0280,0x0280,
  0x0280,0x0280,0x0280,0x0280,0x0280,0x0280,0x0280,0x0280,0x0280,0x0280,0x0280,0x0280,0x0280,0x0280,0x0280,0x0280,
  0x0280,0x0280,0x0280,0x0280,0x0280,0x0280,0x0280,0x0280,0x0280,0x0280,0x0280,0x0280,0x0280,0x0280,0x0280,0x0280,
  0x0280,0x0280,0x0280,0x0280,0x0280,0x0280,0x0280,0x0280,0x0280,0x0280,0x0280,0x0280,0x0280,0x0280,0x0280,0x0280,
  0x0280,0x0280,0x0280,0x0280,0x0280,0x0280,0x0280,0x0280,0x0280,0x0280,0x0280,0x0280,0x0280,0x0280,0x0280,0x0280,
  0x0280,0x0280,0x0280,0x0280,0x0280,0x0280,0x0280,0x0280,0x0280,0x0280,0x0280,0x0280,0x0280,0x0280,0x0280,0x0280,
  0x0280,0x0280,0x0280,0x0280,0x0280,0x0280,0x0280,0x0280,0x0280,0x0280,0x0280,0x0280,0x0280,0x0280,0x0280,0x0280,
  0x0260,0x0260,0x0260,0x0260,0x0260,0x0260,0x0260,0x0260,0x0260,0x0260,0x0260,0x0260,0x0260,0x0260,0x0260,0x0260,
  0x0260,0x0260,0x0260,0x0260,0x0260,0x0260,0x0260,0x0260,0x0260,0x0260,0x0260,0x0260,0x0260,0x0260,0x0260,0x0260,
  0x0260,0x0260,0x0260,0x0260,0x0260,0x0260,0x0260,0x0260,0x0260,0x0260,0x0260,0x0260,0x0260,0x0260,0x0260,0x0260,
  0x0260,0x0260,0x0260,0x0260,0x0260,0x0260,0x0260,0x0260,0x0260,0x0260,0x0260,0x0260,0x0260,0x0260,0x0260,0x0260,
  0x0260,0x0260,0x0260,0x0260,0x0260,0x0260,0x0260,0x0260,0x0260,0x0260,0x0260,0x0260,0x0260,0x0260,0x0260,0x0260,
  0x0260,0x0260,0x0260,0x0260,0x0260,0x0260,0x0260,0x0260,0x0260,0x0260,0x0260,0x0260,0x0260,0x0260,0x0260,0x0260,
  0x0260,0x0260,0x0260,0x0260,0x0260,0x0260,0x0260,0x0260,0x0260,0x0260,0x0260,0x0260,0x0260,0x0260,0x0260,0x0260,
  0x0260,0x0260,0x0260,0x0260,0x0260,0x0260,0x0260,0x0260,0x0260,0x0260,0x0260,0x0260,0x0260,0x0260,0x0260,0x0260,
  0x0260,0x0260,0x0260,0x0260,0x0260,0x0260,0x0260,0x0260,0x0260,0x0260,0x0260,0x0260,0x0260,0x0260,0x0260,0x0260,
  0x0260,0x0260,0x0260,0x0260,0x0260,0x0260,0x0260,0x0260,0x0260,0x0260,0x0260,0x0260,0x0260,0x0260,0x0260,0x0260,
  0x0240,0x0240,0x0240,0x0240,0x0240,0x0240,0x0240,0x0240,0x0240,0x0240,0x0240,0x0240,0x0240,0x0240,0x0240,0x0240,
  0x0240,0x0240,0x0240,0x0240,0x0240,0x0240,0x0240,0x0240,0x0240,0x0240,0x0240,0x0240,0x0240,0x0240,0x0240,0x0240,
  0x0240,0x0240,0x0240,0x0240,0x0240,0x0240,0x0240,0x0240,0x0240,0x0240,0x0240,0x0240,0x0240,0x0240,0x0240,0x0240,
  0x0240,0x0240,0x0240,0x0240,0x0240,0x0240,0x0240,0x0240,0x0240,0x0240,0x0240,0x0240,0x0240,0x0240,0x0240,0x0240,
  0x0240,0x0240,0x0240,0x0240,0x0240,0x0240,0x0240,0x0240,0x0240,0x0240,0x0240,0x0240,0x0240,0x0240,0x0240,0x0240,
  0x0240,0x0240,0x0240,0x0240,0x0240,0x0240,0x0240,0x0240,0x0240,0x0240,0x0240,0x0240,0x0240,0x0240,0x0240,0x0240,
  0x0240,0x0240,0x0240,0x0240,0x0240,0x0240,0x0240,0x0240,0x0240,0x0240,0x0240,0x0240,0x0240,0x0240,0x0240,0x0240,
  0x0240,0x0240,0x0240,0x0240,0x0240,0x0240,0x0240,0x0240,0x0240,0x0240,0x0240,0x0240,0x0240,0x0240,0x0240,0x0240,
  0x0240,0x0240,0x0240,0x0240,0x0240,0x0240,0x0240,0x0240,0x0240,0x0240,0x0240,0x0240,0x0240,0x0240,0x0240,0x0240,
  0x0240,0x0240,0x0240,0x0240,0x0240,0x0240,0x0240,0x0240,0x0240,0x0240,0x0240,0x0240,0x0240,0x0240,0x0240,0x0240,
  0x0220,0x0220,0x0220,0x0220,0x0220,0x0220,0x0220,0x0220,0x0220,0x0220,0x0220,0x0220,0x0220,0x0220,0x0220,0x0220,
  0x0220,0x0220,0x0220,0x0220,0x0220,0x0220,0x0220,0x0220,0x0220,0x0220,0x0220,0x0220,0x0220,0x0220,0x0220,0x0220,
  0x0220,0x0220,0x0220,0x0220,0x0220,0x0220,0x0220,0x0220,0x0220,0x0220,0x0220,0x0220,0x0220,0x0220,0x0220,0x0220,
  0x0220,0x0220,0x0220,0x0220,0x0220,0x0220,0x0220,0x0220,0x0220,0x0220,0x0220,0x0220,0x0220,0x0220,0x0220,0x0220,
  0x0220,0x0220,0x0220,0x0220,0x0220,0x0220,0x0220,0x0220,0x0220,0x0220,0x0220,0x0220,0x0220,0x0220,0x0220,0x0220,
  0x0220,0x0220,0x0220,0x0220,0x0220,0x0220,0x0220,0x0220,0x0220,0x0220,0x0220,0x0220,0x0220,0x0220,0x0220,0x0220,
  0x0220,0x0220,0x0220,0x0220,0x0220,0x0220,0x0220,0x0220,0x0220,0x0220,0x0220,0x0220,0x0220,0x0220,0x0220,0x0220,
  0x0220,0x0220,0x0220,0x0220,0x0220,0x0220,0x0220,0x0220,0x0220,0x0220,0x0220,0x0220,0x0220,0x0220,0x0220,0x0220,
  0x0220,0x0220,0x0220,0x0220,0x0220,0x0220,0x0220,0x0220,0x0220,0x0220,0x0220,0x0220,0x0220,0x0220,0x0220,0x0220,
  0x0220,0x0220,0x0220,0x0220,0x0220,0x0220,0x0220,0x0220,0x0220,0x0220,0x0220,0x0220,0x0220,0x0220,0x0220,0x0220,
  0x0200,0x0200,0x0200,0x0200,0x0200,0x0200,0x0200,0x0200,0x0200,0x0200,0x0200,0x0200,0x0200,0x0200,0x0200,0x0200,
  0x0200,0x0200,0x0200,0x0200,0x0200,0x0200,0x0200,0x0200,0x0200,0x0200,0x0200,0x0200,0x0200,0x0200,0x0200,0x0200,
  0x0200,0x0200,0x0200,0x0200,0x0200,0x0200,0x0200,0x0200,0x0200,0x0200,0x0200,0x0200,0x0200,0x0200,0x0200,0x0200,
  0x0200,0x0200,0x0200,0x0200,0x0200,0x0200,0x0200,0x0200,0x0200,0x0200,0x0200,0x0200,0x0200,0x0200,0x0200,0x0200,
  0x0200,0x0200,0x0200,0x0200,0x0200,0x0200,0x0200,0x0200,0x0200,0x0200,0x0200,0x0200,0x0200,0x0200,0x0200,0x0200,
  0x0200,0x0200,0x0200,0x0200,0x0200,0x0200,0x0200,0x0200,0x0200,0x0200,0x0200,0x0200,0x0200,0x0200,0x0200,0x0200,
  0x0200,0x0200,0x0200,0x0200,0x0200,0x0200,0x0200,0x0200,0x0200,0x0200,0x0200,0x0200,0x0200,0x0200,0x0200,0x0200,
  0x0200,0x0200,0x0200,0x0200,0x0200,0x0200,0x0200,0x0200,0x0200,0x0200,0x0200,0x0200,0x0200,0x0200,0x0200,0x0200,
  0x0200,0x0200,0x0200,0x0200,0x0200,0x0200,0x0200,0x0200,0x0200,0x0200,0x0200,0x0200,0x0200,0x0200,0x0200,0x0200,
  0x0200,0x0200,0x0200,0x0200,0x0200,0x0200,0x0200,0x0200,0x0200,0x0200,0x0200,0x0200,0x0200,0x0200,0x0200,0x0200,
  0x01E0,0x01E0,0x01E0,0x01E0,0x01E0,0x01E0,0x01E0,0x01E0,0x01E0,0x01E0,0x01E0,0x01E0,0x01E0,0x01E0,0x01E0,0x01E0,
  0x01E0,0x01E0,0x01E0,0x01E0,0x01E0,0x01E0,0x01E0,0x01E0,0x01E0,0x01E0,0x01E0,0x01E0,0x01E0,0x01E0,0x01E0,0x01E0,
  0x01E0,0x01E0,0x01E0,0x01E0,0x01E0,0x01E0,0x01E0,0x01E0,0x01E0,0x01E0,0x01E0,0x01E0,0x01E0,0x01E0,0x01E0,0x01E0,
  0x01E0,0x01E0,0x01E0,0x01E0,0x01E0,0x01E0,0x01E0,0x01E0,0x01E0,0x01E0,0x01E0,0x01E0,0x01E0,0x01E0,0x01E0,0x01E0,
  0x01E0,0x01E0,0x01E0,0x01E0,0x01E0,0x01E0,0x01E0,0x01E0,0x01E0,0x01E0,0x01E0,0x01E0,0x01E0,0x01E0,0x01E0,0x01E0,
  0x01E0,0x01E0,0x01E0,0x01E0,0x01E0,0x01E0,0x01E0,0x01E0,0x01E0,0x01E0,0x01E0,0x01E0,0x01E0,0x01E0,0x01E0,0x01E0,
  0x01E0,0x01E0,0x01E0,0x01E0,0x01E0,0x01E0,0x01E0,0x01E0,0x01E0,0x01E0,0x01E0,0x01E0,0x01E0,0x01E0,0x01E0,0x01E0,
  0x01E0,0x01E0,0x01E0,0x01E0,0x01E0,0x01E0,0x01E0,0x01E0,0x0280,0x01E0,0x01E0,0x01E0,0x01E0,0x01E0,0x01E0,0x01E0,
  0x01E0,0x01E0,0x01E0,0x01E0,0x01E0,0x01E0,0x01E0,0x01E0,0x01E0,0x01E0,0x01E0,0x01E0,0x01E0,0x01E0,0x01E0,0x01E0,
  0x01E0,0x01E0,0x01E0,0x01E0,0x01E0,0x01E0,0x01E0,0x01E0,0x01E0,0x01E0,0x01E0,0x01E0,0x01E0,0x01E0,0x01E0,0x01E0,
  0x01C0,0x01C0,0x01C0,0x01C0,0x01C0,0x01C0,0x01C0,0x01C0,0x01C0,0x01C0,0x01C0,0x01C0,0x01C0,0x01C0,0x01C0,0x01C0,
  0x01C0,0x01C0,0x01C0,0x01C0,0x01C0,0x01C0,0x01C0,0x01C0,0x01C0,0x01C0,0x01C0,0x01C0,0x01C0,0x01C0,0x01C0,0x01C0,
  0x01C0,0x01C0,0x01C0,0x01C0,0x01C0,0x01C0,0x01C0,0x0280,0x0280,0x0280,0x01C0,0x01C0,0x01C0,0x01C0,0x01C0,0x01C0,
  0x01C0,0x01C0,0x01C0,0x01C0,0x01C0,0x01C0,0x01C0,0x01C0,0x01C0,0x01C0,0x01C0,0x01C0,0x01C0,0x01C0,0x01C0,0x01C0,
  0x01C0,0x01C0,0x01C0,0x01C0,0x01C0,0x01C0,0x01C0,0x01C0,0x01C0,0x01C0,0x01C0,0x01C0,0x01C0,0x01C0,0x01C0,0x01C0,
  0x01C0,0x01C0,0x01C0,0x01C0,0x01C0,0x01C0,0x01C0,0x01C0,0x01C0,0x01C0,0x01C0,0x01C0,0x01C0,0x01C0,0x01C0,0x01C0,
  0x01C0,0x01C0,0x01C0,0x01C0,0x01C0,0x01C0,0x01C0,0x01C0,0x01C0,0x01C0,0x01C0,0x01C0,0x01C0,0x01C0,0x01C0,0x01C0,
  0x01C0,0x01C0,0x01C0,0x01C0,0x01C0,0x01C0,0x01C0,0x0280,0x0280,0x0280,0x0280,0x01C0,0x01C0,0x01C0,0x01C0,0x01C0,
  0x01C0,0x01C0,0x01C0,0x01C0,0x01C0,0x01C0,0x01C0,0x01C0,0x01C0,0x01C0,0x01C0,0x01C0,0x01C0,0x01C0,0x01C0,0x01C0,
  0x01C0,0x01C0,0x01C0,0x01C0,0x01C0,0x01C0,0x01C0,0x01C0,0x01C0,0x01C0,0x01C0,0x01C0,0x01C0,0x01C0,0x01C0,0x01C0,
  0x01A0,0x01A0,0x01A0,0x01A0,0x01A0,0x01A0,0x01A0,0x01A0,0x01A0,0x01A0,0x01A0,0x01A0,0x01A0,0x01A0,0x01A0,0x01A0,
  0x01A0,0x01A0,0x01A0,0x01A0,0x01A0,0x01A0,0x01A0,0x01A0,0x01A0,0x01A0,0x01A0,0x01A0,0x01A0,0x01A0,0x01A0,0x01A0,
  0x01A0,0x01A0,0x01A0,0x01A0,0x01A0,0x01A0,0x0280,0x0280,0x0280,0x0280,0x0280,0x0280,0x01A0,0x01A0,0x01A0,0x01A0,
  0x01A0,0x01A0,0x01A0,0x01A0,0x01A0,0x01A0,0x01A0,0x01A0,0x01A0,0x01A0,0x01A0,0x01A0,0x01A0,0x01A0,0x01A0,0x01A0,
  0x01A0,0x01A0,0x01A0,0x01A0,0x01A0,0x01A0,0x01A0,0x01A0,0x01A0,0x01A0,0x01A0,0x01A0,0x01A0,0x01A0,0x01A0,0x01A0,
  0x01A0,0x01A0,0x01A0,0x01A0,0x01A0,0x01A0,0x01A0,0x01A0,0x01A0,0x01A0,0x01A0,0x01A0,0x01A0,0x01A0,0x01A0,0x01A0,
  0x01A0,0x01A0,0x01A0,0x01A0,0x01A0,0x01A0,0x01A0,0x01A0,0x01A0,0x01A0,0x01A0,0x01A0,0x01A0,0x01A0,0x01A0,0x01A0,
  0x01A0,0x01A0,0x01A0,0x01A0,0x01A0,0x0280,0x0280,0x0280,0x0280,0x0280,0x0280,0x0280,0x0280,0x01A0,0x01A0,0x01A0,
  0x01A0,0x01A0,0x01A0,0x01A0,0x01A0,0x01A0,0x01A0,0x01A0,0x01A0,0x01A0,0x01A0,0x01A0,0x01A0,0x01A0,0x01A0,0x01A0,
  0x01A0,0x01A0,0x01A0,0x01A0,0x01A0,0x01A0,0x01A0,0x01A0,0x01A0,0x01A0,0x01A0,0x01A0,0x01A0,0x01A0,0x01A0,0x01A0,
  0x0180,0x0180,0x0180,0x0180,0x0180,0x0180,0x0180,0x0180,0x0180,0x0180,0x0180,0x0180,0x0180,0x0180,0x0180,0x0180,
  0x0180,0x0180,0x0180,0x0180,0x0180,0x0180,0x0180,0x0180,0x0180,0x0180,0x0180,0x0180,0x0180,0x0180,0x0180,0x0180,
  0x0180,0x0180,0x0180,0x0180,0x0280,0x0280,0x0280,0x0280,0x0280,0x0280,0x0280,0x0280,0x0280,0x0280,0x0180,0x0180,
  0x0180,0x0180,0x0180,0x0180,0x0180,0x0180,0x0180,0x0180,0x0180,0x0180,0x0180,0x0180,0x0180,0x0180,0x0180,0x0180,
  0x0180,0x0280,0x0180,0x0180,0x0180,0x0180,0x0180,0x0180,0x0180,0x0180,0x0180,0x0180,0x0180,0x0180,0x0180,0x0180,
  0x0180,0x0180,0x0180,0x0180,0x0180,0x0180,0x0180,0x0180,0x0180,0x0180,0x0180,0x0180,0x0180,0x0180,0x0180,0x0180,
  0x0180,0x0180,0x0180,0x0180,0x0180,0x0180,0x0180,0x0180,0x0180,0x0180,0x0180,0x0180,0x0180,0x0180,0x0180,0x0180,
  0x0180,0x0180,0x0180,0x0180,0x0280,0x0280,0x0280,0x0280,0x0280,0x0280,0x0280,0x0280,0x0280,0x0280,0x0280,0x0180,
  0x0180,0x0180,0x0180,0x0180,0x0180,0x0180,0x0180,0x0180,0x0180,0x0180,0x0180,0x0180,0x0180,0x0180,0x0180,0x0180,
  0x0280,0x0280,0x0280,0x0180,0x0180,0x0180,0x0180,0x0180,0x0180,0x0180,0x0180,0x0180,0x0180,0x0180,0x0180,0x0180,
  0x0160,0x0160,0x0160,0x0160,0x0160,0x0160,0x0160,0x0160,0x0160,0x0160,0x0160,0x0160,0x0160,0x0160,0x0160,0x0160,
  0x0160,0x0160,0x0160,0x0160,0x0160,0x0160,0x0160,0x0160,0x0160,0x0160,0x0160,0x0160,0x0160,0x0160,0x0160,0x0160,
  0x0160,0x0160,0x0160,0x0280,0x0280,0x0280,0x0280,0x0280,0x0280,0x0280,0x0280,0x0280,0x0280,0x0280,0x0280,0x0280,
  0x0160,0x0160,0x0160,0x0160,0x0160,0x0160,0x0160,0x0160,0x0160,0x0160,0x0160,0x0160,0x0160,0x0160,0x0160,0x0280,
  0x0280,0x0280,0x0280,0x0160,0x0160,0x0160,0x0160,0x0160,0x0160,0x0160,0x0160,0x0160,0x0160,0x0160,0x0160,0x0160,
  0x0160,0x0160,0x0160,0x0160,0x0160,0x0160,0x0160,0x0160,0x0160,0x0160,0x0160,0x0160,0x0160,0x0160,0x0160,0x0160,
  0x0160,0x0160,0x0160,0x0160,0x0160,0x0160,0x0160,0x0160,0x0160,0x0160,0x0160,0x0160,0x0160,0x0160,0x0160,0x0160,
  0x0160,0x0160,0x0280,0x0280,0x0280,0x0280,0x0280,0x0280,0x0280,0x0280,0x0280,0x0280,0x0280,0x0280,0x0280,0x0280,
  0x0280,0x0160,0x0160,0x0160,0x0160,0x0160,0x0160,0x0160,0x0160,0x0160,0x0160,0x0160,0x0160,0x0160,0x0280,0x0280,
  0x0280,0x0280,0x0280,0x0280,0x0160,0x0160,0x0160,0x0160,0x0160,0x0160,0x0160,0x0160,0x0160,0x0160,0x0160,0x0160,
  0x0140,0x0140,0x0140,0x0140,0x0140,0x0140,0x0140,0x0140,0x0140,0x0140,0x0140,0x0140,0x0140,0x0140,0x0140,0x0140,
  0x0140,0x0140,0x0140,0x0140,0x0140,0x0140,0x0140,0x0140,0x0140,0x0140,0x0140,0x0140,0x0140,0x0140,0x0140,0x0140,
  0x0140,0x0280,0x0280,0x0280,0x0280,0x0280,0x0280,0x0280,0x0280,0x0280,0x0280,0x0280,0x0280,0x0280,0x0280,0x0280,
  0x0280,0x0280,0x0140,0x0140,0x0140,0x0140,0x0140,0x0140,0x0140,0x0140,0x0140,0x0140,0x0140,0x0280,0x0280,0x0280,
  0x0280,0x0280,0x0280,0x0280,0x0280,0x0140,0x0140,0x0140,0x0140,0x0140,0x0140,0x0140,0x0140,0x0140,0x0140,0x0140,
  0x0140,0x0140,0x0140,0x0140,0x0140,0x0140,0x0140,0x0140,0x0140,0x0140,0x0140,0x0140,0x0140,0x0140,0x0140,0x0280,
  0x0140,0x0140,0x0140,0x0140,0x0140,0x0140,0x0140,0x0140,0x0140,0x0140,0x0140,0x0140,0x0140,0x0140,0x0140,0x0140,
  0x0140,0x0280,0x0280,0x0280,0x0280,0x0280,0x0280,0x0280,0x0280,0x0280,0x0280,0x0280,0x0280,0x0280,0x0280,0x0280,
  0x0280,0x0280,0x0280,0x0140,0x0140,0x0140,0x0140,0x0140,0x0140,0x0140,0x0140,0x0140,0x0280,0x0280,0x0280,0x0280,
  0x0280,0x0280,0x0280,0x0280,0x0280,0x0280,0x0140,0x0140,0x0140,0x0140,0x0140,0x0140,0x0140,0x0140,0x0140,0x0140,
  0x0120,0x0120,0x0120,0x0120,0x0120,0x0120,0x0120,0x0120,0x0120,0x0120,0x0120,0x0120,0x0120,0x0120,0x0280,0x0280,
  0x0280,0x0120,0x0120,0x0120,0x0120,0x0120,0x0120,0x0120,0x0120,0x0120,0x0120,0x0120,0x0120,0x0120,0x0120,0x0120,
  0x0280,0x0280,0x0280,0x0280,0x0280,0x0280,0x0280,0x0280,0x0280,0x0280,0x0280,0x0280,0x0280,0x0280,0x0280,0x0280,
  0x0280,0x0280,0x0280,0x0280,0x0120,0x0120,0x0120,0x0120,0x0120,0x0120,0x0120,0x0280,0x0280,0x0280,0x0280,0x0280,
  0x0280,0x0280,0x0280,0x0280,0x0280,0x0280,0x0120,0x0120,0x0120,0x0120,0x0120,0x0120,0x0120,0x0120,0x0120,0x0120,
  0x0120,0x0120,0x0120,0x0120,0x0120,0x0120,0x0120,0x0120,0x0120,0x0120,0x0120,0x0120,0x0120,0x0120,0x0280,0x0280,
  0x0280,0x0280,0x0120,0x0120,0x0120,0x0120,0x0120,0x0120,0x0120,0x0120,0x0120,0x0120,0x0120,0x0120,0x0120,0x0280,
  0x0280,0x0280,0x0280,0x0280,0x0280,0x0280,0x0280,0x0280,0x0280,0x0280,0x0280,0x0280,0x0280,0x0280,0x0280,0x0280,
  0x0280,0x0280,0x0280,0x0280,0x0280,0x0120,0x0120,0x0120,0x0120,0x0120,0x0280,0x0280,0x0280,0x0280,0x0280,0x0280,
  0x0280,0x0280,0x0280,0x0280,0x0280,0x0280,0x0280,0x0120,0x0120,0x0120,0x0120,0x0120,0x0120,0x0120,0x0120,0x0120,
  0x0100,0x0100,0x0100,0x0100,0x0100,0x0100,0x0100,0x0100,0x0100,0x0100,0x0100,0x0100,0x0100,0x0280,0x0280,0x0280,
  0x0280,0x0280,0x0280,0x0100,0x0100,0x0100,0x0100,0x0100,0x0100,0x0100,0x0100,0x0100,0x0100,0x0100,0x0280,0x0280,
  0x0280,0x0280,0x0280,0x0280,0x0280,0x0280,0x0280,0x0280,0x0280,0x0280,0x0280,0x0280,0x0280,0x0280,0x0280,0x0280,
  0x0280,0x0280,0x0280,0x0280,0x0280,0x0280,0x0100,0x0100,0x0100,0x0280,0x0280,0x0280,0x0280,0x0280,0x0280,0x0280,
  0x0280,0x0280,0x0280,0x0280,0x0280,0x0280,0x0280,0x0280,0x0100,0x0100,0x0100,0x0100,0x0100,0x0100,0x0100,0x0100,
  0x0100,0x0100,0x0100,0x0100,0x0100,0x0100,0x0100,0x0100,0x0100,0x0100,0x0100,0x0100,0x0280,0x0280,0x0280,0x0280,
  0x0280,0x0280,0x0280,0x0280,0x0100,0x0100,0x0100,0x0100,0x0100,0x0100,0x0100,0x0100,0x0100,0x0100,0x0280,0x0280,
  0x0280,0x0280,0x0280,0x0280,0x0280,0x0280,0x0280,0x0280,0x0280,0x0280,0x0280,0x0280,0x0280,0x0280,0x0280,0x0280,
  0x0280,0x0280,0x0280,0x0280,0x0280,0x0280,0x0280,0x0100,0x0280,0x0280,0x0280,0x0280,0x0280,0x0280,0x0280,0x0280,
  0x0280,0x0280,0x0280,0x0280,0x0280,0x0280,0x0280,0x0280,0x0280,0x0100,0x0100,0x0100,0x0100,0x0100,0x0100,0x0100,
  0x00E0,0x00E0,0x00E0,0x00E0,0x00E0,0x00E0,0x00E0,0x00E0,0x00E0,0x00E0,0x00E0,0x0280,0x0280,0x0280,0x0280,0x0280,
  0x0280,0x0280,0x0280,0x0280,0x0280,0x00E0,0x00E0,0x00E0,0x00E0,0x00E0,0x00E0,0x00E0,0x00E0,0x0280,0x0280,0x0280,
  0x0280,0x0280,0x0280,0x0280,0x0280,0x0280,0x0280,0x0280,0x0280,0x0280,0x0280,0x0280,0x0280,0x0280,0x0280,0x0280,
  0x0280,0x0280,0x0280,0x0280,0x0280,0x0280,0x0280,0x0280,0x0280,0x0280,0x0280,0x0280,0x0280,0x0280,0x0280,0x0280,
  0x0280,0x0280,0x0280,0x0280,0x0280,0x0280,0x0280,0x0280,0x0280,0x00E0,0x00E0,0x00E0,0x00E0,0x00E0,0x00E0,0x00E0,
  0x00C0,0x00C0,0x00C0,0x00C0,0x00C0,0x00C0,0x00C0,0x00C0,0x00C0,0x00C0,0x00C0,0x0280,0x0280,0x0280,0x0280,0x0280,
  0x0280,0x0280,0x0280,0x0280,0x0280,0x0280,0x00C0,0x00C0,0x00C0,0x00C0,0x00C0,0x00C0,0x0280,0x0280,0x0280,0x0280,
  0x0280,0x0280,0x0280,0x0280,0x0280,0x0280,0x0280,0x0280,0x0280,0x0280,0x0280,0x0280,0x0280,0x0280,0x0280,0x0280,
  0x0280,0x0280,0x0280,0x0280,0x0280,0x0280,0x0280,0x0280,0x0280,0x0280,0x0280,0x0280,0x0280,0x0280,0x0280,0x0280,
  0x0280,0x0280,0x0280,0x0280,0x0280,0x0280,0x0280,0x0280,0x0280,0x0280,0x00C0,0x00C0,0x00C0,0x00C0,0x00C0,0x00C0,
  0x00C0,0x00C0,0x00C0,0x00C0,0x00C0,0x00C0,0x00C0,0x00C0,0x00C0,0x00C0,0x0280,0x0280,0x0280,0x0280,0x0280,0x0280,
  0x0280,0x0280,0x0280,0x0280,0x0280,0x0280,0x0280,0x00C0,0x00C0,0x00C0,0x00C0,0x0280,0x0280,0x0280,0x0280,0x0280,
  0x0280,0x0280,0x0280,0x0280,0x0280,0x0280,0x0280,0x0280,0x0280,0x0280,0x0280,0x0280,0x0280,0x0280,0x0280,0x0280,
  0x0280,0x0280,0x0280,0x0280,0x0280,0x0280,0x0280,0x0280,0x0280,0x0280,0x0280,0x0280,0x0280,0x0280,0x0280,0x0280,
  0x0280,0x0280,0x0280,0x0280,0x0280,0x0280,0x0280,0x0280,0x0280,0x0280,0x0280,0x00C0,0x00C0,0x00C0,0x00C0,0x00C0,
  0x00A0,0x00A0,0x00A0,0x00A0,0x00A0,0x00A0,0x00A0,0x00A0,0x00A0,0x0280,0x0280,0x0280,0x0280,0x0280,0x0280,0x0280,
  0x0280,0x0280,0x0280,0x0280,0x0280,0x0280,0x0280,0x0280,0x00A0,0x00A0,0x00A0,0x0280,0x0280,0x0280,0x0280,0x0280,
  0x0280,0x0280,0x0280,0x0280,0x0280,0x0280,0x0280,0x0280,0x0280,0x0280,0x0280,0x0280,0x0280,0x0280,0x0280,0x0280,
  0x0280,0x0280,0x0280,0x0280,0x0280,0x0280,0x0280,0x0280,0x0280,0x0280,0x0280,0x0280,0x0280,0x0280,0x0280,0x0280,
  0x0280,0x0280,0x0280,0x0280,0x0280,0x0280,0x0280,0x0280,0x0280,0x0280,0x0280,0x0280,0x00A0,0x00A0,0x00A0,0x00A0,
  0x00A0,0x00A0,0x00A0,0x00A0,0x00A0,0x00A0,0x00A0,0x00A0,0x0280,0x0280,0x0280,0x0280,0x0280,0x0280,0x0280,0x0280,
  0x0280,0x0280,0x0280,0x0280,0x0280,0x0280,0x0280,0x0280,0x0280,0x00A0,0x0280,0x0280,0x0280,0x0280,0x0280,0x0280,
  0x0280,0x0280,0x0280,0x0280,0x0280,0x0280,0x0280,0x0280,0x0280,0x0280,0x0280,0x0280,0x0280,0x0280,0x0280,0x0280,
  0x0280,0x0280,0x0280,0x0280,0x0280,0x0280,0x0280,0x0280,0x0280,0x0280,0x0280,0x0280,0x0280,0x0280,0x0280,0x0280,
  0x0280,0x0280,0x0280,0x0280,0x0280,0x0280,0x0280,0x0280,0x0280,0x0280,0x0280,0x0280,0x00A0,0x00A0,0x00A0,0x00A0,
  0x0080,0x0080,0x0080,0x0080,0x0080,0x0080,0x0080,0x0080,0x0280,0x0280,0x0280,0x0280,0x0280,0x0280,0x0280,0x0280,
  0x0280,0x0280,0x0280,0x0280,0x0280,0x0280,0x0280,0x0280,0x0280,0x0280,0x0280,0x0280,0x0280,0x0280,0x0280,0x0280,
  0x0280,0x0280,0x0280,0x0280,0x0280,0x0280,0x0280,0x0280,0x0280,0x0280,0x0280,0x0280,0x0280,0x0280,0x0280,0x0280,
  0x0280,0x0280,0x0280,0x0280,0x0280,0x0280,0x0280,0x0280,0x0280,0x0280,0x0280,0x0280,0x0280,0x0280,0x0280,0x0280,
  0x0280,0x0280,0x0280,0x0280,0x0280,0x0280,0x0280,0x0280,0x0280,0x0280,0x0280,0x0280,0x0280,0x0080,0x0080,0x0080,
  0x0080,0x0080,0x0080,0x0080,0x0080,0x0080,0x0080,0x0280,0x0280,0x0280,0x0280,0x0280,0x0280,0x0280,0x0280,0x0280,
  0x0280,0x0280,0x0280,0x0280,0x0280,0x0280,0x0280,0x0280,0x0280,0x0280,0x0280,0x0280,0x0280,0x0280,0x0280,0x0280,
  0x0280,0x0280,0x0280,0x0280,0x0280,0x0280,0x0280,0x0280,0x0280,0x0280,0x0280,0x0280,0x0280,0x0280,0x0280,0x0280,
  0x0280,0x0280,0x0280,0x0280,0x0280,0x0280,0x0280,0x0280,0x0280,0x0280,0x0280,0x0280,0x0280,0x0280,0x0280,0x0280,
  0x0280,0x0280,0x0280,0x0280,0x0280,0x0280,0x0280,0x0280,0x0280,0x0280,0x0280,0x0280,0x0280,0x0280,0x0080,0x0080,
  0x0060,0x0060,0x0060,0x0060,0x0060,0x0060,0x0280,0x0280,0x0280,0x0280,0x0280,0x0280,0x0280,0x0280,0x0280,0x0280,
  0x0280,0x0280,0x0280,0x0280,0x0280,0x0280,0x0280,0x0280,0x0280,0x0280,0x0280,0x0280,0x0280,0x0280,0x0280,0x0280,
  0x0280,0x0280,0x0280,0x0280,0x0280,0x0280,0x0280,0x0280,0x0280,0x0280,0x0280,0x0280,0x0280,0x0280,0x0280,0x0280,
  0x0280,0x0280,0x0280,0x0280,0x0280,0x0280,0x0280,0x0280,0x0280,0x0280,0x0280,0x0280,0x0280,0x0280,0x0280,0x0280,
  0x0280,0x0280,0x0280,0x0280,0x0280,0x0280,0x0280,0x0280,0x0280,0x0280,0x0280,0x0280,0x0280,0x0280,0x0280,0x0060,
  0x0060,0x0060,0x0060,0x0060,0x0060,0x0280,0x0280,0x0280,0x0280,0x0280,0x0280,0x0280,0x0280,0x0280,0x0280,0x0280,
  0x0280,0x0280,0x0280,0x0280,0x0280,0x0280,0x0280,0x0280,0x0280,0x0280,0x0280,0x0280,0x0280,0x0280,0x0280,0x0280,
  0x0280,0x0280,0x0280,0x0280,0x0280,0x0280,0x0280,0x0280,0x0280,0x0280,0x0280,0x0280,0x0280,0x0280,0x0280,0x0280,
  0x0280,0x0280,0x0280,0x0280,0x0280,0x0280,0x0280,0x0280,0x0280,0x0280,0x0280,0x0280,0x0280,0x0280,0x0280,0x0280,
  0x0280,0x0280,0x0280,0x0280,0x0280,0x0280,0x0280,0x0280,0x0280,0x0280,0x0280,0x0280,0x0280,0x0280,0x0280,0x0060,
  0x0040,0x0040,0x0040,0x0040,0x0040,0x0280,0x0280,0x0280,0x0280,0x0280,0x0280,0x0280,0x0280,0x0280,0x0280,0x0280,
  0x0280,0x0280,0x0280,0x0280,0x0280,0x0280,0x0280,0x0280,0x0280,0x0280,0x0280,0x0280,0x0280,0x0280,0x0280,0x0280,
  0x0280,0x0280,0x0280,0x0280,0x0280,0x0280,0x0280,0x0280,0x0280,0x0280,0x0280,0x0280,0x0280,0x0280,0x0280,0x0280,
  0x0280,0x0280,0x0280,0x0280,0x0280,0x0280,0x0280,0x0280,0x0280,0x0280,0x0280,0x0280,0x0280,0x0280,0x0280,0x0280,
  0x0280,0x0280,0x0280,0x0280,0x0280,0x0280,0x0280,0x0280,0x0280,0x0280,0x0280,0x0280,0x0280,0x0280,0x0280,0x0280,
  0x0040,0x0040,0x0040,0x0040,0x0280,0x0280,0x0280,0x0280,0x0280,0x0280,0x01E0,0x0280,0x0280,0x0280,0x0280,0x0280,
  0x0280,0x0280,0x0280,0x0280,0x0280,0x0280,0x0280,0x0280,0x0280,0x0280,0x0280,0x0280,0x0280,0x0280,0x0280,0x0280,
  0x0280,0x0280,0x0280,0x01E0,0x0280,0x0280,0x0280,0x0280,0x0280,0x0280,0x0280,0x0280,0x0280,0x0280,0x0280,0x0280,
  0x0280,0x0280,0x0280,0x0280,0x0280,0x0280,0x0280,0x0280,0x0280,0x0280,0x0280,0x0280,0x01E0,0x0280,0x0280,0x0280,
  0x0280,0x0280,0x0280,0x0280,0x0280,0x0280,0x0280,0x0280,0x0280,0x0280,0x0280,0x0280,0x0280,0x0280,0x0280,0x0280,
  0x0020,0x0020,0x0020,0x0280,0x0280,0x0280,0x0280,0x0280,0x0280,0x01E0,0x01E0,0x01E0,0x0280,0x0280,0x0280,0x0280,
  0x0280,0x0280,0x0280,0x0280,0x0280,0x0280,0x0280,0x0280,0x0280,0x0280,0x0280,0x0280,0x0280,0x0280,0x0280,0x0280,
  0x0280,0x0280,0x01E0,0x01E0,0x01E0,0x0280,0x0280,0x0280,0x0280,0x0280,0x0280,0x0280,0x0280,0x0280,0x0280,0x0280,
  0x0280,0x0280,0x0280,0x0280,0x0280,0x0280,0x0280,0x0280,0x0280,0x0280,0x0280,0x01E0,0x01E0,0x01E0,0x0280,0x0280,
  0x0280,0x0280,0x0280,0x0280,0x0280,0x0280,0x0280,0x0280,0x0280,0x0280,0x0280,0x0280,0x0280,0x0280,0x0280,0x0280,
  0x0020,0x0020,0x0280,0x0280,0x0280,0x0280,0x0280,0x0280,0x0280,0x01E0,0x01E0,0x01E0,0x0280,0x0280,0x0280,0x0280,
  0x0280,0x0280,0x0280,0x0280,0x0280,0x0280,0x0280,0x0280,0x0280,0x0280,0x0280,0x0280,0x0280,0x0280,0x0280,0x0280,
  0x0280,0x0280,0x01E0,0x01E0,0x01E0,0x0280,0x0280,0x0280,0x0280,0x0280,0x0280,0x0280,0x0280,0x0280,0x0280,0x0280,
  0x0280,0x0280,0x0280,0x0280,0x0280,0x0280,0x0280,0x0280,0x0280,0x0280,0x0280,0x01E0,0x01E0,0x01E0,0x0280,0x0280,
  0x0280,0x0280,0x0280,0x0280,0x0280,0x0280,0x0280,0x0280,0x0280,0x0280,0x0280,0x0280,0x0280,0x0280,0x0280,0x0280,
  0x0000,0x0000,0x0280,0x0280,0x0280,0x0280,0x0280,0x0280,0x01E0,0x01E0,0x01E0,0x01E0,0x01E0,0x0280,0x0280,0x0280,
  0x0280,0x0280,0x0280,0x0280,0x0280,0x0280,0x0280,0x0280,0x0280,0x0280,0x0280,0x0280,0x0280,0x0280,0x0280,0x0280,
  0x0280,0x01E0,0x01E0,0x01E0,0x01E0,0x01E0,0x0280,0x0280,0x0280,0x0280,0x0280,0x0280,0x0280,0x0280,0x0280,0x0280,
  0x0280,0x0280,0x0280,0x0280,0x0280,0x0280,0x0280,0x0280,0x0280,0x0280,0x01E0,0x01E0,0x01E0,0x01E0,0x01E0,0x0280,
  0x0280,0x0280,0x0280,0x0280,0x0280,0x0280,0x0280,0x0280,0x0280,0x0280,0x0280,0x0280,0x0280,0x0280,0x0280,0x0280,
  0x0000,0x0280,0x0280,0x0280,0x0280,0x0280,0x0280,0x0280,0x01E0,0x01E0,0x01E0,0x01E0,0x01E0,0x0280,0x0280,0x0280,
  0x0280,0x0280,0x0280,0x0280,0x0280,0x0280,0x0280,0x0280,0x0280,0x0280,0x0280,0x0280,0x0280,0x0280,0x0280,0x0280,
  0x0280,0x01E0,0x01E0,0x01E0,0x01E0,0x01E0,0x0280,0x0280,0x0280,0x0280,0x0280,0x0280,0x0280,0x0280,0x0280,0x0280,
  0x0280,0x0280,0x0280,0x0280,0x0280,0x0280,0x0280,0x0280,0x0280,0x0280,0x01E0,0x01E0,0x01E0,0x01E0,0x01E0,0x0280,
  0x0280,0x0280,0x0280,0x0280,0x0280,0x0280,0x0280,0x0280,0x0280,0x0280,0x0280,0x0280,0x0280,0x0280,0x0280,0x0280,
  0x0280,0x0280,0x0280,0x0280,0x0280,0x0280,0x0280,0x01E0,0x01E0,0x01E0,0x01E0,0x01E0,0x01E0,0x01E0,0x0280,0x0280,
  0x0280,0x0280,0x0280,0x0280,0x0280,0x0280,0x0280,0x0280,0x0280,0x0280,0x0280,0x0280,0x0280,0x0280,0x0280,0x0280,
  0x01E0,0x01E0,0x01E0,0x01E0,0x01E0,0x01E0,0x01E0,0x0280,0x0280,0x0280,0x0280,0x0280,0x0280,0x0280,0x0280,0x0280,
  0x0280,0x0280,0x0280,0x0280,0x0280,0x0280,0x0280,0x0280,0x0280,0x01E0,0x01E0,0x01E0,0x01E0,0x01E0,0x01E0,0x01E0,
  0x0280,0x0280,0x0280,0x0280,0x0280,0x0280,0x0280,0x0280,0x0280,0x0280,0x0280,0x0280,0x0280,0x0280,0x0280,0x0280,
  0x0280,0x0280,0x0280,0x0280,0x0280,0x0280,0x0280,0x01E0,0x01E0,0x01E0,0x01E0,0x01E0,0x01E0,0x01E0,0x0280,0x0280,
  0x0280,0x0280,0x0280,0x0280,0x0280,0x0280,0x0280,0x0280,0x0280,0x0280,0x0280,0x0280,0x0280,0x0280,0x0280,0x0280,
  0x01E0,0x01E0,0x01E0,0x01E0,0x01E0,0x01E0,0x01E0,0x0280,0x0280,0x0280,0x0280,0x0280,0x0280,0x0280,0x0280,0x0280,
  0x0280,0x0280,0x0280,0x0280,0x0280,0x0280,0x0280,0x0280,0x0280,0x01E0,0x01E0,0x01E0,0x01E0,0x01E0,0x01E0,0x01E0,
  0x0280,0x0280,0x0280,0x0280,0x0280,0x0280,0x0280,0x0280,0x0280,0x0280,0x0280,0x0280,0x0280,0x0280,0x0280,0x0280,
  0x0280,0x0280,0x0280,0x0280,0x0280,0x0280,0x01E0,0x01E0,0x01E0,0x01E0,0x01E0,0x01E0,0x01E0,0x01E0,0x01E0,0x0280,
  0x0280,0x0280,0x0280,0x0280,0x0280,0x0280,0x0280,0x0280,0x0280,0x0280,0x0280,0x0280,0x0280,0x0280,0x0280,0x01E0,
  0x01E0,0x01E0,0x01E0,0x01E0,0x01E0,0x01E0,0x01E0,0x01E0,0x0280,0x0280,0x0280,0x0280,0x0280,0x0280,0x0280,0x0280,
  0x0280,0x0280,0x0280,0x0280,0x0280,0x0280,0x0280,0x0280,0x01E0,0x01E0,0x01E0,0x01E0,0x01E0,0x01E0,0x01E0,0x01E0,
  0x01E0,0x0280,0x0280,0x0280,0x0280,0x0280,0x0280,0x0280,0x0280,0x0280,0x0280,0x0280,0x0280,0x0280,0x0280,0x0280,
  0x0280,0x0280,0x0280,0x0280,0x0280,0x0280,0x01E0,0x01E0,0x01E0,0x01E0,0x01E0,0x01E0,0x01E0,0x01E0,0x01E0,0x0280,
  0x0280,0x0280,0x0280,0x0280,0x0280,0x0280,0x0280,0x0280,0x0280,0x0280,0x0280,0x0280,0x0280,0x0280,0x0280,0x01E0,
  0x01E0,0x01E0,0x01E0,0x01E0,0x01E0,0x01E0,0x01E0,0x01E0,0x0280,0x0280,0x0280,0x0280,0x0280,0x0280,0x0280,0x0280,
  0x0280,0x0280,0x0280,0x0280,0x0280,0x0280,0x0280,0x0280,0x01E0,0x01E0,0x01E0,0x01E0,0x01E0,0x01E0,0x01E0,0x01E0,
  0x01E0,0x0280,0x0280,0x0280,0x0280,0x0280,0x0280,0x0280,0x0280,0x0280,0x0280,0x0280,0x0280,0x0280,0x0280,0x0280,
  0x0280,0x0280,0x0280,0x0280,0x0280,0x01E0,0x01E0,0x01E0,0x01E0,0x01E0,0x01E0,0x01E0,0x01E0,0x01E0,0x01E0,0x01E0,
  0x0280,0x0280,0x0280,0x0280,0x0280,0x0280,0x0280,0x0280,0x0280,0x0280,0x0280,0x0280,0x0280,0x0280,0x01E0,0x01E0,
  0x01E0,0x01E0,0x01E0,0x01E0,0x01E0,0x01E0,0x01E0,0x01E0,0x01E0,0x0280,0x0280,0x0280,0x0280,0x0280,0x0280,0x0280,
  0x0280,0x0280,0x0280,0x0280,0x0280,0x0280,0x0280,0x01E0,0x01E0,0x01E0,0x01E0,0x01E0,0x01E0,0x01E0,0x01E0,0x01E0,
  0x01E0,0x01E0,0x0280,0x0280,0x0280,0x0280,0x0280,0x0280,0x0280,0x0280,0x0280,0x0280,0x0280,0x0280,0x0280,0x0280,
  0x0280,0x0280,0x0280,0x0280,0x0280,0x01E0,0x01E0,0x01E0,0x01E0,0x01E0,0x01E0,0x01E0,0x01E0,0x01E0,0x01E0,0x01E0,
  0x0280,0x0280,0x0280,0x0280,0x0280,0x0280,0x0280,0x0280,0x0280,0x0280,0x0280,0x0280,0x0280,0x0280,0x01E0,0x01E0,
  0x01E0,0x01E0,0x01E0,0x01E0,0x01E0,0x01E0,0x01E0,0x01E0,0x01E0,0x0280,0x0280,0x0280,0x0280,0x0280,0x0280,0x0280,
  0x0280,0x0280,0x0280,0x0280,0x0280,0x0280,0x0280,0x01E0,0x01E0,0x01E0,0x01E0,0x01E0,0x01E0,0x01E0,0x01E0,0x01E0,
  0x01E0,0x01E0,0x0280,0x0280,0x0280,0x0280,0x0280,0x0280,0x0280,0x0280,0x0280,0x0280,0x0280,0x0280,0x0280,0x0280,
  0x0280,0x0280,0x0280,0x0280,0x01E0,0x01E0,0x01E0,0x01E0,0x01E0,0x01E0,0x01E0,0x01E0,0x01E0,0x01E0,0x01E0,0x01E0,
  0x01E0,0x0280,0x0280,0x0280,0x0280,0x0280,0x0280,0x0280,0x0280,0x0280,0x0280,0x0280,0x0280,0x01E0,0x01E0,0x01E0,
  0x01E0,0x01E0,0x01E0,0x01E0,0x01E0,0x01E0,0x01E0,0x01E0,0x01E0,0x01E0,0x0280,0x0280,0x0280,0x0280,0x0280,0x0280,
  0x0280,0x0280,0x0280,0x0280,0x0280,0x0280,0x01E0,0x01E0,0x01E0,0x01E0,0x01E0,0x01E0,0x01E0,0x01E0,0x01E0,0x01E0,
  0x01E0,0x01E0,0x01E0,0x0280,0x0280,0x0280,0x0280,0x0280,0x0280,0x0280,0x0280,0x0280,0x0280,0x0280,0x0280,0x0280,
  0x0280,0x0280,0x0280,0x0280,0x01E0,0x01E0,0x01E0,0x01E0,0x01E0,0x01E0,0x01E0,0x01E0,0x01E0,0x01E0,0x01E0,0x01E0,
  0x01E0,0x0280,0x0280,0x0280,0x0280,0x0280,0x0280,0x0280,0x0280,0x0280,0x0280,0x0280,0x0280,0x01E0,0x01E0,0x01E0,
  0x01E0,0x01E0,0x01E0,0x01E0,0x01E0,0x01E0,0x01E0,0x01E0,0x01E0,0x01E0,0x0280,0x0280,0x0280,0x0280,0x0280,0x0280,
  0x0280,0x0280,0x0280,0x0280,0x0280,0x0280,0x01E0,0x01E0,0x01E0,0x01E0,0x01E0,0x01E0,0x01E0,0x01E0,0x01E0,0x01E0,
  0x01E0,0x01E0,0x01E0,0x0280,0x0280,0x0280,0x0280,0x0280,0x0280,0x0280,0x0280,0x0280,0x0280,0x0280,0x0280,0x0280,
  0x0280,0x0280,0x0280,0x01E0,0x01E0,0x01E0,0x01E0,0x01E0,0x38E0,0x38E0,0x38E0,0x38E0,0x38E0,0x01E0,0x01E0,0x01E0,
  0x01E0,0x01E0,0x0280,0x0280,0x0280,0x0280,0x0280,0x0280,0x0280,0x0280,0x0280,0x0280,0x01E0,0x01E0,0x01E0,0x01E0,
  0x01E0,0x38E0,0x38E0,0x38E0,0x38E0,0x38E0,0x01E0,0x01E0,0x01E0,0x01E0,0x01E0,0x0280,0x0280,0x0280,0x0280,0x0280,
  0x0280,0x0280,0x0280,0x0280,0x0280,0x01E0,0x01E0,0x01E0,0x01E0,0x01E0,0x38E0,0x38E0,0x38E0,0x38E0,0x38E0,0x01E0,
  0x01E0,0x01E0,0x01E0,0x01E0,0x0280,0x0280,0x0280,0x0280,0x0280,0x0280,0x0280,0x0280,0x0280,0x0280,0x0280,0x0280,
  0x0280,0x0280,0x0280,0x01E0,0x01E0,0x01E0,0x01E0,0x01E0,0x38E0,0x38E0,0x38E0,0x38E0,0x38E0,0x01E0,0x01E0,0x01E0,
  0x01E0,0x01E0,0x0280,0x0280,0x0280,0x0280,0x0280,0x0280,0x0280,0x0280,0x0280,0x0280,0x01E0,0x01E0,0x01E0,0x01E0,
  0x01E0,0x38E0,0x38E0,0x38E0,0x38E0,0x38E0,0x01E0,0x01E0,0x01E0,0x01E0,0x01E0,0x0280,0x0280,0x0280,0x0280,0x0280,
  0x0280,0x0280,0x0280,0x0280,0x0280,0x01E0,0x01E0,0x01E0,0x01E0,0x01E0,0x38E0,0x38E0,0x38E0,0x38E0,0x38E0,0x01E0,
  0x01E0,0x01E0,0x01E0,0x01E0,0x0280,0x0280,0x0280,0x0280,0x0280,0x0280,0x0280,0x0280,0x0280,0x0280,0x0280,0x0280,
  0x0280,0x0280,0x01E0,0x01E0,0x01E0,0x01E0,0x01E0,0x01E0,0x38E0,0x38E0,0x38E0,0x38E0,0x38E0,0x01E0,0x01E0,0x01E0,
  0x01E0,0x01E0,0x01E0,0x0280,0x0280,0x0280,0x0280,0x0280,0x0280,0x0280,0x0280,0x01E0,0x01E0,0x01E0,0x01E0,0x01E0,
  0x01E0,0x38E0,0x38E0,0x38E0,0x38E0,0x38E0,0x01E0,0x01E0,0x01E0,0x01E0,0x01E0,0x01E0,0x0280,0x0280,0x0280,0x0280,
  0x0280,0x0280,0x0280,0x0280,0x01E0,0x01E0,0x01E0,0x01E0,0x01E0,0x01E0,0x38E0,0x38E0,0x38E0,0x38E0,0x38E0,0x01E0,
  0x01E0,0x01E0,0x01E0,0x01E0,0x01E0,0x0280,0x0280,0x0280,0x0280,0x0280,0x0280,0x0280,0x0280,0x0280,0x0280,0x0280,
  0x0000,0x0000,0x0000,0x0000,0x0000,0x0000,0x0000,0x0000,0x38E0,0x38E0,0x38E0,0x38E0,0x38E0,0x0000,0x0000,0x0000,
  0x0000,0x0000,0x0000,0x0000,0x0000,0x0000,0x0000,0x0000,0x0000,0x0000,0x0000,0x0000,0x0000,0x0000,0x0000,0x0000,
  0x0000,0x38E0,0x38E0,0x38E0,0x38E0,0x38E0,0x0000,0x0000,0x0000,0x0000,0x0000,0x0000,0x0000,0x0000,0x0000,0x0000,
  0x0000,0x0000,0x0000,0x0000,0x0000,0x0000,0x0000,0x0000,0x0000,0x0000,0x38E0,0x38E0,0x38E0,0x38E0,0x38E0,0x0000,
  0x0000,0x0000,0x0000,0x0000,0x0000,0x0000,0x0000,0x0000,0x0000,0x0000,0x0000,0x0000,0x0000,0x0000,0x0000,0x0000,
  0x0000,0x0000,0x0000,0x0000,0x0000,0x0000,0x0000,0x0000,0x38E0,0x38E0,0x38E0,0x38E0,0x38E0,0x0000,0x0000,0x0000,
  0x0000,0x0000,0x0000,0x0000,0x0000,0x0000,0x0000,0x0000,0x0000,0x0000,0x0000,0x0000,0x0000,0x0000,0x0000,0x0000,
  0x0000,0x38E0,0x38E0,0x38E0,0x38E0,0x38E0,0x0000,0x0000,0x0000,0x0000,0x0000,0x0000,0x0000,0x0000,0x0000,0x0000,
  0x0000,0x0000,0x0000,0x0000,0x0000,0x0000,0x0000,0x0000,0x0000,0x0000,0x38E0,0x38E0,0x38E0,0x38E0,0x38E0,0x0000,
  0x0000,0x0000,0x0000,0x0000,0x0000,0x0000,0x0000,0x0000,0x0000,0x0000,0x0000,0x0000,0x0000,0x0000,0x0000,0x0000,
  0x05A0,0x05A0,0x05A0,0x05A0,0x05A0,0x05A0,0x05A0,0x05A0,0x05A0,0x05A0,0x05A0,0x05A0,0x05A0,0x05A0,0x05A0,0x05A0,
  0x05A0,0x05A0,0x05A0,0x05A0,0x05A0,0x05A0,0x05A0,0x05A0,0x05A0,0x05A0,0x05A0,0x05A0,0x05A0,0x05A0,0x05A0,0x05A0,
  0x05A0,0x05A0,0x05A0,0x05A0,0x05A0,0x05A0,0x05A0,0x05A0,0x05A0,0x05A0,0x05A0,0x05A0,0x05A0,0x05A0,0x05A0,0x05A0,
  0x05A0,0x05A0,0x05A0,0x05A0,0x05A0,0x05A0,0x05A0,0x05A0,0x05A0,0x05A0,0x05A0,0x05A0,0x05A0,0x05A0,0x05A0,0x05A0,
  0x05A0,0x05A0,0x05A0,0x05A0,0x05A0,0x05A0,0x05A0,0x05A0,0x05A0,0x05A0,0x05A0,0x05A0,0x05A0,0x05A0,0x05A0,0x05A0,
  0x0000,0x0000,0x0000,0x0000,0x0000,0x0000,0x0000,0x0000,0x38E0,0x38E0,0x38E0,0x38E0,0x38E0,0x0000,0x0000,0x0000,
  0x0000,0x0000,0x0000,0x0000,0x0000,0x0000,0x0000,0x0000,0x0000,0x0000,0x0000,0x0000,0x0000,0x0000,0x0000,0x0000,
  0x0000,0x38E0,0x38E0,0x38E0,0x38E0,0x38E0,0x0000,0x0000,0x0000,0x0000,0x0000,0x0000,0x0000,0x0000,0x0000,0x0000,
  0x0000,0x0000,0x0000,0x0000,0x0000,0x0000,0x0000,0x0000,0x0000,0x0000,0x38E0,0x38E0,0x38E0,0x38E0,0x38E0,0x0000,
  0x0000,0x0000,0x0000,0x0000,0x0000,0x0000,0x0000,0x0000,0x0000,0x0000,0x0000,0x0000,0x0000,0x0000,0x0000,0x0000,
  0x0000,0x0000,0x0000,0x0000,0x0000,0x0000,0x0000,0x0000,0x0000,0x0000,0x0000,0x0000,0x0000,0x0000,0x0000,0x0000,
  0x0000,0x0000,0x0000,0x0000,0x0000,0x0000,0x0000,0x0000,0x0000,0x0000,0x0000,0x0000,0x0000,0x0000,0x0000,0x0000,
  0x0000,0x0000,0x0000,0x0000,0x0000,0x0000,0x0000,0x0000,0x0000,0x0000,0x0000,0x0000,0x0000,0x0000,0x0000,0x0000,
  0x0000,0x0000,0x0000,0x0000,0x0000,0x0000,0x0000,0x0000,0x0000,0x0000,0x0000,0x0000,0x0000,0x0000,0x0000,0x0000,
  0x0000,0x0000,0x0000,0x0000,0x0000,0x0000,0x0000,0x0000,0x0000,0x0000,0x0000,0x0000,0x0000,0x0000,0x0000,0x0000,
  0x0000,0x0000,0x0000,0x0000,0x0000,0x0000,0x0000,0x0000,0x0000,0x0000,0x0000,0x0000,0x0000,0x0000,0x0000,0x0000,
  0x0000,0x0000,0x0000,0x0000,0x0000,0x0000,0x0000,0x0000,0x0000,0x0000,0x0000,0x0000,0x0000,0x0000,0x0000,0x0000,
  0x0000,0x0000,0x0000,0x0000,0x0000,0x0000,0x0000,0x0000,0x0000,0x0000,0x0000,0x0000,0x0000,0x0000,0x0000,0x0000,
  0x0000,0x0000,0x0000,0x0000,0x0000,0x0000,0x0000,0x0000,0x0000,0x0000,0x0000,0x0000,0x0000,0x0000,0x0000,0x0000,
  0x0000,0x0000,0x0000,0x0000,0x0000,0x0000,0x0000,0x0000,0x0000,0x0000,0x0000,0x0000,0x0000,0x0000,0x0000,0x0000,
  0x0000,0x0000,0x0000,0x0000,0x0000,0x0000,0x0000,0x0000,0x0000,0x0000,0x0000,0x0000,0x0000,0x0000,0x0000,0x0000,
  0x0000,0x0000,0x0000,0x0000,0x0000,0x0000,0x0000,0x0000,0x0000,0x0000,0x0000,0x0000,0x0000,0x0000,0x0000,0x0000,
  0x0000,0x0000,0x0000,0x0000,0x0000,0x0000,0x0000,0x0000,0x0000,0x0000,0x0000,0x0000,0x0000,0x0000,0x0000,0x0000,
  0x0000,0x0000,0x0000,0x0000,0x0000,0x0000,0x0000,0x0000,0x0000,0x0000,0x0000,0x0000,0x0000,0x0000,0x0000,0x0000,
  0x0000,0x0000,0x0000,0x0000,0x0000,0x0000,0x0000,0x0000,0x0000,0x0000,0x0000,0x0000,0x0000,0x0000,0x0000,0x0000,
  0x0000,0x0000,0x0000,0x0000,0x0000,0x0000,0x0000,0x0000,0x0000,0x0000,0x0000,0x0000,0x0000,0x0000,0x0000,0x0000,
  0x0000,0x0000,0x0000,0x0000,0x0000,0x0000,0x0000,0x0000,0x0000,0x0000,0x0000,0x0000,0x0000,0x0000,0x0000,0x0000,
  0x0000,0x0000,0x0000,0x0000,0x0000,0x0000,0x0000,0x0000,0x0000,0x0000,0x0000,0x0000,0x0000,0x0000,0x0000,0x0000,
  0x0000,0x0000,0x0000,0x0000,0x0000,0x0000,0x0000,0x0000,0x0000,0x0000,0x0000,0x0000,0x0000,0x0000,0x0000,0x0000,
  0x0000,0x0000,0x0000,0x0000,0x0000,0x0000,0x0000,0x0000,0x0000,0x0000,0x0000,0x0000,0x0000,0x0000,0x0000,0x0000,
  0x0000,0x0000,0x0000,0x0000,0x0000,0x0000,0x0000,0x0000,0x0000,0x0000,0x0000,0x0000,0x0000,0x0000,0x0000,0x0000,
  0x0000,0x0000,0x0000,0x0000,0x0000,0x0000,0x0000,0x0000,0x0000,0x0000,0x0000,0x0000,0x0000,0x0000,0x0000,0x0000,
  0x0000,0x0000,0x0000,0x0000,0x0000,0x0000,0x0000,0x0000,0x0000,0x0000,0x0000,0x0000,0x0000,0x0000,0x0000,0x0000,
  0x0000,0x0000,0x0000,0x0000,0x0000,0x0000,0x0000,0x0000,0x0000,0x0000,0x0000,0x0000,0x0000,0x0000,0x0000,0x0000,
  0x0000,0x0000,0x0000,0x0000,0x0000,0x0000,0x0000,0x0000,0x0000,0x0000,0x0000,0x0000,0x0000,0x0000,0x0000,0x0000,
  0x0000,0x0000,0x0000,0x0000,0x0000,0x0000,0x0000,0x0000,0x0000,0x0000,0x0000,0x0000,0x0000,0x0000,0x0000,0x0000,
  0x0000,0x0000,0x0000,0x0000,0x0000,0x0000,0x0000,0x0000,0x0000,0x0000,0x0000,0x0000,0x0000,0x0000,0x0000,0x0000,
  0x0000,0x0000,0x0000,0x0000,0x0000,0x0000,0x0000,0x0000,0x0000,0x0000,0x0000,0x0000,0x0000,0x0000,0x0000,0x0000,
  0x0000,0x0000,0x0000,0x0000,0x0000,0x0000,0x0000,0x0000,0x0000,0x0000,0x0000,0x0000,0x0000,0x0000,0x0000,0x0000,
  0x0000,0x0000,0x0000,0x0000,0x0000,0x0000,0x0000,0x0000,0x0000,0x0000,0x0000,0x0000,0x0000,0x0000,0x0000,0x0000,
  0x0001,0x0001,0x0001,0x0001,0x0001,0x0001,0x0001,0x0001,0x0001,0x0001,0x0001,0x0001,0x0001,0x0001,0x0001,0x0001,
  0x0001,0x0001,0x0001,0x0001,0x0001,0x0001,0x0001,0x0001,0x0001,0x0001,0x0001,0x0001,0x0001,0x0001,0x0001,0x0001,
  0x0001,0x0001,0x0001,0x0001,0x0001,0x0001,0x0001,0x0001,0x0001,0x0001,0x0001,0x0001,0x0001,0x0001,0x0001,0x0001,
  0x0001,0x0001,0x0001,0x0001,0x0001,0x0001,0x0001,0x0001,0x0001,0x0001,0x0001,0x0001,0x0001,0x0001,0x0001,0x0001,
  0x0001,0x0001,0x0001,0x0001,0x0001,0x0001,0x0001,0x0001,0x0001,0x0001,0x0001,0x0001,0x0001,0x0001,0x0001,0x0001,
  0x0001,0x0001,0x0001,0x0001,0x0001,0x0001,0x0001,0x0001,0x0001,0x0001,0x0001,0x0001,0x0001,0x0001,0x0001,0x0001,
  0x0001,0x0001,0x0001,0x0001,0x0001,0x0001,0x0001,0x0001,0x0001,0x0001,0x0001,0x0001,0x0001,0x0001,0x0001,0x0001,
  0x0001,0x0001,0x0001,0x0001,0x0001,0x0001,0x0001,0x0001,0x0001,0x0001,0x0001,0x0001,0x0001,0x0001,0x0001,0x0001,
  0x0001,0x0001,0x0001,0x0001,0x0001,0x0001,0x0001,0x0001,0x0001,0x0001,0x0001,0x0001,0x0001,0x0001,0x0001,0x0001,
  0x0001,0x0001,0x0001,0x0001,0x0001,0x0001,0x0001,0x0001,0x0001,0x0001,0x0001,0x0001,0x0001,0x0001,0x0001,0x0001,
  0x0001,0x0001,0x0001,0x0001,0x0001,0x0001,0x0001,0x0001,0x0001,0x0001,0x0001,0x0001,0x0001,0x0001,0x0001,0x0001,
  0x0001,0x0001,0x0001,0x0001,0x0001,0x0001,0x0001,0x0001,0x0001,0x0001,0x0001,0x0001,0x0001,0x0001,0x0001,0x0001,
  0x0001,0x0001,0x0001,0x0001,0x0001,0x0001,0x0001,0x0001,0x0001,0x0001,0x0001,0x0001,0x0001,0x0001,0x0001,0x0001,
  0x0001,0x0001,0x0001,0x0001,0x0001,0x0001,0x0001,0x0001,0x0001,0x0001,0x0001,0x0001,0x0001,0x0001,0x0001,0x0001,
  0x0001,0x0001,0x0001,0x0001,0x0001,0x0001,0x0001,0x0001,0x0001,0x0001,0x0001,0x0001,0x0001,0x0001,0x0001,0x0001,
  0x0001,0x0001,0x0001,0x0001,0x0001,0x0001,0x0001,0x0001,0x0001,0x0001,0x0001,0x0001,0x0001,0x0001,0x0001,0x0001,
  0x0001,0x0001,0x0001,0x0001,0x0001,0x0001,0x0001,0x0001,0x0001,0x0001,0x0001,0x0001,0x0001,0x0001,0x0001,0x0001,
  0x0001,0x0001,0x0001,0x0001,0x0001,0x0001,0x0001,0x0001,0x0001,0x0001,0x0001,0x0001,0x0001,0x0001,0x0001,0x0001,
  0x0001,0x0001,0x664C,0x0001,0x0001,0x0001,0x0001,0x0001,0x0001,0x0001,0x0001,0x0001,0x0001,0x0001,0x0001,0x0001,
  0x0001,0x0001,0x0001,0x0001,0x0001,0x0001,0x0001,0x0001,0x0001,0x0001,0x0001,0x0001,0x0001,0x0001,0x0001,0x0001,
  0x0001,0x0001,0x0001,0x0001,0x0001,0x0001,0x0001,0x0001,0x0001,0x0001,0x0001,0x0001,0x0001,0x0001,0x0001,0x0001,
  0x0001,0x0001,0x0001,0x0001,0x0001,0x0001,0x0001,0x0001,0x0001,0x0001,0x0001,0x0001,0x0001,0x0001,0x0001,0x0001,
  0x0001,0x0001,0x0001,0x0001,0x0001,0x0001,0x0001,0x0001,0x0001,0x0001,0x0001,0x0001,0x0001,0x0001,0x0001,0x0001,
  0x0001,0x664C,0x664C,0x664C,0x0001,0x0001,0x0001,0x0001,0x0001,0x0001,0x0001,0x0001,0x0001,0x0001,0x0001,0x0001,
  0x0001,0x0001,0x0001,0x0001,0x0001,0x0001,0x0001,0x0001,0x0001,0x0001,0x0001,0x0001,0x0001,0x0001,0x0001,0x0001,
  0x0002,0x0002,0x0002,0x0002,0x0002,0x0002,0x0002,0x0002,0x0002,0x0002,0x0002,0x0002,0x0002,0x0002,0x0002,0x0002,
  0x0002,0x0002,0x0002,0x0002,0x0002,0x0002,0x0002,0x0002,0x0002,0x0002,0x0002,0x0002,0x0002,0x0002,0x0002,0x0002,
  0x0002,0x0002,0x0002,0x0002,0x0002,0x0002,0x0002,0x0002,0x0002,0x0002,0x0002,0x0002,0x0002,0x0002,0x0002,0x0002,
  0x0002,0x0002,0x664C,0x0002,0x0002,0x0002,0x0002,0x0002,0x0002,0x0002,0x0002,0x0002,0x0002,0x0002,0x0002,0x0002,
  0x0002,0x0002,0x0002,0x0002,0x0002,0x0002,0x0002,0x0002,0x0002,0x0002,0x0002,0x0002,0x0002,0x0002,0x0002,0x0002,
  0x0002,0x0002,0x0002,0x0002,0x0002,0x0002,0x0002,0x0002,0x0002,0x0002,0x0002,0x0002,0x0002,0x0002,0x0002,0x0002,
  0x0002,0x0002,0x0002,0x0002,0x0002,0x0002,0x0002,0x0002,0x0002,0x0002,0x0002,0x0002,0x0002,0x0002,0x0002,0x0002,
  0x0002,0x0002,0x0002,0x0002,0x0002,0x0002,0x0002,0x0002,0x0002,0x0002,0x0002,0x0002,0x0002,0x0002,0x0002,0x0002,
  0x0002,0x0002,0x0002,0x0002,0x0002,0x0002,0x0002,0x0002,0x0002,0x0002,0x0002,0x0002,0x0002,0x0002,0x0002,0x0002,
  0x0002,0x0002,0x0002,0x0002,0x0002,0x0002,0x0002,0x0002,0x0002,0x0002,0x0002,0x0002,0x0002,0x0002,0x0002,0x0002,
  0x0002,0x0002,0x0002,0x0002,0x0002,0x0002,0x0002,0x0002,0x0002,0x0002,0x0002,0x0002,0x0002,0x0002,0x0002,0x0002,
  0x0002,0x0002,0x0002,0x0002,0x0002,0x0002,0x0002,0x0002,0x0002,0x0002,0x0002,0x0002,0x0002,0x0002,0x0002,0x0002,
  0x0002,0x0002,0x0002,0x0002,0x0002,0x0002,0x0002,0x0002,0x0002,0x0002,0x0002,0x0002,0x0002,0x0002,0x0002,0x0002,
  0x0002,0x0002,0x0002,0x0002,0x0002,0x0002,0x0002,0x0002,0x0002,0x0002,0x0002,0x0002,0x0002,0x0002,0x0002,0x0002,
  0x0002,0x0002,0x0002,0x0002,0x0002,0x0002,0x0002,0x0002,0x0002,0x0002,0x0002,0x0002,0x0002,0x0002,0x0002,0x0002,
  0x0002,0x0002,0x0002,0x0002,0x0002,0x0002,0x0002,0x0002,0x664C,0x0002,0x0002,0x0002,0x0002,0x0002,0x0002,0x0002,
  0x0002,0x0002,0x0002,0x0002,0x0002,0x0002,0x0002,0x0002,0x0002,0x0002,0x0002,0x0002,0x0002,0x0002,0x0002,0x0002,
  0x0002,0x0002,0x0002,0x0002,0x0002,0x0002,0x0002,0x0002,0x0002,0x0002,0x0002,0x0002,0x0002,0x0002,0x0002,0x0002,
  0x0002,0x0002,0x0002,0x0002,0x0002,0x0002,0x0002,0x0002,0x0002,0x0002,0x0002,0x0002,0x0002,0x0002,0x0002,0x0002,
  0x0002,0x0002,0x0002,0x0002,0x0002,0x0002,0x0002,0x0002,0x0002,0x0002,0x0002,0x0002,0x0002,0x0002,0x0002,0x0002,
  0x0002,0x0002,0x0002,0x0002,0x0002,0x0002,0x0002,0x664C,0x664C,0x664C,0x0002,0x0002,0x0002,0x0002,0x0002,0x0002,
  0x0002,0x0002,0x0002,0x0002,0x0002,0x0002,0x0002,0x0002,0x0002,0x0002,0x0002,0x0002,0x0002,0x0002,0x0002,0x0002,
  0x0002,0x0002,0x0002,0x0002,0x0002,0x0002,0x0002,0x0002,0x0002,0x0002,0x0002,0x0002,0x0002,0x0002,0x0002,0x0002,
  0x0002,0x0002,0x0002,0x0002,0x0002,0x0002,0x0002,0x0002,0x0002,0x0002,0x0002,0x0002,0x0002,0x0002,0x0002,0x0002,
  0x0002,0x0002,0x0002,0x0002,0x0002,0x0002,0x0002,0x0002,0x0002,0x0002,0x0002,0x0002,0x0002,0x0002,0x0002,0x0002,
  0x0003,0x0003,0x0003,0x0003,0x0003,0x0003,0x0003,0x0003,0x664C,0x0003,0x0003,0x0003,0x0003,0x0003,0x0003,0x0003,
  0x0003,0x0003,0x0003,0x0003,0x0003,0x0003,0x0003,0x0003,0x0003,0x0003,0x0003,0x0003,0x0003,0x0003,0x0003,0x0003,
  0x0003,0x0003,0x0003,0x0003,0x0003,0x0003,0x0003,0x0003,0x0003,0x0003,0x0003,0x0003,0x0003,0x0003,0x0003,0x0003,
  0x0003,0x0003,0x0003,0x0003,0x0003,0x0003,0x0003,0x0003,0x0003,0x0003,0x0003,0x0003,0x0003,0x0003,0x0003,0x0003,
  0x0003,0x0003,0x0003,0x0003,0x0003,0x0003,0x0003,0x0003,0x0003,0x0003,0x0003,0x0003,0x0003,0x0003,0x0003,0x0003,
  0x0003,0x0003,0x0003,0x0003,0x0003,0x0003,0x0003,0x0003,0x0003,0x0003,0x0003,0x0003,0x0003,0x0003,0x0003,0x0003,
  0x0003,0x0003,0x0003,0x0003,0x0003,0x0003,0x0003,0x0003,0x0003,0x0003,0x0003,0x0003,0x0003,0x0003,0x0003,0x0003,
  0x0003,0x0003,0x0003,0x0003,0x0003,0x0003,0x0003,0x0003,0x0003,0x0003,0x0003,0x0003,0x0003,0x0003,0x0003,0x0003,
  0x0003,0x0003,0x0003,0x0003,0x0003,0x0003,0x0003,0x0003,0x0003,0x0003,0x0003,0x0003,0x0003,0x0003,0x0003,0x0003,
  0x0003,0x0003,0x0003,0x0003,0x0003,0x0003,0x0003,0x0003,0x0003,0x0003,0x0003,0x0003,0x0003,0x0003,0x0003,0x0003,
  0x0003,0x0003,0x0003,0x0003,0x0003,0x0003,0x0003,0x0003,0x0003,0x0003,0x0003,0x0003,0x0003,0x0003,0x0003,0x0003,
  0x0003,0x0003,0x0003,0x0003,0x0003,0x0003,0x0003,0x0003,0x0003,0x0003,0x0003,0x0003,0x0003,0x0003,0x0003,0x0003,
  0x0003,0x0003,0x0003,0x0003,0x0003,0x0003,0x0003,0x0003,0x0003,0x0003,0x0003,0x0003,0x0003,0x0003,0x0003,0x0003,
  0x0003,0x0003,0x0003,0x0003,0x0003,0x0003,0x0003,0x0003,0x0003,0x0003,0x0003,0x0003,0x0003,0x0003,0x0003,0x0003,
  0x0003,0x0003,0x0003,0x0003,0x0003,0x0003,0x0003,0x0003,0x0003,0x0003,0x0003,0x0003,0x0003,0x0003,0x0003,0x0003,
  0x0003,0x0003,0x0003,0x0003,0x0003,0x0003,0x0003,0x0003,0x0003,0x0003,0x0003,0x0003,0x0003,0x0003,0x0003,0x0003,
  0x0003,0x0003,0x0003,0x0003,0x0003,0x0003,0x0003,0x0003,0x0003,0x0003,0x0003,0x0003,0x0003,0x0003,0x0003,0x0003,
  0x0003,0x0003,0x0003,0x0003,0x0003,0x0003,0x0003,0x0003,0x0003,0x0003,0x0003,0x0003,0x0003,0x0003,0x0003,0x0003,
  0x0003,0x0003,0x0003,0x0003,0x0003,0x0003,0x0003,0x0003,0x0003,0x0003,0x0003,0x0003,0x0003,0x0003,0x0003,0x0003,
  0x0003,0x0003,0x0003,0x0003,0x0003,0x0003,0x664C,0x0003,0x0003,0x0003,0x0003,0x0003,0x0003,0x0003,0x0003,0x0003,
  0x0003,0x0003,0x0003,0x0003,0x0003,0x0003,0x0003,0x0003,0x0003,0x0003,0x0003,0x0003,0x0003,0x0003,0x0003,0x0003,
  0x0003,0x0003,0x0003,0x0003,0x0003,0x0003,0x0003,0x0003,0x0003,0x0003,0x0003,0x0003,0x0003,0x0003,0x0003,0x0003,
  0x0003,0x0003,0x0003,0x0003,0x0003,0x0003,0x0003,0x0003,0x0003,0x0003,0x0003,0x0003,0x0003,0x0003,0x0003,0x0003,
  0x0003,0x0003,0x0003,0x0003,0x0003,0x0003,0x0003,0x0003,0x0003,0x0003,0x0003,0x0003,0x0003,0x0003,0x0003,0x0003,
  0x0003,0x0003,0x0003,0x0003,0x0003,0x664C,0x664C,0x664C,0x0003,0x0003,0x0003,0x0003,0x0003,0x0003,0x0003,0x0003,
  0x0003,0x0003,0x0003,0x0003,0x0003,0x0003,0x0003,0x0003,0x0003,0x0003,0x0003,0x0003,0x0003,0x0003,0x0003,0x0003,
  0x0003,0x0003,0x0003,0x0003,0x0003,0x0003,0x0003,0x0003,0x0003,0x0003,0x0003,0x0003,0x0003,0x0003,0x0003,0x0003,
  0x0003,0x0003,0x0003,0x0003,0x0003,0x0003,0x0003,0x0003,0x0003,0x0003,0x0003,0x0003,0x0003,0x0003,0x0003,0x0003,
  0x0003,0x0003,0x0003,0x0003,0x0003,0x0003,0x0003,0x0003,0x0003,0x0003,0x0003,0x0003,0x0003,0x0003,0x0003,0x0003,
  0x0003,0x0003,0x0003,0x0003,0x0003,0x0003,0x664C,0x0003,0x0003,0x0003,0x0003,0x0003,0x0003,0x0003,0x0003,0x0003,
  0x0004,0x0004,0x0004,0x0004,0x0004,0x0004,0x0004,0x0004,0x0004,0x0004,0x0004,0x0004,0x0004,0x0004,0x0004,0x0004,
  0x0004,0x0004,0x0004,0x0004,0x0004,0x0004,0x0004,0x0004,0x0004,0x0004,0x0004,0x0004,0x0004,0x0004,0x0004,0x0004,
  0x0004,0x0004,0x0004,0x0004,0x0004,0x0004,0x0004,0x0004,0x0004,0x0004,0x0004,0x0004,0x0004,0x0004,0x0004,0x0004,
  0x0004,0x0004,0x0004,0x0004,0x0004,0x0004,0x0004,0x0004,0x0004,0x0004,0x0004,0x0004,0x0004,0x0004,0x0004,0x0004,
  0x0004,0x0004,0x0004,0x0004,0x0004,0x0004,0x0004,0x0004,0x0004,0x0004,0x0004,0x0004,0x0004,0x0004,0x0004,0x0004,
  0x0004,0x0004,0x0004,0x0004,0x0004,0x0004,0x0004,0x0004,0x0004,0x0004,0x0004,0x0004,0x0004,0x0004,0x0004,0x0004,
  0x0004,0x0004,0x0004,0x0004,0x0004,0x0004,0x0004,0x0004,0x0004,0x0004,0x0004,0x0004,0x0004,0x0004,0x0004,0x0004,
  0x0004,0x0004,0x0004,0x0004,0x0004,0x0004,0x0004,0x0004,0x0004,0x0004,0x0004,0x0004,0x0004,0x0004,0x0004,0x0004,
  0x0004,0x0004,0x0004,0x0004,0x0004,0x0004,0x0004,0x0004,0x0004,0x0004,0x0004,0x0004,0x0004,0x0004,0x0004,0x0004,
  0x0004,0x0004,0x0004,0x0004,0x0004,0x0004,0x0004,0x0004,0x0004,0x0004,0x0004,0x0004,0x0004,0x0004,0x0004,0x0004,
  0x0004,0x0004,0x0004,0x0004,0x0004,0x0004,0x0004,0x0004,0x0004,0x0004,0x0004,0x0004,0x0004,0x0004,0x0004,0x0004,
  0x0004,0x0004,0x0004,0x0004,0x0004,0x0004,0x0004,0x0004,0x0004,0x664C,0x0004,0x0004,0x0004,0x0004,0x0004,0x0004,
  0x0004,0x0004,0x0004,0x0004,0x0004,0x0004,0x0004,0x0004,0x0004,0x0004,0x0004,0x0004,0x0004,0x0004,0x0004,0x0004,
  0x0004,0x0004,0x0004,0x0004,0x0004,0x0004,0x0004,0x0004,0x0004,0x0004,0x0004,0x0004,0x0004,0x0004,0x0004,0x0004,
  0x0004,0x0004,0x0004,0x0004,0x0004,0x0004,0x0004,0x0004,0x0004,0x0004,0x0004,0x0004,0x0004,0x0004,0x0004,0x0004,
  0x0004,0x0004,0x0004,0x0004,0x0004,0x0004,0x0004,0x0004,0x0004,0x0004,0x0004,0x0004,0x0004,0x0004,0x0004,0x0004,
  0x0004,0x0004,0x0004,0x0004,0x0004,0x0004,0x0004,0x0004,0x664C,0x664C,0x664C,0x0004,0x0004,0x0004,0x0004,0x0004,
  0x0004,0x0004,0x0004,0x0004,0x0004,0x0004,0x0004,0x0004,0x0004,0x0004,0x0004,0x0004,0x0004,0x0004,0x0004,0x0004,
  0x0004,0x0004,0x0004,0x0004,0x0004,0x0004,0x0004,0x0004,0x0004,0x0004,0x0004,0x0004,0x0004,0x0004,0x0004,0x0004,
  0x0004,0x0004,0x0004,0x0004,0x0004,0x0004,0x0004,0x0004,0x0004,0x0004,0x0004,0x0004,0x0004,0x0004,0x0004,0x0004,
  0x0004,0x0004,0x0004,0x0004,0x0004,0x0004,0x0004,0x0004,0x0004,0x0004,0x0004,0x0004,0x0004,0x0004,0x0004,0x0004,
  0x0004,0x0004,0x0004,0x0004,0x0004,0x0004,0x0004,0x0004,0x0004,0x664C,0x0004,0x0004,0x0004,0x0004,0x0004,0x0004,
  0x0004,0x0004,0x0004,0x0004,0x0004,0x0004,0x0004,0x0004,0x0004,0x0004,0x0004,0x0004,0x0004,0x0004,0x0004,0x0004,
  0x0004,0x0004,0x0004,0x0004,0x0004,0x0004,0x0004,0x0004,0x0004,0x0004,0x0004,0x0004,0x0004,0x0004,0x0004,0x0004,
  0x0004,0x0004,0x0004,0x0004,0x0004,0x0004,0x0004,0x0004,0x0004,0x0004,0x0004,0x0004,0x0004,0x0004,0x0004,0x0004,
  0x0005,0x0005,0x0005,0x0005,0x0005,0x0005,0x0005,0x0005,0x0005,0x0005,0x0005,0x0005,0x0005,0x0005,0x0005,0x0005,
  0x0005,0x0005,0x0005,0x0005,0x0005,0x0005,0x0005,0x0005,0x0005,0x0005,0x0005,0x0005,0x0005,0x0005,0x0005,0x0005,
  0x0005,0x0005,0x0005,0x0005,0x0005,0x0005,0x0005,0x0005,0x0005,0x0005,0x0005,0x0005,0x0005,0x0005,0x0005,0x0005,
  0x0005,0x0005,0x0005,0x0005,0x0005,0x0005,0x0005,0x0005,0x0005,0x0005,0x0005,0x0005,0x0005,0x0005,0x0005,0x0005,
  0x0005,0x0005,0x0005,0x0005,0x0005,0x0005,0x0005,0x0005,0x0005,0x0005,0x0005,0x0005,0x0005,0x0005,0x0005,0x0005,
  0x0005,0x0005,0x0005,0x0005,0x0005,0x0005,0x0005,0x0005,0x0005,0x0005,0x0005,0x0005,0x0005,0x0005,0x0005,0x0005,
  0x0005,0x0005,0x0005,0x0005,0x0005,0x0005,0x0005,0x0005,0x0005,0x0005,0x0005,0x0005,0x0005,0x0005,0x0005,0x0005,
  0x0005,0x0005,0x0005,0x0005,0x0005,0x0005,0x0005,0x0005,0x0005,0x0005,0x0005,0x0005,0x0005,0x0005,0x0005,0x0005,
  0x0005,0x0005,0x0005,0x0005,0x0005,0x0005,0x0005,0x0005,0x0005,0x0005,0x0005,0x0005,0x0005,0x0005,0x0005,0x0005,
  0x0005,0x0005,0x0005,0x0005,0x0005,0x0005,0x0005,0x0005,0x0005,0x0005,0x0005,0x0005,0x0005,0x0005,0x0005,0x0005,
  0x0005,0x0005,0x0005,0x0005,0x0005,0x0005,0x0005,0x0005,0x0005,0x0005,0x0005,0x0005,0x0005,0x0005,0x0005,0x0005,
  0x0005,0x0005,0x0005,0x0005,0x0005,0x0005,0x0005,0x0005,0x0005,0x0005,0x0005,0x0005,0x0005,0x0005,0x0005,0x0005,
  0x0005,0x0005,0x0005,0x0005,0x0005,0x0005,0x0005,0x0005,0x0005,0x0005,0x0005,0x0005,0x0005,0x0005,0x0005,0x0005,
  0x0005,0x0005,0x0005,0x0005,0x0005,0x0005,0x0005,0x0005,0x0005,0x0005,0x0005,0x0005,0x0005,0x0005,0x0005,0x0005,
  0x0005,0x0005,0x0005,0x0005,0x0005,0x0005,0x0005,0x0005,0x0005,0x0005,0x0005,0x0005,0x0005,0x0005,0x0005,0x0005,
  0x0005,0x0005,0x0005,0x0005,0x0005,0x0005,0x0005,0x0005,0x0005,0x0005,0x0005,0x0005,0x0005,0x0005,0x0005,0x0005,
  0x0005,0x0005,0x0005,0x0005,0x0005,0x0005,0x0005,0x0005,0x0005,0x0005,0x0005,0x0005,0x0005,0x0005,0x0005,0x0005,
  0x0005,0x0005,0x0005,0x0005,0x0005,0x0005,0x0005,0x0005,0x0005,0x0005,0x0005,0x0005,0x0005,0x0005,0x0005,0x0005,
  0x0005,0x0005,0x0005,0x0005,0x0005,0x0005,0x0005,0x0005,0x0005,0x0005,0x0005,0x0005,0x0005,0x0005,0x0005,0x0005,
  0x0005,0x0005,0x0005,0x0005,0x0005,0x0005,0x0005,0x0005,0x0005,0x0005,0x0005,0x0005,0x0005,0x0005,0x0005,0x0005,
  0x0005,0x0005,0x0005,0x0005,0x0005,0x0005,0x0005,0x0005,0x0005,0x0005,0x0005,0x0005,0x0005,0x0005,0x0005,0x0005,
  0x0005,0x0005,0x0005,0x0005,0x0005,0x0005,0x0005,0x0005,0x0005,0x0005,0x0005,0x0005,0x0005,0x0005,0x0005,0x0005,
  0x0005,0x0005,0x0005,0x0005,0x0005,0x0005,0x0005,0x0005,0x0005,0x0005,0x0005,0x0005,0x0005,0x0005,0x0005,0x0005,
  0x0005,0x0005,0x0005,0x0005,0x0005,0x0005,0x0005,0x0005,0x0005,0x0005,0x0005,0x0005,0x0005,0x0005,0x0005,0x0005,
  0x0005,0x0005,0x0005,0x0005,0x0005,0x0005,0x0005,0x0005,0x0005,0x0005,0x0005,0x0005,0x0005,0x0005,0x0005,0x0005,
  0x0006,0x0006,0x0006,0x0006,0x0006,0x0006,0x0006,0x0006,0x0006,0x0006,0x0006,0x0006,0x0006,0x0006,0x0006,0x0006,
  0x0006,0x0006,0x0006,0x0006,0x0006,0x0006,0x0006,0x0006,0x0006,0x0006,0x0006,0x0006,0x0006,0x0006,0x0006,0x0006,
  0x0006,0x0006,0x0006,0x0006,0x0006,0x0006,0x0006,0x0006,0x0006,0x0006,0x0006,0x0006,0x0006,0x0006,0x0006,0x0006,
  0x0006,0x0006,0x0006,0x0006,0x0006,0x0006,0x0006,0x0006,0x0006,0x0006,0x0006,0x0006,0x0006,0x0006,0x0006,0x0006,
  0x0006,0x0006,0x0006,0x0006,0x0006,0x0006,0x0006,0x0006,0x0006,0x0006,0x0006,0x0006,0x0006,0x0006,0x0006,0x0006,
  0x0006,0x0006,0x0006,0x0006,0x0006,0x0006,0x0006,0x0006,0x0006,0x0006,0x0006,0x0006,0x0006,0x0006,0x0006,0x0006,
  0x0006,0x0006,0x0006,0x0006,0x0006,0x0006,0x0006,0x0006,0x0006,0x0006,0x0006,0x0006,0x0006,0x0006,0x0006,0x0006,
  0x0006,0x0006,0x0006,0x0006,0x0006,0x0006,0x0006,0x0006,0x0006,0x0006,0x0006,0x0006,0x0006,0x0006,0x0006,0x0006,
  0x0006,0x0006,0x0006,0x0006,0x0006,0x0006,0x0006,0x0006,0x0006,0x0006,0x0006,0x0006,0x0006,0x0006,0x0006,0x0006,
  0x0006,0x0006,0x0006,0x0006,0x0006,0x0006,0x0006,0x0006,0x0006,0x0006,0x0006,0x0006,0x0006,0x0006,0x0006,0x0006,
  0x0006,0x0006,0x0006,0x0006,0x0006,0x0006,0x0006,0x0006,0x0006,0x0006,0x0006,0x0006,0x0006,0x0006,0x0006,0x0006,
  0x0006,0x0006,0x0006,0x0006,0x0006,0x0006,0x0006,0x0006,0x0006,0x0006,0x0006,0x0006,0x0006,0x0006,0x0006,0x0006,
  0x0006,0x0006,0x0006,0x0006,0x0006,0x0006,0x0006,0x0006,0x0006,0x0006,0x0006,0x0006,0x0006,0x0006,0x0006,0x0006,
  0x0006,0x0006,0x0006,0x0006,0x0006,0x0006,0x0006,0x0006,0x0006,0x0006,0x0006,0x0006,0x0006,0x0006,0x0006,0x0006,
  0x0006,0x0006,0x0006,0x0006,0x0006,0x0006,0x0006,0x0006,0x0006,0x0006,0x0006,0x0006,0x0006,0x0006,0x0006,0x0006,
  0x0006,0x0006,0x0006,0x0006,0x0006,0x0006,0x0006,0x0006,0x0006,0x0006,0x0006,0x0006,0x0006,0x0006,0x0006,0x0006,
  0x0006,0x0006,0x0006,0x0006,0x0006,0x0006,0x0006,0x0006,0x0006,0x0006,0x0006,0x0006,0x0006,0x0006,0x0006,0x0006,
  0x0006,0x0006,0x0006,0x0006,0x0006,0x0006,0x0006,0x0006,0x0006,0x0006,0x0006,0x0006,0x0006,0x0006,0x0006,0x0006,
  0x0006,0x0006,0x0006,0x0006,0x0006,0x0006,0x0006,0x0006,0x0006,0x0006,0x0006,0x0006,0x0006,0x0006,0x0006,0x0006,
  0x0006,0x0006,0x0006,0x0006,0x0006,0x0006,0x0006,0x0006,0x0006,0x0006,0x0006,0x0006,0x0006,0x0006,0x0006,0x0006,
  0x0006,0x0006,0x0006,0x0006,0x0006,0x0006,0x0006,0x0006,0x0006,0x0006,0x0006,0x0006,0x0006,0x0006,0x0006,0x0006,
  0x0006,0x0006,0x0006,0x0006,0x0006,0x0006,0x0006,0x0006,0x0006,0x0006,0x0006,0x0006,0x0006,0x0006,0x0006,0x0006,
  0x0006,0x0006,0x0006,0x0006,0x0006,0x0006,0x0006,0x0006,0x0006,0x0006,0x0006,0x0006,0x0006,0x0006,0x0006,0x0006,
  0x0006,0x0006,0x0006,0x0006,0x0006,0x0006,0x0006,0x0006,0x0006,0x0006,0x0006,0x0006,0x0006,0x0006,0x0006,0x0006,
  0x0006,0x0006,0x0006,0x0006,0x0006,0x0006,0x0006,0x0006,0x0006,0x0006,0x0006,0x0006,0x0006,0x0006,0x0006,0x0006,
  0x0006,0x0006,0x0006,0x0006,0x0006,0x0006,0x0006,0x0006,0x0006,0x0006,0x0006,0x0006,0x0006,0x0006,0x0006,0x0006,
  0x0006,0x0006,0x0006,0x0006,0x0006,0x0006,0x0006,0x0006,0x0006,0x0006,0x0006,0x0006,0x0006,0x0006,0x0006,0x0006,
  0x0006,0x0006,0x0006,0x0006,0x0006,0x0006,0x0006,0x0006,0x0006,0x0006,0x0006,0x0006,0x0006,0x0006,0x0006,0x0006,
  0x0006,0x0006,0x0006,0x0006,0x0006,0x0006,0x0006,0x0006,0x0006,0x0006,0x0006,0x0006,0x0006,0x0006,0x0006,0x0006,
  0x0006,0x0006,0x0006,0x0006,0x0006,0x0006,0x0006,0x0006,0x0006,0x0006,0x0006,0x0006,0x0006,0x0006,0x0006,0x0006,
  0x0007,0x0007,0x0007,0x0007,0x0007,0x0007,0x0007,0x0007,0x0007,0x0007,0x0007,0x0007,0x0007,0x0007,0x0007,0x0007,
  0x0007,0x0007,0x0007,0x0007,0x0007,0x0007,0x0007,0x0007,0x0007,0x0007,0x0007,0x0007,0x0007,0x0007,0x0007,0x0007,
  0x0007,0x0007,0x0007,0x0007,0x0007,0x0007,0x0007,0x0007,0x0007,0x0007,0x0007,0x0007,0x0007,0x0007,0x0007,0x0007,
  0x0007,0x0007,0x0007,0x0007,0x0007,0x0007,0x0007,0x0007,0x0007,0x0007,0x0007,0x0007,0x0007,0x0007,0x0007,0x0007,
  0x0007,0x0007,0x0007,0x0007,0x0007,0x0007,0x0007,0x0007,0x0007,0x0007,0x0007,0x0007,0x0007,0x0007,0x0007,0x0007,
  0x0007,0x0007,0x0007,0x0007,0x0007,0x0007,0x0007,0x0007,0x0007,0x0007,0x0007,0x0007,0x0007,0x0007,0x0007,0x0007,
  0x0007,0x0007,0x0007,0x0007,0x0007,0x0007,0x0007,0x0007,0x0007,0x0007,0x0007,0x0007,0x0007,0x0007,0x0007,0x0007,
  0x0007,0x0007,0x0007,0x0007,0x0007,0x0007,0x0007,0x0007,0x0007,0x0007,0x0007,0x0007,0x0007,0x0007,0x0007,0x0007,
  0x0007,0x0007,0x0007,0x0007,0x0007,0x0007,0x0007,0x0007,0x0007,0x0007,0x0007,0x0007,0x664C,0x0007,0x0007,0x0007,
  0x0007,0x0007,0x0007,0x0007,0x0007,0x0007,0x0007,0x0007,0x0007,0x0007,0x0007,0x0007,0x0007,0x0007,0x0007,0x0007,
  0x0007,0x0007,0x0007,0x0007,0x0007,0x0007,0x0007,0x0007,0x0007,0x0007,0x0007,0x0007,0x0007,0x0007,0x0007,0x0007,
  0x0007,0x0007,0x0007,0x0007,0x0007,0x0007,0x0007,0x0007,0x0007,0x0007,0x0007,0x0007,0x0007,0x0007,0x0007,0x0007,
  0x0007,0x0007,0x0007,0x0007,0x0007,0x0007,0x0007,0x0007,0x0007,0x0007,0x0007,0x0007,0x0007,0x0007,0x0007,0x0007,
  0x0007,0x0007,0x0007,0x0007,0x0007,0x0007,0x0007,0x0007,0x0007,0x0007,0x0007,0x664C,0x664C,0x664C,0x0007,0x0007,
  0x0007,0x0007,0x0007,0x0007,0x0007,0x0007,0x0007,0x0007,0x0007,0x0007,0x0007,0x0007,0x0007,0x0007,0x0007,0x0007,
  0x0007,0x0007,0x0007,0x0007,0x0007,0x0007,0x0007,0x0007,0x0007,0x0007,0x0007,0x0007,0x0007,0x0007,0x0007,0x0007,
  0x0007,0x0007,0x0007,0x0007,0x0007,0x0007,0x0007,0x0007,0x0007,0x0007,0x0007,0x0007,0x0007,0x0007,0x0007,0x0007,
  0x0007,0x0007,0x0007,0x0007,0x0007,0x0007,0x0007,0x0007,0x0007,0x0007,0x0007,0x0007,0x0007,0x0007,0x0007,0x0007,
  0x0007,0x0007,0x0007,0x0007,0x0007,0x0007,0x0007,0x0007,0x0007,0x0007,0x0007,0x0007,0x664C,0x0007,0x0007,0x0007,
  0x0007,0x0007,0x0007,0x0007,0x0007,0x0007,0x0007,0x0007,0x0007,0x0007,0x0007,0x0007,0x0007,0x0007,0x0007,0x0007,
  0x0007,0x0007,0x0007,0x0007,0x0007,0x0007,0x0007,0x0007,0x0007,0x0007,0x0007,0x0007,0x0007,0x0007,0x0007,0x0007,
  0x0007,0x0007,0x0007,0x0007,0x0007,0x0007,0x0007,0x0007,0x0007,0x0007,0x0007,0x0007,0x0007,0x0007,0x0007,0x0007,
  0x0007,0x0007,0x0007,0x0007,0x0007,0x0007,0x0007,0x0007,0x0007,0x0007,0x0007,0x0007,0x0007,0x0007,0x0007,0x0007,
  0x0007,0x0007,0x0007,0x0007,0x0007,0x0007,0x0007,0x0007,0x0007,0x0007,0x0007,0x0007,0x0007,0x0007,0x0007,0x0007,
  0x0007,0x0007,0x0007,0x0007,0x0007,0x0007,0x0007,0x0007,0x0007,0x0007,0x0007,0x0007,0x0007,0x0007,0x0007,0x0007,
  0x0008,0x0008,0x0008,0x0008,0x0008,0x0008,0x0008,0x0008,0x0008,0x0008,0x0008,0x0008,0x0008,0x0008,0x0008,0x0008,
  0x0008,0x0008,0x0008,0x0008,0x0008,0x0008,0x0008,0x0008,0x0008,0x0008,0x0008,0x0008,0x0008,0x0008,0x0008,0x0008,
  0x0008,0x0008,0x0008,0x0008,0x0008,0x0008,0x0008,0x0008,0x0008,0x0008,0x0008,0x0008,0x0008,0x0008,0x0008,0x0008,
  0x0008,0x0008,0x0008,0x0008,0x0008,0x0008,0x0008,0x0008,0x0008,0x0008,0x0008,0x0008,0x0008,0x0008,0x0008,0x0008,
  0x0008,0x0008,0x0008,0x0008,0x0008,0x0008,0x0008,0x0008,0x0008,0x0008,0x0008,0x0008,0x0008,0x0008,0x0008,0x0008,
  0x0008,0x0008,0x0008,0x0008,0x0008,0x0008,0x0008,0x0008,0x0008,0x0008,0x0008,0x0008,0x0008,0x0008,0x0008,0x664C,
  0x0008,0x0008,0x0008,0x0008,0x0008,0x0008,0x0008,0x0008,0x0008,0x0008,0x0008,0x0008,0x0008,0x0008,0x0008,0x0008,
  0x0008,0x0008,0x0008,0x0008,0x0008,0x0008,0x0008,0x0008,0x0008,0x0008,0x0008,0x0008,0x0008,0x0008,0x0008,0x0008,
  0x0008,0x0008,0x0008,0x0008,0x0008,0x0008,0x0008,0x0008,0x0008,0x0008,0x0008,0x0008,0x0008,0x0008,0x0008,0x0008,
  0x0008,0x0008,0x0008,0x0008,0x0008,0x0008,0x0008,0x0008,0x0008,0x0008,0x0008,0x0008,0x0008,0x0008,0x0008,0x0008,
  0x0008,0x0008,0x0008,0x0008,0x0008,0x0008,0x0008,0x0008,0x0008,0x0008,0x0008,0x0008,0x0008,0x0008,0x664C,0x664C,
  0x664C,0x0008,0x0008,0x0008,0x0008,0x0008,0x0008,0x0008,0x0008,0x0008,0x0008,0x0008,0x0008,0x0008,0x0008,0x0008,
  0x0008,0x0008,0x0008,0x0008,0x0008,0x0008,0x0008,0x0008,0x0008,0x0008,0x0008,0x0008,0x0008,0x0008,0x0008,0x0008,
  0x0008,0x0008,0x0008,0x0008,0x0008,0x0008,0x0008,0x0008,0x0008,0x0008,0x0008,0x0008,0x0008,0x0008,0x0008,0x0008,
  0x0008,0x0008,0x0008,0x0008,0x0008,0x0008,0x0008,0x0008,0x0008,0x0008,0x0008,0x0008,0x0008,0x0008,0x0008,0x0008,
  0x0008,0x0008,0x0008,0x0008,0x0008,0x0008,0x0008,0x0008,0x0008,0x0008,0x0008,0x0008,0x0008,0x0008,0x0008,0x664C,
  0x0008,0x0008,0x0008,0x0008,0x0008,0x0008,0x0008,0x0008,0x0008,0x0008,0x0008,0x0008,0x0008,0x0008,0x0008,0x0008,
  0x0008,0x0008,0x0008,0x0008,0x0008,0x0008,0x0008,0x0008,0x0008,0x0008,0x0008,0x0008,0x0008,0x0008,0x0008,0x0008,
  0x0008,0x0008,0x0008,0x0008,0x0008,0x0008,0x0008,0x0008,0x0008,0x0008,0x0008,0x0008,0x0008,0x0008,0x0008,0x0008,
  0x0008,0x0008,0x0008,0x0008,0x0008,0x0008,0x0008,0x0008,0x0008,0x0008,0x0008,0x0008,0x0008,0x0008,0x0008,0x0008,
  0x0008,0x0008,0x0008,0x0008,0x0008,0x0008,0x0008,0x0008,0x0008,0x0008,0x0008,0x0008,0x0008,0x0008,0x0008,0x0008,
  0x0008,0x0008,0x0008,0x0008,0x0008,0x0008,0x0008,0x0008,0x0008,0x0008,0x0008,0x0008,0x0008,0x0008,0x0008,0x0008,
  0x0008,0x0008,0x0008,0x0008,0x0008,0x0008,0x0008,0x0008,0x0008,0x0008,0x0008,0x0008,0x0008,0x0008,0x0008,0x0008,
  0x0008,0x0008,0x0008,0x0008,0x0008,0x0008,0x0008,0x0008,0x0008,0x0008,0x0008,0x0008,0x0008,0x0008,0x0008,0x0008,
  0x0008,0x0008,0x0008,0x0008,0x0008,0x0008,0x0008,0x0008,0x0008,0x0008,0x0008,0x0008,0x0008,0x0008,0x0008,0x0008,
  0x0009,0x0009,0x0009,0x0009,0x0009,0x0009,0x0009,0x0009,0x0009,0x0009,0x0009,0x0009,0x0009,0x0009,0x0009,0x0009,
  0x0009,0x0009,0x0009,0x0009,0x0009,0x0009,0x0009,0x0009,0x0009,0x0009,0x0009,0x0009,0x0009,0x0009,0x0009,0x0009,
  0x0009,0x0009,0x0009,0x0009,0x0009,0x0009,0x0009,0x0009,0x0009,0x0009,0x0009,0x0009,0x0009,0x0009,0x0009,0x0009,
  0x0009,0x0009,0x0009,0x0009,0x0009,0x0009,0x0009,0x0009,0x0009,0x0009,0x0009,0x0009,0x0009,0x0009,0x0009,0x0009,
  0x0009,0x0009,0x0009,0x0009,0x0009,0x0009,0x0009,0x0009,0x0009,0x0009,0x0009,0x0009,0x0009,0x0009,0x0009,0x0009,
  0x0009,0x0009,0x0009,0x0009,0x0009,0x0009,0x0009,0x0009,0x0009,0x0009,0x0009,0x0009,0x0009,0x0009,0x0009,0x0009,
  0x0009,0x0009,0x0009,0x0009,0x0009,0x0009,0x0009,0x0009,0x0009,0x0009,0x0009,0x0009,0x0009,0x0009,0x0009,0x0009,
  0x0009,0x0009,0x0009,0x0009,0x0009,0x0009,0x0009,0x0009,0x0009,0x0009,0x0009,0x0009,0x0009,0x0009,0x0009,0x0009,
  0x0009,0x0009,0x0009,0x0009,0x0009,0x0009,0x0009,0x0009,0x0009,0x0009,0x0009,0x0009,0x0009,0x0009,0x0009,0x0009,
  0x0009,0x0009,0x0009,0x0009,0x0009,0x0009,0x0009,0x0009,0x0009,0x0009,0x0009,0x0009,0x0009,0x0009,0x0009,0x0009,
  0x0009,0x0009,0x0009,0x0009,0x0009,0x0009,0x0009,0x0009,0x0009,0x0009,0x0009,0x0009,0x0009,0x0009,0x0009,0x0009,
  0x0009,0x0009,0x0009,0x0009,0x0009,0x0009,0x0009,0x0009,0x0009,0x0009,0x0009,0x0009,0x0009,0x0009,0x0009,0x0009,
  0x0009,0x0009,0x0009,0x0009,0x0009,0x0009,0x0009,0x0009,0x0009,0x0009,0x0009,0x0009,0x0009,0x0009,0x0009,0x0009,
  0x0009,0x0009,0x0009,0x0009,0x0009,0x0009,0x0009,0x0009,0x0009,0x0009,0x0009,0x0009,0x0009,0x0009,0x0009,0x0009,
  0x0009,0x0009,0x0009,0x0009,0x0009,0x0009,0x0009,0x0009,0x0009,0x0009,0x0009,0x0009,0x0009,0x0009,0x0009,0x0009,
  0x0009,0x0009,0x0009,0x0009,0x0009,0x0009,0x0009,0x0009,0x0009,0x0009,0x0009,0x0009,0x0009,0x0009,0x0009,0x0009,
  0x0009,0x0009,0x0009,0x0009,0x0009,0x0009,0x0009,0x0009,0x0009,0x0009,0x0009,0x0009,0x0009,0x0009,0x0009,0x0009,
  0x0009,0x0009,0x0009,0x0009,0x0009,0x0009,0x0009,0x0009,0x0009,0x0009,0x0009,0x0009,0x0009,0x0009,0x0009,0x0009,
  0x0009,0x0009,0x0009,0x0009,0x0009,0x0009,0x0009,0x0009,0x0009,0x0009,0x0009,0x0009,0x0009,0x0009,0x0009,0x0009,
  0x0009,0x0009,0x0009,0x0009,0x0009,0x0009,0x0009,0x0009,0x0009,0x0009,0x0009,0x0009,0x0009,0x0009,0x0009,0x0009,
  0x0009,0x0009,0x0009,0x0009,0x0009,0x0009,0x0009,0x0009,0x0009,0x0009,0x0009,0x0009,0x0009,0x0009,0x0009,0x0009,
  0x0009,0x0009,0x0009,0x0009,0x0009,0x0009,0x0009,0x0009,0x0009,0x0009,0x0009,0x0009,0x0009,0x0009,0x0009,0x0009,
  0x0009,0x0009,0x0009,0x0009,0x0009,0x0009,0x0009,0x0009,0x0009,0x0009,0x0009,0x0009,0x0009,0x0009,0x0009,0x0009,
  0x0009,0x0009,0x0009,0x0009,0x0009,0x0009,0x0009,0x0009,0x0009,0x0009,0x0009,0x0009,0x0009,0x0009,0x0009,0x0009,
  0x0009,0x0009,0x0009,0x0009,0x0009,0x0009,0x0009,0x0009,0x0009,0x0009,0x0009,0x0009,0x0009,0x0009,0x0009,0x0009,
  0x0009,0x0009,0x0009,0x0009,0x0009,0x0009,0x0009,0x0009,0x0009,0x0009,0x0009,0x0009,0x0009,0x0009,0x0009,0x0009,
  0x0009,0x0009,0x0009,0x0009,0x0009,0x0009,0x0009,0x0009,0x0009,0x0009,0x0009,0x0009,0x0009,0x0009,0x0009,0x0009,
  0x0009,0x0009,0x0009,0x0009,0x0009,0x0009,0x0009,0x0009,0x0009,0x0009,0x0009,0x0009,0x0009,0x0009,0x0009,0x0009,
  0x0009,0x0009,0x0009,0x0009,0x0009,0x0009,0x0009,0x0009,0x0009,0x0009,0x0009,0x0009,0x0009,0x0009,0x0009,0x0009,
  0x0009,0x0009,0x0009,0x0009,0x0009,0x0009,0x0009,0x0009,0x0009,0x0009,0x0009,0x0009,0x0009,0x0009,0x0009,0x0009,
  0x000A,0x000A,0x000A,0x000A,0x000A,0x000A,0x000A,0x000A,0x000A,0x000A,0x000A,0x000A,0x000A,0x000A,0x000A,0x000A,
  0x000A,0x000A,0x000A,0x000A,0x000A,0x000A,0x000A,0x000A,0x000A,0x000A,0x000A,0x000A,0x000A,0x000A,0x000A,0x000A,
  0x000A,0x000A,0x000A,0x000A,0x000A,0x000A,0x000A,0x000A,0x000A,0x000A,0x000A,0x000A,0x000A,0x000A,0x000A,0x000A,
  0x000A,0x000A,0x000A,0x000A,0x000A,0x000A,0x000A,0x000A,0x000A,0x000A,0x000A,0x000A,0x000A,0x000A,0x000A,0x000A,
  0x000A,0x000A,0x000A,0x000A,0x000A,0x000A,0x000A,0x000A,0x000A,0x000A,0x000A,0x000A,0x000A,0x000A,0x000A,0x000A,
  0x000A,0x000A,0x000A,0x000A,0x000A,0x000A,0x000A,0x000A,0x000A,0x000A,0x000A,0x000A,0x000A,0x000A,0x000A,0x000A,
  0x000A,0x000A,0x000A,0x000A,0x000A,0x000A,0x000A,0x000A,0x000A,0x000A,0x000A,0x000A,0x000A,0x000A,0x000A,0x000A,
  0x000A,0x000A,0x000A,0x000A,0x000A,0x000A,0x000A,0x000A,0x000A,0x000A,0x000A,0x000A,0x000A,0x000A,0x000A,0x000A,
  0x000A,0x000A,0x000A,0x000A,0x000A,0x000A,0x000A,0x000A,0x000A,0x000A,0x000A,0x000A,0x000A,0x000A,0x000A,0x000A,
  0x000A,0x000A,0x000A,0x000A,0x000A,0x000A,0x000A,0x000A,0x000A,0x000A,0x000A,0x000A,0x000A,0x000A,0x000A,0x000A,
  0x000A,0x000A,0x000A,0x000A,0x000A,0x000A,0x000A,0x000A,0x000A,0x000A,0x000A,0x000A,0x000A,0x000A,0x000A,0x000A,
  0x000A,0x000A,0x000A,0x000A,0x000A,0x000A,0x000A,0x000A,0x000A,0x000A,0x000A,0x000A,0x000A,0x000A,0x000A,0x000A,
  0x000A,0x000A,0x000A,0x000A,0x000A,0x000A,0x000A,0x000A,0x000A,0x000A,0x000A,0x000A,0x000A,0x000A,0x000A,0x000A,
  0x000A,0x000A,0x000A,0x000A,0x000A,0x000A,0x000A,0x000A,0x000A,0x000A,0x000A,0x000A,0x000A,0x000A,0x000A,0x000A,
  0x000A,0x000A,0x000A,0x000A,0x000A,0x000A,0x000A,0x000A,0x000A,0x000A,0x000A,0x000A,0x000A,0x000A,0x000A,0x000A,
  0x000A,0x000A,0x000A,0x000A,0x000A,0x000A,0x000A,0x000A,0x000A,0x000A,0x000A,0x000A,0x000A,0x000A,0x000A,0x000A,
  0x000A,0x000A,0x000A,0x000A,0x000A,0x000A,0x000A,0x000A,0x000A,0x000A,0x000A,0x000A,0x000A,0x000A,0x000A,0x000A,
  0x000A,0x000A,0x000A,0x000A,0x000A,0x000A,0x000A,0x000A,0x000A,0x000A,0x000A,0x000A,0x000A,0x000A,0x000A,0x000A,
  0x000A,0x000A,0x000A,0x000A,0x000A,0x000A,0x000A,0x000A,0x000A,0x000A,0x000A,0x000A,0x000A,0x000A,0x000A,0x000A,
  0x000A,0x000A,0x000A,0x000A,0x000A,0x000A,0x000A,0x000A,0x000A,0x000A,0x000A,0x000A,0x000A,0x000A,0x000A,0x000A,
  0x000A,0x000A,0x000A,0x000A,0x000A,0x000A,0x000A,0x000A,0x000A,0x000A,0x000A,0x000A,0x000A,0x000A,0x000A,0x000A,
  0x000A,0x000A,0x000A,0x000A,0x000A,0x000A,0x000A,0x000A,0x000A,0x000A,0x000A,0x000A,0x000A,0x000A,0x000A,0x000A,
  0x000A,0x000A,0x000A,0x000A,0x000A,0x000A,0x000A,0x000A,0x000A,0x000A,0x000A,0x000A,0x000A,0x000A,0x000A,0x000A,
  0x000A,0x000A,0x000A,0x000A,0x000A,0x000A,0x000A,0x000A,0x000A,0x000A,0x000A,0x000A,0x000A,0x000A,0x000A,0x000A,
  0x000A,0x000A,0x000A,0x000A,0x000A,0x000A,0x000A,0x000A,0x000A,0x000A,0x000A,0x000A,0x000A,0x000A,0x000A,0x000A,
  0x000B,0x000B,0x000B,0x000B,0x000B,0x000B,0x000B,0x000B,0x000B,0x000B,0x000B,0x000B,0x000B,0x000B,0x000B,0x000B,
  0x000B,0x000B,0x000B,0x000B,0x000B,0x000B,0x000B,0x000B,0x000B,0x000B,0x000B,0x000B,0x000B,0x000B,0x000B,0x000B,
  0x000B,0x000B,0x000B,0x000B,0x000B,0x000B,0x000B,0x000B,0x000B,0x000B,0x000B,0x000B,0x000B,0x000B,0x000B,0x000B,
  0x000B,0x000B,0x000B,0x000B,0x000B,0x000B,0x000B,0x000B,0x000B,0x000B,0x000B,0x000B,0x000B,0x000B,0x000B,0x000B,
  0x000B,0x000B,0x000B,0x000B,0x000B,0x000B,0x000B,0x000B,0x000B,0x000B,0x000B,0x000B,0x000B,0x000B,0x000B,0x000B,
  0x000B,0x000B,0x000B,0x000B,0x000B,0x000B,0x000B,0x000B,0x000B,0x000B,0x000B,0x000B,0x000B,0x000B,0x000B,0x000B,
  0x000B,0x000B,0x000B,0x000B,0x000B,0x000B,0x000B,0x000B,0x000B,0x000B,0x000B,0x000B,0x000B,0x000B,0x000B,0x000B,
  0x000B,0x000B,0x000B,0x000B,0x000B,0x000B,0x000B,0x000B,0x000B,0x000B,0x000B,0x000B,0x000B,0x000B,0x000B,0x000B,
  0x000B,0x000B,0x000B,0x000B,0x000B,0x000B,0x000B,0x000B,0x000B,0x000B,0x000B,0x000B,0x000B,0x000B,0x000B,0x000B,
  0x000B,0x000B,0x000B,0x000B,0x000B,0x000B,0x000B,0x000B,0x000B,0x000B,0x000B,0x000B,0x000B,0x000B,0x000B,0x000B,
  0x000B,0x000B,0x000B,0x000B,0x000B,0x000B,0x000B,0x000B,0x000B,0x000B,0x000B,0x000B,0x000B,0x000B,0x000B,0x000B,
  0x000B,0x000B,0x000B,0x000B,0x000B,0x000B,0x000B,0x000B,0x000B,0x000B,0x000B,0x000B,0x000B,0x000B,0x000B,0x000B,
  0x000B,0x000B,0x000B,0x000B,0x000B,0x000B,0x000B,0x000B,0x000B,0x000B,0x000B,0x000B,0x000B,0x000B,0x000B,0x000B,
  0x000B,0x000B,0x000B,0x000B,0x000B,0x000B,0x000B,0x000B,0x000B,0x000B,0x000B,0x000B,0x000B,0x000B,0x000B,0x000B,
  0x000B,0x000B,0x000B,0x000B,0x000B,0x000B,0x000B,0x000B,0x000B,0x000B,0x000B,0x000B,0x000B,0x000B,0x000B,0x000B,
  0x000B,0x000B,0x000B,0x000B,0x000B,0x000B,0x000B,0x000B,0x000B,0x000B,0x000B,0x000B,0x000B,0x000B,0x000B,0x000B,
  0x000B,0x000B,0x000B,0x000B,0x000B,0x000B,0x000B,0x000B,0x000B,0x000B,0x000B,0x000B,0x000B,0x000B,0x000B,0x000B,
  0x000B,0x000B,0x000B,0x000B,0x000B,0x000B,0x000B,0x000B,0x000B,0x000B,0x000B,0x000B,0x000B,0x000B,0x000B,0x000B,
  0x000B,0x000B,0x000B,0x000B,0x000B,0x000B,0x000B,0x000B,0x000B,0x000B,0x000B,0x000B,0x000B,0x000B,0x000B,0x000B,
  0x000B,0x000B,0x000B,0x000B,0x000B,0x000B,0x000B,0x000B,0x000B,0x000B,0x000B,0x000B,0x000B,0x000B,0x000B,0x000B,
  0x000B,0x000B,0x000B,0x000B,0x000B,0x000B,0x000B,0x000B,0x000B,0x000B,0x000B,0x000B,0x000B,0x000B,0x000B,0x000B,
  0x000B,0x000B,0x000B,0x000B,0x000B,0x000B,0x000B,0x000B,0x000B,0x000B,0x000B,0x000B,0x000B,0x000B,0x000B,0x000B,
  0x000B,0x000B,0x000B,0x000B,0x000B,0x000B,0x000B,0x000B,0x000B,0x000B,0x000B,0x000B,0x000B,0x000B,0x000B,0x000B,
  0x000B,0x000B,0x000B,0x000B,0x000B,0x000B,0x000B,0x000B,0x000B,0x000B,0x000B,0x000B,0x000B,0x000B,0x000B,0x000B,
  0x000B,0x000B,0x000B,0x000B,0x000B,0x000B,0x000B,0x000B,0x000B,0x000B,0x000B,0x000B,0x000B,0x000B,0x000B,0x000B,
  0x000C,0x000C,0x000C,0x000C,0x000C,0x000C,0x000C,0x000C,0x000C,0x000C,0x000C,0x000C,0x000C,0x000C,0x000C,0x000C,
  0x000C,0x000C,0x000C,0x000C,0x000C,0x000C,0x000C,0x000C,0x000C,0x000C,0x000C,0x000C,0x000C,0x000C,0x000C,0x000C,
  0x000C,0x000C,0x000C,0x000C,0x000C,0x000C,0x000C,0x000C,0x000C,0x000C,0x000C,0x000C,0x000C,0x000C,0x000C,0x000C,
  0x000C,0x000C,0x000C,0x000C,0x000C,0x000C,0x000C,0x000C,0x000C,0x000C,0x000C,0x000C,0x000C,0x000C,0x000C,0x000C,
  0x000C,0x000C,0x000C,0x000C,0x000C,0x000C,0x000C,0x000C,0x000C,0x000C,0x000C,0x000C,0x000C,0x000C,0x000C,0x000C,
  0x000C,0x000C,0x000C,0x000C,0x000C,0x000C,0x000C,0x000C,0x000C,0x000C,0x000C,0x000C,0x000C,0x000C,0x000C,0x000C,
  0x000C,0x000C,0x000C,0x000C,0x000C,0x000C,0x000C,0x000C,0x000C,0x000C,0x000C,0x000C,0x000C,0x000C,0x000C,0x000C,
  0x000C,0x000C,0x000C,0x000C,0x000C,0x000C,0x000C,0x000C,0x000C,0x000C,0x000C,0x000C,0x000C,0x000C,0x000C,0x000C,
  0x000C,0x000C,0x000C,0x000C,0x000C,0x000C,0x000C,0x000C,0x000C,0x000C,0x000C,0x000C,0x000C,0x000C,0x000C,0x000C,
  0x000C,0x000C,0x000C,0x000C,0x000C,0x000C,0x000C,0x000C,0x000C,0x000C,0x000C,0x000C,0x000C,0x000C,0x000C,0x000C,
  0x000C,0x000C,0x000C,0x000C,0x000C,0x000C,0x000C,0x000C,0x000C,0x000C,0x000C,0x000C,0x000C,0x000C,0x000C,0x000C,
  0x000C,0x000C,0x000C,0x000C,0x000C,0x000C,0x000C,0x000C,0x000C,0x000C,0x000C,0x000C,0x000C,0x000C,0x000C,0x000C,
  0x000C,0x000C,0x000C,0x000C,0x000C,0x000C,0x000C,0x000C,0x000C,0x000C,0x000C,0x000C,0x000C,0x000C,0x000C,0x000C,
  0x000C,0x000C,0x000C,0x000C,0x000C,0x000C,0x000C,0x000C,0x000C,0x000C,0x000C,0x000C,0x000C,0x000C,0x000C,0x000C,
  0x000C,0x000C,0x000C,0x000C,0x000C,0x000C,0x000C,0x000C,0x000C,0x000C,0x000C,0x000C,0x000C,0x000C,0x000C,0x000C,
  0x000C,0x000C,0x000C,0x000C,0x000C,0x000C,0x000C,0x000C,0x000C,0x000C,0x000C,0x000C,0x000C,0x000C,0x000C,0x000C,
  0x000C,0x000C,0x000C,0x000C,0x000C,0x000C,0x000C,0x000C,0x000C,0x000C,0x000C,0x000C,0x000C,0x000C,0x000C,0x000C,
  0x000C,0x000C,0x000C,0x000C,0x000C,0x000C,0x000C,0x000C,0x000C,0x000C,0x000C,0x000C,0x000C,0x000C,0x000C,0x000C,
  0x000C,0x000C,0x000C,0x000C,0x000C,0x000C,0x000C,0x000C,0x000C,0x000C,0x000C,0x000C,0x000C,0x000C,0x000C,0x000C,
  0x000C,0x000C,0x000C,0x000C,0x000C,0x000C,0x000C,0x000C,0x000C,0x000C,0x000C,0x000C,0x000C,0x000C,0x000C,0x000C,
  0x000C,0x000C,0x000C,0x000C,0x000C,0x000C,0x000C,0x000C,0x000C,0x000C,0x000C,0x000C,0x000C,0x000C,0x000C,0x000C,
  0x000C,0x000C,0x000C,0x000C,0x000C,0x000C,0x000C,0x000C,0x000C,0x000C,0x000C,0x000C,0x000C,0x000C,0x000C,0x000C,
  0x000C,0x000C,0x000C,0x000C,0x000C,0x000C,0x000C,0x000C,0x000C,0x000C,0x000C,0x000C,0x000C,0x000C,0x000C,0x000C,
  0x000C,0x000C,0x000C,0x000C,0x000C,0x000C,0x000C,0x000C,0x000C,0x000C,0x000C,0x000C,0x000C,0x000C,0x000C,0x000C,
  0x000C,0x000C,0x000C,0x000C,0x000C,0x000C,0x000C,0x000C,0x000C,0x000C,0x000C,0x000C,0x000C,0x000C,0x000C,0x000C,
  0x000C,0x000C,0x000C,0x000C,0x000C,0x000C,0x000C,0x000C,0x000C,0x000C,0x000C,0x000C,0x000C,0x000C,0x000C,0x000C,
  0x000C,0x000C,0x000C,0x000C,0x000C,0x000C,0x000C,0x000C,0x000C,0x000C,0x000C,0x000C,0x000C,0x000C,0x000C,0x000C,
  0x000C,0x000C,0x000C,0x000C,0x000C,0x000C,0x000C,0x000C,0x000C,0x000C,0x000C,0x000C,0x000C,0x000C,0x000C,0x000C,
  0x000C,0x000C,0x000C,0x000C,0x000C,0x000C,0x000C,0x000C,0x000C,0x000C,0x000C,0x000C,0x000C,0x000C,0x000C,0x000C,
  0x000C,0x000C,0x000C,0x000C,0x000C,0x000C,0x000C,0x000C,0x000C,0x000C,0x000C,0x000C,0x000C,0x000C,0x000C,0x000C,
  0x000D,0x000D,0x000D,0x000D,0x000D,0x000D,0x000D,0x000D,0x000D,0x000D,0x000D,0x000D,0x000D,0x000D,0x000D,0x000D,
  0x000D,0x000D,0x000D,0x000D,0x000D,0x000D,0x000D,0x000D,0x000D,0x000D,0x000D,0x000D,0x000D,0x000D,0x000D,0x000D,
  0x000D,0x000D,0x000D,0x000D,0x000D,0x000D,0x000D,0x000D,0x000D,0x000D,0x000D,0x000D,0x000D,0x000D,0x000D,0x000D,
  0x000D,0x000D,0x000D,0x000D,0x000D,0x000D,0x000D,0x000D,0x000D,0x000D,0x000D,0x000D,0x000D,0x000D,0x000D,0x000D,
  0x000D,0x000D,0x000D,0x000D,0x000D,0x000D,0x000D,0x000D,0x000D,0x000D,0x000D,0x000D,0x000D,0x000D,0x000D,0x000D,
  0x000D,0x000D,0x000D,0x000D,0x000D,0x000D,0x000D,0x000D,0x000D,0x000D,0x000D,0x000D,0x000D,0x000D,0x000D,0x000D,
  0x000D,0x000D,0x000D,0x000D,0x000D,0x000D,0x000D,0x000D,0x000D,0x000D,0x000D,0x000D,0x000D,0x000D,0x000D,0x000D,
  0x000D,0x000D,0x000D,0x000D,0x000D,0x000D,0x000D,0x000D,0x000D,0x000D,0x000D,0x000D,0x000D,0x000D,0x000D,0x000D,
  0x000D,0x000D,0x000D,0x000D,0x000D,0x000D,0x000D,0x000D,0x000D,0x000D,0x000D,0x000D,0x000D,0x000D,0x000D,0x000D,
  0x000D,0x000D,0x000D,0x000D,0x000D,0x000D,0x000D,0x000D,0x000D,0x000D,0x000D,0x000D,0x000D,0x000D,0x000D,0x000D,
  0x000D,0x000D,0x000D,0x000D,0x000D,0x000D,0x000D,0x000D,0x000D,0x000D,0x000D,0x000D,0x000D,0x000D,0x000D,0x000D,
  0x000D,0x000D,0x000D,0x000D,0x000D,0x000D,0x000D,0x000D,0x000D,0x000D,0x000D,0x000D,0x000D,0x000D,0x000D,0x000D,
  0x000D,0x000D,0x000D,0x000D,0x000D,0x000D,0x000D,0x000D,0x000D,0x000D,0x000D,0x000D,0x000D,0x000D,0x000D,0x000D,
  0x000D,0x000D,0x000D,0x000D,0x000D,0x000D,0x000D,0x000D,0x000D,0x000D,0x000D,0x000D,0x000D,0x000D,0x000D,0x000D,
  0x000D,0x000D,0x000D,0x000D,0x000D,0x000D,0x000D,0x000D,0x000D,0x000D,0x000D,0x000D,0x000D,0x000D,0x000D,0x000D,
  0x000D,0x000D,0x000D,0x000D,0x000D,0x000D,0x000D,0x000D,0x000D,0x000D,0x000D,0x000D,0x000D,0x000D,0x000D,0x000D,
  0x000D,0x000D,0x000D,0x000D,0x000D,0x000D,0x000D,0x000D,0x000D,0x000D,0x000D,0x000D,0x000D,0x000D,0x000D,0x000D,
  0x000D,0x000D,0x000D,0x000D,0x000D,0x000D,0x000D,0x000D,0x000D,0x000D,0x000D,0x000D,0x000D,0x000D,0x000D,0x000D,
  0x000D,0x000D,0x000D,0x000D,0x000D,0x000D,0x000D,0x000D,0x000D,0x000D,0x000D,0x000D,0x000D,0x000D,0x000D,0x000D,
  0x000D,0x000D,0x000D,0x000D,0x000D,0x000D,0x000D,0x000D,0x000D,0x000D,0x000D,0x000D,0x000D,0x000D,0x000D,0x000D,
  0x000D,0x000D,0x000D,0x000D,0x000D,0x000D,0x000D,0x000D,0x000D,0x000D,0x000D,0x000D,0x000D,0x000D,0x000D,0x000D,
  0x000D,0x000D,0x000D,0x000D,0x000D,0x000D,0x000D,0x000D,0x000D,0x000D,0x000D,0x000D,0x000D,0x000D,0x000D,0x000D,
  0x000D,0x000D,0x000D,0x000D,0x000D,0x000D,0x000D,0x000D,0x000D,0x000D,0x000D,0x000D,0x000D,0x000D,0x000D,0x000D,
  0x000D,0x000D,0x000D,0x000D,0x000D,0x000D,0x000D,0x000D,0x000D,0x000D,0x000D,0x000D,0x000D,0x000D,0x000D,0x000D,
  0x000D,0x000D,0x000D,0x000D,0x000D,0x000D,0x000D,0x000D,0x000D,0x000D,0x000D,0x000D,0x000D,0x000D,0x000D,0x000D,
  0x000E,0x000E,0x000E,0x000E,0x000E,0x000E,0x000E,0x000E,0x000E,0x000E,0x000E,0x000E,0x000E,0x000E,0x000E,0x000E,
  0x000E,0x000E,0x000E,0x000E,0x000E,0x000E,0x000E,0x000E,0x000E,0x000E,0x000E,0x000E,0x000E,0x000E,0x000E,0x000E,
  0x000E,0x000E,0x000E,0x000E,0x000E,0x000E,0x000E,0x000E,0x000E,0x000E,0x000E,0x000E,0x000E,0x000E,0x000E,0x000E,
  0x000E,0x000E,0x000E,0x000E,0x000E,0x000E,0x000E,0x000E,0x000E,0x000E,0x000E,0x000E,0x000E,0x000E,0x000E,0x000E,
  0x000E,0x000E,0x000E,0x000E,0x000E,0x000E,0x000E,0x000E,0x000E,0x000E,0x000E,0x000E,0x000E,0x000E,0x000E,0x000E,
  0x000E,0x000E,0x000E,0x000E,0x000E,0x000E,0x000E,0x000E,0x000E,0x000E,0x000E,0x000E,0x000E,0x000E,0x000E,0x000E,
  0x000E,0x000E,0x000E,0x000E,0x000E,0x000E,0x000E,0x000E,0x000E,0x000E,0x000E,0x000E,0x000E,0x000E,0x000E,0x000E,
  0x000E,0x000E,0x000E,0x000E,0x000E,0x000E,0x000E,0x000E,0x000E,0x000E,0x000E,0x000E,0x000E,0x000E,0x000E,0x000E,
  0x000E,0x000E,0x000E,0x000E,0x000E,0x000E,0x000E,0x000E,0x000E,0x000E,0x000E,0x000E,0x000E,0x000E,0x000E,0x000E,
  0x000E,0x000E,0x000E,0x000E,0x000E,0x000E,0x000E,0x000E,0x000E,0x000E,0x000E,0x000E,0x000E,0x000E,0x000E,0x000E,
  0x000E,0x000E,0x000E,0x000E,0x000E,0x000E,0x000E,0x000E,0x000E,0x000E,0x000E,0x000E,0x000E,0x000E,0x000E,0x000E,
  0x000E,0x000E,0x000E,0x000E,0x000E,0x000E,0x000E,0x000E,0x000E,0x000E,0x000E,0x000E,0x000E,0x000E,0x000E,0x000E,
  0x000E,0x000E,0x000E,0x000E,0x000E,0x000E,0x000E,0x000E,0x000E,0x000E,0x000E,0x000E,0x000E,0x000E,0x000E,0x000E,
  0x000E,0x000E,0x000E,0x000E,0x000E,0x000E,0x000E,0x000E,0x000E,0x000E,0x000E,0x000E,0x000E,0x000E,0x000E,0x000E,
  0x000E,0x000E,0x000E,0x000E,0x000E,0x000E,0x000E,0x000E,0x000E,0x000E,0x000E,0x000E,0x000E,0x000E,0x000E,0x000E,
  0x000E,0x000E,0x000E,0x000E,0x000E,0x000E,0x000E,0x000E,0x000E,0x000E,0x000E,0x000E,0x000E,0x000E,0x000E,0x000E,
  0x000E,0x000E,0x000E,0x000E,0x000E,0x000E,0x000E,0x000E,0x000E,0x000E,0x000E,0x000E,0x000E,0x000E,0x000E,0x000E,
  0x000E,0x000E,0x000E,0x000E,0x000E,0x000E,0x000E,0x000E,0x000E,0x000E,0x000E,0x000E,0x000E,0x000E,0x000E,0x000E,
  0x000E,0x000E,0x000E,0x000E,0x000E,0x000E,0x000E,0x000E,0x000E,0x000E,0x000E,0x000E,0x000E,0x000E,0x000E,0x000E,
  0x000E,0x000E,0x000E,0x000E,0x000E,0x000E,0x000E,0x000E,0x000E,0x000E,0x000E,0x000E,0x000E,0x000E,0x000E,0x000E,
  0x000E,0x000E,0x000E,0x000E,0x000E,0x000E,0x000E,0x000E,0x000E,0x000E,0x000E,0x000E,0x000E,0x000E,0x000E,0x000E,
  0x000E,0x000E,0x000E,0x000E,0x000E,0x000E,0x000E,0x000E,0x000E,0x000E,0x000E,0x000E,0x000E,0x000E,0x000E,0x000E,
  0x000E,0x000E,0x000E,0x000E,0x000E,0x000E,0x000E,0x000E,0x000E,0x000E,0x000E,0x000E,0x000E,0x000E,0x000E,0x000E,
  0x000E,0x000E,0x000E,0x000E,0x000E,0x000E,0x000E,0x000E,0x000E,0x000E,0x000E,0x000E,0x000E,0x000E,0x000E,0x000E,
  0x000E,0x000E,0x000E,0x000E,0x000E,0x000E,0x000E,0x000E,0x000E,0x000E,0x000E,0x000E,0x000E,0x000E,0x000E,0x000E,
  0x000F,0x000F,0x000F,0x000F,0x000F,0x000F,0x000F,0x000F,0x000F,0x000F,0x000F,0x000F,0x000F,0x000F,0x000F,0x000F,
  0x000F,0x000F,0x000F,0x000F,0x000F,0x000F,0x000F,0x000F,0x000F,0x000F,0x000F,0x000F,0x000F,0x000F,0x000F,0x000F,
  0x000F,0x000F,0x000F,0x000F,0x000F,0x000F,0x000F,0x000F,0x000F,0x000F,0x000F,0x000F,0x000F,0x000F,0x000F,0x000F,
  0x000F,0x000F,0x000F,0x000F,0x000F,0x000F,0x000F,0x000F,0x000F,0x000F,0x000F,0x000F,0x000F,0x000F,0x000F,0x000F,
  0x000F,0x000F,0x000F,0x000F,0x000F,0x000F,0x000F,0x000F,0x000F,0x000F,0x000F,0x000F,0x000F,0x000F,0x000F,0x000F,
  0x000F,0x000F,0x000F,0x000F,0x000F,0x000F,0x000F,0x000F,0x000F,0x000F,0x000F,0x000F,0x000F,0x000F,0x000F,0x000F,
  0x000F,0x000F,0x000F,0x000F,0x000F,0x000F,0x000F,0x000F,0x000F,0x000F,0x000F,0x000F,0x000F,0x000F,0x000F,0x000F,
  0x000F,0x000F,0x000F,0x000F,0x000F,0x000F,0x000F,0x000F,0x000F,0x000F,0x000F,0x000F,0x000F,0x000F,0x000F,0x000F,
  0x000F,0x000F,0x000F,0x000F,0x000F,0x000F,0x000F,0x000F,0x000F,0x000F,0x000F,0x000F,0x000F,0x000F,0x000F,0x000F,
  0x000F,0x000F,0x000F,0x000F,0x000F,0x000F,0x000F,0x000F,0x000F,0x000F,0x000F,0x000F,0x000F,0x000F,0x000F,0x000F,
  0x000F,0x000F,0x000F,0x000F,0x000F,0x000F,0x000F,0x000F,0x000F,0x000F,0x000F,0x000F,0x000F,0x000F,0x000F,0x000F,
  0x000F,0x000F,0x000F,0x000F,0x000F,0x000F,0x000F,0x000F,0x000F,0x000F,0x000F,0x000F,0x000F,0x000F,0x000F,0x000F,
  0x000F,0x000F,0x000F,0x000F,0x000F,0x000F,0x000F,0x000F,0x000F,0x000F,0x000F,0x000F,0x000F,0x000F,0x000F,0x000F,
  0x000F,0x000F,0x000F,0x000F,0x000F,0x000F,0x000F,0x000F,0x000F,0x000F,0x000F,0x000F,0x000F,0x000F,0x000F,0x000F,
  0x000F,0x000F,0x000F,0x000F,0x000F,0x000F,0x000F,0x000F,0x000F,0x000F,0x000F,0x000F,0x000F,0x000F,0x000F,0x000F,
  0x000F,0x000F,0x000F,0x000F,0x000F,0x000F,0x000F,0x000F,0x000F,0x000F,0x000F,0x000F,0x000F,0x000F,0x000F,0x000F,
  0x000F,0x000F,0x000F,0x000F,0x000F,0x000F,0x000F,0x000F,0x000F,0x000F,0x000F,0x000F,0x000F,0x000F,0x000F,0x000F,
  0x000F,0x000F,0x000F,0x000F,0x000F,0x000F,0x000F,0x000F,0x000F,0x000F,0x000F,0x000F,0x000F,0x000F,0x000F,0x000F,
  0x000F,0x000F,0x000F,0x000F,0x000F,0x000F,0x000F,0x000F,0x000F,0x000F,0x000F,0x000F,0x000F,0x000F,0x000F,0x000F,
  0x000F,0x000F,0x000F,0x000F,0x000F,0x000F,0x000F,0x000F,0x000F,0x000F,0x000F,0x000F,0x000F,0x000F,0x000F,0x000F,
  0x000F,0x000F,0x000F,0x000F,0x000F,0x000F,0x000F,0x000F,0x000F,0x000F,0x000F,0x000F,0x000F,0x000F,0x000F,0x000F,
  0x000F,0x000F,0x000F,0x000F,0x000F,0x000F,0x000F,0x000F,0x000F,0x000F,0x000F,0x000F,0x000F,0x000F,0x000F,0x000F,
  0x000F,0x000F,0x000F,0x000F,0x000F,0x000F,0x000F,0x000F,0x000F,0x000F,0x000F,0x000F,0x000F,0x000F,0x000F,0x000F,
  0x000F,0x000F,0x000F,0x000F,0x000F,0x000F,0x000F,0x000F,0x000F,0x000F,0x000F,0x000F,0x000F,0x000F,0x000F,0x000F,
  0x000F,0x000F,0x000F,0x000F,0x000F,0x000F,0x000F,0x000F,0x000F,0x000F,0x000F,0x000F,0x000F,0x000F,0x000F,0x000F,
  
};

// Fonds d'ecran modernes Asthma Watch 80x160

const uint16_t THEME_AURORA[] PROGMEM = {
  0x1859,0x1859,0x1859,0x1859,0x1859,0x1859,0x1859,0x1859,0x1859,0x1859,0x1859,0x1859,0x1859,0x1859,0x1859,0x1859,
  0x1859,0x1859,0x1859,0x1859,0x1859,0x1859,0x1859,0x1859,0x1859,0x1859,0x1859,0x1859,0x1859,0x1859,0x1859,0x1859,
  0x1859,0x1859,0x1859,0x1859,0x1859,0x1859,0x1859,0x1859,0x1859,0x1859,0x1859,0x1859,0x1859,0x1859,0x1859,0x1859,
  0x1859,0x1859,0x1859,0x1859,0x1859,0x1859,0x1859,0x1859,0x1859,0x1859,0x1859,0x1859,0x1859,0x1859,0x1859,0x1859,
  0x1859,0x1859,0x1859,0x1859,0x1859,0x1859,0x1859,0x1859,0x1859,0x1859,0x1859,0x1859,0x1859,0x1859,0x1859,0x1859,
  0x1858,0x1858,0x1858,0x1858,0x1858,0x1858,0x1858,0x1858,0x1858,0x1858,0x1858,0x1858,0x1858,0x1858,0x1858,0x1858,
  0x1858,0x1858,0x1858,0x1858,0x1858,0x1858,0x1858,0x1858,0x1858,0x1858,0x1858,0x1858,0x1858,0x1858,0x1858,0x1858,
  0x1858,0x1858,0x1858,0x1858,0x1858,0x1858,0x1858,0x1858,0x1858,0x1858,0x1858,0x1858,0x1858,0x1858,0x1858,0x1858,
  0x1858,0x1858,0x1858,0x1858,0x1858,0x1858,0x1858,0x1858,0x1858,0x1858,0x1858,0x1858,0x1858,0x1858,0x1858,0x1858,
  0x1858,0x1858,0x1858,0x1858,0x1858,0x1858,0x1858,0x1858,0x1858,0x1858,0x1858,0x1858,0x1858,0x1858,0x1858,0x1858,
  0x1858,0x1858,0x1858,0x1858,0x1858,0x1858,0x1858,0x1858,0x1858,0x1858,0x1858,0x1858,0x1858,0x1858,0x1858,0x1858,
  0x1858,0x1858,0x1858,0x1858,0x1858,0x1858,0x1858,0x1858,0x1858,0x1858,0x1858,0x1858,0x1858,0x1858,0x1858,0x1858,
  0x1858,0x1858,0x1858,0x1858,0x1858,0x1858,0x1858,0x1858,0x1858,0x1858,0x1858,0x1858,0x1858,0x1858,0x1858,0x1858,
  0x1858,0x1858,0x1858,0x1858,0x1858,0x1858,0x1858,0x1858,0x1858,0x1858,0x1858,0x1858,0x1858,0x1858,0x1858,0x1858,
  0x1858,0x1858,0x1858,0x1858,0x1858,0x1858,0x1858,0x1858,0x1858,0x1858,0x1858,0x1858,0x1858,0x1858,0x1858,0x1858,
  0x2078,0x2078,0x2078,0x2078,0x2078,0x2078,0x2078,0x2078,0x2078,0x2078,0x2078,0x2078,0x2078,0x2078,0x2078,0x2078,
  0x2078,0x2078,0x2078,0x2078,0x2078,0x2078,0x2078,0x2078,0x2078,0x2078,0x2078,0x2078,0x2078,0x2078,0x2078,0x2078,
  0x2078,0x2078,0x2078,0x2078,0x2078,0x2078,0x2078,0x2078,0x2078,0x2078,0x2078,0x2078,0x2078,0x2078,0x2078,0x2078,
  0x2078,0x2078,0x2078,0x2078,0x2078,0x2078,0x2078,0x2078,0x2078,0x2078,0x2078,0x2078,0x2078,0x2078,0x2078,0x2078,
  0x2078,0x2078,0x2078,0x2078,0x2078,0x2078,0x2078,0x2078,0x2078,0x2078,0x2078,0x2078,0x2078,0x2078,0x2078,0x2078,
  0x2078,0x2078,0x2078,0x2078,0x2078,0x2078,0x2078,0x2078,0x2078,0x2078,0x2078,0x2078,0x2078,0x2078,0x2078,0x2078,
  0x2078,0x2078,0x2078,0x2078,0x2078,0x2078,0x2078,0x2078,0x2078,0x2078,0x2078,0x2078,0x2078,0x2078,0x2078,0x2078,
  0x2078,0x2078,0x2078,0x2078,0x2078,0x2078,0x2078,0x2078,0x2078,0x2078,0x2078,0x2078,0x2078,0x2078,0x2078,0x2078,
  0x2078,0x2078,0x2078,0x2078,0x2078,0x2078,0x2078,0x2078,0x2078,0x2078,0x2078,0x2078,0x2078,0x2078,0x2078,0x2078,
  0x2078,0x2078,0x2078,0x2078,0x2078,0x2078,0x2078,0x2078,0x2078,0x2078,0x2078,0x2078,0x2078,0x2078,0x2078,0x2078,
  0x2078,0x2078,0x2078,0x2078,0x2078,0x2078,0x2078,0x2078,0x2078,0x2078,0x2078,0x2078,0x2078,0x2078,0x2078,0x2078,
  0x2078,0x2078,0x2078,0x2078,0x2078,0x2078,0x2078,0x2078,0x2078,0x2078,0x2078,0x2078,0x2078,0x2078,0x2078,0x2078,
  0x2078,0x2078,0x2078,0x2078,0x2078,0x2078,0x2078,0x2078,0x2078,0x2078,0x2078,0x2078,0x2078,0x2078,0x2078,0x2078,
  0x2078,0x2078,0x2078,0x2078,0x2078,0x2078,0x2078,0x2078,0x2078,0x2078,0x2078,0x2078,0x2078,0x2078,0x2078,0x2078,
  0x2078,0x2078,0x2078,0x2078,0x2078,0x2078,0x2078,0x2078,0x2078,0x2078,0x2078,0x2078,0x2078,0x2078,0x2078,0x2078,
  0x2078,0x2078,0x2078,0x2078,0x2078,0x2078,0x2078,0x2078,0x2078,0x2078,0x2078,0x2078,0x2078,0x2078,0x2078,0x2078,
  0x2078,0x2078,0x2078,0x2078,0x2078,0x2078,0x2078,0x2078,0x2078,0x2078,0x2078,0x2078,0x2078,0x2078,0x2078,0x2078,
  0x2078,0x2078,0x2078,0x2078,0x2078,0x2078,0x2078,0x2078,0x2078,0x2078,0x2078,0x2078,0x2078,0x2078,0x2078,0x2078,
  0x2078,0x2078,0x2078,0x2078,0x2078,0x2078,0x2078,0x2078,0x2078,0x2078,0x2078,0x2078,0x2078,0x2078,0x2078,0x2078,
  0x2078,0x2078,0x2078,0x2078,0x2078,0x2078,0x2078,0x2078,0x2078,0x2078,0x2078,0x2078,0x2078,0x2078,0x2078,0x2078,
  0x2098,0x2098,0x2098,0x2098,0x2098,0x2098,0x2098,0x2098,0x2098,0x2098,0x2098,0x2098,0x2098,0x2098,0x2098,0x2098,
  0x2098,0x2098,0x2098,0x2098,0x2098,0x2098,0x2098,0x2098,0x2098,0x2098,0x2098,0x2098,0x2098,0x2098,0x2098,0x2098,
  0x2098,0x2098,0x2098,0x2098,0x2098,0x2098,0x2098,0x2098,0x2098,0x2098,0x2098,0x2098,0x2098,0x2098,0x2098,0x2098,
  0x2098,0x2098,0x2098,0x2098,0x2098,0x2098,0x2098,0x2098,0x2098,0x2098,0x2098,0x2098,0x2098,0x2098,0x2098,0x2098,
  0x2098,0x2098,0x2098,0x2098,0x2098,0x2098,0x2098,0x2098,0x2098,0x2098,0x2098,0x2098,0x2098,0x2098,0x2098,0x2098,
  0x2098,0x2098,0x2098,0x2098,0x2098,0x2098,0x2098,0x2098,0x2098,0x2098,0x2098,0x2098,0x2098,0x2098,0x2098,0x2098,
  0x2098,0x2098,0x2098,0x2098,0x2098,0x2098,0x2098,0x2098,0x2098,0x2098,0x2098,0x2098,0x2098,0x2098,0x2098,0x2098,
  0x2098,0x2098,0x2098,0x2098,0x2098,0x2098,0x2098,0x2098,0x2098,0x2098,0x2098,0x2098,0x2098,0x2098,0x2098,0x2098,
  0x2098,0x2098,0x2098,0x2098,0x2098,0x2098,0x2098,0x2098,0x2098,0x2098,0x2098,0x2098,0x2098,0x2098,0x2098,0x2098,
  0x2098,0x2098,0x2098,0x2098,0x2098,0x2098,0x2098,0x2098,0x2098,0x2098,0x2098,0x2098,0x2098,0x2098,0x2098,0x2098,
  0x2098,0x2098,0x2098,0x2098,0x2098,0x2098,0x2098,0x2098,0x2098,0x2098,0x2098,0x2098,0x2098,0x2098,0x2098,0x2098,
  0x2098,0x2098,0x2098,0x2098,0x2098,0x2098,0x2098,0x2098,0x2098,0x2098,0x2098,0x2098,0x2098,0x2098,0x2098,0x2098,
  0x2098,0x2098,0x2098,0x2098,0x2098,0x2098,0x2098,0x2098,0x2098,0x2098,0x2098,0x2098,0x2098,0x2098,0x2098,0x2098,
  0x2098,0x2098,0x2098,0x2098,0x2098,0x2098,0x2098,0x2098,0x2098,0x2098,0x2098,0x2098,0x2098,0x2098,0x2098,0x2098,
  0x2098,0x2098,0x2098,0x2098,0x2098,0x2098,0x2098,0x2098,0x2098,0x2098,0x2098,0x2098,0x2098,0x2098,0x2098,0x2098,
  0x2898,0x2898,0x2898,0x2898,0x2898,0x2898,0x2898,0x2898,0x2898,0x2898,0x2898,0x2898,0x2898,0x2898,0x2898,0x2898,
  0x2898,0x2898,0x2898,0x2898,0x2898,0x2898,0x2898,0x2898,0x2898,0x2898,0x2898,0x2898,0x2898,0x2898,0x2898,0x2898,
  0x2898,0x2898,0x2898,0x2898,0x2898,0x2898,0x2898,0x2898,0x2898,0x2898,0x2898,0x2898,0x2898,0x2898,0x2898,0x2898,
  0x2898,0x2898,0x2898,0x2898,0x2898,0x2898,0x2898,0x2898,0x2898,0x2898,0x2898,0x2898,0x2898,0x2898,0x2898,0x2898,
  0x2898,0x2898,0x2898,0x2898,0x2898,0x2898,0x2898,0x2898,0x2898,0x2898,0x2898,0x2898,0x2898,0x2898,0x2898,0x2898,
  0x2898,0x2898,0x2898,0x2898,0x2898,0x2898,0x2898,0x2898,0x2898,0x2898,0x2898,0x2898,0x2898,0x2898,0x2898,0x2898,
  0x2898,0x2898,0x2898,0x2898,0x2898,0x2898,0x2898,0x2898,0x2898,0x2898,0x2898,0x2898,0x2898,0x2898,0x2898,0x2898,
  0x2898,0x2898,0x2898,0x2898,0x2898,0x2898,0x2898,0x2898,0x2898,0x2898,0x2898,0x2898,0x2898,0x2898,0x2898,0x2898,
  0x2898,0x2898,0x2898,0x2898,0x2898,0x2898,0x2898,0x2898,0x2898,0x2898,0x2898,0x2898,0x2898,0x2898,0x2898,0x2898,
  0x2898,0x2898,0x2898,0x2898,0x2898,0x2898,0x2898,0x2898,0x2898,0x2898,0x2898,0x2898,0x2898,0x2898,0x2898,0x2898,
  0x28B8,0x28B8,0x28B8,0x28B8,0x28B8,0x28B8,0x28B8,0x28B8,0x28B8,0x28B8,0x28B8,0x28B8,0x28B8,0x28B8,0x28B8,0x28B8,
  0x28B8,0x28B8,0x28B8,0x28B8,0x28B8,0x28B8,0x28B8,0x28B8,0x28B8,0x28B8,0x28B8,0x28B8,0x28B8,0x28B8,0x28B8,0x28B8,
  0x28B8,0x28B8,0x28B8,0x28B8,0x28B8,0x28B8,0x28B8,0x28B8,0x28B8,0x28B8,0x28B8,0x28B8,0x28B8,0x28B8,0x28B8,0x28B8,
  0x28B8,0x28B8,0x28B8,0x28B8,0x28B8,0x28B8,0x28B8,0x28B8,0x28B8,0x28B8,0x28B8,0x28B8,0x28B8,0x28B8,0x28B8,0x28B8,
  0x28B8,0x28B8,0x28B8,0x28B8,0x28B8,0x28B8,0x28B8,0x28B8,0x28B8,0x28B8,0x28B8,0x28B8,0x28B8,0x28B8,0x28B8,0x28B8,
  0x28B8,0x28B8,0x28B8,0x28B8,0x28B8,0x28B8,0x28B8,0x28B8,0x28B8,0x28B8,0x28B8,0x28B8,0x28B8,0x28B8,0x28B8,0x28B8,
  0x28B8,0x28B8,0x28B8,0x28B8,0x28B8,0x28B8,0x28B8,0x28B8,0x28B8,0x28B8,0x28B8,0x28B8,0x28D8,0x28D8,0x28D8,0x28D8,
  0x28D8,0x28D8,0x28D8,0x28D8,0x28B8,0x28B8,0x28B8,0x28B8,0x28B8,0x28B8,0x28B8,0x28B8,0x28B8,0x28B8,0x28B8,0x28B8,
  0x28B8,0x28B8,0x28B8,0x28B8,0x28B8,0x28B8,0x28B8,0x28B8,0x28B8,0x28B8,0x28B8,0x28B8,0x28B8,0x28B8,0x28B8,0x28B8,
  0x28B8,0x28B8,0x28B8,0x28B8,0x28B8,0x28B8,0x28D8,0x28D8,0x28D8,0x28D8,0x28D8,0x28D8,0x28D8,0x28D8,0x28B8,0x28B8,
  0x28B8,0x28B8,0x28B8,0x28B8,0x28B8,0x28B8,0x28B8,0x28B8,0x28B8,0x28B8,0x28B8,0x28B8,0x28B8,0x28B8,0x28B8,0x28B8,
  0x28B8,0x28B8,0x28B8,0x28B8,0x28B8,0x28B8,0x28B8,0x28B8,0x28B8,0x28B8,0x28D8,0x2918,0x3199,0x31D9,0x31D9,0x31D9,
  0x31D9,0x31D9,0x31D9,0x3199,0x2918,0x28D8,0x28B8,0x28B8,0x28B8,0x28B8,0x28B8,0x28B8,0x28B8,0x28B8,0x28B8,0x28B8,
  0x28B8,0x28B8,0x28B8,0x28B8,0x28B8,0x28B8,0x28B8,0x28B8,0x28B8,0x28B8,0x28B8,0x28B8,0x28B8,0x28B8,0x28B8,0x28B8,
  0x28B8,0x28B8,0x28B8,0x28B8,0x28D8,0x2918,0x3199,0x31D9,0x31D9,0x31D9,0x31D9,0x31D9,0x31D9,0x3199,0x2918,0x28D8,
  0x28B8,0x28B8,0x28B8,0x28B8,0x28B8,0x28B8,0x28B8,0x28B8,0x28B8,0x28B8,0x28B8,0x28B8,0x28B8,0x28B8,0x28B8,0x28B8,
  0x28B8,0x28B8,0x28B8,0x28B8,0x28B8,0x28B8,0x28B8,0x28B8,0x28D8,0x3118,0x31B9,0x3A3A,0x435B,0x4BBC,0x4BBC,0x4BBC,
  0x4BBC,0x4BBC,0x4BBC,0x435B,0x3A3A,0x31B9,0x3118,0x28D8,0x28B8,0x28B8,0x28B8,0x28B8,0x28B8,0x28B8,0x28B8,0x28B8,
  0x28B8,0x28B8,0x28B8,0x28B8,0x28B8,0x28B8,0x28B8,0x28B8,0x28B8,0x28B8,0x28B8,0x28B8,0x28B8,0x28B8,0x28B8,0x28B8,
  0x28B8,0x28B8,0x28D8,0x3118,0x31B9,0x3A3A,0x435B,0x4BBC,0x4BBC,0x4BBC,0x4BBC,0x4BBC,0x4BBC,0x435B,0x3A19,0x3138,
  0x28D8,0x28D8,0x28D8,0x28D8,0x28D8,0x28D8,0x28D8,0x28D8,0x28D8,0x28D8,0x28D8,0x28D8,0x28D8,0x28D8,0x28D8,0x28D8,
  0x28D8,0x28D8,0x28D8,0x28D8,0x28D8,0x28D8,0x28D8,0x28D8,0x3138,0x3A19,0x433B,0x433B,0x3A5A,0x39F9,0x39F9,0x39F9,
  0x39F9,0x39F9,0x39F9,0x3A5A,0x433B,0x433B,0x3A19,0x3138,0x28D8,0x28D8,0x28D8,0x28D8,0x28D8,0x28D8,0x28D8,0x28D8,
  0x28D8,0x28D8,0x28D8,0x28D8,0x28D8,0x28D8,0x28D8,0x28D8,0x28D8,0x28D8,0x28D8,0x28D8,0x28D8,0x28D8,0x28D8,0x28D8,
  0x28D8,0x28D8,0x3138,0x3A19,0x433B,0x433B,0x3A5A,0x39F9,0x39F9,0x39F9,0x39F9,0x39F9,0x39F9,0x3A3A,0x42FB,0x3A5A,
  0x28D7,0x28D7,0x28D7,0x28D7,0x28D7,0x28D7,0x28D7,0x28D7,0x28D7,0x28D7,0x28D7,0x28D7,0x28D7,0x28D7,0x28D7,0x28D7,
  0x28D7,0x28D7,0x28D7,0x28D7,0x28D7,0x28D7,0x28D8,0x3138,0x3A19,0x42DB,0x3A3A,0x31B9,0x3138,0x30F8,0x30F8,0x30F8,
  0x30F8,0x30F8,0x30F8,0x3138,0x31B9,0x3A3A,0x42DB,0x3A19,0x3138,0x28D8,0x28D7,0x28D7,0x28D7,0x28D7,0x28D7,0x28D7,
  0x28D7,0x28D7,0x28D7,0x28D7,0x28D7,0x28D7,0x28D7,0x28D7,0x28D7,0x28D7,0x28D7,0x28D7,0x28D7,0x28D7,0x28D7,0x28D7,
  0x30F8,0x3138,0x3A19,0x42DB,0x3A3A,0x31B9,0x3138,0x30F8,0x30F8,0x30F8,0x30F8,0x30F8,0x30F8,0x3138,0x3A19,0x433B,
  0x30F8,0x30F8,0x28D7,0x28D7,0x28D7,0x28D7,0x28D7,0x28D7,0x28D7,0x28D7,0x28D7,0x28D7,0x28D7,0x28D7,0x28D7,0x28D7,
  0x28D7,0x28D7,0x28D7,0x28D7,0x30F8,0x30F8,0x3138,0x3A19,0x42DA,0x3A19,0x3138,0x30F8,0x28D7,0x28D7,0x28D7,0x28D7,
  0x28D7,0x28D7,0x28D7,0x28D7,0x30F8,0x3138,0x3A19,0x42DA,0x3A19,0x3138,0x30F8,0x30F8,0x28D7,0x28D7,0x28D7,0x28D7,
  0x28D7,0x28D7,0x28D7,0x28D7,0x28D7,0x28D7,0x28D7,0x28D7,0x28D7,0x28D7,0x28D7,0x28D7,0x28D7,0x28D7,0x30F8,0x3138,
  0x39B9,0x3A5A,0x42FA,0x3A19,0x3138,0x30F8,0x28D7,0x28D7,0x28D7,0x28D7,0x28D7,0x28D7,0x28D7,0x28D7,0x3138,0x31B9,
  0x39D9,0x39B9,0x3138,0x30F7,0x28D7,0x28D7,0x28D7,0x28D7,0x28D7,0x28D7,0x28D7,0x28D7,0x28D7,0x28D7,0x28D7,0x28D7,
  0x28D7,0x28D7,0x30F7,0x3138,0x39B9,0x39F9,0x3A5A,0x42FA,0x3A19,0x3138,0x30F7,0x28D7,0x28D7,0x28D7,0x28D7,0x28D7,
  0x28D7,0x28D7,0x28D7,0x28D7,0x28D7,0x30F7,0x3138,0x3A19,0x42FA,0x3A5A,0x39F9,0x39B9,0x3138,0x30F7,0x28D7,0x28D7,
  0x28D7,0x28D7,0x28D7,0x28D7,0x28D7,0x28D7,0x28D7,0x28D7,0x28D7,0x28D7,0x28D7,0x28D7,0x30F7,0x3138,0x39B9,0x3A5A,
  0x435B,0x435B,0x3A19,0x3138,0x30F7,0x28D7,0x28D7,0x28D7,0x28D7,0x28D7,0x28D7,0x28D7,0x28D7,0x28D7,0x28D7,0x30F8,
  0x4BBC,0x4B5B,0x3A19,0x3138,0x30F7,0x30D7,0x30D7,0x30D7,0x30D7,0x30D7,0x30D7,0x30D7,0x30D7,0x30D7,0x30D7,0x30D7,
  0x30D7,0x30F7,0x3138,0x3A19,0x4B5B,0x4BBC,0x4B5B,0x3A39,0x3138,0x30F7,0x30D7,0x30D7,0x30D7,0x30D7,0x30D7,0x30D7,
  0x30D7,0x30D7,0x30D7,0x30D7,0x30D7,0x30D7,0x30F7,0x3138,0x3A39,0x4B5B,0x4BBC,0x4B5B,0x3A19,0x3138,0x30F7,0x30D7,
  0x30D7,0x30D7,0x30D7,0x30D7,0x30D7,0x30D7,0x30D7,0x30D7,0x30D7,0x30D7,0x30D7,0x30F7,0x3138,0x3A19,0x433B,0x4B5B,
  0x3A5A,0x39D9,0x3138,0x30F7,0x30D7,0x30D7,0x30D7,0x30D7,0x30D7,0x30D7,0x30D7,0x30D7,0x30D7,0x30D7,0x30D7,0x30D7,
  0x39F9,0x3A59,0x42FA,0x3A19,0x3138,0x30F7,0x30D7,0x30D7,0x30D7,0x30D7,0x30D7,0x30D7,0x30D7,0x30D7,0x30D7,0x30D7,
  0x30F7,0x3138,0x3A19,0x42FA,0x3A59,0x39F9,0x39B8,0x3138,0x30F7,0x30D7,0x30D7,0x30D7,0x30D7,0x30D7,0x30D7,0x30D7,
  0x30D7,0x30D7,0x30D7,0x30D7,0x30D7,0x30D7,0x30D7,0x30F7,0x3138,0x39B8,0x39F9,0x3A59,0x42FA,0x3A19,0x3138,0x30F7,
  0x30D7,0x30D7,0x30D7,0x30D7,0x30D7,0x30D7,0x30D7,0x30D7,0x30D7,0x30F7,0x3117,0x3158,0x3A19,0x42FA,0x3A59,0x39D9,
  0x3138,0x3117,0x30F7,0x30D7,0x30D7,0x30D7,0x30D7,0x30D7,0x30D7,0x30D7,0x30D7,0x30D7,0x30D7,0x30D7,0x30D7,0x30D7,
  0x3117,0x3158,0x3A19,0x42FA,0x3A19,0x3158,0x3117,0x30F7,0x30F7,0x30F7,0x30F7,0x30F7,0x30F7,0x30F7,0x30F7,0x3117,
  0x3158,0x3A19,0x42FA,0x3A19,0x3158,0x3117,0x30F7,0x30F7,0x30F7,0x30F7,0x30F7,0x30F7,0x30F7,0x30F7,0x30F7,0x30F7,
  0x30F7,0x30F7,0x30F7,0x30F7,0x30F7,0x30F7,0x30F7,0x30F7,0x30F7,0x30F7,0x3117,0x3158,0x3A19,0x42FA,0x3A19,0x3158,
  0x3117,0x30F7,0x30F7,0x30F7,0x30F7,0x30F7,0x30F7,0x30F7,0x30F7,0x3138,0x39D9,0x3A59,0x42FA,0x3A19,0x3158,0x3117,
  0x30F7,0x30F7,0x30F7,0x30F7,0x30F7,0x30F7,0x30F7,0x30F7,0x30F7,0x30F7,0x30F7,0x30F7,0x30F7,0x30F7,0x30F7,0x30F7,
  0x30F7,0x30F7,0x3158,0x3A39,0x42FA,0x3A59,0x39D9,0x3138,0x3117,0x3117,0x3117,0x3117,0x3117,0x3117,0x3138,0x39D9,
  0x3A59,0x42FA,0x3A39,0x3158,0x30F7,0x30F7,0x30F7,0x30F7,0x30F7,0x30F7,0x30F7,0x30F7,0x30F7,0x30F7,0x30F7,0x30F7,
  0x30F7,0x30F7,0x30F7,0x30F7,0x30F7,0x30F7,0x30F7,0x30F7,0x30F7,0x30F7,0x30F7,0x30F7,0x3158,0x3A39,0x42FA,0x3A59,
  0x39D9,0x3138,0x3117,0x3117,0x3117,0x3117,0x3117,0x3117,0x3158,0x3A39,0x4B5B,0x4B5B,0x3A39,0x3158,0x30F7,0x30F7,
  0x30F7,0x30F7,0x30F7,0x30F7,0x30F7,0x30F7,0x30F7,0x30F7,0x30F7,0x30F7,0x30F7,0x30F7,0x30F7,0x30F7,0x30F7,0x30F7,
  0x30F7,0x30F7,0x30F7,0x3158,0x3A39,0x4B5B,0x4B5B,0x4279,0x3A19,0x39F9,0x39F9,0x39F9,0x39F9,0x3A19,0x4279,0x4B5B,
  0x4B5B,0x3A39,0x3158,0x30F7,0x30F7,0x30F7,0x30F7,0x30F7,0x30F7,0x30F7,0x30F7,0x30F7,0x30F7,0x30F7,0x30F7,0x30F7,
  0x30F7,0x30F7,0x30F7,0x30F7,0x30F7,0x30F7,0x30F7,0x30F7,0x30F7,0x30F7,0x30F7,0x30F7,0x30F7,0x3158,0x3A39,0x4B5B,
  0x4B5B,0x4279,0x3A19,0x39F9,0x39F9,0x39F9,0x39F9,0x3A19,0x3A59,0x42FA,0x3A59,0x39D9,0x3137,0x30F7,0x30F7,0x30F7,
  0x30F7,0x30F7,0x30F7,0x30F7,0x30F7,0x30F7,0x30F7,0x30F7,0x30F7,0x30F7,0x30F7,0x30F7,0x30F7,0x30F7,0x30F7,0x30F7,
  0x30F7,0x30F7,0x30F7,0x3117,0x3157,0x39D8,0x4279,0x4B7B,0x4BDB,0x4BDC,0x4BDC,0x4BDC,0x4BDC,0x4BDB,0x4B7B,0x4279,
  0x39D8,0x3157,0x3117,0x30F7,0x30F7,0x30F7,0x30F7,0x30F7,0x30F7,0x30F7,0x30F7,0x30F7,0x30F7,0x30F7,0x30F7,0x30F7,
  0x30F7,0x30F7,0x30F7,0x30F7,0x30F7,0x30F7,0x30F7,0x30F7,0x30F7,0x30F7,0x30F7,0x30F7,0x30F7,0x3117,0x3157,0x39D8,
  0x4279,0x4B7B,0x4BDB,0x4BDC,0x4BDC,0x4BDC,0x4BDC,0x4BDB,0x4B7B,0x3A39,0x3158,0x3117,0x30F7,0x30F7,0x30F7,0x30F7,
  0x30F7,0x30F7,0x30F7,0x30F7,0x30F7,0x30F7,0x30F7,0x30F7,0x30F7,0x30F7,0x30F7,0x30F7,0x30F7,0x30F7,0x30F7,0x30F7,
  0x30F7,0x30F7,0x30F7,0x30F7,0x30F7,0x3117,0x3157,0x39D8,0x3A19,0x3A19,0x3A19,0x3A19,0x3A19,0x3A19,0x39D8,0x3157,
  0x3117,0x30F7,0x30F7,0x30F7,0x30F7,0x30F7,0x30F7,0x30F7,0x30F7,0x30F7,0x30F7,0x30F7,0x30F7,0x30F7,0x30F7,0x30F7,
  0x30F7,0x30F7,0x30F7,0x30F7,0x30F7,0x30F7,0x30F7,0x30F7,0x30F7,0x30F7,0x30F7,0x30F7,0x30F7,0x30F7,0x30F7,0x3117,
  0x3157,0x39D8,0x3A19,0x3A19,0x3A19,0x3A19,0x3A19,0x3A19,0x39D8,0x3157,0x3117,0x30F7,0x30F7,0x30F7,0x30F7,0x30F7,
  0x30F7,0x30F7,0x30F7,0x30F7,0x30F7,0x30F7,0x30F7,0x30F7,0x30F7,0x30F7,0x30F7,0x30F7,0x30F7,0x30F7,0x30F7,0x30F7,
  0x30F7,0x30F7,0x30F7,0x30F7,0x30F7,0x30F7,0x3117,0x3117,0x3117,0x3117,0x3117,0x3117,0x3117,0x3117,0x3117,0x3117,
  0x30F7,0x30F7,0x30F7,0x30F7,0x30F7,0x30F7,0x30F7,0x30F7,0x30F7,0x30F7,0x30F7,0x30F7,0x30F7,0x30F7,0x30F7,0x30F7,
  0x30F7,0x30F7,0x30F7,0x30F7,0x30F7,0x30F7,0x30F7,0x30F7,0x30F7,0x30F7,0x30F7,0x30F7,0x30F7,0x30F7,0x30F7,0x30F7,
  0x3117,0x3117,0x3117,0x3117,0x3117,0x3117,0x3117,0x3117,0x3117,0x3117,0x30F7,0x30F7,0x30F7,0x30F7,0x30F7,0x30F7,
  0x30F7,0x30F7,0x30F7,0x30F7,0x30F7,0x30F7,0x30F7,0x30F7,0x30F7,0x30F7,0x30F7,0x30F7,0x30F7,0x30F7,0x30F7,0x30F7,
  0x30F7,0x30F7,0x30F7,0x30F7,0x30F7,0x30F7,0x30F7,0x30F7,0x30F7,0x30F7,0x30F7,0x30F7,0x30F7,0x30F7,0x30F7,0x30F7,
  0x30F7,0x30F7,0x30F7,0x30F7,0x30F7,0x30F7,0x30F7,0x30F7,0x30F7,0x30F7,0x30F7,0x30F7,0x30F7,0x30F7,0x30F7,0x30F7,
  0x30F7,0x30F7,0x30F7,0x30F7,0x30F7,0x30F7,0x30F7,0x30F7,0x30F7,0x30F7,0x30F7,0x30F7,0x30F7,0x30F7,0x30F7,0x30F7,
  0x30F7,0x30F7,0x30F7,0x30F7,0x30F7,0x30F7,0x30F7,0x30F7,0x30F7,0x30F7,0x30F7,0x30F7,0x30F7,0x30F7,0x30F7,0x30F7,
  0x30F7,0x30F7,0x30F7,0x30F7,0x30F7,0x30F7,0x30F7,0x30F7,0x30F7,0x30F7,0x30F7,0x30F7,0x30F7,0x30F7,0x30F7,0x30F7,
  0x30F7,0x30F7,0x30F7,0x30F7,0x30F7,0x30F7,0x30F7,0x30F7,0x30F7,0x30F7,0x30F7,0x30F7,0x30F7,0x30F7,0x30F7,0x30F7,
  0x30F7,0x30F7,0x30F7,0x30F7,0x30F7,0x30F7,0x30F7,0x30F7,0x30F7,0x30F7,0x30F7,0x30F7,0x30F7,0x30F7,0x30F7,0x30F7,
  0x30F7,0x30F7,0x30F7,0x30F7,0x30F7,0x30F7,0x30F7,0x30F7,0x30F7,0x30F7,0x30F7,0x30F7,0x30F7,0x30F7,0x30F7,0x30F7,
  0x30F7,0x30F7,0x30F7,0x30F7,0x30F7,0x30F7,0x30F7,0x30F7,0x30F7,0x30F7,0x30F7,0x30F7,0x30F7,0x30F7,0x30F7,0x30F7,
  0x30F7,0x30F7,0x30F7,0x30F7,0x30F7,0x30F7,0x30F7,0x30F7,0x30F7,0x30F7,0x30F7,0x30F7,0x30F7,0x30F7,0x30F7,0x30F7,
  0x3117,0x3117,0x3117,0x3117,0x3117,0x3117,0x3117,0x3117,0x3117,0x3117,0x3117,0x3117,0x3117,0x3117,0x3117,0x3117,
  0x3117,0x3117,0x3117,0x3117,0x3117,0x3117,0x3117,0x3117,0x3117,0x3117,0x3117,0x3117,0x3117,0x3117,0x3117,0x3117,
  0x3117,0x3117,0x3117,0x3117,0x3117,0x3117,0x3117,0x3117,0x3117,0x3117,0x3117,0x3117,0x3117,0x3117,0x3117,0x3117,
  0x3117,0x3117,0x3117,0x3117,0x3117,0x3117,0x3117,0x3117,0x3117,0x3117,0x3117,0x3117,0x3117,0x3117,0x3117,0x3117,
  0x3117,0x3117,0x3117,0x3117,0x3117,0x3117,0x3117,0x3117,0x3117,0x3117,0x3117,0x3117,0x3117,0x3117,0x3117,0x3117,
  0x3117,0x3117,0x3117,0x3117,0x3117,0x3117,0x3117,0x3117,0x3117,0x3117,0x3117,0x3117,0x3117,0x3117,0x3117,0x3117,
  0x3117,0x3117,0x3117,0x3117,0x3117,0x3117,0x3117,0x3117,0x3117,0x3117,0x3117,0x3117,0x3117,0x3117,0x3117,0x3117,
  0x3117,0x3117,0x3117,0x3117,0x3117,0x3117,0x3117,0x3117,0x3117,0x3117,0x3117,0x3117,0x3117,0x3117,0x3117,0x3117,
  0x3117,0x3117,0x3117,0x3117,0x3117,0x3117,0x3117,0x3117,0x3117,0x3117,0x3117,0x3117,0x3117,0x3117,0x3117,0x3117,
  0x3117,0x3117,0x3117,0x3117,0x3117,0x3117,0x3117,0x3117,0x3117,0x3117,0x3117,0x3117,0x3117,0x3117,0x3117,0x3117,
  0x3117,0x3117,0x3117,0x3117,0x3117,0x3117,0x3117,0x3117,0x3117,0x3117,0x3117,0x3117,0x3117,0x3117,0x3117,0x3117,
  0x3117,0x3117,0x3117,0x3117,0x3117,0x3117,0x3117,0x3117,0x3117,0x3117,0x3117,0x3117,0x3117,0x3117,0x3117,0x3117,
  0x3117,0x3117,0x3117,0x3117,0x3117,0x3117,0x3117,0x3117,0x3117,0x3117,0x3117,0x3117,0x3117,0x3117,0x3117,0x3117,
  0x3117,0x3117,0x3117,0x3117,0x3117,0x3117,0x3117,0x3117,0x3117,0x3117,0x3117,0x3117,0x3117,0x3117,0x3117,0x3117,
  0x3117,0x3117,0x3117,0x3117,0x3117,0x3117,0x3117,0x3117,0x3117,0x3117,0x3117,0x3117,0x3117,0x3117,0x3117,0x3117,
  0x3116,0x3116,0x3116,0x3116,0x3116,0x3116,0x3116,0x3116,0x3116,0x3116,0x3116,0x3116,0x3116,0x3116,0x3116,0x3116,
  0x3116,0x3116,0x3116,0x3116,0x3116,0x3116,0x3116,0x3116,0x3116,0x3116,0x3116,0x3116,0x3116,0x3116,0x3116,0x3116,
  0x3116,0x3116,0x3116,0x3116,0x3116,0x3116,0x3116,0x3116,0x3116,0x3116,0x3116,0x3116,0x3116,0x3116,0x3116,0x3116,
  0x3116,0x3116,0x3116,0x3116,0x3116,0x3116,0x3116,0x3116,0x3116,0x3116,0x3116,0x3116,0x3116,0x3116,0x3116,0x3116,
  0x3116,0x3116,0x3116,0x3116,0x3116,0x3116,0x3116,0x3116,0x3116,0x3116,0x3116,0x3116,0x3116,0x3116,0x3116,0x3116,
  0x3116,0x3116,0x3116,0x3116,0x3116,0x3116,0x3116,0x3116,0x3116,0x3116,0x3116,0x3116,0x3116,0x3116,0x3116,0x3116,
  0x3116,0x3116,0x3116,0x3116,0x3116,0x3116,0x3116,0x3116,0x3116,0x3116,0x3116,0x3116,0x3116,0x3116,0x3116,0x3116,
  0x3116,0x3116,0x3116,0x3116,0x3116,0x3116,0x3116,0x3116,0x3116,0x3116,0x3116,0x3116,0x3116,0x3116,0x3116,0x3116,
  0x3116,0x3116,0x3116,0x3116,0x3116,0x3116,0x3116,0x3116,0x3116,0x3116,0x3116,0x3116,0x3116,0x3116,0x3116,0x3116,
  0x3116,0x3116,0x3116,0x3116,0x3116,0x3116,0x3116,0x3116,0x3116,0x3116,0x3116,0x3116,0x3116,0x3116,0x3116,0x3116,
  0x3116,0x3116,0x3116,0x3116,0x3116,0x3116,0x3116,0x3116,0x3116,0x3116,0x3116,0x3116,0x3116,0x3116,0x3116,0x3116,
  0x3116,0x3116,0x3116,0x3116,0x3116,0x3116,0x3116,0x3116,0x3116,0x3116,0x3116,0x3116,0x3116,0x3116,0x3116,0x3116,
  0x3116,0x3116,0x3116,0x3116,0x3116,0x3116,0x3116,0x3116,0x3116,0x3116,0x3116,0x3116,0x3116,0x3116,0x3116,0x3116,
  0x3116,0x3116,0x3116,0x3116,0x3116,0x3116,0x3116,0x3116,0x3116,0x3116,0x3116,0x3116,0x3116,0x3116,0x3116,0x3116,
  0x3116,0x3116,0x3116,0x3116,0x3116,0x3116,0x3116,0x3116,0x3116,0x3116,0x3116,0x3116,0x3116,0x3116,0x3116,0x3116,
  0x3116,0x3116,0x3116,0x3116,0x3116,0x3116,0x3116,0x3116,0x3116,0x3116,0x3116,0x3116,0x3116,0x3116,0x3116,0x3116,
  0x3116,0x3116,0x3116,0x3116,0x3116,0x3116,0x3116,0x3116,0x3116,0x3116,0x3116,0x3116,0x3116,0x3116,0x3116,0x3116,
  0x3116,0x3116,0x3116,0x3116,0x3116,0x3116,0x3116,0x3116,0x3116,0x3116,0x3116,0x3116,0x3116,0x3116,0x3116,0x3116,
  0x3116,0x3116,0x3116,0x3116,0x3116,0x3116,0x3116,0x3116,0x3116,0x3116,0x3116,0x3116,0x3116,0x3116,0x3116,0x3116,
  0x3116,0x3116,0x3116,0x3116,0x3116,0x3116,0x3116,0x3116,0x3116,0x3116,0x3116,0x3116,0x3116,0x3116,0x3116,0x3116,
  0x3116,0x3116,0x3116,0x3116,0x3116,0x3116,0x3116,0x3116,0x3116,0x3116,0x3116,0x3116,0x3116,0x3116,0x3116,0x3116,
  0x3116,0x3116,0x3116,0x3116,0x3116,0x3116,0x3116,0x3116,0x3116,0x3116,0x3116,0x3116,0x3116,0x3116,0x3116,0x3116,
  0x3116,0x3116,0x3116,0x3116,0x3116,0x3116,0x3116,0x3116,0x3116,0x3116,0x3116,0x3116,0x3116,0x3116,0x3116,0x3116,
  0x3116,0x3116,0x3116,0x3116,0x3116,0x3116,0x3116,0x3116,0x3116,0x3116,0x3116,0x3116,0x3116,0x3116,0x3116,0x3116,
  0x3116,0x3116,0x3116,0x3116,0x3116,0x3116,0x3116,0x3116,0x3116,0x3116,0x3116,0x3116,0x3116,0x3116,0x3116,0x3116,
  0x3116,0x3116,0x3116,0x3116,0x3116,0x3116,0x3116,0x3116,0x3116,0x3116,0x3116,0x3116,0x3116,0x3116,0x3116,0x3116,
  0x3116,0x3116,0x3116,0x3116,0x3116,0x3116,0x3116,0x3116,0x3116,0x3116,0x3116,0x3116,0x3116,0x3116,0x3116,0x3116,
  0x3116,0x3116,0x3116,0x3116,0x3116,0x3116,0x3116,0x3116,0x3116,0x3116,0x3116,0x3116,0x3116,0x3116,0x3116,0x3116,
  0x3116,0x3116,0x3116,0x3116,0x3116,0x3116,0x3116,0x3116,0x3116,0x3116,0x3116,0x3116,0x3116,0x3116,0x3116,0x3116,
  0x3116,0x3116,0x3116,0x3116,0x3116,0x3116,0x3116,0x3116,0x3116,0x3116,0x3116,0x3116,0x3116,0x3116,0x3116,0x3116,
  0x3116,0x3116,0x3116,0x3116,0x3116,0x3116,0x3116,0x3116,0x3116,0x3116,0x3116,0x3116,0x3116,0x3116,0x3116,0x3116,
  0x3116,0x3116,0x3116,0x3116,0x3116,0x3116,0x3116,0x3116,0x3116,0x3116,0x3116,0x3116,0x3116,0x3116,0x3116,0x3116,
  0x3116,0x3116,0x3116,0x3116,0x3116,0x3116,0x3116,0x3116,0x3116,0x3116,0x3116,0x3116,0x3116,0x3116,0x3116,0x3116,
  0x3116,0x3116,0x3116,0x3116,0x3116,0x3116,0x3116,0x3116,0x3116,0x3116,0x3116,0x3116,0x3116,0x3116,0x3116,0x3116,
  0x3116,0x3116,0x3116,0x3116,0x3116,0x3116,0x3116,0x3116,0x3116,0x3116,0x3116,0x3116,0x3116,0x3116,0x3116,0x3116,
  0x3116,0x3116,0x3116,0x3116,0x3116,0x3116,0x3116,0x3116,0x3116,0x3116,0x3116,0x3116,0x3116,0x3116,0x3116,0x3116,
  0x3116,0x3116,0x3116,0x3116,0x3116,0x3116,0x3116,0x3116,0x3116,0x3116,0x3116,0x3116,0x3116,0x3116,0x3116,0x3116,
  0x3116,0x3116,0x3116,0x3116,0x3116,0x3116,0x3116,0x3116,0x3116,0x3116,0x3116,0x3116,0x3116,0x3116,0x3116,0x3116,
  0x3116,0x3116,0x3116,0x3116,0x3116,0x3116,0x3116,0x3116,0x3116,0x3116,0x3116,0x3116,0x3116,0x3116,0x3116,0x3116,
  0x3116,0x3116,0x3116,0x3116,0x3116,0x3116,0x3116,0x3116,0x3116,0x3116,0x3116,0x3116,0x3116,0x3116,0x3116,0x3116,
  0x3116,0x3116,0x3116,0x3116,0x3116,0x3116,0x3116,0x3116,0x3116,0x3116,0x3116,0x3116,0x3116,0x3116,0x3116,0x3116,
  0x3116,0x3116,0x3116,0x3116,0x3136,0x3136,0x3136,0x3136,0x3136,0x3136,0x3136,0x3136,0x3136,0x3136,0x3116,0x3116,
  0x3116,0x3116,0x3116,0x3116,0x3116,0x3116,0x3116,0x3116,0x3116,0x3116,0x3116,0x3116,0x3116,0x3116,0x3116,0x3116,
  0x3116,0x3116,0x3116,0x3116,0x3116,0x3116,0x3116,0x3116,0x3116,0x3116,0x3116,0x3116,0x3116,0x3116,0x3136,0x3136,
  0x3136,0x3136,0x3136,0x3136,0x3136,0x3136,0x3136,0x3136,0x3116,0x3116,0x3116,0x3116,0x3116,0x3116,0x3116,0x3116,
  0x3116,0x3116,0x3116,0x3116,0x3116,0x3116,0x3116,0x3116,0x3116,0x3116,0x3116,0x3116,0x3116,0x3116,0x3116,0x3116,
  0x3116,0x3116,0x3116,0x3136,0x3176,0x39D7,0x3A18,0x3A18,0x3A18,0x3A18,0x3A18,0x3A18,0x39D7,0x3176,0x3136,0x3136,
  0x3116,0x3116,0x3116,0x3116,0x3116,0x3116,0x3116,0x3116,0x3116,0x3116,0x3116,0x3116,0x3116,0x3116,0x3116,0x3116,
  0x3116,0x3116,0x3116,0x3116,0x3116,0x3116,0x3116,0x3116,0x3116,0x3116,0x3116,0x3116,0x3116,0x3136,0x3176,0x39D7,
  0x3A18,0x3A18,0x3A18,0x3A18,0x3A18,0x3A18,0x39D7,0x3176,0x3136,0x3136,0x3116,0x3116,0x3116,0x3116,0x3116,0x3116,
  0x3116,0x3116,0x3116,0x3116,0x3116,0x3116,0x3116,0x3116,0x3116,0x3116,0x3116,0x3116,0x3116,0x3116,0x3116,0x3116,
  0x3116,0x3136,0x3136,0x3176,0x4238,0x533A,0x539A,0x5BBA,0x5BBA,0x5BBA,0x5BBA,0x539A,0x535A,0x4278,0x39F7,0x3176,
  0x3136,0x3116,0x3116,0x3116,0x3116,0x3116,0x3116,0x3116,0x3116,0x3116,0x3116,0x3116,0x3116,0x3116,0x3116,0x3116,
  0x3116,0x3116,0x3116,0x3116,0x3116,0x3116,0x3116,0x3116,0x3116,0x3116,0x3116,0x3136,0x3136,0x3176,0x4238,0x533A,
  0x539A,0x5BBA,0x5BBA,0x5BBA,0x5BBA,0x539A,0x535A,0x4278,0x39F7,0x3176,0x3136,0x3116,0x3116,0x3116,0x3116,0x3116,
  0x3116,0x3116,0x3116,0x3116,0x3116,0x3116,0x3116,0x3116,0x3116,0x3116,0x3116,0x3116,0x3116,0x3116,0x3116,0x3116,
  0x3136,0x3176,0x39F7,0x4258,0x4AF9,0x4258,0x3A18,0x3A17,0x3A17,0x3A17,0x3A17,0x3A18,0x4278,0x533A,0x533A,0x4238,
  0x3176,0x3136,0x3116,0x3116,0x3116,0x3116,0x3116,0x3116,0x3116,0x3116,0x3116,0x3116,0x3116,0x3116,0x3116,0x3116,
  0x3116,0x3116,0x3116,0x3116,0x3116,0x3116,0x3116,0x3116,0x3116,0x3116,0x3136,0x3176,0x39F7,0x4258,0x4AF9,0x4258,
  0x3A18,0x3A17,0x3A17,0x3A17,0x3A17,0x3A18,0x4278,0x533A,0x533A,0x4238,0x3176,0x3136,0x3116,0x3116,0x3116,0x3116,
  0x3116,0x3116,0x3116,0x3116,0x3116,0x3116,0x3116,0x3116,0x3116,0x3116,0x3116,0x3116,0x3116,0x3116,0x3116,0x3136,
  0x3176,0x4238,0x4B3A,0x4B3A,0x4238,0x3176,0x3156,0x3136,0x3136,0x3136,0x3136,0x3156,0x3176,0x39F7,0x4258,0x4AF9,
  0x4238,0x3176,0x3136,0x3136,0x3116,0x3116,0x3116,0x3116,0x3116,0x3116,0x3116,0x3116,0x3116,0x3116,0x3116,0x3116,
  0x3116,0x3116,0x3116,0x3116,0x3116,0x3116,0x3116,0x3116,0x3116,0x3136,0x3176,0x4238,0x4B3A,0x4B3A,0x4238,0x3176,
  0x3156,0x3136,0x3136,0x3136,0x3136,0x3156,0x3176,0x39F7,0x4258,0x4AF9,0x4238,0x3176,0x3136,0x3116,0x3116,0x3116,
  0x2936,0x2936,0x2936,0x2936,0x2936,0x2936,0x2936,0x2936,0x2936,0x2936,0x2936,0x2936,0x2936,0x2936,0x3136,0x3176,
  0x4238,0x4AF9,0x4278,0x39F7,0x3176,0x2936,0x2936,0x2936,0x2936,0x2936,0x2936,0x2936,0x2936,0x3136,0x3176,0x4238,
  0x4AF9,0x4258,0x39F7,0x3176,0x3136,0x2936,0x2936,0x2936,0x2936,0x2936,0x2936,0x2936,0x2936,0x2936,0x2936,0x2936,
  0x2936,0x2936,0x2936,0x2936,0x2936,0x2936,0x2936,0x2936,0x3136,0x3176,0x4238,0x4AF9,0x4278,0x39F7,0x3176,0x2936,
  0x2936,0x2936,0x2936,0x2936,0x2936,0x2936,0x2936,0x3136,0x3176,0x4238,0x4AD9,0x4238,0x3176,0x3156,0x3136,0x2936,
  0x2916,0x2916,0x2916,0x2916,0x2916,0x2916,0x2916,0x2916,0x2916,0x2916,0x2916,0x2916,0x2936,0x3176,0x39F7,0x4258,
  0x4AF9,0x3A37,0x3176,0x3156,0x2936,0x2916,0x2916,0x2916,0x2916,0x2916,0x2916,0x2916,0x2916,0x2916,0x2936,0x3176,
  0x4238,0x4B39,0x4B3A,0x4278,0x39F7,0x3176,0x2936,0x2916,0x2916,0x2916,0x2916,0x2916,0x2916,0x2916,0x2916,0x2916,
  0x2916,0x2916,0x2916,0x2916,0x2916,0x2936,0x3156,0x3176,0x39F7,0x4258,0x4AF9,0x3A37,0x3176,0x3156,0x2936,0x2916,
  0x2916,0x2916,0x2916,0x2916,0x2916,0x2916,0x2916,0x2916,0x2936,0x3176,0x3A37,0x4AF9,0x4258,0x3A17,0x39D7,0x3176,
  0x2936,0x2936,0x2936,0x2936,0x2936,0x2936,0x2936,0x2936,0x2936,0x2936,0x2936,0x3136,0x3176,0x4238,0x4B39,0x4B39,
  0x4238,0x3176,0x2936,0x2936,0x2936,0x2936,0x2936,0x2936,0x2936,0x2936,0x2936,0x2936,0x2936,0x2936,0x2936,0x2936,
  0x3176,0x39F7,0x4278,0x4B39,0x4B39,0x4238,0x3176,0x2936,0x2936,0x2936,0x2936,0x2936,0x2936,0x2936,0x2936,0x2936,
  0x2936,0x2936,0x2936,0x2936,0x2936,0x3176,0x39F7,0x4278,0x4B39,0x4B39,0x4238,0x3176,0x2936,0x2936,0x2936,0x2936,
  0x2936,0x2936,0x2936,0x2936,0x2936,0x2936,0x2936,0x2936,0x2936,0x2936,0x3176,0x4238,0x5339,0x539A,0x5359,0x4278,
  0x2915,0x2915,0x2915,0x2915,0x2915,0x2915,0x2915,0x2915,0x2915,0x2936,0x3176,0x39F7,0x4258,0x4AF9,0x4258,0x39F7,
  0x3176,0x2936,0x2915,0x2915,0x2915,0x2915,0x2915,0x2915,0x2915,0x2915,0x2915,0x2915,0x2915,0x2915,0x2915,0x2915,
  0x2935,0x2956,0x3176,0x39F7,0x4258,0x4AF9,0x3A37,0x3176,0x2956,0x2935,0x2915,0x2915,0x2915,0x2915,0x2915,0x2915,
  0x2915,0x2915,0x2915,0x2936,0x3176,0x3A38,0x4B39,0x4B39,0x4278,0x39F7,0x3176,0x2936,0x2915,0x2915,0x2915,0x2915,
  0x2915,0x2915,0x2915,0x2915,0x2915,0x2915,0x2915,0x2915,0x2915,0x2915,0x2936,0x3176,0x39D7,0x3A17,0x4278,0x4B39,
  0x2935,0x2935,0x2935,0x2935,0x2935,0x2935,0x2935,0x2935,0x2936,0x3176,0x3A38,0x4B39,0x4B39,0x3A38,0x3176,0x2936,
  0x2935,0x2935,0x2935,0x2935,0x2935,0x2935,0x2935,0x2935,0x2935,0x2935,0x2935,0x2935,0x2935,0x2935,0x2935,0x2935,
  0x2935,0x2935,0x2935,0x2936,0x3176,0x3A37,0x4AF9,0x4278,0x39F7,0x3176,0x2935,0x2935,0x2935,0x2935,0x2935,0x2935,
  0x2935,0x2935,0x2936,0x3176,0x3A37,0x4AF9,0x4278,0x39F7,0x3176,0x2936,0x2935,0x2935,0x2935,0x2935,0x2935,0x2935,
  0x2935,0x2935,0x2935,0x2935,0x2935,0x2935,0x2935,0x2935,0x2935,0x2935,0x2935,0x2935,0x2936,0x2956,0x3176,0x39D7,
  0x2956,0x2956,0x2956,0x2956,0x2956,0x2956,0x2956,0x3176,0x39F7,0x4278,0x4AF9,0x4278,0x39F7,0x3176,0x2935,0x2935,
  0x2935,0x2935,0x2935,0x2935,0x2935,0x2935,0x2935,0x2935,0x2935,0x2935,0x2935,0x2935,0x2935,0x2935,0x2935,0x2935,
  0x2935,0x2935,0x2935,0x2935,0x2935,0x3176,0x3A37,0x4B39,0x4B39,0x3A37,0x3176,0x2956,0x2956,0x2956,0x2956,0x2956,
  0x2956,0x3176,0x39F7,0x4278,0x4AF9,0x3A37,0x3176,0x2956,0x2935,0x2935,0x2935,0x2935,0x2935,0x2935,0x2935,0x2935,
  0x2935,0x2935,0x2935,0x2935,0x2935,0x2935,0x2935,0x2935,0x2935,0x2935,0x2935,0x2935,0x2935,0x2935,0x2935,0x2936,
  0x3A17,0x3A17,0x3A17,0x3A17,0x3A17,0x3A17,0x3A17,0x4278,0x4B39,0x4B39,0x3A37,0x3176,0x2956,0x2935,0x2935,0x2935,
  0x2935,0x2935,0x2935,0x2935,0x2935,0x2935,0x2935,0x2935,0x2935,0x2935,0x2935,0x2935,0x2935,0x2935,0x2935,0x2935,
  0x2935,0x2935,0x2935,0x2935,0x2935,0x2935,0x3176,0x39F7,0x4278,0x4AF9,0x4278,0x3A17,0x3A17,0x3A17,0x3A17,0x3A17,
  0x3A17,0x4278,0x4B39,0x4B39,0x3A37,0x3176,0x2935,0x2935,0x2935,0x2935,0x2935,0x2935,0x2935,0x2935,0x2935,0x2935,
  0x2935,0x2935,0x2935,0x2935,0x2935,0x2935,0x2935,0x2935,0x2935,0x2935,0x2935,0x2935,0x2935,0x2935,0x2935,0x2935,
  0x53BA,0x53BA,0x53BA,0x53BA,0x53BA,0x53BA,0x539A,0x4B59,0x4278,0x39F7,0x3176,0x2935,0x2935,0x2935,0x2935,0x2935,
  0x2935,0x2935,0x2935,0x2935,0x2935,0x2935,0x2935,0x2935,0x2935,0x2935,0x2935,0x2935,0x2935,0x2935,0x2935,0x2935,
  0x2935,0x2935,0x2935,0x2935,0x2935,0x2935,0x2935,0x2955,0x3176,0x3A37,0x4B59,0x539A,0x53BA,0x53BA,0x53BA,0x53BA,
  0x539A,0x4B59,0x4278,0x39F7,0x3176,0x2935,0x2935,0x2935,0x2935,0x2935,0x2935,0x2935,0x2935,0x2935,0x2935,0x2935,
  0x2935,0x2935,0x2935,0x2935,0x2935,0x2935,0x2935,0x2935,0x2935,0x2935,0x2935,0x2935,0x2935,0x2935,0x2935,0x2935,
  0x3A17,0x3A17,0x3A17,0x3A17,0x3A17,0x3A17,0x3A17,0x31F7,0x3176,0x2955,0x2935,0x2935,0x2935,0x2935,0x2935,0x2935,
  0x2935,0x2935,0x2935,0x2935,0x2935,0x2935,0x2935,0x2935,0x2935,0x2935,0x2935,0x2935,0x2935,0x2935,0x2935,0x2935,
  0x2935,0x2935,0x2935,0x2935,0x2935,0x2935,0x2935,0x2935,0x2935,0x2976,0x31F7,0x3A17,0x3A17,0x3A17,0x3A17,0x3A17,
  0x3A17,0x31F7,0x3176,0x2955,0x2935,0x2935,0x2935,0x2935,0x2935,0x2935,0x2935,0x2935,0x2935,0x2935,0x2935,0x2935,
  0x2935,0x2935,0x2935,0x2935,0x2935,0x2935,0x2935,0x2935,0x2935,0x2935,0x2935,0x2935,0x2935,0x2935,0x2935,0x2935,
  0x2955,0x2955,0x2955,0x2955,0x2955,0x2955,0x2955,0x2935,0x2935,0x2935,0x2935,0x2935,0x2935,0x2935,0x2935,0x2935,
  0x2935,0x2935,0x2935,0x2935,0x2935,0x2935,0x2935,0x2935,0x2935,0x2935,0x2935,0x2935,0x2935,0x2935,0x2935,0x2935,
  0x2935,0x2935,0x2935,0x2935,0x2935,0x2935,0x2935,0x2935,0x2935,0x2935,0x2935,0x2955,0x2955,0x2955,0x2955,0x2955,
  0x2955,0x2935,0x2935,0x2935,0x2935,0x2935,0x2935,0x2935,0x2935,0x2935,0x2935,0x2935,0x2935,0x2935,0x2935,0x2935,
  0x2935,0x2935,0x2935,0x2935,0x2935,0x2935,0x2935,0x2935,0x2935,0x2935,0x2935,0x2935,0x2935,0x2935,0x2935,0x2935,
  0x2935,0x2935,0x2935,0x2935,0x2935,0x2935,0x2935,0x2935,0x2935,0x2935,0x2935,0x2935,0x2935,0x2935,0x2935,0x2935,
  0x2935,0x2935,0x2935,0x2935,0x2935,0x2935,0x2935,0x2935,0x2935,0x2935,0x2935,0x2935,0x2935,0x2935,0x2935,0x2935,
  0x2935,0x2935,0x2935,0x2935,0x2935,0x2935,0x2935,0x2935,0x2935,0x2935,0x2935,0x2935,0x2935,0x2935,0x2935,0x2935,
  0x2935,0x2935,0x2935,0x2935,0x2935,0x2935,0x2935,0x2935,0x2935,0x2935,0x2935,0x2935,0x2935,0x2935,0x2935,0x2935,
  0x2935,0x2935,0x2935,0x2935,0x2935,0x2935,0x2935,0x2935,0x2935,0x2935,0x2935,0x2935,0x2935,0x2935,0x2935,0x2935,
  0x2935,0x2935,0x2935,0x2935,0x2935,0x2935,0x2935,0x2935,0x2935,0x2935,0x2935,0x2935,0x2935,0x2935,0x2935,0x2935,
  0x2935,0x2935,0x2935,0x2935,0x2935,0x2935,0x2935,0x2935,0x2935,0x2935,0x2935,0x2935,0x2935,0x2935,0x2935,0x2935,
  0x2935,0x2935,0x2935,0x2935,0x2935,0x2935,0x2935,0x2935,0x2935,0x2935,0x2935,0x2935,0x2935,0x2935,0x2935,0x2935,
  0x2935,0x2935,0x2935,0x2935,0x2935,0x2935,0x2935,0x2935,0x2935,0x2935,0x2935,0x2935,0x2935,0x2935,0x2935,0x2935,
  0x2935,0x2935,0x2935,0x2935,0x2935,0x2935,0x2935,0x2935,0x2935,0x2935,0x2935,0x2935,0x2935,0x2935,0x2935,0x2935,
  0x2935,0x2935,0x2935,0x2935,0x2935,0x2935,0x2935,0x2935,0x2935,0x2935,0x2935,0x2935,0x2935,0x2935,0x2935,0x2935,
  0x2935,0x2935,0x2935,0x2935,0x2935,0x2935,0x2935,0x2935,0x2935,0x2935,0x2935,0x2935,0x2935,0x2935,0x2935,0x2935,
  0x2935,0x2935,0x2935,0x2935,0x2935,0x2935,0x2935,0x2935,0x2935,0x2935,0x2935,0x2935,0x2935,0x2935,0x2935,0x2935,
  0x2935,0x2935,0x2935,0x2935,0x2935,0x2935,0x2935,0x2935,0x2935,0x2935,0x2935,0x2935,0x2935,0x2935,0x2935,0x2935,
  0x2935,0x2935,0x2935,0x2935,0x2935,0x2935,0x2935,0x2935,0x2935,0x2935,0x2935,0x2935,0x2935,0x2935,0x2935,0x2935,
  0x2935,0x2935,0x2935,0x2935,0x2935,0x2935,0x2935,0x2935,0x2935,0x2935,0x2935,0x2935,0x2935,0x2935,0x2935,0x2935,
  0x2935,0x2935,0x2935,0x2935,0x2935,0x2935,0x2935,0x2935,0x2935,0x2935,0x2935,0x2935,0x2935,0x2935,0x2935,0x2935,
  0x2935,0x2935,0x2935,0x2935,0x2935,0x2935,0x2935,0x2935,0x2935,0x2935,0x2935,0x2935,0x2935,0x2935,0x2935,0x2935,
  0x2935,0x2935,0x2935,0x2935,0x2935,0x2935,0x2935,0x2935,0x2935,0x2935,0x2935,0x2935,0x2935,0x2935,0x2935,0x2935,
  0x2935,0x2935,0x2935,0x2935,0x2935,0x2935,0x2935,0x2935,0x2935,0x2935,0x2935,0x2935,0x2935,0x2935,0x2935,0x2935,
  0x2935,0x2935,0x2935,0x2935,0x2935,0x2935,0x2935,0x2935,0x2935,0x2935,0x2935,0x2935,0x2935,0x2935,0x2935,0x2935,
  0x2935,0x2935,0x2935,0x2935,0x2935,0x2935,0x2935,0x2935,0x2935,0x2935,0x2935,0x2935,0x2935,0x2935,0x2935,0x2935,
  0x2935,0x2935,0x2935,0x2935,0x2935,0x2935,0x2935,0x2935,0x2935,0x2935,0x2935,0x2935,0x2935,0x2935,0x2935,0x2935,
  0x2935,0x2935,0x2935,0x2935,0x2935,0x2935,0x2935,0x2935,0x2935,0x2935,0x2935,0x2935,0x2935,0x2935,0x2935,0x2935,
  0x2935,0x2935,0x2935,0x2935,0x2935,0x2935,0x2935,0x2935,0x2935,0x2935,0x2935,0x2935,0x2935,0x2935,0x2935,0x2935,
  0x2135,0x2135,0x2135,0x2135,0x2135,0x2135,0x2135,0x2135,0x2135,0x2135,0x2135,0x2135,0x2135,0x2135,0x2135,0x2135,
  0x2135,0x2135,0x2135,0x2135,0x2135,0x2135,0x2135,0x2135,0x2135,0x2135,0x2135,0x2135,0x2135,0x2135,0x2135,0x2135,
  0x2135,0x2135,0x2135,0x2135,0x2135,0x2135,0x2135,0x2135,0x2135,0x2135,0x2135,0x2135,0x2135,0x2135,0x2135,0x2135,
  0x2135,0x2135,0x2135,0x2135,0x2135,0x2135,0x2135,0x2135,0x2135,0x2135,0x2135,0x2135,0x2135,0x2135,0x2135,0x2135,
  0x2135,0x2135,0x2135,0x2135,0x2135,0x2135,0x2135,0x2135,0x2135,0x2135,0x2135,0x2135,0x2135,0x2135,0x2135,0x2135,
  0x2135,0x2135,0x2135,0x2135,0x2135,0x2135,0x2135,0x2135,0x2135,0x2135,0x2135,0x2135,0x2135,0x2135,0x2135,0x2135,
  0x2135,0x2135,0x2135,0x2135,0x2135,0x2135,0x2135,0x2135,0x2135,0x2135,0x2135,0x2135,0x2135,0x2135,0x2135,0x2135,
  0x2135,0x2135,0x2135,0x2135,0x2135,0x2135,0x2135,0x2135,0x2135,0x2135,0x2135,0x2135,0x2135,0x2135,0x2135,0x2135,
  0x2135,0x2135,0x2135,0x2135,0x2135,0x2135,0x2135,0x2135,0x2135,0x2135,0x2135,0x2135,0x2135,0x2135,0x2135,0x2135,
  0x2135,0x2135,0x2135,0x2135,0x2135,0x2135,0x2135,0x2135,0x2135,0x2135,0x2135,0x2135,0x2135,0x2135,0x2135,0x2135,
  0x2135,0x2135,0x2135,0x2135,0x2135,0x2135,0x2135,0x2135,0x2135,0x2135,0x2135,0x2135,0x2135,0x2135,0x2135,0x2135,
  0x2135,0x2135,0x2135,0x2135,0x2135,0x2135,0x2135,0x2135,0x2135,0x2135,0x2135,0x2135,0x2135,0x2135,0x2135,0x2135,
  0x2135,0x2135,0x2135,0x2135,0x2135,0x2135,0x2135,0x2135,0x2135,0x2135,0x2135,0x2135,0x2135,0x2135,0x2135,0x2135,
  0x2135,0x2135,0x2135,0x2135,0x2135,0x2135,0x2135,0x2135,0x2135,0x2135,0x2135,0x2135,0x2135,0x2135,0x2135,0x2135,
  0x2135,0x2135,0x2135,0x2135,0x2135,0x2135,0x2135,0x2135,0x2135,0x2135,0x2135,0x2135,0x2135,0x2135,0x2135,0x2135,
  0x2135,0x2135,0x2135,0x2135,0x2135,0x2135,0x2135,0x2135,0x2135,0x2135,0x2135,0x2135,0x2135,0x2135,0x2135,0x2135,
  0x2135,0x2135,0x2135,0x2135,0x2135,0x2135,0x2135,0x2135,0x2135,0x2135,0x2135,0x2135,0x2135,0x2135,0x2135,0x2135,
  0x2135,0x2135,0x2135,0x2135,0x2135,0x2135,0x2135,0x2135,0x2135,0x2135,0x2135,0x2135,0x2135,0x2135,0x2135,0x2135,
  0x2135,0x2135,0x2135,0x2135,0x2135,0x2135,0x2135,0x2135,0x2135,0x2135,0x2135,0x2135,0x2135,0x2135,0x2135,0x2135,
  0x2135,0x2135,0x2135,0x2135,0x2135,0x2135,0x2135,0x2135,0x2135,0x2135,0x2135,0x2135,0x2135,0x2135,0x2135,0x2135,
  0x2134,0x2134,0x2134,0x2134,0x2134,0x2134,0x2134,0x2134,0x2134,0x2134,0x2134,0x2134,0x2134,0x2134,0x2134,0x2134,
  0x2134,0x2134,0x2134,0x2134,0x2134,0x2134,0x2134,0x2134,0x2134,0x2134,0x2134,0x2134,0x2134,0x2134,0x2134,0x2134,
  0x2134,0x2134,0x2134,0x2134,0x2134,0x2134,0x2134,0x2134,0x2134,0x2134,0x2134,0x2134,0x2134,0x2134,0x2134,0x2134,
  0x2134,0x2134,0x2134,0x2134,0x2134,0x2134,0x2134,0x2134,0x2134,0x2134,0x2134,0x2134,0x2134,0x2134,0x2134,0x2134,
  0x2134,0x2134,0x2134,0x2134,0x2134,0x2134,0x2134,0x2134,0x2134,0x2134,0x2134,0x2134,0x2134,0x2134,0x2134,0x2134,
  0x2134,0x2134,0x2134,0x2134,0x2134,0x2134,0x2134,0x2134,0x2134,0x2134,0x2134,0x2134,0x2134,0x2134,0x2134,0x2134,
  0x2134,0x2134,0x2134,0x2134,0x2134,0x2134,0x2134,0x2134,0x2134,0x2134,0x2134,0x2134,0x2134,0x2134,0x2134,0x2134,
  0x2134,0x2134,0x2134,0x2134,0x2134,0x2134,0x2134,0x2134,0x2134,0x2134,0x2134,0x2134,0x2134,0x2134,0x2134,0x2134,
  0x2134,0x2134,0x2134,0x2134,0x2134,0x2134,0x2134,0x2134,0x2134,0x2134,0x2134,0x2134,0x2134,0x2134,0x2134,0x2134,
  0x2134,0x2134,0x2134,0x2134,0x2134,0x2134,0x2134,0x2134,0x2134,0x2134,0x2134,0x2134,0x2134,0x2134,0x2134,0x2134,
  0x2134,0x2134,0x2134,0x2134,0x2134,0x2134,0x2134,0x2134,0x2134,0x2134,0x2134,0x2134,0x2134,0x2134,0x2134,0x2134,
  0x2134,0x2134,0x2134,0x2134,0x2134,0x2134,0x2134,0x2134,0x2134,0x2134,0x2134,0x2134,0x2134,0x2134,0x2134,0x2134,
  0x2134,0x2134,0x2134,0x2134,0x2134,0x2134,0x2134,0x2134,0x2134,0x2134,0x2134,0x2134,0x2134,0x2134,0x2134,0x2134,
  0x2134,0x2134,0x2134,0x2134,0x2134,0x2134,0x2134,0x2134,0x2134,0x2134,0x2134,0x2134,0x2134,0x2134,0x2134,0x2134,
  0x2134,0x2134,0x2134,0x2134,0x2134,0x2134,0x2134,0x2134,0x2134,0x2134,0x2134,0x2134,0x2134,0x2134,0x2134,0x2134,
  0x2134,0x2134,0x2134,0x2134,0x2134,0x2134,0x2134,0x2134,0x2134,0x2134,0x2134,0x2134,0x2134,0x2134,0x2134,0x2134,
  0x2134,0x2134,0x2134,0x2134,0x2134,0x2134,0x2134,0x2134,0x2134,0x2134,0x2134,0x2134,0x2134,0x2134,0x2134,0x2134,
  0x2134,0x2134,0x2134,0x2134,0x2134,0x2134,0x2134,0x2134,0x2134,0x2134,0x2134,0x2134,0x2134,0x2134,0x2134,0x2134,
  0x2134,0x2134,0x2134,0x2134,0x2134,0x2134,0x2134,0x2134,0x2134,0x2134,0x2134,0x2134,0x2134,0x2134,0x2134,0x2134,
  0x2134,0x2134,0x2134,0x2134,0x2134,0x2134,0x2134,0x2134,0x2134,0x2134,0x2134,0x2134,0x2134,0x2134,0x2134,0x2134,
  0x2134,0x2134,0x2134,0x2134,0x2134,0x2134,0x2134,0x2134,0x2134,0x2134,0x2134,0x2134,0x2134,0x2134,0x2134,0x2154,
  0x2154,0x2154,0x2154,0x2154,0x2154,0x2154,0x2134,0x2134,0x2134,0x2134,0x2134,0x2134,0x2134,0x2134,0x2134,0x2134,
  0x2134,0x2134,0x2134,0x2134,0x2134,0x2134,0x2134,0x2134,0x2134,0x2134,0x2134,0x2134,0x2134,0x2134,0x2134,0x2134,
  0x2134,0x2134,0x2134,0x2134,0x2134,0x2134,0x2134,0x2134,0x2134,0x2154,0x2154,0x2154,0x2154,0x2154,0x2154,0x2154,
  0x2134,0x2134,0x2134,0x2134,0x2134,0x2134,0x2134,0x2134,0x2134,0x2134,0x2134,0x2134,0x2134,0x2134,0x2134,0x2134,
  0x2134,0x2134,0x2134,0x2134,0x2134,0x2134,0x2134,0x2134,0x2134,0x2134,0x2134,0x2134,0x2154,0x2154,0x2975,0x31F6,
  0x3A16,0x3A16,0x3A16,0x3A16,0x3A16,0x31F6,0x2975,0x2154,0x2154,0x2134,0x2134,0x2134,0x2134,0x2134,0x2134,0x2134,
  0x2134,0x2134,0x2134,0x2134,0x2134,0x2134,0x2134,0x2134,0x2134,0x2134,0x2134,0x2134,0x2134,0x2134,0x2134,0x2134,
  0x2134,0x2134,0x2134,0x2134,0x2134,0x2134,0x2154,0x2154,0x2975,0x31F6,0x3A16,0x3A16,0x3A16,0x3A16,0x3A16,0x31F6,
  0x2975,0x2154,0x2154,0x2134,0x2134,0x2134,0x2134,0x2134,0x2134,0x2134,0x2134,0x2134,0x2134,0x2134,0x2134,0x2134,
  0x2134,0x2134,0x2134,0x2134,0x2134,0x2134,0x2134,0x2134,0x2134,0x2134,0x2134,0x2154,0x2975,0x31F6,0x3A57,0x5338,
  0x5B79,0x5B79,0x5B79,0x5B79,0x5B79,0x5338,0x3A57,0x31F6,0x2995,0x2154,0x2154,0x2134,0x2134,0x2134,0x2134,0x2134,
  0x2134,0x2134,0x2134,0x2134,0x2134,0x2134,0x2134,0x2134,0x2134,0x2134,0x2134,0x2134,0x2134,0x2134,0x2134,0x2134,
  0x2134,0x2134,0x2134,0x2134,0x2154,0x2154,0x2995,0x31F6,0x3A57,0x5338,0x5B79,0x5B79,0x5B79,0x5B79,0x5B79,0x5338,
  0x3A57,0x31F6,0x2975,0x2154,0x2134,0x2134,0x2134,0x2134,0x2134,0x2134,0x2134,0x2134,0x2134,0x2134,0x2134,0x2134,
  0x2134,0x2134,0x2134,0x2134,0x2134,0x2134,0x2134,0x2134,0x2134,0x2154,0x2154,0x2995,0x3A36,0x5318,0x5318,0x4256,
  0x3A16,0x3A16,0x3A16,0x3A16,0x3A16,0x4256,0x5318,0x5318,0x3A56,0x31F6,0x2975,0x2154,0x2134,0x2134,0x2134,0x2134,
  0x2134,0x2134,0x2134,0x2134,0x2134,0x2134,0x2134,0x2134,0x2134,0x2134,0x2134,0x2134,0x2134,0x2134,0x2134,0x2134,
  0x2134,0x2134,0x2134,0x2154,0x2975,0x31F6,0x3A56,0x5318,0x5318,0x4256,0x3A16,0x3A16,0x3A16,0x3A16,0x3A16,0x4256,
  0x5318,0x5318,0x3A36,0x2995,0x2154,0x2154,0x2134,0x2134,0x2134,0x2134,0x2134,0x2134,0x2134,0x2134,0x2134,0x2134,
  0x2134,0x2134,0x2134,0x2134,0x2134,0x2134,0x2134,0x2134,0x2154,0x2975,0x31F5,0x4256,0x4AD7,0x3A56,0x31F5,0x2995,
  0x2154,0x2154,0x2154,0x2154,0x2154,0x2995,0x31F5,0x3A56,0x5318,0x5318,0x3A36,0x2995,0x2154,0x2134,0x2134,0x2134,
  0x2134,0x2134,0x2134,0x2134,0x2134,0x2134,0x2134,0x2134,0x2134,0x2134,0x2134,0x2134,0x2134,0x2134,0x2134,0x2134,
  0x2134,0x2134,0x2154,0x2995,0x3A36,0x5318,0x5318,0x3A56,0x31F5,0x2995,0x2154,0x2154,0x2154,0x2154,0x2154,0x2995,
  0x31F5,0x3A56,0x4AD7,0x4256,0x31F5,0x2975,0x2154,0x2134,0x2134,0x2134,0x2134,0x2134,0x2134,0x2134,0x2134,0x2134,
  0x2154,0x2154,0x2154,0x2154,0x2154,0x2154,0x2154,0x2154,0x2995,0x3A36,0x5318,0x5318,0x3A36,0x2995,0x2154,0x2154,
  0x2154,0x2154,0x2154,0x2154,0x2154,0x2154,0x2154,0x2994,0x31F5,0x3A56,0x4AD7,0x3A36,0x2995,0x2154,0x2154,0x2154,
  0x2154,0x2154,0x2154,0x2154,0x2154,0x2154,0x2154,0x2154,0x2154,0x2154,0x2154,0x2154,0x2154,0x2154,0x2154,0x2154,
  0x2154,0x2154,0x2995,0x3A36,0x4AD7,0x3A56,0x31F5,0x2994,0x2154,0x2154,0x2154,0x2154,0x2154,0x2154,0x2154,0x2154,
  0x2154,0x2995,0x3A36,0x5318,0x5318,0x3A36,0x2995,0x2154,0x2154,0x2154,0x2154,0x2154,0x2154,0x2154,0x2154,0x2154,
  0x2154,0x2154,0x2154,0x2154,0x2154,0x2154,0x2994,0x31F5,0x3A56,0x4AD7,0x3A56,0x31F5,0x2994,0x2154,0x2154,0x2154,
  0x2154,0x2154,0x2154,0x2154,0x2154,0x2154,0x2154,0x2154,0x2154,0x2994,0x3A36,0x4AD7,0x3A56,0x31F5,0x2994,0x2154,
  0x2154,0x2154,0x2154,0x2154,0x2154,0x2154,0x2154,0x2154,0x2154,0x2154,0x2154,0x2154,0x2154,0x2154,0x2154,0x2154,
  0x2994,0x31F5,0x3A56,0x4AD7,0x3A36,0x2994,0x2154,0x2154,0x2154,0x2154,0x2154,0x2154,0x2154,0x2154,0x2154,0x2154,
  0x2154,0x2154,0x2994,0x31F5,0x3A56,0x4AD7,0x3A56,0x31F5,0x2994,0x2154,0x2154,0x2154,0x2154,0x2154,0x2154,0x2154,
  0x2154,0x2154,0x2154,0x2154,0x2154,0x2994,0x3A36,0x5318,0x5318,0x3A36,0x2994,0x2174,0x2154,0x2154,0x2154,0x2154,
  0x2154,0x2154,0x2154,0x2154,0x2154,0x2154,0x2154,0x2154,0x2154,0x2154,0x2994,0x3A36,0x5318,0x5318,0x3A36,0x2994,
  0x2174,0x2154,0x2154,0x2154,0x2154,0x2154,0x2154,0x2154,0x2154,0x2154,0x2154,0x2154,0x2154,0x2154,0x2154,0x2994,
  0x3A36,0x5318,0x5318,0x3A36,0x2994,0x2154,0x2154,0x2154,0x2154,0x2154,0x2154,0x2154,0x2154,0x2154,0x2154,0x2154,
  0x2154,0x2154,0x2154,0x2174,0x2994,0x3A36,0x5318,0x5318,0x3A36,0x2994,0x2154,0x2154,0x2154,0x2154,0x2154,0x2154,
  0x2154,0x2154,0x2154,0x2174,0x2994,0x3A36,0x4AD7,0x4256,0x31F5,0x2994,0x2154,0x2154,0x2154,0x2154,0x2154,0x2154,
  0x2154,0x2154,0x2154,0x2154,0x2154,0x2154,0x2154,0x2154,0x2154,0x2154,0x2154,0x2994,0x31F5,0x4256,0x4AD7,0x4256,
  0x31F5,0x2994,0x2154,0x2154,0x2154,0x2154,0x2154,0x2154,0x2154,0x2154,0x2154,0x2154,0x2154,0x2174,0x2994,0x3A36,
  0x4AD7,0x4256,0x31F5,0x2994,0x2154,0x2154,0x2154,0x2154,0x2154,0x2154,0x2154,0x2154,0x2154,0x2154,0x2154,0x2154,
  0x2154,0x2154,0x2154,0x2154,0x2154,0x2994,0x31F5,0x4256,0x4AD7,0x3A36,0x2994,0x2174,0x2154,0x2154,0x2154,0x2154,
  0x2154,0x2154,0x2994,0x31F5,0x4276,0x4AD7,0x3A36,0x2994,0x2174,0x2154,0x2154,0x2154,0x2154,0x2154,0x2154,0x2154,
  0x2154,0x2154,0x2154,0x2154,0x2154,0x2154,0x2154,0x2154,0x2154,0x2154,0x2154,0x2154,0x2174,0x2994,0x3A56,0x5318,
  0x5318,0x3A56,0x2994,0x2174,0x2154,0x2154,0x2154,0x2154,0x2154,0x2154,0x2154,0x2174,0x2994,0x31F5,0x4276,0x4AD7,
  0x3A36,0x2994,0x2174,0x2154,0x2154,0x2154,0x2154,0x2154,0x2154,0x2154,0x2154,0x2154,0x2154,0x2154,0x2154,0x2154,
  0x2154,0x2154,0x2154,0x2154,0x2154,0x2154,0x2174,0x2994,0x3A36,0x4AD7,0x4276,0x31F5,0x2994,0x2174,0x2154,0x2154,
  0x2174,0x2994,0x3A56,0x5318,0x5318,0x3A56,0x2994,0x2174,0x2154,0x2154,0x2154,0x2154,0x2154,0x2154,0x2154,0x2154,
  0x2154,0x2154,0x2154,0x2154,0x2154,0x2154,0x2154,0x2154,0x2154,0x2154,0x2154,0x2154,0x2154,0x2174,0x2994,0x31F5,
  0x4276,0x4AD7,0x4276,0x31F5,0x2994,0x2174,0x2174,0x2174,0x2174,0x2174,0x2994,0x31F5,0x3A76,0x5318,0x5318,0x3A56,
  0x2994,0x2174,0x2154,0x2154,0x2154,0x2154,0x2154,0x2154,0x2154,0x2154,0x2154,0x2154,0x2154,0x2154,0x2154,0x2154,
  0x2154,0x2154,0x2154,0x2154,0x2154,0x2154,0x2154,0x2174,0x2994,0x3A56,0x5318,0x5318,0x3A76,0x31F5,0x2994,0x2174,
  0x3A35,0x4276,0x4AD7,0x4276,0x31F5,0x2994,0x2174,0x2154,0x2154,0x2154,0x2154,0x2154,0x2154,0x2154,0x2154,0x2154,
  0x2154,0x2154,0x2154,0x2154,0x2154,0x2154,0x2154,0x2154,0x2154,0x2154,0x2154,0x2154,0x2154,0x2154,0x2154,0x2174,
  0x2994,0x3A56,0x5318,0x5318,0x4276,0x3A35,0x3A35,0x3A35,0x3A35,0x3A35,0x4276,0x5318,0x5318,0x3A76,0x31F5,0x2994,
  0x2174,0x2154,0x2154,0x2154,0x2154,0x2154,0x2154,0x2154,0x2154,0x2154,0x2154,0x2154,0x2154,0x2154,0x2154,0x2154,
  0x2154,0x2154,0x2154,0x2154,0x2154,0x2154,0x2154,0x2154,0x2174,0x2994,0x31F5,0x3A76,0x5318,0x5318,0x4276,0x3A35,
  0x5B79,0x5338,0x3A56,0x29B4,0x2174,0x2173,0x2153,0x2153,0x2153,0x2153,0x2153,0x2153,0x2153,0x2153,0x2153,0x2153,
  0x2153,0x2153,0x2153,0x2153,0x2153,0x2153,0x2153,0x2153,0x2153,0x2153,0x2153,0x2153,0x2153,0x2153,0x2153,0x2153,
  0x2174,0x2994,0x3215,0x4276,0x5338,0x5B79,0x5B99,0x5B99,0x5B99,0x5B79,0x5338,0x4276,0x3215,0x2994,0x2174,0x2173,
  0x2153,0x2153,0x2153,0x2153,0x2153,0x2153,0x2153,0x2153,0x2153,0x2153,0x2153,0x2153,0x2153,0x2153,0x2153,0x2153,
  0x2153,0x2153,0x2153,0x2153,0x2153,0x2153,0x2153,0x2153,0x2153,0x2173,0x2174,0x2994,0x3215,0x4276,0x5338,0x5B79,
  0x3A35,0x3215,0x2994,0x2173,0x2173,0x2173,0x2173,0x2173,0x2173,0x2173,0x2173,0x2173,0x2173,0x2173,0x2173,0x2173,
  0x2173,0x2173,0x2173,0x2173,0x2173,0x2173,0x2173,0x2173,0x2173,0x2173,0x2173,0x2173,0x2173,0x2173,0x2173,0x2173,
  0x2173,0x2173,0x2174,0x29B4,0x3215,0x3A35,0x3A35,0x3A35,0x3A35,0x3A35,0x3215,0x29B4,0x2174,0x2173,0x2173,0x2173,
  0x2173,0x2173,0x2173,0x2173,0x2173,0x2173,0x2173,0x2173,0x2173,0x2173,0x2173,0x2173,0x2173,0x2173,0x2173,0x2173,
  0x2173,0x2173,0x2173,0x2173,0x2173,0x2173,0x2173,0x2173,0x2173,0x2173,0x2173,0x2173,0x2174,0x29B4,0x3215,0x3A35,
  0x2174,0x2174,0x2173,0x2173,0x2173,0x2173,0x2173,0x2173,0x2173,0x2173,0x2173,0x2173,0x2173,0x2173,0x2173,0x2173,
  0x2173,0x2173,0x2173,0x2173,0x2173,0x2173,0x2173,0x2173,0x2173,0x2173,0x2173,0x2173,0x2173,0x2173,0x2173,0x2173,
  0x2173,0x2173,0x2173,0x2173,0x2174,0x2174,0x2174,0x2174,0x2174,0x2174,0x2174,0x2173,0x2173,0x2173,0x2173,0x2173,
  0x2173,0x2173,0x2173,0x2173,0x2173,0x2173,0x2173,0x2173,0x2173,0x2173,0x2173,0x2173,0x2173,0x2173,0x2173,0x2173,
  0x2173,0x2173,0x2173,0x2173,0x2173,0x2173,0x2173,0x2173,0x2173,0x2173,0x2173,0x2173,0x2173,0x2173,0x2174,0x2174,
  0x2173,0x2173,0x2173,0x2173,0x2173,0x2173,0x2173,0x2173,0x2173,0x2173,0x2173,0x2173,0x2173,0x2173,0x2173,0x2173,
  0x2173,0x2173,0x2173,0x2173,0x2173,0x2173,0x2173,0x2173,0x2173,0x2173,0x2173,0x2173,0x2173,0x2173,0x2173,0x2173,
  0x2173,0x2173,0x2173,0x2173,0x2173,0x2173,0x2173,0x2173,0x2173,0x2173,0x2173,0x2173,0x2173,0x2173,0x2173,0x2173,
  0x2173,0x2173,0x2173,0x2173,0x2173,0x2173,0x2173,0x2173,0x2173,0x2173,0x2173,0x2173,0x2173,0x2173,0x2173,0x2173,
  0x2173,0x2173,0x2173,0x2173,0x2173,0x2173,0x2173,0x2173,0x2173,0x2173,0x2173,0x2173,0x2173,0x2173,0x2173,0x2173,
  0x2173,0x2173,0x2173,0x2173,0x2173,0x2173,0x2173,0x2173,0x2173,0x2173,0x2173,0x2173,0x2173,0x2173,0x2173,0x2173,
  0x2173,0x2173,0x2173,0x2173,0x2173,0x2173,0x2173,0x2173,0x2173,0x2173,0x2173,0x2173,0x2173,0x2173,0x2173,0x2173,
  0x2173,0x2173,0x2173,0x2173,0x2173,0x2173,0x2173,0x2173,0x2173,0x2173,0x2173,0x2173,0x2173,0x2173,0x2173,0x2173,
  0x2173,0x2173,0x2173,0x2173,0x2173,0x2173,0x2173,0x2173,0x2173,0x2173,0x2173,0x2173,0x2173,0x2173,0x2173,0x2173,
  0x2173,0x2173,0x2173,0x2173,0x2173,0x2173,0x2173,0x2173,0x2173,0x2173,0x2173,0x2173,0x2173,0x2173,0x2173,0x2173,
  0x2173,0x2173,0x2173,0x2173,0x2173,0x2173,0x2173,0x2173,0x2173,0x2173,0x2173,0x2173,0x2173,0x2173,0x2173,0x2173,
  0x2173,0x2173,0x2173,0x2173,0x2173,0x2173,0x2173,0x2173,0x2173,0x2173,0x2173,0x2173,0x2173,0x2173,0x2173,0x2173,
  0x2173,0x2173,0x2173,0x2173,0x2173,0x2173,0x2173,0x2173,0x2173,0x2173,0x2173,0x2173,0x2173,0x2173,0x2173,0x2173,
  0x2173,0x2173,0x2173,0x2173,0x2173,0x2173,0x2173,0x2173,0x2173,0x2173,0x2173,0x2173,0x2173,0x2173,0x2173,0x2173,
  0x2173,0x2173,0x2173,0x2173,0x2173,0x2173,0x2173,0x2173,0x2173,0x2173,0x2173,0x2173,0x2173,0x2173,0x2173,0x2173,
  0x2173,0x2173,0x2173,0x2173,0x2173,0x2173,0x2173,0x2173,0x2173,0x2173,0x2173,0x2173,0x2173,0x2173,0x2173,0x2173,
  0x2173,0x2173,0x2173,0x2173,0x2173,0x2173,0x2173,0x2173,0x2173,0x2173,0x2173,0x2173,0x2173,0x2173,0x2173,0x2173,
  0x2173,0x2173,0x2173,0x2173,0x2173,0x2173,0x2173,0x2173,0x2173,0x2173,0x2173,0x2173,0x2173,0x2173,0x2173,0x2173,
  0x2173,0x2173,0x2173,0x2173,0x2173,0x2173,0x2173,0x2173,0x2173,0x2173,0x2173,0x2173,0x2173,0x2173,0x2173,0x2173,
  0x2173,0x2173,0x2173,0x2173,0x2173,0x2173,0x2173,0x2173,0x2173,0x2173,0x2173,0x2173,0x2173,0x2173,0x2173,0x2173,
  0x2173,0x2173,0x2173,0x2173,0x2173,0x2173,0x2173,0x2173,0x2173,0x2173,0x2173,0x2173,0x2173,0x2173,0x2173,0x2173,
  0x2173,0x2173,0x2173,0x2173,0x2173,0x2173,0x2173,0x2173,0x2173,0x2173,0x2173,0x2173,0x2173,0x2173,0x2173,0x2173,
  0x2173,0x2173,0x2173,0x2173,0x2173,0x2173,0x2173,0x2173,0x2173,0x2173,0x2173,0x2173,0x2173,0x2173,0x2173,0x2173,
  0x2173,0x2173,0x2173,0x2173,0x2173,0x2173,0x2173,0x2173,0x2173,0x2173,0x2173,0x2173,0x2173,0x2173,0x2173,0x2173,
  0x2173,0x2173,0x2173,0x2173,0x2173,0x2173,0x2173,0x2173,0x2173,0x2173,0x2173,0x2173,0x2173,0x2173,0x2173,0x2173,
  0x2993,0x2993,0x2993,0x2993,0x2993,0x2993,0x2993,0x2993,0x2993,0x2993,0x2993,0x2993,0x2993,0x2993,0x2993,0x2993,
  0x2993,0x2993,0x2993,0x2993,0x2993,0x2993,0x2993,0x2993,0x2993,0x2993,0x2993,0x2993,0x2993,0x2993,0x2993,0x2993,
  0x2993,0x2993,0x2993,0x2993,0x2993,0x2993,0x2993,0x2993,0x2993,0x2993,0x2993,0x2993,0x2993,0x2993,0x2993,0x2993,
  0x2993,0x2993,0x2993,0x2993,0x2993,0x2993,0x2993,0x2993,0x2993,0x2993,0x2993,0x2993,0x2993,0x2993,0x2993,0x2993,
  0x2993,0x2993,0x2993,0x2993,0x2993,0x2993,0x2993,0x2993,0x2993,0x2993,0x2993,0x2993,0x2993,0x2993,0x2993,0x2993,
  0x2993,0x2993,0x2993,0x2993,0x2993,0x2993,0x2993,0x2993,0x2993,0x2993,0x2993,0x2993,0x2993,0x2993,0x2993,0x2993,
  0x2993,0x2993,0x2993,0x2993,0x2993,0x2993,0x2993,0x2993,0x2993,0x2993,0x2993,0x2993,0x2993,0x2993,0x2993,0x2993,
  0x2993,0x2993,0x2993,0x2993,0x2993,0x2993,0x2993,0x2993,0x2993,0x2993,0x2993,0x2993,0x2993,0x2993,0x2993,0x2993,
  0x2993,0x2993,0x2993,0x2993,0x2993,0x2993,0x2993,0x2993,0x2993,0x2993,0x2993,0x2993,0x2993,0x2993,0x2993,0x2993,
  0x2993,0x2993,0x2993,0x2993,0x2993,0x2993,0x2993,0x2993,0x2993,0x2993,0x2993,0x2993,0x2993,0x2993,0x2993,0x2993,
  0x2993,0x2993,0x2993,0x2993,0x2993,0x2993,0x2993,0x2993,0x2993,0x2993,0x2993,0x2993,0x2993,0x2993,0x2993,0x2993,
  0x2993,0x2993,0x2993,0x2993,0x2993,0x2993,0x2993,0x2993,0x2993,0x2993,0x2993,0x2993,0x2993,0x2993,0x2993,0x2993,
  0x2993,0x2993,0x2993,0x2993,0x2993,0x2993,0x2993,0x2993,0x2993,0x2993,0x2993,0x2993,0x2993,0x2993,0x2993,0x2993,
  0x2993,0x2993,0x2993,0x2993,0x2993,0x2993,0x2993,0x2993,0x2993,0x2993,0x2993,0x2993,0x2993,0x2993,0x2993,0x2993,
  0x2993,0x2993,0x2993,0x2993,0x2993,0x2993,0x2993,0x2993,0x2993,0x2993,0x2993,0x2993,0x2993,0x2993,0x2993,0x2993,
  0x2993,0x2993,0x2993,0x2993,0x2993,0x2993,0x2993,0x2993,0x2993,0x2993,0x2993,0x2993,0x2993,0x2993,0x2993,0x2993,
  0x2993,0x2993,0x2993,0x2993,0x2993,0x2993,0x2993,0x2993,0x2993,0x2993,0x2993,0x2993,0x2993,0x2993,0x2993,0x2993,
  0x2993,0x2993,0x2993,0x2993,0x2993,0x2993,0x2993,0x2993,0x2993,0x2993,0x2993,0x2993,0x2993,0x2993,0x2993,0x2993,
  0x2993,0x2993,0x2993,0x2993,0x2993,0x2993,0x2993,0x2993,0x2993,0x2993,0x2993,0x2993,0x2993,0x2993,0x2993,0x2993,
  0x2993,0x2993,0x2993,0x2993,0x2993,0x2993,0x2993,0x2993,0x2993,0x2993,0x2993,0x2993,0x2993,0x2993,0x2993,0x2993,
  0x2993,0x2993,0x2993,0x2993,0x2993,0x2993,0x2993,0x2993,0x2993,0x2993,0x2993,0x2993,0x2993,0x2993,0x2993,0x2993,
  0x2993,0x2993,0x2993,0x2993,0x2993,0x2993,0x2993,0x2993,0x2993,0x2993,0x2993,0x2993,0x2993,0x2993,0x2993,0x2993,
  0x2993,0x2993,0x2993,0x2993,0x2993,0x2993,0x2993,0x2993,0x2993,0x2993,0x2993,0x2993,0x2993,0x2993,0x2993,0x2993,
  0x2993,0x2993,0x2993,0x2993,0x2993,0x2993,0x2993,0x2993,0x2993,0x2993,0x2993,0x2993,0x2993,0x2993,0x2993,0x2993,
  0x2993,0x2993,0x2993,0x2993,0x2993,0x2993,0x2993,0x2993,0x2993,0x2993,0x2993,0x2993,0x2993,0x2993,0x2993,0x2993,
  0x29B3,0x29B3,0x29B3,0x29B3,0x29B3,0x29B3,0x29B3,0x29B3,0x29B3,0x29B3,0x29B3,0x29B3,0x29B3,0x29B3,0x29B3,0x29B3,
  0x29B3,0x29B3,0x29B3,0x29B3,0x29B3,0x29B3,0x29B3,0x29B3,0x29B3,0x29B3,0x29B3,0x29B3,0x29B3,0x29B3,0x29B3,0x29B3,
  0x29B3,0x29B3,0x29B3,0x29B3,0x29B3,0x29B3,0x29B3,0x29B3,0x29B3,0x29B3,0x29B3,0x29B3,0x29B3,0x29B3,0x29B3,0x29B3,
  0x29B3,0x29B3,0x29B3,0x29B3,0x29B3,0x29B3,0x29B3,0x29B3,0x29B3,0x29B3,0x29B3,0x29B3,0x29B3,0x29B3,0x29B3,0x29B3,
  0x29B3,0x29B3,0x29B3,0x29B3,0x29B3,0x29B3,0x29B3,0x29B3,0x29B3,0x29B3,0x29B3,0x29B3,0x29B3,0x29B3,0x29B3,0x29B3,
  0x29B3,0x29B3,0x29B3,0x29B3,0x29B3,0x29B3,0x29B3,0x29B3,0x29B3,0x29B3,0x29B3,0x29B3,0x29B3,0x29B3,0x29B3,0x29B3,
  0x29B3,0x29B3,0x29B3,0x29B3,0x29B3,0x29B3,0x29B3,0x29B3,0x29B3,0x29B3,0x29B3,0x29B3,0x29B3,0x29B3,0x29B3,0x29B3,
  0x29B3,0x29B3,0x29B3,0x29B3,0x29B3,0x29B3,0x29B3,0x29B3,0x29B3,0x29B3,0x29B3,0x29B3,0x29B3,0x29B3,0x29B3,0x29B3,
  0x29B3,0x29B3,0x29B3,0x29B3,0x29B3,0x29B3,0x29B3,0x29B3,0x29B3,0x29B3,0x29B3,0x29B3,0x29B3,0x29B3,0x29B3,0x29B3,
  0x29B3,0x29B3,0x29B3,0x29B3,0x29B3,0x29B3,0x29B3,0x29B3,0x29B3,0x29B3,0x29B3,0x29B3,0x29B3,0x29B3,0x29B3,0x29B3,
  0x29B3,0x29B3,0x29B3,0x29B3,0x29B3,0x29B3,0x29B3,0x29B3,0x29B3,0x29B3,0x29B3,0x29B3,0x29B3,0x29B3,0x29B3,0x29B3,
  0x29B3,0x29B3,0x29B3,0x29B3,0x29B3,0x29B3,0x29B3,0x29B3,0x29B3,0x29B3,0x29B3,0x29B3,0x29B3,0x29B3,0x29B3,0x29B3,
  0x29B3,0x29B3,0x29B3,0x29B3,0x29B3,0x29B3,0x29B3,0x29B3,0x29B3,0x29B3,0x29B3,0x29B3,0x29B3,0x29B3,0x29B3,0x29B3,
  0x29B3,0x29B3,0x29B3,0x29B3,0x29B3,0x29B3,0x29B3,0x29B3,0x29B3,0x29B3,0x29B3,0x29B3,0x29B3,0x29B3,0x29B3,0x29B3,
  0x29B3,0x29B3,0x29B3,0x29B3,0x29B3,0x29B3,0x29B3,0x29B3,0x29B3,0x29B3,0x29B3,0x29B3,0x29B3,0x29B3,0x29B3,0x29B3,
  0x29B2,0x29B2,0x29B2,0x29B2,0x29B2,0x29B2,0x29B2,0x29B2,0x31D3,0x31D3,0x31D3,0x31D3,0x31D3,0x31D3,0x31D3,0x31D3,
  0x29B2,0x29B2,0x29B2,0x29B2,0x29B2,0x29B2,0x29B2,0x29B2,0x29B2,0x29B2,0x29B2,0x29B2,0x29B2,0x29B2,0x29B2,0x29B2,
  0x29B2,0x29B2,0x29B2,0x29B2,0x29B2,0x29B2,0x29B2,0x29B2,0x29B2,0x29B2,0x29B2,0x29B2,0x29B2,0x29B2,0x29B2,0x29B2,
  0x29B2,0x29B2,0x31D3,0x31D3,0x31D3,0x31D3,0x31D3,0x31D3,0x31D3,0x31D3,0x29B2,0x29B2,0x29B2,0x29B2,0x29B2,0x29B2,
  0x29B2,0x29B2,0x29B2,0x29B2,0x29B2,0x29B2,0x29B2,0x29B2,0x29B2,0x29B2,0x29B2,0x29B2,0x29B2,0x29B2,0x29B2,0x29B2,
  0x29B2,0x29B2,0x29B2,0x29B2,0x29B2,0x31B2,0x31D3,0x31F3,0x4234,0x4254,0x4254,0x4254,0x4254,0x4254,0x4254,0x4234,
  0x31F3,0x31D3,0x31B2,0x29B2,0x29B2,0x29B2,0x29B2,0x29B2,0x29B2,0x29B2,0x29B2,0x29B2,0x29B2,0x29B2,0x29B2,0x29B2,
  0x29B2,0x29B2,0x29B2,0x29B2,0x29B2,0x29B2,0x29B2,0x29B2,0x29B2,0x29B2,0x29B2,0x29B2,0x29B2,0x29B2,0x29B2,0x31B2,
  0x31D3,0x31F3,0x4234,0x4254,0x4254,0x4254,0x4254,0x4254,0x4254,0x4234,0x31F3,0x31D2,0x29B2,0x29B2,0x29B2,0x29B2,
  0x29B2,0x29B2,0x29B2,0x29B2,0x29B2,0x29B2,0x29B2,0x29B2,0x29B2,0x29B2,0x29B2,0x29B2,0x29B2,0x29B2,0x29B2,0x29B2,
  0x31D2,0x31D2,0x31D2,0x31D2,0x31D2,0x31F3,0x4254,0x4A95,0x6337,0x6B77,0x6B77,0x6B77,0x6B77,0x6B77,0x6B77,0x6337,
  0x4A95,0x4254,0x31F3,0x31D2,0x31D2,0x31D2,0x31D2,0x31D2,0x31D2,0x31D2,0x31D2,0x31D2,0x31D2,0x31D2,0x31D2,0x31D2,
  0x31D2,0x31D2,0x31D2,0x31D2,0x31D2,0x31D2,0x31D2,0x31D2,0x31D2,0x31D2,0x31D2,0x31D2,0x31D2,0x31D2,0x31D2,0x31F3,
  0x4254,0x4A95,0x6337,0x6B77,0x6B77,0x6B77,0x6B77,0x6B77,0x6B77,0x6337,0x4A95,0x39F3,0x31D3,0x31D2,0x31D2,0x31D2,
  0x31D2,0x31D2,0x31D2,0x31D2,0x31D2,0x31D2,0x31D2,0x31D2,0x31D2,0x31D2,0x31D2,0x31D2,0x31D2,0x31D2,0x31D2,0x31D2,
  0x31D2,0x31D2,0x31D2,0x31D2,0x39F3,0x4A95,0x6337,0x6337,0x5295,0x4A74,0x4A74,0x4A74,0x4A74,0x4A74,0x4A74,0x5295,
  0x6337,0x6337,0x4A95,0x39F3,0x31D2,0x31D2,0x31D2,0x31D2,0x31D2,0x31D2,0x31D2,0x31D2,0x31D2,0x31D2,0x31D2,0x31D2,
  0x31D2,0x31D2,0x31D2,0x31D2,0x31D2,0x31D2,0x31D2,0x31D2,0x31D2,0x31D2,0x31D2,0x31D2,0x31D2,0x31D2,0x39F3,0x4A95,
  0x6337,0x6337,0x5295,0x4A74,0x4A74,0x4A74,0x4A74,0x4A74,0x4A74,0x5295,0x5AF6,0x4A95,0x4254,0x39F3,0x31D2,0x31D2,
  0x31D2,0x31D2,0x31D2,0x31D2,0x31D2,0x31D2,0x31D2,0x31D2,0x31D2,0x31D2,0x31D2,0x31D2,0x31D2,0x31D2,0x31D2,0x31D2,
  0x31D2,0x31D2,0x31D2,0x3A13,0x4A94,0x5AF6,0x52B5,0x4254,0x3A13,0x31F2,0x31F2,0x31F2,0x31F2,0x31F2,0x31F2,0x3A13,
  0x4254,0x52B5,0x5AF6,0x4A94,0x3A13,0x31D2,0x31D2,0x31D2,0x31D2,0x31D2,0x31D2,0x31D2,0x31D2,0x31D2,0x31D2,0x31D2,
  0x31D2,0x31D2,0x31D2,0x31D2,0x31D2,0x31D2,0x31D2,0x31D2,0x31D2,0x31D2,0x31D2,0x31D2,0x31F2,0x3A13,0x4A94,0x5AF6,
  0x52B5,0x4254,0x3A13,0x31F2,0x31F2,0x31F2,0x31F2,0x31F2,0x31F2,0x3A13,0x4A95,0x6337,0x6337,0x4A95,0x3A13,0x31D2,
  0x31D2,0x31D2,0x31D2,0x31D2,0x31D2,0x31D2,0x31D2,0x31D2,0x31D2,0x31D2,0x31D2,0x31D2,0x31D2,0x31D2,0x31D2,0x31D2,
  0x31F2,0x31F2,0x3A13,0x4A94,0x5AF6,0x4A94,0x3A13,0x31F2,0x31D2,0x31D2,0x31D2,0x31D2,0x31D2,0x31D2,0x31D2,0x31D2,
  0x31F2,0x3A13,0x4A94,0x5AF6,0x4A94,0x3A13,0x31F2,0x31F2,0x31D2,0x31D2,0x31D2,0x31D2,0x31D2,0x31D2,0x31D2,0x31D2,
  0x31D2,0x31D2,0x31D2,0x31D2,0x31D2,0x31D2,0x31D2,0x31D2,0x31D2,0x31D2,0x31F2,0x3A13,0x4254,0x52B5,0x5AF6,0x4A94,
  0x3A13,0x31F2,0x31D2,0x31D2,0x31D2,0x31D2,0x31D2,0x31D2,0x31D2,0x31F2,0x3A13,0x4254,0x52B5,0x5AF6,0x4A94,0x3A13,
  0x31F2,0x31D2,0x31D2,0x31D2,0x31D2,0x31D2,0x31D2,0x31D2,0x31D2,0x31D2,0x31D2,0x31D2,0x31D2,0x31D2,0x31D2,0x31D2,
  0x4A74,0x4A74,0x52B5,0x5AF6,0x4A94,0x3A13,0x31F2,0x31D2,0x31D2,0x31D2,0x31D2,0x31D2,0x31D2,0x31D2,0x31D2,0x31D2,
  0x31D2,0x31F2,0x3A13,0x4A94,0x5AF6,0x52B5,0x4A74,0x4254,0x3A13,0x31F2,0x31D2,0x31D2,0x31D2,0x31D2,0x31D2,0x31D2,
  0x31D2,0x31D2,0x31D2,0x31D2,0x31D2,0x31D2,0x31D2,0x31D2,0x31F2,0x3A13,0x4254,0x52B5,0x6336,0x6336,0x4A94,0x3A13,
  0x31F2,0x31D2,0x31D2,0x31D2,0x31D2,0x31D2,0x31D2,0x31D2,0x31D2,0x31D2,0x31F2,0x31F2,0x3A13,0x4A94,0x5AF6,0x52B5,
  0x4254,0x3A13,0x31F2,0x31F2,0x31D2,0x31D2,0x31D2,0x31D2,0x31D2,0x31D2,0x31D2,0x31D2,0x31D2,0x31D2,0x31D2,0x31D2,
  0x6B77,0x6B77,0x6336,0x4AB4,0x3A13,0x31F2,0x31F2,0x31F2,0x31F2,0x31F2,0x31F2,0x31F2,0x31F2,0x31F2,0x31F2,0x31F2,
  0x31F2,0x31F2,0x31F2,0x3A13,0x4AB4,0x6336,0x6B77,0x6336,0x4AB4,0x3A13,0x31F2,0x31F2,0x31F2,0x31F2,0x31F2,0x31F2,
  0x31F2,0x31F2,0x31F2,0x31F2,0x31F2,0x31F2,0x31F2,0x31F2,0x3A13,0x4AB4,0x6336,0x6336,0x52B5,0x4A74,0x3A13,0x31F2,
  0x31F2,0x31F2,0x31F2,0x31F2,0x31F2,0x31F2,0x31F2,0x31F2,0x31F2,0x31F2,0x31F2,0x31F2,0x31F2,0x3A13,0x4AB4,0x6336,
  0x6336,0x52B5,0x4A74,0x3A13,0x31F2,0x31F2,0x31F2,0x31F2,0x31F2,0x31F2,0x31F2,0x31F2,0x31F2,0x31F2,0x31F2,0x31F2,
  0x4A94,0x4A94,0x4A73,0x3A33,0x39F2,0x31F2,0x31F2,0x31F2,0x31F2,0x31F2,0x31F2,0x31F2,0x31F2,0x31F2,0x31F2,0x31F2,
  0x31F2,0x31F2,0x31F2,0x39F2,0x3A33,0x4A73,0x4A94,0x52B5,0x5B16,0x5294,0x3A13,0x39F2,0x31F2,0x31F2,0x31F2,0x31F2,
  0x31F2,0x31F2,0x31F2,0x31F2,0x31F2,0x31F2,0x39F2,0x3A33,0x5294,0x5B16,0x52B5,0x4A74,0x3A33,0x3A12,0x39F2,0x31F2,
  0x31F2,0x31F2,0x31F2,0x31F2,0x31F2,0x31F2,0x31F2,0x31F2,0x31F2,0x31F2,0x31F2,0x31F2,0x31F2,0x39F2,0x3A33,0x4A74,
  0x52B5,0x6356,0x6356,0x52B4,0x3A33,0x39F2,0x31F2,0x31F2,0x31F2,0x31F2,0x31F2,0x31F2,0x31F2,0x31F2,0x31F2,0x31F2,
  0x3A12,0x3A12,0x3A12,0x39F2,0x39F2,0x39F2,0x39F2,0x39F2,0x39F2,0x39F2,0x39F2,0x39F2,0x39F2,0x39F2,0x39F2,0x39F2,
  0x39F2,0x39F2,0x39F2,0x39F2,0x39F2,0x3A12,0x3A12,0x4233,0x52B4,0x5B16,0x52B4,0x3A33,0x3A12,0x39F2,0x39F2,0x39F2,
  0x39F2,0x39F2,0x39F2,0x39F2,0x39F2,0x3A32,0x4A74,0x52B4,0x6316,0x52B4,0x4233,0x3A12,0x39F2,0x39F2,0x39F2,0x39F2,
  0x39F2,0x39F2,0x39F2,0x39F2,0x39F2,0x39F2,0x39F2,0x39F2,0x39F2,0x39F2,0x39F2,0x39F2,0x39F2,0x39F2,0x39F2,0x3A12,
  0x3A33,0x4A74,0x52D4,0x6316,0x52B4,0x3A33,0x3A12,0x39F2,0x39F2,0x39F2,0x39F2,0x39F2,0x39F2,0x39F2,0x39F2,0x3A12,
  0x39F2,0x39F2,0x39F2,0x39F2,0x39F2,0x39F2,0x39F2,0x39F2,0x39F2,0x39F2,0x39F2,0x39F2,0x39F2,0x39F2,0x39F2,0x39F2,
  0x39F2,0x39F2,0x39F2,0x39F2,0x39F2,0x39F2,0x39F2,0x3A12,0x4232,0x52B4,0x6316,0x52B4,0x4A74,0x3A33,0x3A12,0x3A12,
  0x3A12,0x3A12,0x3A12,0x3A12,0x4232,0x52B4,0x6356,0x6356,0x52B4,0x4232,0x3A12,0x39F2,0x39F2,0x39F2,0x39F2,0x39F2,
  0x39F2,0x39F2,0x39F2,0x39F2,0x39F2,0x39F2,0x39F2,0x39F2,0x39F2,0x39F2,0x39F2,0x39F2,0x39F2,0x39F2,0x39F2,0x39F2,
  0x3A12,0x3A12,0x4232,0x52B4,0x6316,0x52B4,0x4A74,0x3A33,0x3A12,0x3A12,0x3A12,0x3A12,0x3A12,0x3A12,0x3A33,0x4A73,
  0x3A12,0x3A12,0x3A12,0x3A12,0x3A12,0x3A12,0x3A12,0x3A12,0x3A12,0x3A12,0x3A12,0x3A12,0x3A12,0x3A12,0x3A12,0x3A12,
  0x3A12,0x3A12,0x3A12,0x3A12,0x3A12,0x3A12,0x3A12,0x3A12,0x3A12,0x4232,0x52B4,0x6356,0x6B56,0x52D5,0x4AB4,0x4A94,
  0x4A94,0x4A94,0x4A94,0x4A94,0x52D4,0x6316,0x52D4,0x4A73,0x4232,0x3A12,0x3A12,0x3A12,0x3A12,0x3A12,0x3A12,0x3A12,
  0x3A12,0x3A12,0x3A12,0x3A12,0x3A12,0x3A12,0x3A12,0x3A12,0x3A12,0x3A12,0x3A12,0x3A12,0x3A12,0x3A12,0x3A12,0x3A12,
  0x3A12,0x3A12,0x3A12,0x4232,0x52B4,0x6356,0x6B56,0x52D5,0x4AB4,0x4A94,0x4A94,0x4A94,0x4A94,0x4AB4,0x52D5,0x6B56,
  0x3A12,0x3A12,0x3A12,0x3A12,0x3A12,0x3A12,0x3A12,0x3A12,0x3A12,0x3A12,0x3A12,0x3A12,0x3A12,0x3A12,0x3A12,0x3A12,
  0x3A12,0x3A12,0x3A12,0x3A12,0x3A12,0x3A12,0x3A12,0x3A12,0x3A12,0x3A12,0x4232,0x4A93,0x52D4,0x6B56,0x7397,0x7397,
  0x7397,0x7397,0x7397,0x7397,0x6B56,0x52B4,0x4232,0x3A12,0x3A12,0x3A12,0x3A12,0x3A12,0x3A12,0x3A12,0x3A12,0x3A12,
  0x3A12,0x3A12,0x3A12,0x3A12,0x3A12,0x3A12,0x3A12,0x3A12,0x3A12,0x3A12,0x3A12,0x3A12,0x3A12,0x3A12,0x3A12,0x3A12,
  0x3A12,0x3A12,0x3A12,0x3A12,0x4232,0x4A93,0x52D4,0x6B56,0x7397,0x7397,0x7397,0x7397,0x7397,0x7397,0x6B56,0x5AD5,
  0x3A12,0x3A12,0x3A12,0x3A12,0x3A12,0x3A12,0x3A12,0x3A12,0x3A12,0x3A12,0x3A12,0x3A12,0x3A12,0x3A12,0x3A12,0x3A12,
  0x3A12,0x3A12,0x3A12,0x3A12,0x3A12,0x3A12,0x3A12,0x3A12,0x3A12,0x3A12,0x3A12,0x3A32,0x4252,0x4A93,0x4A94,0x4AB4,
  0x4AB4,0x4AB4,0x4AB4,0x4A94,0x4A93,0x4232,0x3A12,0x3A12,0x3A12,0x3A12,0x3A12,0x3A12,0x3A12,0x3A12,0x3A12,0x3A12,
  0x3A12,0x3A12,0x3A12,0x3A12,0x3A12,0x3A12,0x3A12,0x3A12,0x3A12,0x3A12,0x3A12,0x3A12,0x3A12,0x3A12,0x3A12,0x3A12,
  0x3A12,0x3A12,0x3A12,0x3A12,0x3A12,0x3A32,0x4252,0x4A93,0x4A94,0x4AB4,0x4AB4,0x4AB4,0x4AB4,0x4A94,0x4A93,0x4252,
  0x3A12,0x3A12,0x3A12,0x3A12,0x3A12,0x3A12,0x3A12,0x3A12,0x3A12,0x3A12,0x3A12,0x3A12,0x3A12,0x3A12,0x3A12,0x3A12,
  0x3A12,0x3A12,0x3A12,0x3A12,0x3A12,0x3A12,0x3A12,0x3A12,0x3A12,0x3A12,0x3A12,0x3A12,0x3A12,0x3A32,0x3A32,0x3A32,
  0x3A32,0x3A32,0x3A32,0x3A32,0x3A32,0x3A12,0x3A12,0x3A12,0x3A12,0x3A12,0x3A12,0x3A12,0x3A12,0x3A12,0x3A12,0x3A12,
  0x3A12,0x3A12,0x3A12,0x3A12,0x3A12,0x3A12,0x3A12,0x3A12,0x3A12,0x3A12,0x3A12,0x3A12,0x3A12,0x3A12,0x3A12,0x3A12,
  0x3A12,0x3A12,0x3A12,0x3A12,0x3A12,0x3A12,0x3A12,0x3A32,0x3A32,0x3A32,0x3A32,0x3A32,0x3A32,0x3A32,0x3A32,0x3A12,
  0x3A32,0x3A32,0x3A32,0x3A32,0x3A32,0x3A32,0x3A32,0x3A32,0x3A32,0x3A32,0x3A32,0x3A32,0x3A32,0x3A32,0x3A32,0x3A32,
  0x3A32,0x3A32,0x3A32,0x3A32,0x3A32,0x3A32,0x3A32,0x3A32,0x3A32,0x3A32,0x3A32,0x3A32,0x3A32,0x3A32,0x3A32,0x3A32,
  0x3A32,0x3A32,0x3A32,0x3A32,0x3A32,0x3A32,0x3A32,0x3A32,0x3A32,0x3A32,0x3A32,0x3A32,0x3A32,0x3A32,0x3A32,0x3A32,
  0x3A32,0x3A32,0x3A32,0x3A32,0x3A32,0x3A32,0x3A32,0x3A32,0x3A32,0x3A32,0x3A32,0x3A32,0x3A32,0x3A32,0x3A32,0x3A32,
  0x3A32,0x3A32,0x3A32,0x3A32,0x3A32,0x3A32,0x3A32,0x3A32,0x3A32,0x3A32,0x3A32,0x3A32,0x3A32,0x3A32,0x3A32,0x3A32,
  0x3A31,0x3A31,0x3A31,0x3A31,0x3A31,0x3A31,0x3A31,0x3A31,0x3A31,0x3A31,0x3A31,0x3A31,0x3A31,0x3A31,0x3A31,0x3A31,
  0x3A31,0x3A31,0x3A31,0x3A31,0x3A31,0x3A31,0x3A31,0x3A31,0x3A31,0x3A31,0x3A31,0x3A31,0x3A31,0x3A31,0x3A31,0x3A31,
  0x3A31,0x3A31,0x3A31,0x3A31,0x3A31,0x3A31,0x3A31,0x3A31,0x3A31,0x3A31,0x3A31,0x3A31,0x3A31,0x3A31,0x3A31,0x3A31,
  0x3A31,0x3A31,0x3A31,0x3A31,0x3A31,0x3A31,0x3A31,0x3A31,0x3A31,0x3A31,0x3A31,0x3A31,0x3A31,0x3A31,0x3A31,0x3A31,
  0x3A31,0x3A31,0x3A31,0x3A31,0x3A31,0x3A31,0x3A31,0x3A31,0x3A31,0x3A31,0x3A31,0x3A31,0x3A31,0x3A31,0x3A31,0x3A31,
  0x4231,0x4231,0x4231,0x4231,0x4231,0x4231,0x4231,0x4231,0x4231,0x4231,0x4231,0x4231,0x4231,0x4231,0x4231,0x4231,
  0x4231,0x4231,0x4231,0x4231,0x4231,0x4231,0x4231,0x4231,0x4231,0x4231,0x4231,0x4231,0x4231,0x4231,0x4231,0x4231,
  0x4231,0x4231,0x4231,0x4231,0x4231,0x4231,0x4231,0x4231,0x4231,0x4231,0x4231,0x4231,0x4231,0x4231,0x4231,0x4231,
  0x4231,0x4231,0x4231,0x4231,0x4231,0x4231,0x4231,0x4231,0x4231,0x4231,0x4231,0x4231,0x4231,0x4231,0x4231,0x4231,
  0x4231,0x4231,0x4231,0x4231,0x4231,0x4231,0x4231,0x4231,0x4231,0x4231,0x4231,0x4231,0x4231,0x4231,0x4231,0x4231,
  0x4231,0x4231,0x4231,0x4231,0x4231,0x4231,0x4231,0x4231,0x4231,0x4231,0x4231,0x4231,0x4231,0x4231,0x4231,0x4231,
  0x4231,0x4231,0x4231,0x4231,0x4231,0x4231,0x4231,0x4231,0x4231,0x4231,0x4231,0x4231,0x4231,0x4231,0x4231,0x4231,
  0x4231,0x4231,0x4231,0x4231,0x4231,0x4231,0x4231,0x4231,0x4231,0x4231,0x4231,0x4231,0x4231,0x4231,0x4231,0x4231,
  0x4231,0x4231,0x4231,0x4231,0x4231,0x4231,0x4231,0x4231,0x4231,0x4231,0x4231,0x4231,0x4231,0x4231,0x4231,0x4231,
  0x4231,0x4231,0x4231,0x4231,0x4231,0x4231,0x4231,0x4231,0x4231,0x4231,0x4231,0x4231,0x4231,0x4231,0x4231,0x4231,
  0x4231,0x4231,0x4231,0x4231,0x4231,0x4231,0x4231,0x4231,0x4231,0x4231,0x4231,0x4231,0x4231,0x4231,0x4231,0x4231,
  0x4231,0x4231,0x4231,0x4231,0x4231,0x4231,0x4231,0x4231,0x4231,0x4231,0x4231,0x4231,0x4231,0x4231,0x4231,0x4231,
  0x4231,0x4231,0x4231,0x4231,0x4231,0x4231,0x4231,0x4231,0x4231,0x4231,0x4231,0x4231,0x4231,0x4231,0x4231,0x4231,
  0x4231,0x4231,0x4231,0x4231,0x4231,0x4231,0x4231,0x4231,0x4231,0x4231,0x4231,0x4231,0x4231,0x4231,0x4231,0x4231,
  0x4231,0x4231,0x4231,0x4231,0x4231,0x4231,0x4231,0x4231,0x4231,0x4231,0x4231,0x4231,0x4231,0x4231,0x4231,0x4231,
  0x4251,0x4251,0x4251,0x4251,0x4251,0x4251,0x4251,0x4251,0x4251,0x4251,0x4251,0x4251,0x4251,0x4251,0x4251,0x4251,
  0x4251,0x4251,0x4251,0x4251,0x4251,0x4251,0x4251,0x4251,0x4251,0x4251,0x4251,0x4251,0x4251,0x4251,0x4251,0x4251,
  0x4251,0x4251,0x4251,0x4251,0x4251,0x4251,0x4251,0x4251,0x4251,0x4251,0x4251,0x4251,0x4251,0x4251,0x4251,0x4251,
  0x4251,0x4251,0x4251,0x4251,0x4251,0x4251,0x4251,0x4251,0x4251,0x4251,0x4251,0x4251,0x4251,0x4251,0x4251,0x4251,
  0x4251,0x4251,0x4251,0x4251,0x4251,0x4251,0x4251,0x4251,0x4251,0x4251,0x4251,0x4251,0x4251,0x4251,0x4251,0x4251,
  0x4251,0x4251,0x4251,0x4251,0x4251,0x4251,0x4251,0x4251,0x4251,0x4251,0x4251,0x4251,0x4251,0x4251,0x4251,0x4251,
  0x4251,0x4251,0x4251,0x4251,0x4251,0x4251,0x4251,0x4251,0x4251,0x4251,0x4251,0x4251,0x4251,0x4251,0x4251,0x4251,
  0x4251,0x4251,0x4251,0x4251,0x4251,0x4251,0x4251,0x4251,0x4251,0x4251,0x4251,0x4251,0x4251,0x4251,0x4251,0x4251,
  0x4251,0x4251,0x4251,0x4251,0x4251,0x4251,0x4251,0x4251,0x4251,0x4251,0x4251,0x4251,0x4251,0x4251,0x4251,0x4251,
  0x4251,0x4251,0x4251,0x4251,0x4251,0x4251,0x4251,0x4251,0x4251,0x4251,0x4251,0x4251,0x4251,0x4251,0x4251,0x4251,
  0x4251,0x4251,0x4251,0x4251,0x4251,0x4251,0x4251,0x4251,0x4251,0x4251,0x4251,0x4251,0x4251,0x4251,0x4251,0x4251,
  0x4251,0x4251,0x4251,0x4251,0x4251,0x4251,0x4251,0x4251,0x4251,0x4251,0x4251,0x4251,0x4251,0x4251,0x4251,0x4251,
  0x4251,0x4251,0x4251,0x4251,0x4251,0x4251,0x4251,0x4251,0x4251,0x4251,0x4251,0x4251,0x4251,0x4251,0x4251,0x4251,
  0x4251,0x4251,0x4251,0x4251,0x4251,0x4251,0x4251,0x4251,0x4251,0x4251,0x4251,0x4251,0x4251,0x4251,0x4251,0x4251,
  0x4251,0x4251,0x4251,0x4251,0x4251,0x4251,0x4251,0x4251,0x4251,0x4251,0x4251,0x4251,0x4251,0x4251,0x4251,0x4251,
  0x4251,0x4251,0x4251,0x4251,0x4251,0x4251,0x4251,0x4251,0x4251,0x4251,0x4251,0x4251,0x4251,0x4251,0x4251,0x4251,
  0x4251,0x4251,0x4251,0x4251,0x4251,0x4251,0x4251,0x4251,0x4251,0x4251,0x4251,0x4251,0x4251,0x4251,0x4251,0x4251,
  0x4251,0x4251,0x4251,0x4251,0x4251,0x4251,0x4251,0x4251,0x4251,0x4251,0x4251,0x4251,0x4251,0x4251,0x4251,0x4251,
  0x4251,0x4251,0x4251,0x4251,0x4251,0x4251,0x4251,0x4251,0x4251,0x4251,0x4251,0x4251,0x4251,0x4251,0x4251,0x4251,
  0x4251,0x4251,0x4251,0x4251,0x4251,0x4251,0x4251,0x4251,0x4251,0x4251,0x4251,0x4251,0x4251,0x4251,0x4251,0x4251,
  0x4251,0x4251,0x4251,0x4251,0x4251,0x4251,0x4251,0x4251,0x4251,0x4251,0x4251,0x4251,0x4251,0x4251,0x4251,0x4251,
  0x4251,0x4251,0x4251,0x4251,0x4251,0x4251,0x4251,0x4251,0x4251,0x4251,0x4251,0x4251,0x4251,0x4251,0x4251,0x4251,
  0x4251,0x4251,0x4251,0x4251,0x4251,0x4251,0x4251,0x4251,0x4251,0x4251,0x4251,0x4251,0x4251,0x4251,0x4251,0x4251,
  0x4251,0x4251,0x4251,0x4251,0x4251,0x4251,0x4251,0x4251,0x4251,0x4251,0x4251,0x4251,0x4251,0x4251,0x4251,0x4251,
  0x4251,0x4251,0x4251,0x4251,0x4251,0x4251,0x4251,0x4251,0x4251,0x4251,0x4251,0x4251,0x4251,0x4251,0x4251,0x4251,
  0x4271,0x4271,0x4271,0x4271,0x4271,0x4271,0x4271,0x4271,0x4271,0x4271,0x4271,0x4271,0x4271,0x4271,0x4271,0x4271,
  0x4271,0x4271,0x4271,0x4271,0x4271,0x4271,0x4271,0x4271,0x4271,0x4271,0x4271,0x4271,0x4271,0x4271,0x4271,0x4271,
  0x4271,0x4271,0x4271,0x4271,0x4271,0x4271,0x4271,0x4271,0x4271,0x4271,0x4271,0x4271,0x4271,0x4271,0x4271,0x4271,
  0x4271,0x4271,0x4271,0x4271,0x4271,0x4271,0x4271,0x4271,0x4271,0x4271,0x4271,0x4271,0x4271,0x4271,0x4271,0x4271,
  0x4271,0x4271,0x4271,0x4271,0x4271,0x4271,0x4271,0x4271,0x4271,0x4271,0x4271,0x4271,0x4271,0x4271,0x4271,0x4271,
  0x4A71,0x4A71,0x4A71,0x4A71,0x4A71,0x4A71,0x4A71,0x4A71,0x4A71,0x4A71,0x4A71,0x4A71,0x4A71,0x4A71,0x4A71,0x4A71,
  0x4A71,0x4A71,0x4A71,0x4A71,0x4A71,0x4A71,0x4A71,0x4A71,0x4A71,0x4A71,0x4A71,0x4A71,0x4A71,0x4A71,0x4A71,0x4A71,
  0x4A71,0x4A71,0x4A71,0x4A71,0x4A71,0x4A71,0x4A71,0x4A71,0x4A71,0x4A71,0x4A71,0x4A71,0x4A71,0x4A71,0x4A71,0x4A71,
  0x4A71,0x4A71,0x4A71,0x4A71,0x4A71,0x4A71,0x4A71,0x4A71,0x4A71,0x4A71,0x4A71,0x4A71,0x4A71,0x4A71,0x4A71,0x4A71,
  0x4A71,0x4A71,0x4A71,0x4A71,0x4A71,0x4A71,0x4A71,0x4A71,0x4A71,0x4A71,0x4A71,0x4A71,0x4A71,0x4A71,0x4A71,0x4A71,
  0x4A71,0x4A71,0x4A71,0x4A71,0x4A71,0x4A71,0x4A71,0x4A71,0x4A71,0x4A71,0x4A71,0x4A71,0x4A71,0x4A71,0x4A71,0x4A71,
  0x4A71,0x4A71,0x4A71,0x4A71,0x4A71,0x4A71,0x4A71,0x4A71,0x4A71,0x4A71,0x4A71,0x4A71,0x4A71,0x4A71,0x4A71,0x4A71,
  0x4A71,0x4A71,0x4A71,0x4A71,0x4A71,0x4A71,0x4A71,0x4A71,0x4A71,0x4A71,0x4A71,0x4A71,0x4A71,0x4A71,0x4A71,0x4A71,
  0x4A71,0x4A71,0x4A71,0x4A71,0x4A71,0x4A71,0x4A71,0x4A71,0x4A71,0x4A71,0x4A71,0x4A71,0x4A71,0x4A71,0x4A71,0x4A71,
  0x4A71,0x4A71,0x4A71,0x4A71,0x4A71,0x4A71,0x4A71,0x4A71,0x4A71,0x4A71,0x4A71,0x4A71,0x4A71,0x4A71,0x4A71,0x4A71,
  0x4A71,0x4A91,0x4A91,0x4A91,0x4A91,0x4A91,0x4A91,0x4A91,0x4A91,0x4A71,0x4A71,0x4A71,0x4A71,0x4A71,0x4A71,0x4A71,
  0x4A71,0x4A71,0x4A71,0x4A71,0x4A71,0x4A71,0x4A71,0x4A71,0x4A71,0x4A71,0x4A71,0x4A71,0x4A71,0x4A71,0x4A71,0x4A71,
  0x4A71,0x4A71,0x4A71,0x4A71,0x4A71,0x4A71,0x4A71,0x4A71,0x4A71,0x4A71,0x4A71,0x4A91,0x4A91,0x4A91,0x4A91,0x4A91,
  0x4A91,0x4A91,0x4A91,0x4A71,0x4A71,0x4A71,0x4A71,0x4A71,0x4A71,0x4A71,0x4A71,0x4A71,0x4A71,0x4A71,0x4A71,0x4A71,
  0x4A71,0x4A71,0x4A71,0x4A71,0x4A71,0x4A71,0x4A71,0x4A71,0x4A71,0x4A71,0x4A71,0x4A71,0x4A71,0x4A71,0x4A71,0x4A71,
  0x5291,0x5AD2,0x5AD3,0x62D3,0x62D3,0x62D3,0x62D3,0x5AD3,0x5AD2,0x5291,0x4A91,0x4A71,0x4A71,0x4A71,0x4A71,0x4A71,
  0x4A71,0x4A71,0x4A71,0x4A71,0x4A71,0x4A71,0x4A71,0x4A71,0x4A71,0x4A71,0x4A71,0x4A71,0x4A71,0x4A71,0x4A71,0x4A71,
  0x4A71,0x4A71,0x4A71,0x4A71,0x4A71,0x4A71,0x4A71,0x4A71,0x4A71,0x4A71,0x5291,0x5AD2,0x5AD3,0x62D3,0x62D3,0x62D3,
  0x62D3,0x5AD3,0x5AD2,0x5291,0x4A91,0x4A71,0x4A71,0x4A71,0x4A71,0x4A71,0x4A71,0x4A71,0x4A71,0x4A71,0x4A71,0x4A71,
  0x4A71,0x4A71,0x4A71,0x4A71,0x4A71,0x4A71,0x4A71,0x4A71,0x4A71,0x4A71,0x4A71,0x4A71,0x4A71,0x4A71,0x4A71,0x4A71,
  0x6B13,0x7B75,0x8396,0x8396,0x8396,0x8396,0x8396,0x8396,0x7B75,0x6313,0x5AD2,0x5291,0x4A91,0x4A71,0x4A71,0x4A71,
  0x4A71,0x4A71,0x4A71,0x4A71,0x4A71,0x4A71,0x4A71,0x4A71,0x4A71,0x4A71,0x4A71,0x4A71,0x4A71,0x4A71,0x4A71,0x4A71,
  0x4A71,0x4A71,0x4A71,0x4A71,0x4A71,0x4A71,0x4A71,0x4A71,0x4A91,0x52B1,0x62F3,0x7B55,0x8396,0x8396,0x8396,0x8396,
  0x8396,0x8396,0x7B75,0x6313,0x5AD2,0x5291,0x4A91,0x4A71,0x4A71,0x4A71,0x4A71,0x4A71,0x4A71,0x4A71,0x4A71,0x4A71,
  0x4A71,0x4A71,0x4A71,0x4A71,0x4A71,0x4A71,0x4A71,0x4A71,0x4A71,0x4A71,0x4A71,0x4A71,0x4A71,0x4A71,0x4A71,0x4A71,
  0x7B55,0x6B13,0x62F3,0x62F3,0x62F3,0x62F3,0x62F3,0x62F3,0x6B13,0x7B55,0x7B55,0x62F3,0x52B1,0x4A91,0x4A91,0x4A91,
  0x4A91,0x4A91,0x4A91,0x4A91,0x4A91,0x4A91,0x4A91,0x4A91,0x4A91,0x4A91,0x4A91,0x4A91,0x4A91,0x4A91,0x4A91,0x4A91,
  0x4A91,0x4A91,0x4A91,0x4A91,0x4A91,0x4A91,0x4A91,0x52B1,0x5AD2,0x6313,0x7334,0x6B13,0x62F3,0x62F3,0x62F3,0x62F3,
  0x62F3,0x62F3,0x6B13,0x7B55,0x7B55,0x62F3,0x52B1,0x4A91,0x4A91,0x4A91,0x4A91,0x4A91,0x4A91,0x4A91,0x4A91,0x4A91,
  0x4A91,0x4A91,0x4A91,0x4A91,0x4A91,0x4A91,0x4A91,0x4A91,0x4A91,0x4A91,0x4A91,0x4A91,0x4A91,0x4A91,0x4A91,0x4A91,
  0x5AD2,0x52B1,0x4A91,0x4A91,0x4A91,0x4A91,0x4A91,0x4A91,0x52B1,0x5AD2,0x6B13,0x7334,0x62F3,0x52B1,0x4A91,0x4A91,
  0x4A90,0x4A90,0x4A90,0x4A90,0x4A90,0x4A90,0x4A90,0x4A90,0x4A90,0x4A90,0x4A90,0x4A90,0x4A90,0x4A90,0x4A90,0x4A90,
  0x4A90,0x4A90,0x4A90,0x4A90,0x4A90,0x4A91,0x52B1,0x62F3,0x7B75,0x7B75,0x62F3,0x52B1,0x4A91,0x4A91,0x4A91,0x4A91,
  0x4A91,0x4A91,0x52B1,0x5AD2,0x6B13,0x7334,0x62F3,0x52B1,0x4A91,0x4A90,0x4A90,0x4A90,0x4A90,0x4A90,0x4A90,0x4A90,
  0x4A90,0x4A90,0x4A90,0x4A90,0x4A90,0x4A90,0x4A90,0x4A90,0x4A90,0x4A90,0x4A90,0x4A90,0x4A90,0x4A90,0x4A90,0x4A90,
  0x4A91,0x4A90,0x4A90,0x4A90,0x4A90,0x4A90,0x4A90,0x4A90,0x4A90,0x4AB1,0x52B1,0x62F3,0x7354,0x6B13,0x5AF2,0x52B1,
  0x4AB1,0x4A90,0x4A90,0x4A90,0x4A90,0x4A90,0x4A90,0x4A90,0x4A90,0x4A90,0x4A90,0x4A90,0x4A90,0x4A90,0x4A90,0x4A90,
  0x4A90,0x4A90,0x4A90,0x4A90,0x4AB1,0x52B1,0x62F3,0x7354,0x6B13,0x5AF2,0x52B1,0x4A90,0x4A90,0x4A90,0x4A90,0x4A90,
  0x4A90,0x4A90,0x4A90,0x4AB1,0x52B1,0x62F3,0x7354,0x62F3,0x52B1,0x4AB1,0x4A91,0x4A90,0x4A90,0x4A90,0x4A90,0x4A90,
  0x4A90,0x4A90,0x4A90,0x4A90,0x4A90,0x4A90,0x4A90,0x4A90,0x4A90,0x4A90,0x4A90,0x4A90,0x4A90,0x4A91,0x4AB1,0x4AB1,
  0x4A90,0x4A90,0x4A90,0x4A90,0x4A90,0x4A90,0x4A90,0x4A90,0x4A90,0x4A90,0x4A90,0x52B1,0x6313,0x7B75,0x7B75,0x6B13,
  0x5AF2,0x52B1,0x4A90,0x4A90,0x4A90,0x4A90,0x4A90,0x4A90,0x4A90,0x4A90,0x4A90,0x4A90,0x4A90,0x4A90,0x4A90,0x4A90,
  0x4A90,0x4A90,0x4AB1,0x52B1,0x5AF2,0x6B13,0x7354,0x6313,0x52B1,0x4AB1,0x4A90,0x4A90,0x4A90,0x4A90,0x4A90,0x4A90,
  0x4A90,0x4A90,0x4A90,0x4A90,0x4A90,0x52B1,0x6313,0x7354,0x6B13,0x62F2,0x5AF2,0x52B1,0x4A90,0x4A90,0x4A90,0x4A90,
  0x4A90,0x4A90,0x4A90,0x4A90,0x4A90,0x4A90,0x4A90,0x4A90,0x4A90,0x4A90,0x4A90,0x4A90,0x52B1,0x5AF2,0x62F2,0x62F2,
  0x4A90,0x4A90,0x4A90,0x4A90,0x4A90,0x4A90,0x4A90,0x4A90,0x4A90,0x4A90,0x4A90,0x4A90,0x52B1,0x5AF2,0x6B13,0x7B75,
  0x7B75,0x6313,0x52B1,0x4A90,0x4A90,0x4A90,0x4A90,0x4A90,0x4A90,0x4A90,0x4A90,0x4A90,0x4A90,0x4A90,0x4A90,0x4A90,
  0x4A90,0x52B1,0x5AF2,0x6B13,0x7B75,0x7B75,0x6313,0x52D1,0x4A90,0x4A90,0x4A90,0x4A90,0x4A90,0x4A90,0x4A90,0x4A90,
  0x4A90,0x4A90,0x4A90,0x4A90,0x4A90,0x4A90,0x52D1,0x6313,0x7B75,0x8395,0x7B75,0x6313,0x52B1,0x4A90,0x4A90,0x4A90,
  0x4A90,0x4A90,0x4A90,0x4A90,0x4A90,0x4A90,0x4A90,0x4A90,0x4A90,0x4A90,0x4A90,0x52B1,0x6313,0x7B75,0x8396,0x8396,
  0x4A90,0x4A90,0x4A90,0x4A90,0x4A90,0x4A90,0x4A90,0x4A90,0x4A90,0x4A90,0x4A90,0x4A90,0x4A90,0x4AB0,0x52B1,0x5AF2,
  0x6B13,0x7354,0x6313,0x52D1,0x4AB0,0x4A90,0x4A90,0x4A90,0x4A90,0x4A90,0x4A90,0x4A90,0x4A90,0x4A90,0x4A90,0x4AB0,
  0x52D1,0x6313,0x7B75,0x7B75,0x6B13,0x5AF2,0x52B1,0x4AB0,0x4A90,0x4A90,0x4A90,0x4A90,0x4A90,0x4A90,0x4A90,0x4A90,
  0x4A90,0x4A90,0x4A90,0x4A90,0x4A90,0x4A90,0x4AB0,0x52B1,0x5AF2,0x62F2,0x6B13,0x7354,0x6313,0x52D1,0x4AB0,0x4A90,
  0x4A90,0x4A90,0x4A90,0x4A90,0x4A90,0x4A90,0x4A90,0x4A90,0x4A90,0x4AB0,0x52D1,0x6313,0x7354,0x6B13,0x6312,0x62F2,
  0x4AB0,0x4AB0,0x4AB0,0x4AB0,0x4AB0,0x4AB0,0x4AB0,0x4AB0,0x4AB0,0x4AB0,0x4AB0,0x4AB0,0x4AB0,0x4AB0,0x4AB0,0x4AB0,
  0x52D1,0x6313,0x7354,0x6B13,0x5AF2,0x52B1,0x4AB0,0x4AB0,0x4AB0,0x4AB0,0x4AB0,0x4AB0,0x4AB0,0x4AB0,0x4AB0,0x52D1,
  0x6313,0x7354,0x6B13,0x5AF2,0x52B1,0x4AB0,0x4AB0,0x4AB0,0x4AB0,0x4AB0,0x4AB0,0x4AB0,0x4AB0,0x4AB0,0x4AB0,0x4AB0,
  0x4AB0,0x4AB0,0x4AB0,0x4AB0,0x4AB0,0x4AB0,0x4AB0,0x4AB0,0x4AB0,0x52B0,0x52D1,0x6313,0x7354,0x6313,0x52D1,0x4AB0,
  0x4AB0,0x4AB0,0x4AB0,0x4AB0,0x4AB0,0x4AB0,0x4AB0,0x4AB0,0x4AB0,0x52D1,0x6313,0x7354,0x6313,0x52D1,0x52B0,0x52B0,
  0x4AB0,0x4AB0,0x4AB0,0x4AB0,0x4AB0,0x4AB0,0x4AB0,0x4AB0,0x4AB0,0x4AB0,0x4AB0,0x4AB0,0x4AB0,0x4AB0,0x4AB0,0x4AB0,
  0x4AB0,0x52D1,0x6313,0x7B75,0x7B75,0x6313,0x52D1,0x52B0,0x52B0,0x52B0,0x52B0,0x52B0,0x52B0,0x52B1,0x5AF2,0x6B13,
  0x7354,0x6312,0x52D1,0x4AB0,0x4AB0,0x4AB0,0x4AB0,0x4AB0,0x4AB0,0x4AB0,0x4AB0,0x4AB0,0x4AB0,0x4AB0,0x4AB0,0x4AB0,
  0x4AB0,0x4AB0,0x4AB0,0x4AB0,0x4AB0,0x4AB0,0x4AB0,0x4AB0,0x4AB0,0x4AB0,0x4AB0,0x52D1,0x6312,0x7354,0x6B13,0x5AF2,
  0x52B1,0x52B0,0x52B0,0x52B0,0x52B0,0x52B0,0x52B0,0x52B1,0x5AF2,0x6B13,0x7354,0x6312,0x52D1,0x4AB0,0x4AB0,0x4AB0,
  0x4AB0,0x4AB0,0x4AB0,0x4AB0,0x4AB0,0x4AB0,0x4AB0,0x4AB0,0x4AB0,0x4AB0,0x4AB0,0x4AB0,0x4AB0,0x4AB0,0x4AB0,0x4AB0,
  0x4AB0,0x4AB0,0x52D1,0x5AF2,0x6B13,0x7354,0x6B13,0x6312,0x6312,0x6312,0x6312,0x6312,0x6312,0x6B33,0x7B75,0x7B75,
  0x6313,0x52D1,0x4AB0,0x4AB0,0x4AB0,0x4AB0,0x4AB0,0x4AB0,0x4AB0,0x4AB0,0x4AB0,0x4AB0,0x4AB0,0x4AB0,0x4AB0,0x4AB0,
  0x4AB0,0x4AB0,0x4AB0,0x4AB0,0x4AB0,0x4AB0,0x4AB0,0x4AB0,0x4AB0,0x4AB0,0x4AB0,0x4AB0,0x52D1,0x6313,0x7B75,0x7B75,
  0x6B33,0x6312,0x6312,0x6312,0x6312,0x6312,0x6312,0x6B33,0x7B75,0x7B75,0x6313,0x52D1,0x4AB0,0x4AB0,0x4AB0,0x4AB0,
  0x4AB0,0x4AB0,0x4AB0,0x4AB0,0x4AB0,0x4AB0,0x4AB0,0x4AB0,0x4AB0,0x4AB0,0x4AB0,0x4AB0,0x4AB0,0x4AB0,0x4AB0,0x4AB0,
  0x4AB0,0x4AB0,0x4AB0,0x52B0,0x52D1,0x6312,0x7B75,0x8396,0x8396,0x8396,0x8396,0x8396,0x8396,0x7B75,0x6B33,0x5AF2,
  0x52D1,0x4AB0,0x4AB0,0x4AB0,0x4AB0,0x4AB0,0x4AB0,0x4AB0,0x4AB0,0x4AB0,0x4AB0,0x4AB0,0x4AB0,0x4AB0,0x4AB0,0x4AB0,
  0x4AB0,0x4AB0,0x4AB0,0x4AB0,0x4AB0,0x4AB0,0x4AB0,0x4AB0,0x4AB0,0x4AB0,0x4AB0,0x4AB0,0x4AB0,0x52D1,0x5AF2,0x6B33,
  0x7B75,0x8396,0x8396,0x8396,0x8396,0x8396,0x8396,0x7B75,0x6B33,0x5AF2,0x52D1,0x4AB0,0x4AB0,0x4AB0,0x4AB0,0x4AB0,
  0x4AB0,0x4AB0,0x4AB0,0x4AB0,0x4AB0,0x4AB0,0x4AB0,0x4AB0,0x4AB0,0x4AB0,0x4AB0,0x4AB0,0x4AB0,0x4AB0,0x4AB0,0x4AB0,
  0x4AB0,0x4AB0,0x4AB0,0x4AB0,0x4AB0,0x52D1,0x5AF2,0x6312,0x6312,0x6312,0x6312,0x6312,0x6312,0x5AF2,0x52D1,0x52D0,
  0x4AB0,0x4AB0,0x4AB0,0x4AB0,0x4AB0,0x4AB0,0x4AB0,0x4AB0,0x4AB0,0x4AB0,0x4AB0,0x4AB0,0x4AB0,0x4AB0,0x4AB0,0x4AB0,
  0x4AB0,0x4AB0,0x4AB0,0x4AB0,0x4AB0,0x4AB0,0x4AB0,0x4AB0,0x4AB0,0x4AB0,0x4AB0,0x4AB0,0x4AB0,0x4AB0,0x52D0,0x52D1,
  0x5AF2,0x6312,0x6312,0x6312,0x6312,0x6312,0x6312,0x5AF2,0x52D1,0x52D0,0x4AB0,0x4AB0,0x4AB0,0x4AB0,0x4AB0,0x4AB0,
  0x4AB0,0x4AB0,0x4AB0,0x4AB0,0x4AB0,0x4AB0,0x4AB0,0x4AB0,0x4AB0,0x4AB0,0x4AB0,0x4AB0,0x4AB0,0x4AB0,0x4AB0,0x4AB0,
  0x4AB0,0x4AB0,0x4AB0,0x4AB0,0x4AB0,0x4AB0,0x52B0,0x52D0,0x52D0,0x52D0,0x52D0,0x52D0,0x52D0,0x52B0,0x4AB0,0x4AB0,
  0x4AB0,0x4AB0,0x4AB0,0x4AB0,0x4AB0,0x4AB0,0x4AB0,0x4AB0,0x4AB0,0x4AB0,0x4AB0,0x4AB0,0x4AB0,0x4AB0,0x4AB0,0x4AB0,
  0x4AB0,0x4AB0,0x4AB0,0x4AB0,0x4AB0,0x4AB0,0x4AB0,0x4AB0,0x4AB0,0x4AB0,0x4AB0,0x4AB0,0x4AB0,0x4AB0,0x4AB0,0x4AB0,
  0x52B0,0x52D0,0x52D0,0x52D0,0x52D0,0x52D0,0x52D0,0x52B0,0x4AB0,0x4AB0,0x4AB0,0x4AB0,0x4AB0,0x4AB0,0x4AB0,0x4AB0,
  0x4AB0,0x4AB0,0x4AB0,0x4AB0,0x4AB0,0x4AB0,0x4AB0,0x4AB0,0x4AB0,0x4AB0,0x4AB0,0x4AB0,0x4AB0,0x4AB0,0x4AB0,0x4AB0,
  0x4AB0,0x4AB0,0x4AB0,0x4AB0,0x4AB0,0x4AB0,0x4AB0,0x4AB0,0x4AB0,0x4AB0,0x4AB0,0x4AB0,0x4AB0,0x4AB0,0x4AB0,0x4AB0,
  0x4AB0,0x4AB0,0x4AB0,0x4AB0,0x4AB0,0x4AB0,0x4AB0,0x4AB0,0x4AB0,0x4AB0,0x4AB0,0x4AB0,0x4AB0,0x4AB0,0x4AB0,0x4AB0,
  0x4AB0,0x4AB0,0x4AB0,0x4AB0,0x4AB0,0x4AB0,0x4AB0,0x4AB0,0x4AB0,0x4AB0,0x4AB0,0x4AB0,0x4AB0,0x4AB0,0x4AB0,0x4AB0,
  0x4AB0,0x4AB0,0x4AB0,0x4AB0,0x4AB0,0x4AB0,0x4AB0,0x4AB0,0x4AB0,0x4AB0,0x4AB0,0x4AB0,0x4AB0,0x4AB0,0x4AB0,0x4AB0,
  0x4AB0,0x4AB0,0x4AB0,0x4AB0,0x4AB0,0x4AB0,0x4AB0,0x4AB0,0x4AB0,0x4AB0,0x4AB0,0x4AB0,0x4AB0,0x4AB0,0x4AB0,0x4AB0,
  0x4AB0,0x4AB0,0x4AB0,0x4AB0,0x4AB0,0x4AB0,0x4AB0,0x4AB0,0x4AB0,0x4AB0,0x4AB0,0x4AB0,0x4AB0,0x4AB0,0x4AB0,0x4AB0,
  0x4AB0,0x4AB0,0x4AB0,0x4AB0,0x4AB0,0x4AB0,0x4AB0,0x4AB0,0x4AB0,0x4AB0,0x4AB0,0x4AB0,0x4AB0,0x4AB0,0x4AB0,0x4AB0,
  0x4AB0,0x4AB0,0x4AB0,0x4AB0,0x4AB0,0x4AB0,0x4AB0,0x4AB0,0x4AB0,0x4AB0,0x4AB0,0x4AB0,0x4AB0,0x4AB0,0x4AB0,0x4AB0,
  0x4AB0,0x4AB0,0x4AB0,0x4AB0,0x4AB0,0x4AB0,0x4AB0,0x4AB0,0x4AB0,0x4AB0,0x4AB0,0x4AB0,0x4AB0,0x4AB0,0x4AB0,0x4AB0,
  0x4AB0,0x4AB0,0x4AB0,0x4AB0,0x4AB0,0x4AB0,0x4AB0,0x4AB0,0x4AB0,0x4AB0,0x4AB0,0x4AB0,0x4AB0,0x4AB0,0x4AB0,0x4AB0,
  0x4AB0,0x4AB0,0x4AB0,0x4AB0,0x4AB0,0x4AB0,0x4AB0,0x4AB0,0x4AB0,0x4AB0,0x4AB0,0x4AB0,0x4AB0,0x4AB0,0x4AB0,0x4AB0,
  0x4AB0,0x4AB0,0x4AB0,0x4AB0,0x4AB0,0x4AB0,0x4AB0,0x4AB0,0x4AB0,0x4AB0,0x4AB0,0x4AB0,0x4AB0,0x4AB0,0x4AB0,0x4AB0,
  0x4AB0,0x4AB0,0x4AB0,0x4AB0,0x4AB0,0x4AB0,0x4AB0,0x4AB0,0x4AB0,0x4AB0,0x4AB0,0x4AB0,0x4AB0,0x4AB0,0x4AB0,0x4AB0,
  0x4AB0,0x4AB0,0x4AB0,0x4AB0,0x4AB0,0x4AB0,0x4AB0,0x4AB0,0x4AB0,0x4AB0,0x4AB0,0x4AB0,0x4AB0,0x4AB0,0x4AB0,0x4AB0,
  0x4AB0,0x4AB0,0x4AB0,0x4AB0,0x4AB0,0x4AB0,0x4AB0,0x4AB0,0x4AB0,0x4AB0,0x4AB0,0x4AB0,0x4AB0,0x4AB0,0x4AB0,0x4AB0,
  0x4AB0,0x4AB0,0x4AB0,0x4AB0,0x4AB0,0x4AB0,0x4AB0,0x4AB0,0x4AB0,0x4AB0,0x4AB0,0x4AB0,0x4AB0,0x4AB0,0x4AB0,0x4AB0,
  0x4AB0,0x4AB0,0x4AB0,0x4AB0,0x4AB0,0x4AB0,0x4AB0,0x4AB0,0x4AB0,0x4AB0,0x4AB0,0x4AB0,0x4AB0,0x4AB0,0x4AB0,0x4AB0,
  0x4AB0,0x4AB0,0x4AB0,0x4AB0,0x4AB0,0x4AB0,0x4AB0,0x4AB0,0x4AB0,0x4AB0,0x4AB0,0x4AB0,0x4AB0,0x4AB0,0x4AB0,0x4AB0,
  0x4AB0,0x4AB0,0x4AB0,0x4AB0,0x4AB0,0x4AB0,0x4AB0,0x4AB0,0x4AB0,0x4AB0,0x4AB0,0x4AB0,0x4AB0,0x4AB0,0x4AB0,0x4AB0,
  0x4AD0,0x4AD0,0x4AD0,0x4AD0,0x4AD0,0x4AD0,0x4AD0,0x4AD0,0x4AD0,0x4AD0,0x4AD0,0x4AD0,0x4AD0,0x4AD0,0x4AD0,0x4AD0,
  0x4AD0,0x4AD0,0x4AD0,0x4AD0,0x4AD0,0x4AD0,0x4AD0,0x4AD0,0x4AD0,0x4AD0,0x4AD0,0x4AD0,0x4AD0,0x4AD0,0x4AD0,0x4AD0,
  0x4AD0,0x4AD0,0x4AD0,0x4AD0,0x4AD0,0x4AD0,0x4AD0,0x4AD0,0x4AD0,0x4AD0,0x4AD0,0x4AD0,0x4AD0,0x4AD0,0x4AD0,0x4AD0,
  0x4AD0,0x4AD0,0x4AD0,0x4AD0,0x4AD0,0x4AD0,0x4AD0,0x4AD0,0x4AD0,0x4AD0,0x4AD0,0x4AD0,0x4AD0,0x4AD0,0x4AD0,0x4AD0,
  0x4AD0,0x4AD0,0x4AD0,0x4AD0,0x4AD0,0x4AD0,0x4AD0,0x4AD0,0x4AD0,0x4AD0,0x4AD0,0x4AD0,0x4AD0,0x4AD0,0x4AD0,0x4AD0,
  0x4AAF,0x4AAF,0x4AAF,0x4AAF,0x4AAF,0x4AAF,0x4AAF,0x4AAF,0x4AAF,0x4AAF,0x4AAF,0x4AAF,0x4AAF,0x4AAF,0x4AAF,0x4AAF,
  0x4AAF,0x4AAF,0x4AAF,0x4AAF,0x4AAF,0x4AAF,0x4AAF,0x4AAF,0x4AAF,0x4AAF,0x4AAF,0x4AAF,0x4AAF,0x4AAF,0x4AAF,0x4AAF,
  0x4AAF,0x4AAF,0x4AAF,0x4AAF,0x4AAF,0x4AAF,0x4AAF,0x4AAF,0x4AAF,0x4AAF,0x4AAF,0x4AAF,0x4AAF,0x4AAF,0x4AAF,0x4AAF,
  0x4AAF,0x4AAF,0x4AAF,0x4AAF,0x4AAF,0x4AAF,0x4AAF,0x4AAF,0x4AAF,0x4AAF,0x4AAF,0x4AAF,0x4AAF,0x4AAF,0x4AAF,0x4AAF,
  0x4AAF,0x4AAF,0x4AAF,0x4AAF,0x4AAF,0x4AAF,0x4AAF,0x4AAF,0x4AAF,0x4AAF,0x4AAF,0x4AAF,0x4AAF,0x4AAF,0x4AAF,0x4AAF,
  0x4ACF,0x4ACF,0x4ACF,0x4ACF,0x4ACF,0x4ACF,0x4ACF,0x4ACF,0x4ACF,0x4ACF,0x4ACF,0x4ACF,0x4ACF,0x4ACF,0x4ACF,0x4ACF,
  0x4ACF,0x4ACF,0x4ACF,0x4ACF,0x4ACF,0x4ACF,0x4ACF,0x4ACF,0x4ACF,0x4ACF,0x4ACF,0x4ACF,0x4ACF,0x4ACF,0x4ACF,0x4ACF,
  0x4ACF,0x4ACF,0x4ACF,0x4ACF,0x4ACF,0x4ACF,0x4ACF,0x4ACF,0x4ACF,0x4ACF,0x4ACF,0x4ACF,0x4ACF,0x4ACF,0x4ACF,0x4ACF,
  0x4ACF,0x4ACF,0x4ACF,0x4ACF,0x4ACF,0x4ACF,0x4ACF,0x4ACF,0x4ACF,0x4ACF,0x4ACF,0x4ACF,0x4ACF,0x4ACF,0x4ACF,0x4ACF,
  0x4ACF,0x4ACF,0x4ACF,0x4ACF,0x4ACF,0x4ACF,0x4ACF,0x4ACF,0x4ACF,0x4ACF,0x4ACF,0x4ACF,0x4ACF,0x4ACF,0x4ACF,0x4ACF,
  0x4ACF,0x4ACF,0x4ACF,0x4ACF,0x4ACF,0x4ACF,0x4ACF,0x4ACF,0x4ACF,0x4ACF,0x4ACF,0x4ACF,0x4ACF,0x4ACF,0x4ACF,0x4ACF,
  0x4ACF,0x4ACF,0x4ACF,0x4ACF,0x4ACF,0x4ACF,0x4ACF,0x4ACF,0x4ACF,0x4ACF,0x4ACF,0x4ACF,0x4ACF,0x4ACF,0x4ACF,0x4ACF,
  0x4ACF,0x4ACF,0x4ACF,0x4ACF,0x4ACF,0x4ACF,0x4ACF,0x4ACF,0x4ACF,0x4ACF,0x4ACF,0x4ACF,0x4ACF,0x4ACF,0x4ACF,0x4ACF,
  0x4ACF,0x4ACF,0x4ACF,0x4ACF,0x4ACF,0x4ACF,0x4ACF,0x4ACF,0x4ACF,0x4ACF,0x4ACF,0x4ACF,0x4ACF,0x4ACF,0x4ACF,0x4ACF,
  0x4ACF,0x4ACF,0x4ACF,0x4ACF,0x4ACF,0x4ACF,0x4ACF,0x4ACF,0x4ACF,0x4ACF,0x4ACF,0x4ACF,0x4ACF,0x4ACF,0x4ACF,0x4ACF,
  0x4ACF,0x4ACF,0x4ACF,0x4ACF,0x4ACF,0x4ACF,0x4ACF,0x4ACF,0x4ACF,0x4ACF,0x4ACF,0x4ACF,0x4ACF,0x4ACF,0x4ACF,0x4ACF,
  0x4ACF,0x4ACF,0x4ACF,0x4ACF,0x4ACF,0x4ACF,0x4ACF,0x4ACF,0x4ACF,0x4ACF,0x4ACF,0x4ACF,0x4ACF,0x4ACF,0x4ACF,0x4ACF,
  0x4ACF,0x4ACF,0x4ACF,0x4ACF,0x4ACF,0x4ACF,0x4ACF,0x4ACF,0x4ACF,0x4ACF,0x4ACF,0x4ACF,0x4ACF,0x4ACF,0x4ACF,0x4ACF,
  0x4ACF,0x4ACF,0x4ACF,0x4ACF,0x4ACF,0x4ACF,0x4ACF,0x4ACF,0x4ACF,0x4ACF,0x4ACF,0x4ACF,0x4ACF,0x4ACF,0x4ACF,0x4ACF,
  0x4ACF,0x4ACF,0x4ACF,0x4ACF,0x4ACF,0x4ACF,0x4ACF,0x4ACF,0x4ACF,0x4ACF,0x4ACF,0x4ACF,0x4ACF,0x4ACF,0x4ACF,0x4ACF,
  0x4ACF,0x4ACF,0x4ACF,0x4ACF,0x4ACF,0x4ACF,0x4ACF,0x4ACF,0x4ACF,0x4ACF,0x4ACF,0x4ACF,0x4ACF,0x4ACF,0x4ACF,0x4ACF,
  0x4ACF,0x4ACF,0x4ACF,0x4ACF,0x4ACF,0x4ACF,0x4ACF,0x4ACF,0x4ACF,0x4ACF,0x4ACF,0x4ACF,0x4ACF,0x4ACF,0x4ACF,0x4ACF,
  0x4ACF,0x4ACF,0x4ACF,0x4ACF,0x4ACF,0x4ACF,0x4ACF,0x4ACF,0x4ACF,0x4ACF,0x4ACF,0x4ACF,0x4ACF,0x4ACF,0x4ACF,0x4ACF,
  0x4ACF,0x4ACF,0x4ACF,0x4ACF,0x4ACF,0x4ACF,0x4ACF,0x4ACF,0x4ACF,0x4ACF,0x4ACF,0x4ACF,0x4ACF,0x4ACF,0x4ACF,0x4ACF,
  0x4ACF,0x4ACF,0x4ACF,0x4ACF,0x4ACF,0x4ACF,0x4ACF,0x4ACF,0x4ACF,0x4ACF,0x4ACF,0x4ACF,0x4ACF,0x4ACF,0x4ACF,0x4ACF,
  0x4ACF,0x4ACF,0x4ACF,0x4ACF,0x4ACF,0x4ACF,0x4ACF,0x4ACF,0x4ACF,0x4ACF,0x4ACF,0x4ACF,0x4ACF,0x4ACF,0x4ACF,0x4ACF,
  0x4ACF,0x4ACF,0x4ACF,0x4ACF,0x4ACF,0x4ACF,0x4ACF,0x4ACF,0x4ACF,0x4ACF,0x4ACF,0x4ACF,0x4ACF,0x4ACF,0x4ACF,0x4ACF,
  0x4ACF,0x4ACF,0x4ACF,0x4ACF,0x4ACF,0x4ACF,0x4ACF,0x4ACF,0x4ACF,0x4ACF,0x4ACF,0x4ACF,0x4ACF,0x4ACF,0x4ACF,0x4ACF,
  0x4ACF,0x4ACF,0x4ACF,0x4ACF,0x4ACF,0x4ACF,0x4ACF,0x4ACF,0x4ACF,0x4ACF,0x4ACF,0x4ACF,0x4ACF,0x4ACF,0x4ACF,0x4ACF,
  0x4ACF,0x4ACF,0x4ACF,0x4ACF,0x4ACF,0x4ACF,0x4ACF,0x4ACF,0x4ACF,0x4ACF,0x4ACF,0x4ACF,0x4ACF,0x4ACF,0x4ACF,0x4ACF,
  0x4ACF,0x4ACF,0x4ACF,0x4ACF,0x4ACF,0x4ACF,0x4ACF,0x4ACF,0x4ACF,0x4ACF,0x4ACF,0x4ACF,0x4ACF,0x4ACF,0x4ACF,0x4ACF,
  0x4ACF,0x4ACF,0x4ACF,0x4ACF,0x4ACF,0x4ACF,0x4ACF,0x4ACF,0x4ACF,0x4ACF,0x4ACF,0x4ACF,0x4ACF,0x4ACF,0x4ACF,0x4ACF,
  0x4ACF,0x4ACF,0x4ACF,0x4ACF,0x4ACF,0x4ACF,0x4ACF,0x4ACF,0x4ACF,0x4ACF,0x4ACF,0x4ACF,0x4ACF,0x4ACF,0x4ACF,0x4ACF,
  0x4ACF,0x4ACF,0x4ACF,0x4ACF,0x4ACF,0x4ACF,0x4ACF,0x4ACF,0x4ACF,0x4ACF,0x4ACF,0x4ACF,0x4ACF,0x4ACF,0x4ACF,0x4ACF,
  0x4ACF,0x4ACF,0x4ACF,0x4ACF,0x4ACF,0x4ACF,0x4ACF,0x4ACF,0x4ACF,0x4ACF,0x4ACF,0x4ACF,0x4ACF,0x4ACF,0x4ACF,0x4ACF,
  0x4ACF,0x4ACF,0x4ACF,0x4ACF,0x4ACF,0x4ACF,0x4ACF,0x4ACF,0x4ACF,0x4ACF,0x4ACF,0x4ACF,0x4ACF,0x4ACF,0x4ACF,0x4ACF,
  0x4ACF,0x4ACF,0x4ACF,0x4ACF,0x4ACF,0x4ACF,0x4ACF,0x4ACF,0x4ACF,0x4ACF,0x4ACF,0x4ACF,0x4ACF,0x4ACF,0x4ACF,0x4ACF,
  0x4ACF,0x4ACF,0x4ACF,0x4ACF,0x4ACF,0x4ACF,0x4ACF,0x4ACF,0x4ACF,0x4ACF,0x4ACF,0x4ACF,0x4ACF,0x4ACF,0x4ACF,0x4ACF,
  0x4ACF,0x4ACF,0x4ACF,0x4ACF,0x4ACF,0x4ACF,0x4ACF,0x4ACF,0x4ACF,0x4ACF,0x4ACF,0x4ACF,0x4ACF,0x4ACF,0x4ACF,0x4ACF,
  0x4ACF,0x4ACF,0x4ACF,0x4ACF,0x4ACF,0x4ACF,0x4ACF,0x4ACF,0x4ACF,0x4ACF,0x4ACF,0x4ACF,0x4ACF,0x4ACF,0x4ACF,0x4ACF,
  0x4ACF,0x4ACF,0x4ACF,0x4ACF,0x4ACF,0x4ACF,0x4ACF,0x4ACF,0x4ACF,0x4ACF,0x4ACF,0x4ACF,0x4ACF,0x4ACF,0x4ACF,0x4ACF,
  0x4ACF,0x4ACF,0x4ACF,0x4ACF,0x4ACF,0x4ACF,0x4ACF,0x4ACF,0x4ACF,0x4ACF,0x4ACF,0x4ACF,0x4ACF,0x4ACF,0x4ACF,0x4ACF,
  0x4ACF,0x4ACF,0x4ACF,0x4ACF,0x4ACF,0x4ACF,0x4ACF,0x4ACF,0x4ACF,0x4ACF,0x4ACF,0x4ACF,0x4ACF,0x4ACF,0x4ACF,0x4ACF,
  0x4ACF,0x4ACF,0x4ACF,0x4ACF,0x4ACF,0x4ACF,0x4ACF,0x4ACF,0x4ACF,0x4ACF,0x4ACF,0x4ACF,0x4ACF,0x4ACF,0x4ACF,0x4ACF,
  0x4ACF,0x4ACF,0x4ACF,0x4ACF,0x4ACF,0x4ACF,0x4ACF,0x4ACF,0x4ACF,0x4ACF,0x4ACF,0x4ACF,0x4ACF,0x4ACF,0x4ACF,0x4ACF,
  0x4ACF,0x4ACF,0x4ACF,0x4ACF,0x4ACF,0x4ACF,0x4ACF,0x4ACF,0x4ACF,0x4ACF,0x4ACF,0x4ACF,0x4ACF,0x4ACF,0x4ACF,0x4ACF,
  0x4ACF,0x4ACF,0x4ACF,0x4ACF,0x4ACF,0x4ACF,0x4ACF,0x4ACF,0x4ACF,0x4ACF,0x4ACF,0x4ACF,0x4ACF,0x4ACF,0x4ACF,0x4ACF,
  0x4ACF,0x4ACF,0x4ACF,0x4ACF,0x4ACF,0x4ACF,0x4ACF,0x4ACF,0x4ACF,0x4ACF,0x4ACF,0x4ACF,0x4ACF,0x4ACF,0x4ACF,0x4ACF,
  0x4ACF,0x4ACF,0x4ACF,0x4ACF,0x4ACF,0x4ACF,0x4ACF,0x4ACF,0x4ACF,0x4ACF,0x4ACF,0x4ACF,0x4ACF,0x4ACF,0x4ACF,0x4ACF,
  0x4ACF,0x4ACF,0x4ACF,0x4ACF,0x4ACF,0x4ACF,0x4ACF,0x4ACF,0x4ACF,0x4ACF,0x4ACF,0x4ACF,0x4ACF,0x4ACF,0x4ACF,0x4ACF,
  0x4ACF,0x4ACF,0x4ACF,0x4ACF,0x4ACF,0x4ACF,0x4ACF,0x4ACF,0x4ACF,0x4ACF,0x4ACF,0x4ACF,0x4ACF,0x4ACF,0x4ACF,0x4ACF,
  0x4ACF,0x4ACF,0x4ACF,0x4ACF,0x4ACF,0x4ACF,0x4ACF,0x4ACF,0x4ACF,0x4ACF,0x4ACF,0x4ACF,0x4ACF,0x4ACF,0x4ACF,0x4ACF,
  0x4ACF,0x4ACF,0x4ACF,0x4ACF,0x4ACF,0x4ACF,0x4ACF,0x4ACF,0x4ACF,0x4ACF,0x4ACF,0x4ACF,0x4ACF,0x4ACF,0x4ACF,0x4ACF,
  0x4ACF,0x4ACF,0x4ACF,0x4ACF,0x4ACF,0x4ACF,0x4ACF,0x4ACF,0x4ACF,0x4ACF,0x4ACF,0x4ACF,0x4ACF,0x4ACF,0x4ACF,0x4ACF,
  0x4ACF,0x4ACF,0x4ACF,0x4ACF,0x4ACF,0x4ACF,0x4ACF,0x4ACF,0x4ACF,0x4ACF,0x4ACF,0x4ACF,0x4ACF,0x4ACF,0x4ACF,0x4ACF,
  0x4ACF,0x4ACF,0x4ACF,0x4ACF,0x4ACF,0x4ACF,0x4ACF,0x4ACF,0x4ACF,0x4ACF,0x4ACF,0x4ACF,0x4ACF,0x4ACF,0x4ACF,0x4ACF,
  0x4ACF,0x4ACF,0x4ACF,0x4ACF,0x4ACF,0x4ACF,0x4ACF,0x4ACF,0x4ACF,0x4ACF,0x4ACF,0x4ACF,0x4ACF,0x4ACF,0x4ACF,0x4ACF,
  0x4ACF,0x4ACF,0x4ACF,0x4ACF,0x4ACF,0x4ACF,0x4ACF,0x4ACF,0x4ACF,0x4ACF,0x4ACF,0x4ACF,0x4ACF,0x4ACF,0x4ACF,0x4ACF,
  0x4ACF,0x4ACF,0x4ACF,0x4ACF,0x4ACF,0x4ACF,0x4ACF,0x4ACF,0x4ACF,0x4ACF,0x4ACF,0x4ACF,0x4ACF,0x4ACF,0x4ACF,0x4ACF,
  0x4ACF,0x4ACF,0x4ACF,0x4ACF,0x4ACF,0x4ACF,0x4ACF,0x4ACF,0x4ACF,0x4ACF,0x4ACF,0x4ACF,0x4ACF,0x4ACF,0x4ACF,0x4ACF,
  0x42CF,0x42CF,0x42CF,0x42CF,0x42CF,0x42CF,0x42CF,0x42CF,0x42CF,0x42CF,0x42CF,0x42CF,0x42CF,0x42CF,0x42CF,0x42CF,
  0x42CF,0x42CF,0x42CF,0x42CF,0x42CF,0x42CF,0x42CF,0x42CF,0x42CF,0x42CF,0x42CF,0x42CF,0x42CF,0x42CF,0x42CF,0x42CF,
  0x42CF,0x42CF,0x42CF,0x42CF,0x42CF,0x42CF,0x42CF,0x42CF,0x42CF,0x42CF,0x42CF,0x42CF,0x42CF,0x42CF,0x42CF,0x42CF,
  0x42CF,0x42CF,0x42CF,0x42CF,0x42CF,0x42CF,0x42CF,0x42CF,0x42CF,0x42CF,0x42CF,0x42CF,0x42CF,0x42CF,0x42CF,0x42CF,
  0x42CF,0x42CF,0x42CF,0x42CF,0x42CF,0x42CF,0x42CF,0x42CF,0x42CF,0x42CF,0x42CF,0x42CF,0x42CF,0x42CF,0x42CF,0x42CF,
  0x42CF,0x42CF,0x42CF,0x42CF,0x42CF,0x42CF,0x42CF,0x42CF,0x42CF,0x42CF,0x42CF,0x42CF,0x42CF,0x42CF,0x42CF,0x42CF,
  0x42CF,0x42CF,0x42CF,0x42CF,0x42CF,0x42CF,0x42CF,0x42CF,0x42CF,0x42CF,0x42CF,0x42CF,0x42CF,0x42CF,0x42CF,0x42CF,
  0x42CF,0x42CF,0x42CF,0x42CF,0x42CF,0x42CF,0x42CF,0x42CF,0x42CF,0x42CF,0x42CF,0x42CF,0x42CF,0x42CF,0x42CF,0x42CF,
  0x42CF,0x42CF,0x42CF,0x42CF,0x42CF,0x42CF,0x42CF,0x42CF,0x42CF,0x42CF,0x42CF,0x42CF,0x42CF,0x42CF,0x42CF,0x42CF,
  0x42CF,0x42CF,0x42CF,0x42CF,0x42CF,0x42CF,0x42CF,0x42CF,0x42CF,0x42CF,0x42CF,0x42CF,0x42CF,0x42CF,0x42CF,0x42CF,
  0x42CF,0x42CF,0x42CF,0x42CF,0x42CF,0x42CF,0x42CF,0x42CF,0x42CF,0x42CF,0x42CF,0x42CF,0x42CF,0x42CF,0x42CF,0x42CF,
  0x42CF,0x42CF,0x42CF,0x42CF,0x42CF,0x42CF,0x42CF,0x42CF,0x42CF,0x42CF,0x42CF,0x42CF,0x42CF,0x42CF,0x42CF,0x42CF,
  0x42CF,0x42CF,0x42CF,0x42CF,0x42CF,0x42CF,0x42CF,0x42CF,0x42CF,0x42CF,0x42CF,0x42CF,0x42CF,0x42CF,0x42CF,0x42CF,
  0x42CF,0x42CF,0x42CF,0x42CF,0x42CF,0x42CF,0x42CF,0x42CF,0x42CF,0x42CF,0x42CF,0x42CF,0x42CF,0x42CF,0x42CF,0x42CF,
  0x42CF,0x42CF,0x42CF,0x42CF,0x42CF,0x42CF,0x42CF,0x42CF,0x42CF,0x42CF,0x42CF,0x42CF,0x42CF,0x42CF,0x42CF,0x42CF,
  
};

const uint16_t THEME_OCEAN[] PROGMEM = {
  0x00F6,0x00F6,0x00F6,0x00F6,0x00F6,0x00F6,0x00F6,0x00F6,0x00F6,0x00F6,0x00F6,0x00F6,0x00F6,0x00F6,0x00F6,0x00F6,
  0x00F6,0x00F6,0x00F6,0x00F6,0x00F6,0x00F6,0x00F6,0x00F6,0x00F6,0x00F6,0x00F6,0x00F6,0x00F6,0x00F6,0x00F6,0x00F6,
  0x00F6,0x00F6,0x00F6,0x00F6,0x00F6,0x00F6,0x00F6,0x00F6,0x00F6,0x00F6,0x00F6,0x00F6,0x00F6,0x00F6,0x00F6,0x00F6,
  0x00F6,0x00F6,0x00F6,0x00F6,0x00F6,0x00F6,0x00F6,0x00F6,0x00F6,0x00F6,0x00F6,0x00F6,0x00F6,0x00F6,0x00F6,0x00F6,
  0x00F6,0x00F6,0x00F6,0x00F6,0x00F6,0x00F6,0x00F6,0x00F6,0x00F6,0x00F6,0x00F6,0x00F6,0x00F6,0x00F6,0x00F6,0x00F6,
  0x00F6,0x00F6,0x00F6,0x00F6,0x00F6,0x00F6,0x00F6,0x00F6,0x00F6,0x00F6,0x00F6,0x00F6,0x00F6,0x00F6,0x00F6,0x00F6,
  0x00F6,0x00F6,0x00F6,0x00F6,0x00F6,0x00F6,0x00F6,0x00F6,0x00F6,0x00F6,0x00F6,0x00F6,0x00F6,0x00F6,0x00F6,0x00F6,
  0x00F6,0x00F6,0x00F6,0x00F6,0x00F6,0x00F6,0x00F6,0x00F6,0x00F6,0x00F6,0x00F6,0x00F6,0x00F6,0x00F6,0x00F6,0x00F6,
  0x00F6,0x00F6,0x00F6,0x00F6,0x00F6,0x00F6,0x00F6,0x00F6,0x00F6,0x00F6,0x00F6,0x00F6,0x00F6,0x00F6,0x00F6,0x00F6,
  0x00F6,0x00F6,0x00F6,0x00F6,0x00F6,0x00F6,0x00F6,0x00F6,0x00F6,0x00F6,0x00F6,0x00F6,0x00F6,0x00F6,0x00F6,0x00F6,
  0x00F6,0x00F6,0x00F6,0x00F6,0x00F6,0x00F6,0x00F6,0x00F6,0x00F6,0x00F6,0x00F6,0x00F6,0x00F6,0x00F6,0x00F6,0x00F6,
  0x00F6,0x00F6,0x00F6,0x00F6,0x00F6,0x00F6,0x00F6,0x00F6,0x00F6,0x00F6,0x00F6,0x00F6,0x00F6,0x00F6,0x00F6,0x00F6,
  0x00F6,0x00F6,0x00F6,0x00F6,0x00F6,0x00F6,0x00F6,0x00F6,0x00F6,0x00F6,0x00F6,0x00F6,0x00F6,0x00F6,0x00F6,0x00F6,
  0x00F6,0x00F6,0x00F6,0x00F6,0x00F6,0x00F6,0x00F6,0x00F6,0x00F6,0x00F6,0x00F6,0x00F6,0x00F6,0x00F6,0x00F6,0x00F6,
  0x00F6,0x00F6,0x00F6,0x00F6,0x00F6,0x00F6,0x00F6,0x00F6,0x00F6,0x00F6,0x00F6,0x00F6,0x00F6,0x00F6,0x00F6,0x00F6,
  0x00F6,0x00F6,0x00F6,0x00F6,0x00F6,0x00F6,0x00F6,0x00F6,0x00F6,0x00F6,0x00F6,0x00F6,0x00F6,0x00F6,0x00F6,0x00F6,
  0x00F6,0x00F6,0x00F6,0x00F6,0x00F6,0x00F6,0x00F6,0x00F6,0x00F6,0x00F6,0x00F6,0x00F6,0x00F6,0x00F6,0x00F6,0x00F6,
  0x00F6,0x00F6,0x00F6,0x00F6,0x00F6,0x00F6,0x00F6,0x00F6,0x00F6,0x00F6,0x00F6,0x00F6,0x00F6,0x00F6,0x00F6,0x00F6,
  0x00F6,0x00F6,0x00F6,0x00F6,0x00F6,0x00F6,0x00F6,0x00F6,0x00F6,0x00F6,0x00F6,0x00F6,0x00F6,0x00F6,0x00F6,0x00F6,
  0x00F6,0x00F6,0x00F6,0x00F6,0x00F6,0x00F6,0x00F6,0x00F6,0x00F6,0x00F6,0x00F6,0x00F6,0x00F6,0x00F6,0x00F6,0x00F6,
  0x00F6,0x00F6,0x00F6,0x00F6,0x00F6,0x00F6,0x00F6,0x00F6,0x00F6,0x00F6,0x00F6,0x00F6,0x00F6,0x00F6,0x00F6,0x00F6,
  0x00F6,0x00F6,0x00F6,0x00F6,0x00F6,0x00F6,0x00F6,0x00F6,0x00F6,0x00F6,0x00F6,0x00F6,0x00F6,0x00F6,0x00F6,0x00F6,
  0x00F6,0x00F6,0x00F6,0x00F6,0x00F6,0x00F6,0x00F6,0x00F6,0x00F6,0x00F6,0x00F6,0x00F6,0x00F6,0x00F6,0x00F6,0x00F6,
  0x00F6,0x00F6,0x00F6,0x00F6,0x00F6,0x00F6,0x00F6,0x00F6,0x00F6,0x00F6,0x00F6,0x00F6,0x00F6,0x00F6,0x00F6,0x00F6,
  0x00F6,0x00F6,0x00F6,0x00F6,0x00F6,0x00F6,0x00F6,0x00F6,0x00F6,0x00F6,0x00F6,0x00F6,0x00F6,0x00F6,0x00F6,0x00F6,
  0x00F6,0x00F6,0x00F6,0x00F6,0x00F6,0x00F6,0x00F6,0x00F6,0x00F6,0x00F6,0x00F6,0x00F6,0x00F6,0x00F6,0x00F6,0x00F6,
  0x00F6,0x00F6,0x00F6,0x00F6,0x00F6,0x00F6,0x00F6,0x00F6,0x00F6,0x00F6,0x00F6,0x00F6,0x00F6,0x00F6,0x00F6,0x00F6,
  0x00F6,0x00F6,0x00F6,0x00F6,0x00F6,0x00F6,0x00F6,0x00F6,0x00F6,0x00F6,0x00F6,0x00F6,0x00F6,0x00F6,0x00F6,0x00F6,
  0x00F6,0x00F6,0x00F6,0x00F6,0x00F6,0x00F6,0x00F6,0x00F6,0x00F6,0x00F6,0x00F6,0x00F6,0x00F6,0x00F6,0x00F6,0x00F6,
  0x00F6,0x00F6,0x00F6,0x00F6,0x00F6,0x00F6,0x00F6,0x00F6,0x00F6,0x00F6,0x00F6,0x00F6,0x00F6,0x00F6,0x00F6,0x00F6,
  0x0116,0x0116,0x0116,0x0116,0x0116,0x0116,0x0116,0x0116,0x0116,0x0116,0x0116,0x0116,0x0116,0x0116,0x0116,0x0116,
  0x0116,0x0116,0x0116,0x0116,0x0116,0x0116,0x0116,0x0116,0x0116,0x0116,0x0116,0x0116,0x0116,0x0116,0x0116,0x0116,
  0x0116,0x0116,0x0116,0x0116,0x0116,0x0116,0x0116,0x0116,0x0116,0x0116,0x0116,0x0116,0x0116,0x0116,0x0116,0x0116,
  0x0116,0x0116,0x0116,0x0116,0x0116,0x0116,0x0116,0x0116,0x0116,0x0116,0x0116,0x0116,0x0116,0x0116,0x0116,0x0116,
  0x0116,0x0116,0x0116,0x0116,0x0116,0x0116,0x0116,0x0116,0x0116,0x0116,0x0116,0x0116,0x0116,0x0116,0x0116,0x0116,
  0x0116,0x0116,0x0116,0x0116,0x0116,0x0116,0x0116,0x0116,0x0116,0x0116,0x0116,0x0116,0x0116,0x0116,0x0116,0x0116,
  0x0116,0x0116,0x0116,0x0116,0x0116,0x0116,0x0116,0x0116,0x0116,0x0116,0x0116,0x0116,0x0116,0x0116,0x0116,0x0116,
  0x0116,0x0116,0x0116,0x0116,0x0116,0x0116,0x0116,0x0116,0x0116,0x0116,0x0116,0x0116,0x0116,0x0116,0x0116,0x0116,
  0x0116,0x0116,0x0116,0x0116,0x0116,0x0116,0x0116,0x0116,0x0116,0x0116,0x0116,0x0116,0x0116,0x0116,0x0116,0x0116,
  0x0116,0x0116,0x0116,0x0116,0x0116,0x0116,0x0116,0x0116,0x0116,0x0116,0x0116,0x0116,0x0116,0x0116,0x0116,0x0116,
  0x0116,0x0116,0x0116,0x0116,0x0116,0x0116,0x0116,0x0116,0x0116,0x0116,0x0116,0x0116,0x0116,0x0116,0x0116,0x0116,
  0x0116,0x0116,0x0116,0x0116,0x0116,0x0116,0x0116,0x0116,0x0116,0x0116,0x0116,0x0116,0x0116,0x0116,0x0116,0x0116,
  0x0116,0x0116,0x0116,0x0116,0x0116,0x0116,0x0116,0x0116,0x0116,0x0116,0x0116,0x0116,0x0116,0x0116,0x0116,0x0116,
  0x0116,0x0116,0x0116,0x0116,0x0116,0x0116,0x0116,0x0116,0x0116,0x0116,0x0116,0x0116,0x0116,0x0116,0x0116,0x0116,
  0x0116,0x0116,0x0116,0x0116,0x0116,0x0116,0x0116,0x0116,0x0116,0x0116,0x0116,0x0116,0x0116,0x0116,0x0116,0x0116,
  0x0116,0x0116,0x0116,0x0116,0x0116,0x0116,0x0116,0x0116,0x0116,0x0116,0x0116,0x0116,0x0116,0x0116,0x0116,0x0116,
  0x0116,0x0116,0x0116,0x0116,0x0116,0x0116,0x0116,0x0116,0x0116,0x0116,0x0116,0x0116,0x0116,0x0116,0x0116,0x0116,
  0x0116,0x0116,0x0116,0x0116,0x0116,0x0116,0x0116,0x0116,0x0116,0x0116,0x0116,0x0116,0x0116,0x0116,0x0116,0x0116,
  0x0116,0x0116,0x0116,0x0116,0x0116,0x0116,0x0116,0x0116,0x0116,0x0116,0x0116,0x0116,0x0116,0x0116,0x0116,0x0116,
  0x0116,0x0116,0x0116,0x0116,0x0116,0x0116,0x0116,0x0116,0x0116,0x0116,0x0116,0x0116,0x0116,0x0116,0x0116,0x0116,
  0x0116,0x0116,0x0116,0x0116,0x0116,0x0116,0x0116,0x0116,0x0116,0x0116,0x0116,0x0116,0x0116,0x0116,0x0116,0x0116,
  0x0116,0x0116,0x0116,0x0116,0x0116,0x0116,0x0116,0x0116,0x0116,0x0116,0x0116,0x0116,0x0116,0x0116,0x0116,0x0116,
  0x0116,0x0116,0x0116,0x0116,0x0116,0x0116,0x0116,0x0116,0x0116,0x0116,0x0116,0x0116,0x0116,0x0116,0x0116,0x0116,
  0x0116,0x0116,0x0116,0x0116,0x0116,0x0116,0x0116,0x0116,0x0116,0x0116,0x0116,0x0116,0x0116,0x0116,0x0116,0x0116,
  0x0116,0x0116,0x0116,0x0116,0x0116,0x0116,0x0116,0x0116,0x0116,0x0116,0x0116,0x0116,0x0116,0x0116,0x0116,0x0116,
  0x0116,0x0116,0x0116,0x0116,0x0116,0x0116,0x0116,0x0116,0x0116,0x0116,0x0116,0x0116,0x0116,0x0116,0x0116,0x0116,
  0x0116,0x0116,0x0116,0x0116,0x0136,0x0136,0x0136,0x0136,0x0136,0x0136,0x0136,0x0136,0x0116,0x0116,0x0116,0x0116,
  0x0116,0x0116,0x0116,0x0116,0x0116,0x0116,0x0116,0x0116,0x0116,0x0116,0x0116,0x0116,0x0116,0x0116,0x0116,0x0116,
  0x0116,0x0116,0x0116,0x0116,0x0136,0x0136,0x0136,0x0136,0x0136,0x0136,0x0136,0x0116,0x0116,0x0116,0x0116,0x0116,
  0x0116,0x0116,0x0116,0x0116,0x0116,0x0116,0x0116,0x0116,0x0116,0x0116,0x0116,0x0116,0x0116,0x0116,0x0116,0x0116,
  0x0116,0x0116,0x0116,0x0116,0x0116,0x0116,0x0116,0x0116,0x0116,0x0116,0x0116,0x0116,0x0116,0x0116,0x0116,0x0116,
  0x0116,0x0116,0x0116,0x0157,0x11D9,0x11FA,0x11FA,0x11FA,0x11FA,0x11FA,0x11FA,0x11D9,0x0157,0x0116,0x0116,0x0116,
  0x0116,0x0116,0x0116,0x0116,0x0116,0x0116,0x0116,0x0116,0x0116,0x0116,0x0116,0x0116,0x0116,0x0116,0x0116,0x0116,
  0x0116,0x0116,0x0136,0x0157,0x11D9,0x11FA,0x11FA,0x11FA,0x11FA,0x11FA,0x11D9,0x0157,0x0136,0x0116,0x0116,0x0116,
  0x0116,0x0116,0x0116,0x0116,0x0116,0x0116,0x0116,0x0116,0x0116,0x0116,0x0116,0x0116,0x0116,0x0116,0x0116,0x0116,
  0x0115,0x0115,0x0115,0x0115,0x0115,0x0115,0x0115,0x0115,0x0115,0x0115,0x0115,0x0115,0x0115,0x0115,0x0115,0x0115,
  0x0116,0x0136,0x0157,0x11B9,0x0957,0x0136,0x0136,0x0136,0x0136,0x0136,0x0136,0x0957,0x11B9,0x0157,0x0136,0x0116,
  0x0115,0x0115,0x0115,0x0115,0x0115,0x0115,0x0115,0x0115,0x0115,0x0115,0x0115,0x0115,0x0115,0x0115,0x0115,0x0115,
  0x0116,0x0157,0x11D9,0x11D9,0x0957,0x0136,0x0136,0x0136,0x0136,0x0136,0x0957,0x11D9,0x11D9,0x0157,0x0116,0x0115,
  0x0115,0x0115,0x0115,0x0115,0x0115,0x0115,0x0115,0x0115,0x0115,0x0115,0x0115,0x0115,0x0115,0x0115,0x0115,0x0115,
  0x0156,0x0156,0x0116,0x0115,0x0115,0x0115,0x0115,0x0115,0x0115,0x0115,0x0115,0x0115,0x0115,0x0115,0x0116,0x0156,
  0x0177,0x11D9,0x11D9,0x0157,0x0116,0x0115,0x0115,0x0115,0x0115,0x0115,0x0115,0x0116,0x0157,0x11D9,0x11D9,0x0177,
  0x0156,0x0116,0x0115,0x0115,0x0115,0x0115,0x0115,0x0115,0x0115,0x0115,0x0115,0x0115,0x0115,0x0116,0x0156,0x0156,
  0x0957,0x11D9,0x0157,0x0156,0x0116,0x0115,0x0115,0x0115,0x0115,0x0115,0x0116,0x0156,0x0157,0x11D9,0x0957,0x0156,
  0x0156,0x0116,0x0115,0x0115,0x0115,0x0115,0x0115,0x0115,0x0115,0x0115,0x0115,0x0115,0x0115,0x0116,0x0156,0x0156,
  0x11FA,0x11D9,0x0157,0x0116,0x0115,0x0115,0x0115,0x0115,0x0115,0x0115,0x0115,0x0115,0x0115,0x0116,0x0157,0x11D9,
  0x11F9,0x0977,0x0156,0x0136,0x0115,0x0115,0x0115,0x0115,0x0115,0x0115,0x0115,0x0115,0x0136,0x0156,0x0977,0x11F9,
  0x11F9,0x0977,0x0156,0x0136,0x0115,0x0115,0x0115,0x0115,0x0115,0x0115,0x0115,0x0115,0x0116,0x0157,0x11D9,0x11FA,
  0x11D9,0x0157,0x0116,0x0115,0x0115,0x0115,0x0115,0x0115,0x0115,0x0115,0x0115,0x0115,0x0116,0x0157,0x11D9,0x11FA,
  0x11D9,0x0157,0x0116,0x0115,0x0115,0x0115,0x0115,0x0115,0x0115,0x0115,0x0115,0x0136,0x0156,0x0977,0x11F9,0x11FA,
  0x0156,0x0977,0x11D9,0x0977,0x0156,0x0136,0x0135,0x0135,0x0135,0x0135,0x0135,0x0136,0x0156,0x0977,0x11D9,0x0977,
  0x0156,0x0136,0x0135,0x0135,0x0135,0x0135,0x0135,0x0135,0x0135,0x0135,0x0135,0x0135,0x0135,0x0135,0x0136,0x0156,
  0x0977,0x11F9,0x11F9,0x0177,0x0136,0x0135,0x0135,0x0135,0x0135,0x0135,0x0136,0x0156,0x0977,0x11D9,0x0977,0x0156,
  0x0156,0x0135,0x0135,0x0135,0x0135,0x0135,0x0135,0x0135,0x0135,0x0135,0x0135,0x0135,0x0135,0x0135,0x0156,0x0156,
  0x0977,0x11D9,0x0977,0x0156,0x0136,0x0135,0x0135,0x0135,0x0135,0x0135,0x0136,0x0177,0x11F9,0x11F9,0x0977,0x0156,
  0x0135,0x0136,0x0977,0x11F9,0x11F9,0x0977,0x0156,0x0156,0x0156,0x0156,0x0156,0x0977,0x11F9,0x11F9,0x0977,0x0136,
  0x0135,0x0135,0x0135,0x0135,0x0135,0x0135,0x0135,0x0135,0x0135,0x0135,0x0135,0x0135,0x0135,0x0135,0x0135,0x0135,
  0x0136,0x0156,0x0977,0x11D9,0x0977,0x0156,0x0156,0x0156,0x0156,0x0156,0x0977,0x11F9,0x11F9,0x0977,0x0136,0x0135,
  0x0135,0x0135,0x0135,0x0135,0x0135,0x0135,0x0135,0x0135,0x0135,0x0135,0x0135,0x0135,0x0135,0x0135,0x0135,0x0135,
  0x0136,0x0977,0x11F9,0x11F9,0x0977,0x0156,0x0156,0x0156,0x0156,0x0156,0x0977,0x11D9,0x0977,0x0156,0x0136,0x0135,
  0x0135,0x0135,0x0135,0x0156,0x0977,0x11F9,0x121A,0x121A,0x121A,0x121A,0x121A,0x11F9,0x0977,0x0156,0x0135,0x0135,
  0x0135,0x0135,0x0135,0x0135,0x0135,0x0135,0x0135,0x0135,0x0135,0x0135,0x0135,0x0135,0x0135,0x0135,0x0135,0x0135,
  0x0135,0x0135,0x0135,0x0977,0x11F9,0x121A,0x121A,0x121A,0x121A,0x121A,0x11F9,0x0977,0x0156,0x0135,0x0135,0x0135,
  0x0135,0x0135,0x0135,0x0135,0x0135,0x0135,0x0135,0x0135,0x0135,0x0135,0x0135,0x0135,0x0135,0x0135,0x0135,0x0135,
  0x0135,0x0135,0x0156,0x0977,0x11F9,0x121A,0x121A,0x121A,0x121A,0x121A,0x11F9,0x0977,0x0135,0x0135,0x0135,0x0135,
  0x0135,0x0135,0x0135,0x0135,0x0135,0x0156,0x0156,0x0156,0x0156,0x0156,0x0156,0x0156,0x0135,0x0135,0x0135,0x0135,
  0x0135,0x0135,0x0135,0x0135,0x0135,0x0135,0x0135,0x0135,0x0135,0x0135,0x0135,0x0135,0x0135,0x0135,0x0135,0x0135,
  0x0135,0x0135,0x0135,0x0135,0x0156,0x0156,0x0156,0x0156,0x0156,0x0156,0x0156,0x0135,0x0135,0x0135,0x0135,0x0135,
  0x0135,0x0135,0x0135,0x0135,0x0135,0x0135,0x0135,0x0135,0x0135,0x0135,0x0135,0x0135,0x0135,0x0135,0x0135,0x0135,
  0x0135,0x0135,0x0135,0x0135,0x0156,0x0156,0x0156,0x0156,0x0156,0x0156,0x0156,0x0135,0x0135,0x0135,0x0135,0x0135,
  0x0135,0x0135,0x0135,0x0135,0x0135,0x0135,0x0135,0x0135,0x0135,0x0135,0x0135,0x0135,0x0135,0x0135,0x0135,0x0135,
  0x0135,0x0135,0x0135,0x0135,0x0135,0x0135,0x0135,0x0135,0x0135,0x0135,0x0135,0x0135,0x0135,0x0135,0x0135,0x0135,
  0x0135,0x0135,0x0135,0x0135,0x0135,0x0135,0x0135,0x0135,0x0135,0x0135,0x0135,0x0135,0x0135,0x0135,0x0135,0x0135,
  0x0135,0x0135,0x0135,0x0135,0x0135,0x0135,0x0135,0x0135,0x0135,0x0135,0x0135,0x0135,0x0135,0x0135,0x0135,0x0135,
  0x0135,0x0135,0x0135,0x0135,0x0135,0x0135,0x0135,0x0135,0x0135,0x0135,0x0135,0x0135,0x0135,0x0135,0x0135,0x0135,
  0x0135,0x0135,0x0135,0x0135,0x0135,0x0135,0x0135,0x0135,0x0135,0x0135,0x0135,0x0135,0x0135,0x0135,0x0135,0x0135,
  0x0135,0x0135,0x0135,0x0135,0x0135,0x0135,0x0135,0x0135,0x0135,0x0135,0x0135,0x0135,0x0135,0x0135,0x0135,0x0135,
  0x0135,0x0135,0x0135,0x0135,0x0135,0x0135,0x0135,0x0135,0x0135,0x0135,0x0135,0x0135,0x0135,0x0135,0x0135,0x0135,
  0x0135,0x0135,0x0135,0x0135,0x0135,0x0135,0x0135,0x0135,0x0135,0x0135,0x0135,0x0135,0x0135,0x0135,0x0135,0x0135,
  0x0135,0x0135,0x0135,0x0135,0x0135,0x0135,0x0135,0x0135,0x0135,0x0135,0x0135,0x0135,0x0135,0x0135,0x0135,0x0135,
  0x0135,0x0135,0x0135,0x0135,0x0135,0x0135,0x0135,0x0135,0x0135,0x0135,0x0135,0x0135,0x0135,0x0135,0x0135,0x0135,
  0x0135,0x0135,0x0135,0x0135,0x0135,0x0135,0x0135,0x0135,0x0135,0x0135,0x0135,0x0135,0x0135,0x0135,0x0135,0x0135,
  0x0135,0x0135,0x0135,0x0135,0x0135,0x0135,0x0135,0x0135,0x0135,0x0135,0x0135,0x0135,0x0135,0x0135,0x0135,0x0135,
  0x0135,0x0135,0x0135,0x0135,0x0135,0x0135,0x0135,0x0135,0x0135,0x0135,0x0135,0x0135,0x0135,0x0135,0x0135,0x0135,
  0x0135,0x0135,0x0135,0x0135,0x0135,0x0135,0x0135,0x0135,0x0135,0x0135,0x0135,0x0135,0x0135,0x0135,0x0135,0x0135,
  0x0135,0x0135,0x0135,0x0135,0x0135,0x0135,0x0135,0x0135,0x0135,0x0135,0x0135,0x0135,0x0135,0x0135,0x0135,0x0135,
  0x0135,0x0135,0x0135,0x0135,0x0135,0x0135,0x0135,0x0135,0x0135,0x0135,0x0135,0x0135,0x0135,0x0135,0x0135,0x0135,
  0x0135,0x0135,0x0135,0x0135,0x0135,0x0155,0x09B6,0x09D7,0x09D7,0x09D7,0x09B6,0x0155,0x0135,0x0135,0x0135,0x0135,
  0x0135,0x0135,0x0135,0x0135,0x0135,0x0135,0x0135,0x0135,0x0135,0x0135,0x0135,0x0135,0x0135,0x0135,0x0135,0x0135,
  0x0135,0x0135,0x0135,0x0135,0x0135,0x0135,0x0135,0x0135,0x0135,0x0135,0x0135,0x0135,0x0135,0x0135,0x0135,0x0135,
  0x0135,0x0135,0x0135,0x0135,0x0135,0x0135,0x0135,0x0135,0x0135,0x0135,0x0135,0x0135,0x0135,0x0135,0x0135,0x0135,
  0x0135,0x0135,0x0135,0x0135,0x0135,0x0135,0x0135,0x0135,0x0135,0x0135,0x0135,0x0135,0x0135,0x0135,0x0135,0x0135,
  0x0135,0x0135,0x0135,0x0135,0x0156,0x1217,0x3BFC,0x445C,0x445C,0x445C,0x3BFC,0x1217,0x0156,0x0135,0x0135,0x0135,
  0x0135,0x0135,0x0135,0x0135,0x0135,0x0135,0x0135,0x0135,0x0135,0x0135,0x0135,0x0135,0x0135,0x0135,0x0135,0x0135,
  0x0135,0x0135,0x0135,0x0135,0x0135,0x0135,0x0135,0x0135,0x0135,0x0135,0x0135,0x0135,0x0135,0x0135,0x0135,0x0135,
  0x0135,0x0135,0x0135,0x0135,0x0135,0x0135,0x0135,0x0135,0x0135,0x0135,0x0135,0x0135,0x0135,0x0135,0x0135,0x0135,
  0x0135,0x0135,0x0135,0x0135,0x0135,0x0135,0x0135,0x0135,0x0135,0x0135,0x0135,0x0135,0x0135,0x0135,0x0135,0x0135,
  0x0135,0x0135,0x0135,0x0156,0x1217,0x339A,0x1A37,0x11D7,0x11D7,0x11D7,0x1A37,0x339A,0x1217,0x0156,0x0135,0x0135,
  0x0135,0x0135,0x0135,0x0135,0x0135,0x0135,0x0135,0x0135,0x0135,0x0135,0x0135,0x0135,0x0135,0x0135,0x0135,0x0135,
  0x0135,0x0135,0x0135,0x0135,0x0135,0x0135,0x0135,0x0135,0x0135,0x0135,0x0135,0x0135,0x0135,0x0135,0x0135,0x0135,
  0x0135,0x0135,0x0135,0x0135,0x0135,0x0135,0x0135,0x0135,0x0135,0x0135,0x0135,0x0135,0x0135,0x0135,0x0135,0x0135,
  0x0135,0x0135,0x0135,0x0135,0x0135,0x0135,0x0135,0x0135,0x0135,0x0135,0x0135,0x0135,0x0135,0x0135,0x0135,0x0135,
  0x0135,0x0135,0x0155,0x1217,0x339A,0x1217,0x0155,0x0155,0x0155,0x0155,0x0155,0x1217,0x339A,0x1217,0x0155,0x0135,
  0x0135,0x0135,0x0135,0x0135,0x0135,0x0135,0x0135,0x0135,0x0135,0x0135,0x0135,0x0135,0x0135,0x0135,0x0135,0x0135,
  0x0135,0x0135,0x0135,0x0135,0x0135,0x0135,0x0135,0x0135,0x0135,0x0135,0x0135,0x0135,0x0135,0x0135,0x0135,0x0135,
  0x0155,0x0155,0x0155,0x0155,0x0155,0x0155,0x0155,0x0155,0x0155,0x0155,0x0155,0x0155,0x0155,0x0155,0x0155,0x0155,
  0x0155,0x0155,0x0155,0x0155,0x0155,0x0155,0x0155,0x0155,0x0155,0x0155,0x0155,0x0155,0x0155,0x0155,0x0155,0x0155,
  0x0155,0x0175,0x1237,0x339A,0x1237,0x0175,0x0155,0x0155,0x0155,0x0155,0x0155,0x0175,0x1237,0x339A,0x1237,0x0175,
  0x0155,0x0155,0x0155,0x0155,0x0155,0x0155,0x0155,0x0155,0x0155,0x0155,0x0155,0x0155,0x0155,0x0155,0x0155,0x0155,
  0x0155,0x0155,0x0155,0x0155,0x0155,0x0155,0x0155,0x0155,0x0155,0x0155,0x0155,0x0155,0x0155,0x0155,0x0155,0x0155,
  0x0155,0x0155,0x0155,0x0155,0x0155,0x0155,0x0155,0x0155,0x0155,0x0155,0x0155,0x0155,0x0155,0x0155,0x0155,0x0155,
  0x0155,0x0155,0x0155,0x0155,0x0155,0x0155,0x0155,0x0155,0x0155,0x0155,0x0155,0x0155,0x0155,0x0155,0x0155,0x0155,
  0x0155,0x09D6,0x3BFB,0x1A37,0x0175,0x0155,0x0155,0x0155,0x0155,0x0155,0x0155,0x0155,0x0175,0x1A37,0x3BFB,0x09D6,
  0x0155,0x0155,0x0155,0x0155,0x0155,0x0155,0x0155,0x0155,0x0155,0x0155,0x0155,0x0155,0x0155,0x0155,0x0155,0x0155,
  0x0155,0x0155,0x0155,0x0155,0x0155,0x0155,0x0155,0x0155,0x0155,0x0155,0x0155,0x0155,0x0155,0x0155,0x0155,0x0155,
  0x0155,0x0155,0x0155,0x0155,0x0155,0x0155,0x0155,0x0155,0x0155,0x0155,0x0155,0x0155,0x0155,0x0155,0x0155,0x0155,
  0x0155,0x0155,0x0176,0x0176,0x0176,0x0176,0x0176,0x0176,0x0176,0x0155,0x0155,0x0155,0x0155,0x0155,0x0155,0x0155,
  0x0155,0x11D6,0x445C,0x11F6,0x0155,0x0155,0x0155,0x0155,0x0155,0x0155,0x0155,0x0155,0x0155,0x11F6,0x445C,0x11D6,
  0x0155,0x0176,0x0176,0x0176,0x0176,0x0176,0x0176,0x0176,0x0176,0x0155,0x0155,0x0155,0x0155,0x0155,0x0155,0x0155,
  0x0155,0x0155,0x0155,0x0155,0x0155,0x0155,0x0155,0x0155,0x0155,0x0155,0x0155,0x0155,0x0155,0x0155,0x0155,0x0155,
  0x0155,0x0155,0x0155,0x0155,0x0155,0x0155,0x0155,0x0155,0x0155,0x0155,0x0155,0x0155,0x0155,0x0155,0x0155,0x0155,
  0x0176,0x0996,0x1219,0x1A39,0x1A39,0x1A39,0x1A39,0x1A39,0x1219,0x0996,0x0176,0x0155,0x0155,0x0155,0x0155,0x0155,
  0x0155,0x11F6,0x445C,0x11F6,0x0155,0x0155,0x0155,0x0155,0x0155,0x0155,0x0155,0x0155,0x0155,0x11F6,0x445C,0x11F6,
  0x0996,0x1219,0x1A39,0x1A39,0x1A39,0x1A39,0x1A39,0x1A39,0x1219,0x0996,0x0155,0x0155,0x0155,0x0155,0x0155,0x0155,
  0x0155,0x0155,0x0155,0x0155,0x0155,0x0155,0x0155,0x0155,0x0155,0x0155,0x0155,0x0155,0x0155,0x0155,0x0155,0x0176,
  0x0155,0x0155,0x0155,0x0155,0x0155,0x0155,0x0155,0x0155,0x0155,0x0155,0x0155,0x0155,0x0175,0x09D6,0x11F6,0x1217,
  0x22BA,0x229A,0x09B6,0x0996,0x0176,0x0176,0x0176,0x0176,0x0996,0x1219,0x1219,0x0996,0x0155,0x0155,0x0155,0x0155,
  0x0155,0x11F6,0x445C,0x11F6,0x0155,0x0155,0x0155,0x0155,0x0155,0x0155,0x0155,0x0155,0x0155,0x11F6,0x445C,0x1237,
  0x1218,0x0996,0x0176,0x0176,0x0176,0x0176,0x0176,0x0176,0x0996,0x11F8,0x0996,0x0176,0x0155,0x0155,0x0155,0x0155,
  0x0155,0x0155,0x0155,0x0155,0x0155,0x0155,0x0155,0x0155,0x0155,0x0155,0x0155,0x0155,0x0155,0x0155,0x0996,0x1219,
  0x0155,0x0155,0x0155,0x0155,0x0155,0x0155,0x0155,0x0155,0x0155,0x0155,0x0175,0x11D6,0x1A57,0x441C,0x4C7D,0x4C7C,
  0x4C7D,0x441C,0x1A57,0x11D6,0x0175,0x0155,0x0155,0x0155,0x0155,0x0175,0x0996,0x11F8,0x0996,0x0976,0x0976,0x0155,
  0x0155,0x09D6,0x3BFB,0x1A57,0x0975,0x0155,0x0155,0x0155,0x0155,0x0155,0x0155,0x0155,0x0996,0x1A57,0x441C,0x1A79,
  0x0996,0x0155,0x0155,0x0155,0x0155,0x0155,0x0155,0x0155,0x0155,0x0996,0x1219,0x1219,0x0996,0x0175,0x0155,0x0155,
  0x0155,0x0155,0x0155,0x0155,0x0155,0x0155,0x0155,0x0155,0x0155,0x0155,0x0155,0x0976,0x0976,0x0996,0x11F8,0x0996,
  0x0975,0x0155,0x0155,0x0155,0x0155,0x0155,0x0155,0x0155,0x0155,0x0975,0x1A57,0x441C,0x441C,0x2B1B,0x22BA,0x1217,
  0x11F6,0x1A57,0x3BFB,0x3BFB,0x1A37,0x0975,0x0155,0x0155,0x0155,0x0155,0x0155,0x0996,0x1219,0x1A39,0x1219,0x0996,
  0x0155,0x0175,0x1A37,0x339A,0x1237,0x0975,0x0155,0x0155,0x0155,0x0155,0x0175,0x09B6,0x22DA,0x3BBB,0x1A37,0x0996,
  0x0155,0x0155,0x0155,0x0155,0x0155,0x0155,0x0155,0x0155,0x0155,0x0155,0x0975,0x0996,0x1218,0x1218,0x0996,0x0155,
  0x0155,0x0155,0x0155,0x0155,0x0155,0x0155,0x0155,0x0155,0x0155,0x0155,0x0996,0x1219,0x1A39,0x1219,0x0996,0x0155,
  0x1218,0x0996,0x0155,0x0155,0x0155,0x0155,0x0155,0x0155,0x0975,0x1A37,0x3BDC,0x2AFA,0x1217,0x0996,0x0996,0x0175,
  0x0175,0x0175,0x11D6,0x1A57,0x339A,0x1237,0x0975,0x0155,0x0155,0x0155,0x0155,0x0155,0x0975,0x0976,0x0996,0x11F8,
  0x0996,0x0976,0x0995,0x1A37,0x3B9A,0x1A37,0x0975,0x0175,0x0175,0x0996,0x09B6,0x22DA,0x3BDC,0x1A37,0x0975,0x0155,
  0x0155,0x0155,0x0155,0x0155,0x0155,0x0155,0x0155,0x0155,0x0155,0x0155,0x0155,0x0155,0x0975,0x0996,0x11F8,0x0996,
  0x0975,0x0155,0x0155,0x0155,0x0155,0x0155,0x0155,0x0155,0x0975,0x0996,0x11F8,0x0996,0x0976,0x0975,0x0155,0x0155,
  0x09B6,0x1218,0x0996,0x0996,0x0996,0x0996,0x0996,0x0996,0x1A57,0x3BBB,0x22DA,0x09B6,0x0175,0x0155,0x0155,0x0155,
  0x0155,0x0155,0x0175,0x0975,0x1237,0x33BA,0x1A37,0x0175,0x0155,0x0155,0x0155,0x0155,0x0155,0x0155,0x0155,0x0996,
  0x1218,0x1218,0x09B6,0x09B6,0x1A58,0x3BDB,0x1A57,0x1216,0x1217,0x22BA,0x2B1B,0x3BFC,0x1A37,0x0975,0x0155,0x0155,
  0x0155,0x0155,0x0155,0x0155,0x0155,0x0155,0x0155,0x0155,0x0155,0x0155,0x0155,0x0155,0x0155,0x0155,0x0996,0x1218,
  0x1218,0x09B6,0x0996,0x0996,0x0996,0x0996,0x0996,0x09B6,0x1218,0x1218,0x0996,0x0155,0x0155,0x0155,0x0155,0x0155,
  0x0155,0x0996,0x1218,0x1A39,0x1A39,0x1A39,0x1A59,0x22BA,0x441C,0x1A57,0x0996,0x0175,0x0155,0x0155,0x0155,0x0155,
  0x0155,0x0155,0x0155,0x0155,0x0975,0x1A57,0x3BFB,0x11F6,0x0175,0x0155,0x0155,0x0155,0x0155,0x0155,0x0155,0x0155,
  0x0995,0x09B6,0x1218,0x1A39,0x1A59,0x2AFB,0x441C,0x4C5C,0x4C7C,0x4C7D,0x441C,0x1A57,0x0975,0x0155,0x0155,0x0155,
  0x0155,0x0155,0x0155,0x0155,0x0155,0x0155,0x0155,0x0155,0x0155,0x0155,0x0155,0x0155,0x0155,0x0155,0x0155,0x0995,
  0x09B6,0x1218,0x1A39,0x1A39,0x1A39,0x1A39,0x1A39,0x1218,0x09B6,0x0995,0x0155,0x0155,0x0155,0x0155,0x0155,0x0155,
  0x0155,0x0175,0x0995,0x0995,0x0995,0x0995,0x09B6,0x1A78,0x3C1B,0x11F6,0x0175,0x0155,0x0155,0x0155,0x0155,0x0155,
  0x0155,0x0155,0x0155,0x0155,0x0175,0x11F6,0x3BFB,0x1A57,0x0175,0x0155,0x0155,0x0155,0x0155,0x0155,0x0155,0x0155,
  0x0155,0x0175,0x0995,0x0995,0x0995,0x09B6,0x11F6,0x11F6,0x11F6,0x11F6,0x11F6,0x0175,0x0155,0x0155,0x0155,0x0155,
  0x0155,0x0155,0x0155,0x0155,0x0155,0x0155,0x0155,0x0155,0x0155,0x0155,0x0155,0x0155,0x0155,0x0155,0x0155,0x0155,
  0x0175,0x0995,0x0995,0x0995,0x0995,0x0995,0x0995,0x0995,0x0175,0x0155,0x0155,0x0155,0x0155,0x0155,0x0155,0x0155,
  0x0175,0x0175,0x0175,0x0175,0x0175,0x0175,0x11F6,0x3C1B,0x1A57,0x0195,0x0175,0x0175,0x0175,0x0175,0x0175,0x0175,
  0x0175,0x0175,0x0175,0x0175,0x0175,0x0195,0x1A57,0x3C1B,0x09F6,0x0175,0x0175,0x0175,0x0175,0x0175,0x0175,0x0175,
  0x0175,0x0175,0x0175,0x0175,0x0175,0x0175,0x0175,0x0175,0x0175,0x0175,0x0175,0x0175,0x0175,0x0175,0x0175,0x0175,
  0x0175,0x0175,0x0175,0x0175,0x0175,0x0175,0x0175,0x0175,0x0175,0x0175,0x0175,0x0175,0x0175,0x0175,0x0175,0x0175,
  0x0175,0x0175,0x0175,0x0175,0x0175,0x0175,0x0175,0x0175,0x0175,0x0175,0x0175,0x0175,0x0175,0x0175,0x0175,0x0175,
  0x0174,0x0174,0x0174,0x0174,0x0174,0x0175,0x11F6,0x445C,0x1216,0x0175,0x0174,0x0174,0x0174,0x0174,0x0174,0x0174,
  0x0174,0x0174,0x0174,0x0174,0x0174,0x0175,0x1216,0x445C,0x11F6,0x0175,0x0174,0x0174,0x0174,0x0174,0x0174,0x0174,
  0x0174,0x0174,0x0174,0x0174,0x0174,0x0174,0x0174,0x0174,0x0174,0x0174,0x0174,0x0174,0x0174,0x0174,0x0174,0x0174,
  0x0174,0x0174,0x0174,0x0174,0x0174,0x0174,0x0174,0x0174,0x0174,0x0174,0x0174,0x0174,0x0174,0x0174,0x0174,0x0174,
  0x0174,0x0174,0x0174,0x0174,0x0174,0x0174,0x0174,0x0174,0x0174,0x0174,0x0174,0x0174,0x0174,0x0174,0x0174,0x0174,
  0x0174,0x0174,0x0174,0x0174,0x0174,0x0175,0x1216,0x4C7C,0x1216,0x0175,0x0174,0x0174,0x0174,0x0174,0x0174,0x0174,
  0x0174,0x0174,0x0174,0x0174,0x0174,0x0175,0x1216,0x4C7C,0x1216,0x0175,0x0174,0x0174,0x0174,0x0174,0x0174,0x0174,
  0x0174,0x0174,0x0174,0x0174,0x0174,0x0174,0x0174,0x0174,0x0174,0x0174,0x0174,0x0174,0x0174,0x0174,0x0174,0x0174,
  0x0174,0x0174,0x0174,0x0174,0x0174,0x0174,0x0174,0x0174,0x0174,0x0174,0x0174,0x0174,0x0174,0x0174,0x0174,0x0174,
  0x0174,0x0174,0x0174,0x0174,0x0174,0x0174,0x0174,0x0174,0x0174,0x0174,0x0174,0x0174,0x0174,0x0174,0x0174,0x0174,
  0x0174,0x0174,0x0174,0x0174,0x0174,0x0175,0x1216,0x4C5C,0x1216,0x0175,0x0174,0x0174,0x0174,0x0174,0x0174,0x0174,
  0x0174,0x0174,0x0174,0x0174,0x0174,0x0175,0x1216,0x4C5C,0x1216,0x0175,0x0174,0x0174,0x0174,0x0174,0x0174,0x0174,
  0x0174,0x0174,0x0174,0x0174,0x0174,0x0174,0x0174,0x0174,0x0174,0x0174,0x0174,0x0174,0x0174,0x0174,0x0174,0x0174,
  0x0174,0x0174,0x0174,0x0174,0x0174,0x0174,0x0174,0x0174,0x0174,0x0174,0x0174,0x0174,0x0174,0x0174,0x0174,0x0174,
  0x0174,0x0174,0x0174,0x0174,0x0174,0x0174,0x0174,0x0174,0x0174,0x0174,0x0174,0x0174,0x0174,0x0174,0x0174,0x0174,
  0x0174,0x0174,0x0174,0x0174,0x0174,0x0174,0x11F6,0x441B,0x1A77,0x0995,0x0174,0x0174,0x0174,0x0174,0x0174,0x0174,
  0x0174,0x0174,0x0174,0x0174,0x0174,0x0995,0x1A77,0x441B,0x11F6,0x0174,0x0174,0x0174,0x0174,0x0174,0x0174,0x0174,
  0x0174,0x0174,0x0174,0x0174,0x0174,0x0174,0x0174,0x0174,0x0174,0x0174,0x0174,0x0174,0x0174,0x0174,0x0174,0x0174,
  0x0174,0x0174,0x0174,0x0174,0x0174,0x0174,0x0174,0x0174,0x0174,0x0174,0x0174,0x0174,0x0174,0x0174,0x0174,0x0174,
  0x0174,0x0174,0x0174,0x0174,0x0174,0x0174,0x0174,0x0174,0x0174,0x0174,0x0174,0x0174,0x0174,0x0174,0x0174,0x0174,
  0x0174,0x0174,0x0174,0x0174,0x0174,0x0174,0x0995,0x1A77,0x3C1B,0x11F6,0x0174,0x0174,0x0174,0x0174,0x0174,0x0174,
  0x0174,0x0174,0x0174,0x0174,0x0174,0x11F6,0x3C1B,0x1A77,0x0995,0x0174,0x0174,0x0174,0x0174,0x0174,0x0174,0x0174,
  0x0174,0x0174,0x0174,0x0174,0x0174,0x0174,0x0174,0x0174,0x0174,0x0174,0x0174,0x0174,0x0174,0x0174,0x0174,0x0174,
  0x0174,0x0174,0x0174,0x0174,0x0174,0x0174,0x0174,0x0174,0x0174,0x0174,0x0174,0x0174,0x0174,0x0174,0x0174,0x0174,
  0x0174,0x0174,0x0174,0x0174,0x0174,0x0174,0x0174,0x0174,0x0174,0x0174,0x0174,0x0174,0x0174,0x0174,0x0174,0x0174,
  0x0174,0x0174,0x0174,0x0174,0x0174,0x0174,0x0174,0x11F6,0x3BFB,0x1A57,0x0995,0x0174,0x0174,0x0174,0x0174,0x0174,
  0x0174,0x0174,0x0174,0x0174,0x0995,0x1A57,0x3BFB,0x11F6,0x0174,0x0174,0x0174,0x0174,0x0174,0x0174,0x0174,0x0174,
  0x0174,0x0174,0x0174,0x0174,0x0174,0x0174,0x0174,0x0174,0x0174,0x0174,0x0174,0x0174,0x0174,0x0174,0x0174,0x0174,
  0x0174,0x0174,0x0174,0x0174,0x0174,0x0174,0x0174,0x0174,0x0174,0x0174,0x0174,0x0174,0x0174,0x0174,0x0174,0x0174,
  0x0174,0x0174,0x0174,0x0174,0x0174,0x0174,0x0174,0x0174,0x0174,0x0174,0x0174,0x0174,0x0174,0x0174,0x0174,0x0174,
  0x0174,0x0174,0x0174,0x0174,0x0174,0x0174,0x0174,0x0194,0x1A56,0x3BBA,0x1A56,0x0995,0x0194,0x0174,0x0174,0x0174,
  0x0174,0x0174,0x0194,0x0995,0x1A56,0x3BBA,0x1A56,0x0194,0x0174,0x0174,0x0174,0x0174,0x0174,0x0174,0x0174,0x0174,
  0x0174,0x0174,0x0174,0x0174,0x0174,0x0174,0x0174,0x0174,0x0174,0x0174,0x0174,0x0174,0x0174,0x0174,0x0174,0x0174,
  0x0174,0x0174,0x0174,0x0174,0x0174,0x0174,0x0174,0x0174,0x0174,0x0174,0x0174,0x0174,0x0174,0x0174,0x0174,0x0174,
  0x0174,0x0174,0x0174,0x0174,0x0174,0x0174,0x0174,0x0174,0x0174,0x0174,0x0174,0x0174,0x0174,0x0174,0x0174,0x0174,
  0x0174,0x0174,0x0174,0x0174,0x0174,0x0174,0x0174,0x0174,0x0995,0x1A56,0x3BBA,0x1A57,0x1216,0x0995,0x0194,0x0194,
  0x0194,0x0995,0x1216,0x1A77,0x3BBA,0x1A56,0x0995,0x0174,0x0174,0x0174,0x0174,0x0174,0x0174,0x0174,0x0174,0x0174,
  0x0174,0x0174,0x0174,0x0174,0x0174,0x0174,0x0174,0x0174,0x0174,0x0174,0x0174,0x0174,0x0174,0x0174,0x0174,0x0174,
  0x0174,0x0174,0x0174,0x0174,0x0174,0x0174,0x0174,0x0174,0x0174,0x0174,0x0174,0x0174,0x0174,0x0174,0x0174,0x0174,
  0x0174,0x0174,0x0174,0x0174,0x0174,0x0174,0x0174,0x0174,0x0174,0x0174,0x0174,0x0174,0x0174,0x0174,0x0174,0x0174,
  0x0174,0x0174,0x0174,0x0174,0x0174,0x0174,0x0174,0x0174,0x0174,0x0995,0x1A57,0x3C1B,0x3C1B,0x1A77,0x1216,0x1216,
  0x1216,0x1A77,0x443C,0x443C,0x1A97,0x09D5,0x09B5,0x0194,0x0174,0x0174,0x0174,0x0174,0x0174,0x0174,0x0174,0x0174,
  0x0174,0x0174,0x0174,0x0174,0x0174,0x0174,0x0174,0x0174,0x0174,0x0174,0x0174,0x0174,0x0174,0x0174,0x0194,0x09B5,
  0x09B5,0x09B5,0x09B5,0x09B5,0x09B5,0x09B5,0x0194,0x0174,0x0174,0x0174,0x0174,0x0174,0x0174,0x0174,0x0174,0x0174,
  0x0174,0x0174,0x0174,0x0174,0x0174,0x0174,0x0174,0x0174,0x0174,0x0174,0x0174,0x0174,0x0174,0x0194,0x09B5,0x09B5,
  0x0194,0x0194,0x0194,0x0194,0x0194,0x0194,0x0194,0x0194,0x0194,0x0194,0x0995,0x1216,0x1A77,0x441B,0x4C7D,0x4C7C,
  0x4C5C,0x443C,0x2B3A,0x22FA,0x1A79,0x1A79,0x1A58,0x09D5,0x0194,0x0194,0x0194,0x0194,0x0194,0x0194,0x0194,0x0194,
  0x0194,0x0194,0x0194,0x0194,0x0194,0x0194,0x0194,0x0194,0x0194,0x0194,0x0194,0x0194,0x0194,0x09B5,0x09D6,0x1A58,
  0x1A79,0x1A79,0x1A79,0x1A79,0x1A79,0x1A58,0x09D6,0x09B5,0x0194,0x0194,0x0194,0x0194,0x0194,0x0194,0x0194,0x0194,
  0x0194,0x0194,0x0194,0x0194,0x0194,0x0194,0x0194,0x0194,0x0194,0x0194,0x0194,0x0194,0x0194,0x09D5,0x1A58,0x1A79,
  0x0194,0x0194,0x0194,0x0194,0x0194,0x0194,0x0194,0x0194,0x0194,0x0194,0x0194,0x0994,0x09D5,0x1257,0x22B9,0x1236,
  0x1216,0x1216,0x09D5,0x09B5,0x09B5,0x09B5,0x09D5,0x1237,0x09D5,0x09B5,0x0194,0x0194,0x0194,0x0194,0x0194,0x0194,
  0x0194,0x0194,0x0194,0x0194,0x0194,0x0194,0x0194,0x0194,0x0194,0x0194,0x0194,0x0194,0x09D5,0x1A58,0x1A58,0x09D5,
  0x09B5,0x09B5,0x09B5,0x09B5,0x09B5,0x09D5,0x1A58,0x1A58,0x09D5,0x0194,0x0194,0x0194,0x0194,0x0194,0x0194,0x0194,
  0x0194,0x0194,0x0194,0x0194,0x0194,0x0194,0x0194,0x0194,0x0194,0x0194,0x0194,0x09B5,0x09D5,0x1237,0x09D5,0x09B5,
  0x0194,0x0194,0x0194,0x0194,0x0194,0x0194,0x0194,0x0194,0x0194,0x0194,0x09B5,0x09D5,0x1A58,0x1A58,0x09D5,0x0994,
  0x0194,0x0194,0x0194,0x0194,0x0194,0x0194,0x0194,0x09D5,0x1A58,0x1A58,0x09D5,0x09B5,0x0194,0x0194,0x0194,0x0194,
  0x0194,0x0194,0x0194,0x0194,0x0194,0x0194,0x0194,0x0194,0x0194,0x09B5,0x09B5,0x09D5,0x1237,0x09D5,0x09B5,0x0194,
  0x0194,0x0194,0x0194,0x0194,0x0194,0x0194,0x09B5,0x09D5,0x1237,0x09D5,0x09B5,0x09B5,0x0194,0x0194,0x0194,0x0194,
  0x0194,0x0194,0x0194,0x0194,0x0194,0x0194,0x0194,0x0194,0x0194,0x09B5,0x09D5,0x1A58,0x1A58,0x09D5,0x0194,0x0194,
  0x0194,0x0194,0x0194,0x0194,0x0194,0x0194,0x0194,0x0194,0x0194,0x09D5,0x1A58,0x1A58,0x09D5,0x09B5,0x0194,0x0194,
  0x0194,0x0194,0x0194,0x0194,0x0194,0x0194,0x0194,0x0194,0x09B5,0x09D5,0x1A58,0x1A58,0x09D5,0x09B5,0x0194,0x0194,
  0x0194,0x0194,0x0194,0x0194,0x0194,0x0194,0x0194,0x0194,0x09D5,0x1A58,0x1A78,0x1A58,0x09D5,0x0194,0x0194,0x0194,
  0x0194,0x0194,0x0194,0x0194,0x0194,0x0194,0x0194,0x0194,0x09D5,0x1A58,0x1A78,0x1A58,0x09D5,0x0194,0x0194,0x0194,
  0x0194,0x0194,0x0194,0x0194,0x0194,0x0194,0x0194,0x09B5,0x09D5,0x1A58,0x1A58,0x09D5,0x09B5,0x0194,0x0194,0x0194,
  0x0194,0x0194,0x0194,0x0194,0x0194,0x0194,0x0194,0x09B5,0x09D5,0x1237,0x09D5,0x09B5,0x0194,0x0194,0x0194,0x0194,
  0x0194,0x0194,0x0194,0x0194,0x0194,0x0194,0x0194,0x0194,0x0194,0x0194,0x09B5,0x09D5,0x1A58,0x1A58,0x09D5,0x0194,
  0x0194,0x0194,0x0194,0x0194,0x0194,0x0194,0x09B5,0x09D5,0x1237,0x09D5,0x09B5,0x09B5,0x0194,0x0194,0x0194,0x0194,
  0x0194,0x0194,0x0194,0x0194,0x0194,0x0194,0x0194,0x0194,0x0194,0x09B5,0x09B5,0x09D5,0x1237,0x09D5,0x09B5,0x0194,
  0x0194,0x0194,0x0194,0x0194,0x0194,0x0194,0x09D5,0x1A58,0x1A58,0x09D5,0x09B5,0x0194,0x0194,0x0194,0x0194,0x0194,
  0x09B5,0x09B5,0x09B5,0x09B5,0x09B5,0x09B5,0x09D5,0x1A58,0x1A58,0x09D5,0x0194,0x0194,0x0194,0x0194,0x0194,0x0194,
  0x0194,0x0194,0x0194,0x0194,0x0194,0x0194,0x0194,0x0194,0x0194,0x0194,0x0194,0x0194,0x09B5,0x09D5,0x1237,0x09D5,
  0x09B5,0x09B5,0x09B5,0x09B5,0x09B5,0x09D5,0x1A58,0x1A58,0x09D5,0x0194,0x0194,0x0194,0x0194,0x0194,0x0194,0x0194,
  0x0194,0x0194,0x0194,0x0194,0x0194,0x0194,0x0194,0x0194,0x0194,0x0194,0x0194,0x0194,0x09D5,0x1A58,0x1A58,0x09D5,
  0x09B5,0x09B5,0x09B5,0x09B5,0x09B5,0x09D5,0x1237,0x09D5,0x09B5,0x0194,0x0194,0x0194,0x0194,0x0194,0x0194,0x0194,
  0x1A78,0x1A78,0x1A78,0x1A78,0x1A78,0x1A78,0x1A58,0x09D5,0x09B5,0x0194,0x0194,0x0194,0x0194,0x0194,0x0194,0x0194,
  0x0194,0x0194,0x0194,0x0194,0x0194,0x0194,0x0194,0x0194,0x0194,0x0194,0x0194,0x0194,0x0194,0x0194,0x09D5,0x1A58,
  0x1A78,0x1A78,0x1A78,0x1A78,0x1A78,0x1A58,0x09D5,0x09B5,0x0194,0x0194,0x0194,0x0194,0x0194,0x0194,0x0194,0x0194,
  0x0194,0x0194,0x0194,0x0194,0x0194,0x0194,0x0194,0x0194,0x0194,0x0194,0x0194,0x0194,0x0194,0x09B5,0x09D5,0x1A58,
  0x1A78,0x1A78,0x1A78,0x1A78,0x1A78,0x1A58,0x09D5,0x0194,0x0194,0x0194,0x0194,0x0194,0x0194,0x0194,0x0194,0x0194,
  0x09B5,0x09B5,0x09B5,0x09B5,0x09B5,0x09B5,0x09B5,0x0194,0x0194,0x0194,0x0194,0x0194,0x0194,0x0194,0x0194,0x0194,
  0x0194,0x0194,0x0194,0x0194,0x0194,0x0194,0x0194,0x0194,0x0194,0x0194,0x0194,0x0194,0x0194,0x0194,0x0194,0x09B5,
  0x09B5,0x09B5,0x09B5,0x09B5,0x09B5,0x09B5,0x0194,0x0194,0x0194,0x0194,0x0194,0x0194,0x0194,0x0194,0x0194,0x0194,
  0x0194,0x0194,0x0194,0x0194,0x0194,0x0194,0x0194,0x0194,0x0194,0x0194,0x0194,0x0194,0x0194,0x0194,0x0194,0x09B5,
  0x09B5,0x09B5,0x09B5,0x09B5,0x09B5,0x09B5,0x0194,0x0194,0x0194,0x0194,0x0194,0x0194,0x0194,0x0194,0x0194,0x0194,
  0x0194,0x0194,0x0194,0x0194,0x0194,0x0194,0x0194,0x0194,0x0194,0x0194,0x0194,0x0194,0x0194,0x0194,0x0194,0x0194,
  0x0194,0x0194,0x0194,0x0194,0x0194,0x0194,0x0194,0x0194,0x0194,0x0194,0x0194,0x0194,0x0194,0x0194,0x0194,0x0194,
  0x0194,0x0194,0x0194,0x0194,0x0194,0x0194,0x0194,0x0194,0x0194,0x0194,0x0194,0x0194,0x0194,0x0194,0x0194,0x0194,
  0x0194,0x0194,0x0194,0x0194,0x0194,0x0194,0x0194,0x0194,0x0194,0x0194,0x0194,0x0194,0x0194,0x0194,0x0194,0x0194,
  0x0194,0x0194,0x0194,0x0194,0x0194,0x0194,0x0194,0x0194,0x0194,0x0194,0x0194,0x0194,0x0194,0x0194,0x0194,0x0194,
  0x0194,0x0194,0x0194,0x0194,0x0194,0x0194,0x0194,0x0194,0x0194,0x0194,0x0194,0x0194,0x0194,0x0194,0x0194,0x0194,
  0x0194,0x0194,0x0194,0x0194,0x0194,0x0194,0x0194,0x0194,0x0194,0x0194,0x0194,0x0194,0x0194,0x0194,0x0194,0x0194,
  0x0194,0x0194,0x0194,0x0194,0x0194,0x0194,0x0194,0x0194,0x0194,0x0194,0x0194,0x0194,0x0194,0x0194,0x0194,0x0194,
  0x0194,0x0194,0x0194,0x0194,0x0194,0x0194,0x0194,0x0194,0x0194,0x0194,0x0194,0x0194,0x0194,0x0194,0x0194,0x0194,
  0x0194,0x0194,0x0194,0x0194,0x0194,0x0194,0x0194,0x0194,0x0194,0x0194,0x0194,0x0194,0x0194,0x0194,0x0194,0x0194,
  0x0194,0x0194,0x0194,0x0194,0x0194,0x0194,0x0194,0x0194,0x0194,0x0194,0x0194,0x0194,0x0194,0x0194,0x0194,0x0194,
  0x0194,0x0194,0x0194,0x0194,0x0194,0x0194,0x0194,0x0194,0x0194,0x0194,0x0194,0x0194,0x0194,0x0194,0x0194,0x0194,
  0x0194,0x0194,0x0194,0x0194,0x0194,0x0194,0x0194,0x0194,0x0194,0x0194,0x0194,0x0194,0x0194,0x0194,0x0194,0x0194,
  0x0194,0x0194,0x0194,0x0194,0x0194,0x0194,0x0194,0x0194,0x0194,0x0194,0x0194,0x0194,0x0194,0x0194,0x0194,0x0194,
  0x0194,0x0194,0x0194,0x0194,0x0194,0x0194,0x0194,0x0194,0x0194,0x0194,0x0194,0x0194,0x0194,0x0194,0x0194,0x0194,
  0x01B4,0x01B4,0x01B4,0x01B4,0x01B4,0x01B4,0x01B4,0x01B4,0x01B4,0x01B4,0x01B4,0x01B4,0x01B4,0x01B4,0x01B4,0x01B4,
  0x01B4,0x01B4,0x01B4,0x01B4,0x01B4,0x01B4,0x01B4,0x01B4,0x01B4,0x01B4,0x01B4,0x01B4,0x01B4,0x01B4,0x01B4,0x01B4,
  0x01B4,0x01B4,0x01B4,0x01B4,0x01B4,0x01B4,0x01B4,0x01B4,0x01B4,0x01B4,0x01B4,0x01B4,0x01B4,0x01B4,0x01B4,0x01B4,
  0x01B4,0x01B4,0x01B4,0x01B4,0x01B4,0x01B4,0x01B4,0x01B4,0x01B4,0x01B4,0x01B4,0x01B4,0x01B4,0x01B4,0x01B4,0x01B4,
  0x01B4,0x01B4,0x01B4,0x01B4,0x01B4,0x01B4,0x01B4,0x01B4,0x01B4,0x01B4,0x01B4,0x01B4,0x01B4,0x01B4,0x01B4,0x01B4,
  0x01B4,0x01B4,0x01B4,0x01B4,0x01B4,0x01B4,0x01B4,0x01B4,0x01B4,0x01B4,0x01B4,0x01B4,0x01B4,0x01B4,0x01B4,0x01B4,
  0x01B4,0x01B4,0x01B4,0x01B4,0x01B4,0x01B4,0x01B4,0x01B4,0x01B4,0x01B4,0x01B4,0x01B4,0x01B4,0x01B4,0x01B4,0x01B4,
  0x01B4,0x01B4,0x01B4,0x01B4,0x01B4,0x01B4,0x01B4,0x01B4,0x01B4,0x01B4,0x01B4,0x01B4,0x01B4,0x01B4,0x01B4,0x01B4,
  0x01B4,0x01B4,0x01B4,0x01B4,0x01B4,0x01B4,0x01B4,0x01B4,0x01B4,0x01B4,0x01B4,0x01B4,0x01B4,0x01B4,0x01B4,0x01B4,
  0x01B4,0x01B4,0x01B4,0x01B4,0x01B4,0x01B4,0x01B4,0x01B4,0x01B4,0x01B4,0x01B4,0x01B4,0x01B4,0x01B4,0x01B4,0x01B4,
  0x01B4,0x01B4,0x01B4,0x01B4,0x01B4,0x01B4,0x01B4,0x01B4,0x01B4,0x01B4,0x01B4,0x01B4,0x01B4,0x01B4,0x01B4,0x01B4,
  0x01B4,0x01B4,0x01B4,0x01B4,0x01B4,0x01B4,0x01B4,0x01B4,0x01B4,0x01B4,0x01B4,0x01B4,0x01B4,0x01B4,0x01B4,0x01B4,
  0x01B4,0x01B4,0x01B4,0x01B4,0x01B4,0x01B4,0x01B4,0x01B4,0x01B4,0x01B4,0x01B4,0x01B4,0x01B4,0x01B4,0x01B4,0x01B4,
  0x01B4,0x01B4,0x01B4,0x01B4,0x01B4,0x01B4,0x01B4,0x01B4,0x01B4,0x01B4,0x01B4,0x01B4,0x01B4,0x01B4,0x01B4,0x01B4,
  0x01B4,0x01B4,0x01B4,0x01B4,0x01B4,0x01B4,0x01B4,0x01B4,0x01B4,0x01B4,0x01B4,0x01B4,0x01B4,0x01B4,0x01B4,0x01B4,
  0x01B4,0x01B4,0x01B4,0x01B4,0x01B4,0x01B4,0x01B4,0x01B4,0x01B4,0x01B4,0x01B4,0x01B4,0x01B4,0x01B4,0x01B4,0x01B4,
  0x01B4,0x01B4,0x01B4,0x01B4,0x01B4,0x01B4,0x01B4,0x01B4,0x01B4,0x01B4,0x01B4,0x01B4,0x01B4,0x01B4,0x01B4,0x01B4,
  0x01B4,0x01B4,0x01B4,0x01B4,0x01B4,0x01B4,0x01B4,0x01B4,0x01B4,0x01B4,0x01B4,0x01B4,0x01B4,0x01B4,0x01B4,0x01B4,
  0x01B4,0x01B4,0x01B4,0x01B4,0x01B4,0x01B4,0x01B4,0x01B4,0x01B4,0x01B4,0x01B4,0x01B4,0x01B4,0x01B4,0x01B4,0x01B4,
  0x01B4,0x01B4,0x01B4,0x01B4,0x01B4,0x01B4,0x01B4,0x01B4,0x01B4,0x01B4,0x01B4,0x01B4,0x01B4,0x01B4,0x01B4,0x01B4,
  0x01B4,0x01B4,0x01B4,0x01B4,0x01B4,0x01B4,0x01B4,0x01B4,0x01B4,0x01B4,0x01B4,0x01B4,0x01B4,0x01B4,0x01B4,0x01B4,
  0x01B4,0x01B4,0x01B4,0x01B4,0x01B4,0x01B4,0x01B4,0x01B4,0x01B4,0x01B4,0x01B4,0x01B4,0x01B4,0x01B4,0x01B4,0x01B4,
  0x01B4,0x01B4,0x01B4,0x01B4,0x01B4,0x01B4,0x01B4,0x01B4,0x01B4,0x01B4,0x01B4,0x01B4,0x01B4,0x01B4,0x01B4,0x01B4,
  0x01B4,0x01B4,0x01B4,0x01B4,0x01B4,0x01B4,0x01B4,0x01B4,0x01B4,0x01B4,0x01B4,0x01B4,0x01B4,0x01B4,0x01B4,0x01B4,
  0x01B4,0x01B4,0x01B4,0x01B4,0x01B4,0x01B4,0x01B4,0x01B4,0x01B4,0x01B4,0x01B4,0x01B4,0x01B4,0x01B4,0x01B4,0x01B4,
  0x09B4,0x09B4,0x09B4,0x09B4,0x09B4,0x09B4,0x09B4,0x09B4,0x09B4,0x09B4,0x09B4,0x09B4,0x09B4,0x09B4,0x09B4,0x09B4,
  0x09B4,0x09B4,0x09B4,0x09B4,0x09B4,0x09B4,0x09B4,0x09B4,0x09B4,0x09B4,0x09B4,0x09B4,0x09B4,0x09B4,0x09B4,0x09B4,
  0x09B4,0x09B4,0x09B4,0x09B4,0x09B4,0x09B4,0x09B4,0x09B4,0x09B4,0x09B4,0x09B4,0x09B4,0x09B4,0x09B4,0x09B4,0x09B4,
  0x09B4,0x09B4,0x09B4,0x09B4,0x09B4,0x09B4,0x09B4,0x09B4,0x09B4,0x09B4,0x09B4,0x09B4,0x09B4,0x09B4,0x09B4,0x09B4,
  0x09B4,0x09B4,0x09B4,0x09B4,0x09B4,0x09B4,0x09B4,0x09B4,0x09B4,0x09B4,0x09B4,0x09B4,0x09B4,0x09B4,0x09B4,0x09B4,
  0x09B3,0x09B3,0x09B3,0x09B3,0x09B3,0x09B3,0x09B3,0x09B3,0x09B3,0x09B3,0x09B3,0x09B3,0x09B4,0x09D4,0x09D4,0x09D4,
  0x09D4,0x09D4,0x09D4,0x09D4,0x09B4,0x09B3,0x09B3,0x09B3,0x09B3,0x09B3,0x09B3,0x09B3,0x09B3,0x09B3,0x09B3,0x09B3,
  0x09B3,0x09B3,0x09B3,0x09B3,0x09B3,0x09B3,0x09B3,0x09B3,0x09B3,0x09B3,0x09B3,0x09B4,0x09D4,0x09D4,0x09D4,0x09D4,
  0x09D4,0x09D4,0x09D4,0x09D4,0x09B4,0x09B3,0x09B3,0x09B3,0x09B3,0x09B3,0x09B3,0x09B3,0x09B3,0x09B3,0x09B3,0x09B3,
  0x09B3,0x09B3,0x09B3,0x09B3,0x09B3,0x09B3,0x09B3,0x09B3,0x09B3,0x09B3,0x09B3,0x09B4,0x09D4,0x09D4,0x09D4,0x09D4,
  0x09B3,0x09B3,0x09B3,0x09B3,0x09B3,0x09B3,0x09B3,0x09B3,0x09B3,0x09B3,0x09B4,0x09D4,0x09F5,0x1A77,0x1A98,0x1A98,
  0x1A98,0x1A98,0x1A98,0x1A77,0x09F5,0x09D4,0x09B4,0x09B3,0x09B3,0x09B3,0x09B3,0x09B3,0x09B3,0x09B3,0x09B3,0x09B3,
  0x09B3,0x09B3,0x09B3,0x09B3,0x09B3,0x09B3,0x09B3,0x09B3,0x09B3,0x09B3,0x09B4,0x09F5,0x1A77,0x1A98,0x1A98,0x1A98,
  0x1A98,0x1A98,0x1A98,0x1A77,0x09F5,0x09B4,0x09B3,0x09B3,0x09B3,0x09B3,0x09B3,0x09B3,0x09B3,0x09B3,0x09B3,0x09B3,
  0x09B3,0x09B3,0x09B3,0x09B3,0x09B3,0x09B3,0x09B3,0x09B3,0x09B3,0x09B4,0x09D4,0x09F5,0x1A77,0x1A98,0x1A98,0x1A98,
  0x09B3,0x09B3,0x09B3,0x09B3,0x09B3,0x09B3,0x09B3,0x09B3,0x09B3,0x09B4,0x09F5,0x1A77,0x1A77,0x0A15,0x09F4,0x09F4,
  0x09F4,0x09F4,0x09F4,0x0A15,0x1A77,0x1A77,0x09F5,0x09B4,0x09B3,0x09B3,0x09B3,0x09B3,0x09B3,0x09B3,0x09B3,0x09B3,
  0x09B3,0x09B3,0x09B3,0x09B3,0x09B3,0x09B3,0x09B3,0x09B3,0x09B4,0x09F4,0x09F5,0x1A77,0x09F5,0x09F4,0x09F4,0x09F4,
  0x09F4,0x09F4,0x09F4,0x09F5,0x1A77,0x09F5,0x09F4,0x09B4,0x09B3,0x09B3,0x09B3,0x09B3,0x09B3,0x09B3,0x09B3,0x09B3,
  0x09B3,0x09B3,0x09B3,0x09B3,0x09B3,0x09B3,0x09B3,0x09B3,0x09B4,0x09F5,0x1A77,0x1A77,0x0A15,0x09F4,0x09F4,0x09F4,
  0x09B3,0x09B3,0x09B3,0x09B3,0x09B3,0x09B3,0x09B3,0x09F4,0x09F4,0x09F5,0x1A77,0x09F5,0x09F4,0x09B4,0x09B3,0x09B3,
  0x09B3,0x09B3,0x09B3,0x09B4,0x09F4,0x09F5,0x1A77,0x09F5,0x09F4,0x09F4,0x09B3,0x09B3,0x09B3,0x09B3,0x09B3,0x09B3,
  0x09B3,0x09B3,0x09B3,0x09B3,0x09B3,0x09B3,0x09B3,0x09F4,0x0A15,0x1A77,0x1A77,0x09F5,0x09B4,0x09B3,0x09B3,0x09B3,
  0x09B3,0x09B3,0x09B3,0x09B4,0x09F5,0x1A77,0x1A77,0x0A15,0x09F4,0x09B3,0x09B3,0x09B3,0x09B3,0x09B3,0x09B3,0x09B3,
  0x09B3,0x09B3,0x09B3,0x09B3,0x09B3,0x09B3,0x09F4,0x09F4,0x09F5,0x1A77,0x09F5,0x09F4,0x09B4,0x09B3,0x09B3,0x09B3,
  0x09B3,0x09B3,0x09B3,0x09B3,0x09B3,0x09B3,0x09F5,0x1A77,0x1A98,0x1A77,0x09F5,0x09B3,0x09B3,0x09B3,0x09B3,0x09B3,
  0x09B3,0x09B3,0x09B3,0x09B3,0x09B3,0x09B3,0x09F5,0x1A77,0x1A98,0x1A77,0x09F5,0x09B3,0x09B3,0x09B3,0x09B3,0x09B3,
  0x09B3,0x09B3,0x09B3,0x09B3,0x09B3,0x09B3,0x09F5,0x1A77,0x1A97,0x0A15,0x09F4,0x09D3,0x09B3,0x09B3,0x09B3,0x09B3,
  0x09B3,0x09B3,0x09B3,0x09B3,0x09D3,0x09F4,0x0A15,0x1A97,0x1A77,0x09F5,0x09B3,0x09B3,0x09B3,0x09B3,0x09B3,0x09B3,
  0x09B3,0x09B3,0x09B3,0x09B3,0x09B3,0x09F5,0x1A77,0x1A98,0x1A77,0x09F5,0x09B3,0x09B3,0x09B3,0x09B3,0x09B3,0x09B3,
  0x09D3,0x09D3,0x09D3,0x09D3,0x09F4,0x0A15,0x1A77,0x0A15,0x09F4,0x09F4,0x09D3,0x09D3,0x09D3,0x09D3,0x09D3,0x09D3,
  0x09D3,0x09D3,0x09D3,0x09D3,0x09D3,0x09D3,0x09D3,0x09F4,0x09F4,0x0A15,0x1A77,0x0A15,0x09F4,0x09D3,0x09D3,0x09D3,
  0x09D3,0x09D3,0x09D3,0x09D3,0x09F4,0x0A15,0x1A77,0x0A15,0x09F4,0x09D3,0x09D3,0x09D3,0x09D3,0x09D3,0x09D3,0x09D3,
  0x09D3,0x09D3,0x09D3,0x09D3,0x09D3,0x09D3,0x09D3,0x09F4,0x0A15,0x1A77,0x0A15,0x09F4,0x09D3,0x09D3,0x09D3,0x09D3,
  0x09D3,0x09D3,0x09D3,0x09F4,0x0A15,0x1A77,0x0A15,0x09F4,0x09F4,0x09D3,0x09D3,0x09D3,0x09D3,0x09D3,0x09D3,0x09D3,
  0x09F4,0x09F4,0x09F4,0x0A15,0x1A97,0x1A97,0x0A14,0x09D3,0x09D3,0x09D3,0x09D3,0x09D3,0x09D3,0x09D3,0x09D3,0x09D3,
  0x09D3,0x09D3,0x09D3,0x09D3,0x09D3,0x09D3,0x09D3,0x09D3,0x09D3,0x09D3,0x0A14,0x1A97,0x1A97,0x0A15,0x09F4,0x09F4,
  0x09F4,0x09F4,0x09F4,0x0A15,0x1A97,0x1A97,0x0A14,0x09D3,0x09D3,0x09D3,0x09D3,0x09D3,0x09D3,0x09D3,0x09D3,0x09D3,
  0x09D3,0x09D3,0x09D3,0x09D3,0x09D3,0x09D3,0x09D3,0x09D3,0x09D3,0x0A14,0x1A97,0x1A97,0x0A15,0x09F4,0x09F4,0x09F4,
  0x09F4,0x09F4,0x0A15,0x1A97,0x1A97,0x0A14,0x09D3,0x09D3,0x09D3,0x09D3,0x09D3,0x09D3,0x09D3,0x09D3,0x09D3,0x09D3,
  0x1AB8,0x1AB8,0x1AB8,0x1A97,0x0A15,0x09F4,0x09D3,0x09D3,0x09D3,0x09D3,0x09D3,0x09D3,0x09D3,0x09D3,0x09D3,0x09D3,
  0x09D3,0x09D3,0x09D3,0x09D3,0x09D3,0x09D3,0x09D3,0x09D3,0x09D3,0x09D3,0x09D3,0x09F4,0x0A15,0x1A97,0x1AB8,0x1AB8,
  0x1AB8,0x1AB8,0x1AB8,0x1A97,0x0A15,0x09F4,0x09D3,0x09D3,0x09D3,0x09D3,0x09D3,0x09D3,0x09D3,0x09D3,0x09D3,0x09D3,
  0x09D3,0x09D3,0x09D3,0x09D3,0x09D3,0x09D3,0x09D3,0x09D3,0x09D3,0x09D3,0x09F4,0x0A15,0x1A97,0x1AB8,0x1AB8,0x1AB8,
  0x1AB8,0x1AB8,0x1A97,0x0A15,0x09F4,0x09D3,0x09D3,0x09D3,0x09D3,0x09D3,0x09D3,0x09D3,0x09D3,0x09D3,0x09D3,0x09D3,
  0x09F4,0x09F4,0x09F4,0x09F4,0x09D3,0x09D3,0x09D3,0x09D3,0x09D3,0x09D3,0x09D3,0x09D3,0x09D3,0x09D3,0x09D3,0x09D3,
  0x09D3,0x09D3,0x09D3,0x09D3,0x09D3,0x09D3,0x09D3,0x09D3,0x09D3,0x09D3,0x09D3,0x09D3,0x09D3,0x09F4,0x09F4,0x09F4,
  0x09F4,0x09F4,0x09F4,0x09F4,0x09D3,0x09D3,0x09D3,0x09D3,0x09D3,0x09D3,0x09D3,0x09D3,0x09D3,0x09D3,0x09D3,0x09D3,
  0x09D3,0x09D3,0x09D3,0x09D3,0x09D3,0x09D3,0x09D3,0x09D3,0x09D3,0x09D3,0x09D3,0x09D3,0x09F4,0x09F4,0x09F4,0x09F4,
  0x09F4,0x09F4,0x09F4,0x09D3,0x09D3,0x09D3,0x09D3,0x09D3,0x09D3,0x09D3,0x09D3,0x09D3,0x09D3,0x09D3,0x09D3,0x09D3,
  0x09D3,0x09D3,0x09D3,0x09D3,0x09D3,0x09D3,0x09D3,0x09D3,0x09D3,0x09D3,0x09D3,0x09D3,0x09D3,0x09D3,0x09D3,0x09D3,
  0x09D3,0x09D3,0x09D3,0x09D3,0x09D3,0x09D3,0x09D3,0x09D3,0x09D3,0x09D3,0x09D3,0x09D3,0x09D3,0x09D3,0x09D3,0x09D3,
  0x09D3,0x09D3,0x09D3,0x09D3,0x09D3,0x09D3,0x09D3,0x09D3,0x09D3,0x09D3,0x09D3,0x09D3,0x09D3,0x09D3,0x09D3,0x09D3,
  0x09D3,0x09D3,0x09D3,0x09D3,0x09D3,0x09D3,0x09D3,0x09D3,0x09D3,0x09F3,0x1255,0x1255,0x1255,0x1255,0x1255,0x09F3,
  0x09D3,0x09D3,0x09D3,0x09D3,0x09D3,0x09D3,0x09D3,0x09D3,0x09D3,0x09D3,0x09D3,0x09D3,0x09D3,0x09D3,0x09D3,0x09D3,
  0x09D3,0x09D3,0x09D3,0x09D3,0x09D3,0x09D3,0x09D3,0x09D3,0x09D3,0x09D3,0x09D3,0x09D3,0x09D3,0x09D3,0x09D3,0x09D3,
  0x09D3,0x09D3,0x09D3,0x09D3,0x09D3,0x09D3,0x09D3,0x09D3,0x09D3,0x09D3,0x09D3,0x09D3,0x09D3,0x09D3,0x09D3,0x09D3,
  0x09D3,0x09D3,0x09D3,0x09D3,0x09D3,0x09D3,0x09D3,0x09D3,0x09D3,0x09D3,0x09D3,0x09D3,0x09D3,0x09D3,0x09D3,0x09D3,
  0x09D3,0x09D3,0x09D3,0x09D3,0x09D3,0x09D3,0x09D3,0x09D3,0x09F4,0x1A96,0x443B,0x4C7C,0x4C7C,0x4C7C,0x443B,0x1A96,
  0x09F4,0x09D3,0x09D3,0x09D3,0x09D3,0x09D3,0x09D3,0x09D3,0x09D3,0x09D3,0x09D3,0x09D3,0x09D3,0x09D3,0x09D3,0x09D3,
  0x09D3,0x09D3,0x09D3,0x09D3,0x09D3,0x09D3,0x09D3,0x09D3,0x09D3,0x09D3,0x09D3,0x09D3,0x09D3,0x09D3,0x09D3,0x09D3,
  0x09D3,0x09D3,0x09D3,0x09D3,0x09D3,0x09D3,0x09D3,0x09D3,0x09D3,0x09D3,0x09D3,0x09D3,0x09D3,0x09D3,0x09D3,0x09D3,
  0x09D3,0x09D3,0x09D3,0x09D3,0x09D3,0x09D3,0x09D3,0x09D3,0x09D3,0x09D3,0x09D3,0x09D3,0x09D3,0x09D3,0x09D3,0x09D3,
  0x09D3,0x09D3,0x09D3,0x09D3,0x09D3,0x09D3,0x09D3,0x09F4,0x1A96,0x3BDA,0x1AB6,0x1255,0x1255,0x1255,0x1AB6,0x3BDA,
  0x1A96,0x09F4,0x09D3,0x09D3,0x09D3,0x09D3,0x09D3,0x09D3,0x09D3,0x09D3,0x09D3,0x09D3,0x09D3,0x09D3,0x09D3,0x09D3,
  0x09D3,0x09D3,0x09D3,0x09D3,0x09D3,0x09D3,0x09D3,0x09D3,0x09D3,0x09D3,0x09D3,0x09D3,0x09D3,0x09D3,0x09D3,0x09D3,
  0x09D3,0x09D3,0x09D3,0x09D3,0x09D3,0x09D3,0x09D3,0x09D3,0x09D3,0x09D3,0x09D3,0x09D3,0x09D3,0x09D3,0x09D3,0x09D3,
  0x09D3,0x09D3,0x09D3,0x09D3,0x09D3,0x09D3,0x09D3,0x09D3,0x09D3,0x09D3,0x09D3,0x09D3,0x09D3,0x09D3,0x09D3,0x09D3,
  0x09D3,0x09D3,0x09D3,0x09D3,0x09D3,0x09D3,0x09F3,0x1A96,0x3BDA,0x1A95,0x09F3,0x09F3,0x09D3,0x09F3,0x09F3,0x1A95,
  0x3BDA,0x1A96,0x09F3,0x09D3,0x09D3,0x09D3,0x09D3,0x09D3,0x09D3,0x09D3,0x09D3,0x09D3,0x09D3,0x09D3,0x09D3,0x09D3,
  0x09D3,0x09D3,0x09D3,0x09D3,0x09D3,0x09D3,0x09D3,0x09D3,0x09D3,0x09D3,0x09D3,0x09D3,0x09D3,0x09D3,0x09D3,0x09D3,
  0x09D3,0x09D3,0x09D3,0x09D3,0x09D3,0x09D3,0x09D3,0x09D3,0x09D3,0x09D3,0x09D3,0x09D3,0x09D3,0x09D3,0x09D3,0x09D3,
  0x09D3,0x09D3,0x09D3,0x09D3,0x09D3,0x09D3,0x09D3,0x09D3,0x09D3,0x09D3,0x09D3,0x09D3,0x09D3,0x09D3,0x09D3,0x09D3,
  0x09D3,0x09D3,0x09D3,0x09D3,0x09D3,0x09F3,0x1254,0x443B,0x1AB6,0x09F3,0x09D3,0x09D3,0x09D3,0x09D3,0x09D3,0x09F3,
  0x1AB6,0x443B,0x1254,0x09F3,0x09D3,0x09D3,0x09D3,0x09D3,0x09D3,0x09D3,0x09D3,0x09D3,0x09D3,0x09D3,0x09D3,0x09D3,
  0x09D3,0x09D3,0x09D3,0x09D3,0x09D3,0x09D3,0x09D3,0x09D3,0x09D3,0x09D3,0x09D3,0x09D3,0x09D3,0x09D3,0x09D3,0x09D3,
  0x09D3,0x09D3,0x09D3,0x09D3,0x09D3,0x09D3,0x09D3,0x09D3,0x09D3,0x09D3,0x09D3,0x09D3,0x09D3,0x09D3,0x09D3,0x09D3,
  0x09D3,0x09D3,0x09D3,0x09D3,0x09D3,0x09D3,0x09D3,0x09D3,0x09D3,0x09D3,0x09D3,0x09D3,0x09D3,0x09D3,0x09D3,0x09D3,
  0x09D3,0x09D3,0x09D3,0x09D3,0x09D3,0x09F3,0x1275,0x4C7C,0x1275,0x09F3,0x09D3,0x09D3,0x09D3,0x09D3,0x09D3,0x09F3,
  0x1275,0x4C7C,0x1275,0x09F3,0x09D3,0x09D3,0x09D3,0x09D3,0x09D3,0x09D3,0x09D3,0x09D3,0x09D3,0x09D3,0x09D3,0x09D3,
  0x09F3,0x09F3,0x09F3,0x09F3,0x09F3,0x09F3,0x09F3,0x09F3,0x09F3,0x09F3,0x09F3,0x09F3,0x09F3,0x09F3,0x09F3,0x09F3,
  0x09F3,0x09F3,0x09F3,0x09F3,0x09F3,0x09F3,0x09F3,0x09F3,0x09F3,0x09F3,0x09F3,0x09F3,0x09F3,0x09F3,0x09F3,0x09F3,
  0x09F3,0x09F3,0x09F3,0x09F3,0x09F3,0x09F3,0x09F3,0x09F3,0x09F3,0x09F3,0x09F3,0x09F3,0x09F3,0x09F3,0x09F3,0x09F3,
  0x09F3,0x09F3,0x09F3,0x09F3,0x09F3,0x09F3,0x1275,0x4C9C,0x1275,0x09F3,0x09F3,0x09F3,0x09F3,0x09F3,0x09F3,0x09F3,
  0x1275,0x4C9C,0x1275,0x09F3,0x09F3,0x09F3,0x09F3,0x09F3,0x09F3,0x09F3,0x09F3,0x09F3,0x09F3,0x09F3,0x09F3,0x09F3,
  0x09F3,0x09F3,0x09F3,0x09F3,0x09F3,0x09F3,0x09F3,0x09F3,0x09F3,0x09F3,0x09F3,0x09F3,0x09F3,0x09F3,0x09F3,0x09F3,
  0x09F3,0x09F3,0x09F3,0x09F3,0x09F3,0x09F3,0x09F3,0x09F3,0x09F3,0x09F3,0x09F3,0x09F3,0x09F3,0x09F3,0x09F3,0x09F3,
  0x09F3,0x09F3,0x09F3,0x09F3,0x09F3,0x09F3,0x09F3,0x09F3,0x09F3,0x09F3,0x09F3,0x09F3,0x09F3,0x09F3,0x09F3,0x09F3,
  0x09F3,0x09F3,0x09F3,0x09F3,0x09F3,0x09F3,0x1275,0x4C9C,0x1275,0x09F3,0x09F3,0x09F3,0x09F3,0x09F3,0x09F3,0x09F3,
  0x1275,0x4C9C,0x1275,0x09F3,0x09F3,0x09F3,0x09F3,0x09F3,0x09F3,0x09F3,0x09F3,0x09F3,0x09F3,0x09F3,0x09F3,0x09F3,
  0x09F3,0x09F3,0x09F3,0x09F3,0x09F3,0x09F3,0x09F3,0x09F3,0x09F3,0x09F3,0x09F3,0x09F3,0x09F3,0x09F3,0x09F3,0x09F3,
  0x09F3,0x09F3,0x09F3,0x09F3,0x09F3,0x09F3,0x09F3,0x09F3,0x09F3,0x09F3,0x09F3,0x09F3,0x09F3,0x09F3,0x09F3,0x09F3,
  0x09F3,0x09F3,0x09F3,0x09F3,0x09F3,0x09F3,0x09F3,0x09F3,0x09F3,0x09F3,0x09F3,0x09F3,0x09F3,0x09F3,0x09F3,0x09F3,
  0x09F3,0x09F3,0x09F3,0x09F3,0x09F3,0x09F3,0x1254,0x443B,0x1AB6,0x0A13,0x09F3,0x09F3,0x09F3,0x09F3,0x09F3,0x0A13,
  0x1AB6,0x443B,0x1254,0x09F3,0x09F3,0x09F3,0x09F3,0x09F3,0x09F3,0x09F3,0x09F3,0x09F3,0x09F3,0x09F3,0x09F3,0x09F3,
  0x09F3,0x09F3,0x09F3,0x09F3,0x09F3,0x09F3,0x09F3,0x09F3,0x09F3,0x09F3,0x0A14,0x0A14,0x0A14,0x0A14,0x0A14,0x0A14,
  0x0A14,0x0A14,0x09F3,0x09F3,0x09F3,0x09F3,0x09F3,0x09F3,0x09F3,0x09F3,0x09F3,0x09F3,0x09F3,0x09F3,0x09F3,0x09F3,
  0x09F3,0x09F3,0x09F3,0x09F3,0x09F3,0x09F3,0x09F3,0x09F3,0x09F3,0x09F3,0x0A14,0x0A14,0x0A14,0x0A14,0x0A14,0x0A14,
  0x0A14,0x09F3,0x09F3,0x09F3,0x09F3,0x09F3,0x0A13,0x1AB5,0x3BD9,0x1AB5,0x0A13,0x09F3,0x09F3,0x09F3,0x0A13,0x1AB5,
  0x3BD9,0x1AB5,0x0A13,0x09F3,0x09F3,0x09F3,0x09F3,0x09F3,0x09F3,0x0A14,0x0A14,0x0A14,0x0A14,0x0A14,0x0A14,0x0A14,
  0x09F3,0x09F3,0x09F3,0x09F3,0x09F3,0x09F3,0x09F3,0x09F3,0x09F3,0x1234,0x1AB7,0x1AD7,0x1AD7,0x1AD7,0x1AD7,0x1AD7,
  0x1AD7,0x1AB7,0x1234,0x09F3,0x09F3,0x09F3,0x09F3,0x09F3,0x09F3,0x09F3,0x09F3,0x09F3,0x09F3,0x09F3,0x09F3,0x09F3,
  0x09F3,0x09F3,0x09F3,0x09F3,0x09F3,0x09F3,0x09F3,0x09F3,0x0A13,0x1234,0x1AB7,0x1AD7,0x1AD7,0x1AD7,0x1AD7,0x1AD7,
  0x1AB7,0x1234,0x0A13,0x09F3,0x09F3,0x09F3,0x09F3,0x0A13,0x1AB5,0x3BD9,0x1AB6,0x1275,0x1275,0x1275,0x1AB6,0x3BD9,
  0x1AB5,0x0A13,0x09F3,0x09F3,0x09F3,0x09F3,0x09F3,0x09F3,0x1234,0x1AB7,0x1AD7,0x1AD7,0x1AD7,0x1AD7,0x1AD7,0x1AD7,
  0x09F3,0x09F3,0x09F3,0x09F3,0x09F3,0x09F3,0x09F3,0x0A13,0x1234,0x1A96,0x1234,0x0A14,0x0A14,0x0A14,0x0A14,0x0A14,
  0x0A14,0x1234,0x1A96,0x1234,0x0A13,0x09F3,0x09F3,0x09F3,0x09F3,0x09F3,0x09F3,0x09F3,0x09F3,0x09F3,0x09F3,0x09F3,
  0x09F3,0x09F3,0x09F3,0x09F3,0x09F3,0x09F3,0x09F3,0x1234,0x1AB6,0x1AB6,0x1234,0x0A14,0x0A14,0x0A14,0x0A14,0x0A14,
  0x1234,0x1AB6,0x1AB6,0x1234,0x09F3,0x09F3,0x09F3,0x09F3,0x0A13,0x1AB5,0x443B,0x4C9C,0x4C9C,0x4C9C,0x443B,0x1AB5,
  0x0A13,0x09F3,0x09F3,0x09F3,0x09F3,0x09F3,0x0A13,0x1234,0x1A96,0x1234,0x0A14,0x0A14,0x0A14,0x0A14,0x0A14,0x0A14,
  0x09F3,0x09F3,0x09F3,0x09F3,0x09F3,0x0A13,0x1234,0x1AB6,0x1AB6,0x1234,0x09F3,0x09F3,0x09F3,0x09F3,0x09F3,0x09F3,
  0x09F3,0x09F3,0x1234,0x1AB6,0x1AB6,0x1234,0x0A13,0x09F3,0x09F3,0x09F3,0x09F3,0x09F3,0x09F3,0x09F3,0x09F3,0x09F3,
  0x09F3,0x09F3,0x09F3,0x09F3,0x0A13,0x0A14,0x1234,0x1A96,0x1234,0x0A13,0x09F3,0x09F3,0x09F3,0x09F3,0x09F3,0x09F3,
  0x09F3,0x0A13,0x1234,0x1A96,0x1234,0x0A14,0x0A13,0x09F3,0x09F3,0x0A13,0x1274,0x1274,0x1274,0x1274,0x1274,0x0A13,
  0x09F3,0x09F3,0x09F3,0x09F3,0x0A13,0x1234,0x1AB6,0x1AB6,0x1234,0x09F3,0x09F3,0x09F3,0x09F3,0x09F3,0x09F3,0x09F3,
  0x09F3,0x09F3,0x09F3,0x09F3,0x1234,0x1AB6,0x1AB6,0x1234,0x0A13,0x09F3,0x09F3,0x09F3,0x09F3,0x09F3,0x09F3,0x09F3,
  0x09F3,0x09F3,0x09F3,0x0A13,0x1234,0x1AB6,0x1AB6,0x1234,0x0A13,0x09F3,0x09F3,0x09F3,0x09F3,0x09F3,0x09F3,0x09F3,
  0x09F3,0x09F3,0x09F3,0x1234,0x1AB6,0x1AD7,0x1AB6,0x1234,0x09F3,0x09F3,0x09F3,0x09F3,0x09F3,0x09F3,0x09F3,0x09F3,
  0x09F3,0x09F3,0x09F3,0x1234,0x1AB6,0x1AD7,0x1AB6,0x1234,0x09F3,0x09F3,0x09F3,0x09F3,0x09F3,0x09F3,0x09F3,0x09F3,
  0x09F3,0x09F3,0x0A13,0x1234,0x1AB6,0x1AB6,0x1234,0x0A13,0x09F3,0x09F3,0x09F3,0x09F3,0x09F3,0x09F3,0x09F3,0x09F3,
  0x09F3,0x09F3,0x0A33,0x1234,0x1AB6,0x1234,0x0A33,0x09F3,0x09F3,0x09F3,0x09F3,0x09F3,0x09F3,0x09F3,0x09F3,0x09F3,
  0x09F3,0x09F3,0x09F3,0x09F3,0x09F3,0x0A33,0x1254,0x1AB6,0x1AB6,0x1234,0x09F3,0x09F3,0x09F3,0x09F3,0x09F3,0x09F3,
  0x09F3,0x0A33,0x1234,0x1AB6,0x1234,0x0A33,0x0A33,0x09F3,0x09F3,0x09F3,0x09F3,0x09F3,0x09F3,0x09F3,0x09F3,0x09F3,
  0x09F3,0x09F3,0x09F3,0x09F3,0x0A33,0x0A33,0x1234,0x1AB6,0x1234,0x0A33,0x09F3,0x09F3,0x09F3,0x09F3,0x09F3,0x09F3,
  0x09F3,0x1234,0x1AB6,0x1AB6,0x1254,0x0A33,0x09F3,0x09F3,0x09F3,0x09F3,0x09F3,0x09F3,0x09F3,0x09F3,0x09F3,0x09F3,
  0x0A33,0x1254,0x1AB6,0x1AB6,0x1234,0x09F3,0x09F3,0x09F3,0x09F3,0x09F3,0x09F3,0x09F3,0x09F3,0x09F3,0x09F3,0x09F3,
  0x09F3,0x09F3,0x09F3,0x09F3,0x09F3,0x09F3,0x09F3,0x0A33,0x1234,0x1AB6,0x1234,0x0A33,0x0A33,0x0A33,0x0A33,0x0A33,
  0x1254,0x1AB6,0x1AB6,0x1234,0x09F3,0x09F3,0x09F3,0x09F3,0x09F3,0x09F3,0x09F3,0x09F3,0x09F3,0x09F3,0x09F3,0x09F3,
  0x09F3,0x09F3,0x09F3,0x09F3,0x09F3,0x09F3,0x09F3,0x1234,0x1AB6,0x1AB6,0x1254,0x0A33,0x0A33,0x0A33,0x0A33,0x0A33,
  0x1234,0x1AB6,0x1234,0x0A33,0x09F3,0x09F3,0x09F3,0x09F3,0x09F3,0x09F3,0x09F3,0x09F3,0x09F3,0x09F3,0x09F3,0x09F3,
  0x22D7,0x1AD6,0x1254,0x0A33,0x0A13,0x09F2,0x09F2,0x09F2,0x09F2,0x09F2,0x09F2,0x09F2,0x09F2,0x09F2,0x09F2,0x09F2,
  0x09F2,0x09F2,0x09F2,0x09F2,0x09F2,0x09F2,0x09F2,0x09F2,0x09F3,0x1234,0x1AB6,0x22D7,0x22D7,0x22D7,0x22D7,0x22D7,
  0x1AD6,0x1254,0x0A33,0x0A13,0x09F2,0x09F2,0x09F2,0x09F2,0x09F2,0x09F2,0x09F2,0x09F2,0x09F2,0x09F2,0x09F2,0x09F2,
  0x09F2,0x09F2,0x09F2,0x09F2,0x09F2,0x09F2,0x09F2,0x0A13,0x0A33,0x1254,0x1AD6,0x22D7,0x22D7,0x22D7,0x22D7,0x22D7,
  0x1AB6,0x1234,0x09F3,0x09F2,0x09F2,0x09F2,0x09F2,0x09F2,0x09F2,0x09F2,0x09F2,0x09F2,0x09F2,0x09F2,0x09F2,0x09F2,
  0x0A33,0x0A33,0x0A13,0x0A12,0x0A12,0x0A12,0x0A12,0x0A12,0x0A12,0x0A12,0x0A12,0x0A12,0x0A12,0x0A12,0x0A12,0x0A12,
  0x0A12,0x0A12,0x0A12,0x0A12,0x0A12,0x0A12,0x0A12,0x0A12,0x0A12,0x0A13,0x0A33,0x0A33,0x0A33,0x0A33,0x0A33,0x0A33,
  0x0A33,0x0A13,0x0A12,0x0A12,0x0A12,0x0A12,0x0A12,0x0A12,0x0A12,0x0A12,0x0A12,0x0A12,0x0A12,0x0A12,0x0A12,0x0A12,
  0x0A12,0x0A12,0x0A12,0x0A12,0x0A12,0x0A12,0x0A12,0x0A12,0x0A12,0x0A13,0x0A33,0x0A33,0x0A33,0x0A33,0x0A33,0x0A33,
  0x0A33,0x0A13,0x0A12,0x0A12,0x0A12,0x0A12,0x0A12,0x0A12,0x0A12,0x0A12,0x0A12,0x0A12,0x0A12,0x0A12,0x0A12,0x0A12,
  0x0A12,0x0A12,0x0A12,0x0A12,0x0A12,0x0A12,0x0A12,0x0A12,0x0A12,0x0A12,0x0A12,0x0A12,0x0A12,0x0A12,0x0A12,0x0A12,
  0x0A12,0x0A12,0x0A12,0x0A12,0x0A12,0x0A12,0x0A12,0x0A12,0x0A12,0x0A12,0x0A12,0x0A12,0x0A12,0x0A12,0x0A12,0x0A12,
  0x0A12,0x0A12,0x0A12,0x0A12,0x0A12,0x0A12,0x0A12,0x0A12,0x0A12,0x0A12,0x0A12,0x0A12,0x0A12,0x0A12,0x0A12,0x0A12,
  0x0A12,0x0A12,0x0A12,0x0A12,0x0A12,0x0A12,0x0A12,0x0A12,0x0A12,0x0A12,0x0A12,0x0A12,0x0A12,0x0A12,0x0A12,0x0A12,
  0x0A12,0x0A12,0x0A12,0x0A12,0x0A12,0x0A12,0x0A12,0x0A12,0x0A12,0x0A12,0x0A12,0x0A12,0x0A12,0x0A12,0x0A12,0x0A12,
  0x0A12,0x0A12,0x0A12,0x0A12,0x0A12,0x0A12,0x0A12,0x0A12,0x0A12,0x0A12,0x0A12,0x0A12,0x0A12,0x0A12,0x0A12,0x0A12,
  0x0A12,0x0A12,0x0A12,0x0A12,0x0A12,0x0A12,0x0A12,0x0A12,0x0A12,0x0A12,0x0A12,0x0A12,0x0A12,0x0A12,0x0A12,0x0A12,
  0x0A12,0x0A12,0x0A12,0x0A12,0x0A12,0x0A12,0x0A12,0x0A12,0x0A12,0x0A12,0x0A12,0x0A12,0x0A12,0x0A12,0x0A12,0x0A12,
  0x0A12,0x0A12,0x0A12,0x0A12,0x0A12,0x0A12,0x0A12,0x0A12,0x0A12,0x0A12,0x0A12,0x0A12,0x0A12,0x0A12,0x0A12,0x0A12,
  0x0A12,0x0A12,0x0A12,0x0A12,0x0A12,0x0A12,0x0A12,0x0A12,0x0A12,0x0A12,0x0A12,0x0A12,0x0A12,0x0A12,0x0A12,0x0A12,
  0x0A12,0x0A12,0x0A12,0x0A12,0x0A12,0x0A12,0x0A12,0x0A12,0x0A12,0x0A12,0x0A12,0x0A12,0x0A12,0x0A12,0x0A12,0x0A12,
  0x0A12,0x0A12,0x0A12,0x0A12,0x0A12,0x0A12,0x0A12,0x0A12,0x0A12,0x0A12,0x0A12,0x0A12,0x0A12,0x0A12,0x0A12,0x0A12,
  0x0A12,0x0A12,0x0A12,0x0A12,0x0A12,0x0A12,0x0A12,0x0A12,0x0A12,0x0A12,0x0A12,0x0A12,0x0A12,0x0A12,0x0A12,0x0A12,
  0x0A12,0x0A12,0x0A12,0x0A12,0x0A12,0x0A12,0x0A12,0x0A12,0x0A12,0x0A12,0x0A12,0x0A12,0x0A12,0x0A12,0x0A12,0x0A12,
  0x0A12,0x0A12,0x0A12,0x0A12,0x0A12,0x0A12,0x0A12,0x0A12,0x0A12,0x0A12,0x0A12,0x0A12,0x0A12,0x0A12,0x0A12,0x0A12,
  0x0A12,0x0A12,0x0A12,0x0A12,0x0A12,0x0A12,0x0A12,0x0A12,0x0A12,0x0A12,0x0A12,0x0A12,0x0A12,0x0A12,0x0A12,0x0A12,
  0x0A12,0x0A12,0x0A12,0x0A12,0x0A12,0x0A12,0x0A12,0x0A12,0x0A12,0x0A12,0x0A12,0x0A12,0x0A12,0x0A12,0x0A12,0x0A12,
  0x0A12,0x0A12,0x0A12,0x0A12,0x0A12,0x0A12,0x0A12,0x0A12,0x0A12,0x0A12,0x0A12,0x0A12,0x0A12,0x0A12,0x0A12,0x0A12,
  0x0A12,0x0A12,0x0A12,0x0A12,0x0A12,0x0A12,0x0A12,0x0A12,0x0A12,0x0A12,0x0A12,0x0A12,0x0A12,0x0A12,0x0A12,0x0A12,
  0x0A12,0x0A12,0x0A12,0x0A12,0x0A12,0x0A12,0x0A12,0x0A12,0x0A12,0x0A12,0x0A12,0x0A12,0x0A12,0x0A12,0x0A12,0x0A12,
  0x0A12,0x0A12,0x0A12,0x0A12,0x0A12,0x0A12,0x0A12,0x0A12,0x0A12,0x0A12,0x0A12,0x0A12,0x0A12,0x0A12,0x0A12,0x0A12,
  0x0A12,0x0A12,0x0A12,0x0A12,0x0A12,0x0A12,0x0A12,0x0A12,0x0A12,0x0A12,0x0A12,0x0A12,0x0A12,0x0A12,0x0A12,0x0A12,
  0x0A12,0x0A12,0x0A12,0x0A12,0x0A12,0x0A12,0x0A12,0x0A12,0x0A12,0x0A12,0x0A12,0x0A12,0x0A12,0x0A12,0x0A12,0x0A12,
  0x0A12,0x0A12,0x0A12,0x0A12,0x0A12,0x0A12,0x0A12,0x0A12,0x0A12,0x0A12,0x0A12,0x0A12,0x0A12,0x0A12,0x0A12,0x0A12,
  0x0A12,0x0A12,0x0A12,0x0A12,0x0A12,0x0A12,0x0A12,0x0A12,0x0A12,0x0A12,0x0A12,0x0A12,0x0A12,0x0A12,0x0A12,0x0A12,
  0x0A12,0x0A12,0x0A12,0x0A12,0x0A12,0x0A12,0x0A12,0x0A12,0x0A12,0x0A12,0x0A12,0x0A12,0x0A12,0x0A12,0x0A12,0x0A12,
  0x0A12,0x0A12,0x0A12,0x0A12,0x0A12,0x0A12,0x0A12,0x0A12,0x0A12,0x0A12,0x0A12,0x0A12,0x0A12,0x0A12,0x0A12,0x0A12,
  0x0A12,0x0A12,0x0A12,0x0A12,0x0A12,0x0A12,0x0A12,0x0A12,0x0A12,0x0A12,0x0A12,0x0A12,0x0A12,0x0A12,0x0A12,0x0A12,
  0x0A12,0x0A12,0x0A12,0x0A12,0x0A12,0x0A12,0x0A12,0x0A12,0x0A12,0x0A12,0x0A12,0x0A12,0x0A12,0x0A12,0x0A12,0x0A12,
  0x0A12,0x0A12,0x0A12,0x0A12,0x0A12,0x0A12,0x0A12,0x0A12,0x0A12,0x0A12,0x0A12,0x0A12,0x0A12,0x0A12,0x0A12,0x0A12,
  0x0A12,0x0A12,0x0A12,0x0A12,0x0A12,0x0A12,0x0A12,0x0A12,0x0A12,0x0A12,0x0A12,0x0A12,0x0A12,0x0A12,0x0A12,0x0A12,
  0x0A12,0x0A12,0x0A12,0x0A12,0x0A12,0x0A12,0x0A12,0x0A12,0x0A12,0x0A12,0x0A12,0x0A12,0x0A12,0x0A12,0x0A12,0x0A12,
  0x0A12,0x0A12,0x0A12,0x0A12,0x0A12,0x0A12,0x0A12,0x0A12,0x0A12,0x0A12,0x0A12,0x0A12,0x0A12,0x0A12,0x0A12,0x0A12,
  0x0A12,0x0A12,0x0A12,0x0A12,0x0A12,0x0A12,0x0A12,0x0A12,0x0A12,0x0A12,0x0A12,0x0A12,0x0A12,0x0A12,0x0A12,0x0A12,
  0x0A12,0x0A12,0x0A12,0x0A12,0x0A12,0x0A12,0x0A12,0x0A12,0x0A12,0x0A12,0x0A12,0x0A12,0x0A12,0x0A12,0x0A12,0x0A12,
  0x0A12,0x0A12,0x0A12,0x0A12,0x0A12,0x0A12,0x0A12,0x0A12,0x0A12,0x0A12,0x0A12,0x0A12,0x0A12,0x0A12,0x0A12,0x0A12,
  0x0A12,0x0A12,0x0A12,0x0A12,0x0A12,0x0A12,0x0A12,0x0A12,0x0A12,0x0A12,0x0A12,0x0A12,0x0A12,0x0A12,0x0A12,0x0A12,
  0x0A12,0x0A12,0x0A12,0x0A12,0x0A12,0x0A12,0x0A12,0x0A12,0x0A12,0x0A12,0x0A12,0x0A12,0x0A12,0x0A12,0x0A12,0x0A12,
  0x0A12,0x0A12,0x0A12,0x0A12,0x0A12,0x0A12,0x0A12,0x0A12,0x0A12,0x0A12,0x0A12,0x0A12,0x0A12,0x0A12,0x0A12,0x0A12,
  0x0A12,0x0A12,0x0A12,0x0A12,0x0A12,0x0A12,0x0A12,0x0A12,0x0A12,0x0A12,0x0A12,0x0A12,0x0A12,0x0A12,0x0A12,0x0A12,
  0x0A12,0x0A12,0x0A12,0x0A12,0x0A12,0x0A12,0x0A12,0x0A12,0x0A12,0x0A12,0x0A12,0x0A12,0x0A12,0x0A12,0x0A12,0x0A12,
  0x0A12,0x0A12,0x0A12,0x0A12,0x0A12,0x0A12,0x0A12,0x0A12,0x0A12,0x0A12,0x0A12,0x0A12,0x0A12,0x0A12,0x0A12,0x0A12,
  0x0A12,0x0A12,0x0A12,0x0A12,0x0A12,0x0A12,0x0A12,0x0A12,0x0A12,0x0A12,0x0A12,0x0A12,0x0A12,0x0A12,0x0A12,0x0A12,
  0x0A12,0x0A12,0x0A12,0x0A12,0x0A12,0x0A12,0x0A12,0x0A12,0x0A12,0x0A12,0x0A12,0x0A12,0x0A12,0x0A12,0x0A12,0x0A12,
  0x0A12,0x0A12,0x0A12,0x0A12,0x0A12,0x0A12,0x0A12,0x0A12,0x0A12,0x0A12,0x0A12,0x0A12,0x0A12,0x0A12,0x0A12,0x0A12,
  0x0A12,0x0A12,0x0A12,0x0A12,0x0A12,0x0A12,0x0A12,0x0A32,0x1253,0x1253,0x1253,0x1253,0x1253,0x1253,0x1253,0x0A32,
  0x0A12,0x0A12,0x0A12,0x0A12,0x0A12,0x0A12,0x0A12,0x0A12,0x0A12,0x0A12,0x0A12,0x0A12,0x0A12,0x0A12,0x0A12,0x0A12,
  0x0A12,0x0A12,0x0A12,0x0A12,0x0A12,0x0A12,0x0A32,0x1253,0x1253,0x1253,0x1253,0x1253,0x1253,0x1253,0x1253,0x0A32,
  0x0A12,0x0A12,0x0A12,0x0A12,0x0A12,0x0A12,0x0A12,0x0A12,0x0A12,0x0A12,0x0A12,0x0A12,0x0A12,0x0A12,0x0A12,0x0A12,
  0x0A12,0x0A12,0x0A12,0x0A12,0x0A32,0x0A32,0x0A32,0x1253,0x1253,0x1253,0x1253,0x1253,0x1253,0x1253,0x0A32,0x0A12,
  0x0A32,0x0A32,0x0A32,0x0A32,0x0A32,0x0A32,0x1253,0x1273,0x1AF6,0x2316,0x2316,0x2316,0x2316,0x2316,0x1AF6,0x1273,
  0x1253,0x0A32,0x0A32,0x0A32,0x0A32,0x0A32,0x0A32,0x0A32,0x0A32,0x0A32,0x0A32,0x0A32,0x0A32,0x0A32,0x0A32,0x0A32,
  0x0A32,0x0A32,0x0A32,0x0A32,0x0A32,0x0A32,0x1273,0x1AF6,0x2316,0x2316,0x2316,0x2316,0x2316,0x2316,0x1AF6,0x1273,
  0x0A32,0x0A32,0x0A32,0x0A32,0x0A32,0x0A32,0x0A32,0x0A32,0x0A32,0x0A32,0x0A32,0x0A32,0x0A32,0x0A32,0x0A32,0x0A32,
  0x0A32,0x0A32,0x0A32,0x0A32,0x1294,0x1AB4,0x1AB5,0x2B78,0x2B78,0x2317,0x2316,0x2316,0x2316,0x1AF6,0x1273,0x1253,
  0x0A32,0x0A32,0x0A32,0x0A32,0x0A32,0x1273,0x1AF6,0x1AF6,0x1273,0x1253,0x1253,0x1253,0x1253,0x1253,0x1273,0x1AF6,
  0x1AF6,0x1273,0x0A32,0x0A32,0x0A32,0x0A32,0x0A32,0x0A32,0x0A32,0x0A32,0x0A32,0x0A32,0x0A32,0x0A32,0x0A32,0x0A32,
  0x0A32,0x0A32,0x0A32,0x0A32,0x1253,0x1273,0x1AD5,0x1273,0x1253,0x1253,0x1253,0x1253,0x1253,0x1253,0x1273,0x1AD5,
  0x1273,0x1253,0x0A32,0x0A32,0x0A32,0x0A32,0x0A32,0x0A32,0x0A32,0x0A32,0x0A32,0x0A32,0x0A32,0x0A32,0x0A32,0x0A32,
  0x0A32,0x0A32,0x1294,0x22F5,0x447B,0x4C9C,0x4C9C,0x4CBC,0x447B,0x2316,0x1AD4,0x1273,0x1253,0x1273,0x1AF6,0x2316,
  0x0A32,0x0A32,0x1253,0x1253,0x1273,0x1AD5,0x1273,0x1253,0x0A32,0x0A32,0x0A32,0x0A32,0x0A32,0x0A32,0x0A32,0x1253,
  0x1273,0x1AD5,0x1273,0x1253,0x1253,0x0A32,0x0A32,0x0A32,0x0A32,0x0A32,0x0A32,0x0A32,0x0A32,0x0A32,0x0A32,0x0A32,
  0x0A32,0x0A32,0x1253,0x1273,0x1AF6,0x1AF6,0x1273,0x0A32,0x0A32,0x0A32,0x0A32,0x0A32,0x0A32,0x0A32,0x0A32,0x1273,
  0x1AF6,0x1AF6,0x1273,0x1253,0x0A32,0x0A32,0x0A32,0x0A32,0x0A32,0x0A32,0x0A32,0x0A32,0x0A32,0x0A32,0x0A32,0x0A32,
  0x1252,0x1AF5,0x447B,0x4C9C,0x3398,0x1AD4,0x1AB4,0x1AB4,0x22F5,0x445A,0x445A,0x1AF5,0x1252,0x0A32,0x1253,0x1253,
  0x0A32,0x1273,0x22F6,0x2316,0x22F6,0x1273,0x0A32,0x0A32,0x0A32,0x0A32,0x0A32,0x0A32,0x0A32,0x0A32,0x0A32,0x0A32,
  0x0A32,0x1273,0x22F6,0x2316,0x22F6,0x1273,0x0A32,0x0A32,0x0A32,0x0A32,0x0A32,0x0A32,0x0A32,0x0A32,0x0A32,0x0A32,
  0x0A32,0x1273,0x1AF6,0x1AF6,0x1273,0x1253,0x0A32,0x0A32,0x0A32,0x0A32,0x0A32,0x0A32,0x0A32,0x0A32,0x0A32,0x0A32,
  0x1253,0x1273,0x1AF6,0x1AF6,0x1273,0x0A32,0x0A32,0x0A32,0x0A32,0x0A32,0x0A32,0x0A32,0x0A32,0x0A32,0x0A32,0x1252,
  0x1AF5,0x3C3A,0x33B9,0x2B77,0x1294,0x0A32,0x0A32,0x0A32,0x1252,0x1A94,0x22F5,0x3C19,0x1AF5,0x0A52,0x0A32,0x0A32,
  0x1273,0x1AD5,0x1273,0x1253,0x1253,0x0A32,0x0A32,0x0A32,0x0A32,0x0A32,0x0A32,0x0A32,0x0A32,0x0A32,0x0A32,0x0A32,
  0x0A32,0x0A32,0x1253,0x1253,0x1273,0x1AD5,0x1273,0x1253,0x0A32,0x0A32,0x0A32,0x0A32,0x0A32,0x0A32,0x0A32,0x1253,
  0x1273,0x1AD5,0x1273,0x1253,0x0A32,0x0A32,0x0A32,0x0A32,0x0A32,0x0A32,0x0A32,0x0A32,0x0A32,0x0A32,0x0A32,0x0A32,
  0x0A32,0x0A32,0x1253,0x1273,0x1AD5,0x1273,0x1253,0x0A32,0x0A32,0x0A32,0x0A32,0x0A32,0x0A32,0x0A32,0x1253,0x1AD4,
  0x445A,0x22F5,0x1273,0x1253,0x0A32,0x0A32,0x0A32,0x0A32,0x0A32,0x0A32,0x1252,0x22F5,0x445A,0x1AB4,0x0A32,0x0A32,
  0x1AF6,0x1273,0x0A32,0x0A32,0x0A32,0x0A32,0x0A32,0x0A32,0x0A32,0x0A32,0x0A32,0x0A32,0x0A32,0x0A32,0x0A32,0x0A32,
  0x0A32,0x0A32,0x0A32,0x0A32,0x0A32,0x1273,0x1AF6,0x1AF6,0x1273,0x1253,0x1253,0x1253,0x1253,0x1253,0x1273,0x1AF6,
  0x1AF6,0x1273,0x0A32,0x0A32,0x0A32,0x0A32,0x0A32,0x0A32,0x0A32,0x0A32,0x0A32,0x0A32,0x0A32,0x0A32,0x0A32,0x0A32,
  0x0A32,0x0A32,0x0A32,0x0A32,0x1273,0x1AF6,0x1AF6,0x1273,0x1253,0x1253,0x1253,0x1253,0x1253,0x1273,0x2316,0x33B9,
  0x447B,0x1AB4,0x0A32,0x0A32,0x0A32,0x0A32,0x0A32,0x0A32,0x0A32,0x0A32,0x0A32,0x1AB4,0x445A,0x22F5,0x0A52,0x0A32,
  0x1252,0x0A32,0x0A32,0x0A32,0x0A32,0x0A32,0x0A32,0x0A32,0x0A32,0x0A32,0x0A32,0x0A32,0x0A32,0x0A32,0x0A32,0x0A32,
  0x0A32,0x0A32,0x0A32,0x0A32,0x0A32,0x0A32,0x1273,0x1273,0x22F6,0x2316,0x2316,0x2316,0x2316,0x2316,0x22F6,0x1273,
  0x1252,0x0A32,0x0A32,0x0A32,0x0A32,0x0A32,0x0A32,0x0A32,0x0A32,0x0A32,0x0A32,0x0A32,0x0A32,0x0A32,0x0A32,0x0A32,
  0x0A32,0x0A32,0x0A32,0x0A32,0x0A32,0x1252,0x1273,0x22F6,0x2316,0x2316,0x2316,0x2316,0x2316,0x22F6,0x1AF5,0x447B,
  0x2315,0x0A52,0x0A32,0x0A32,0x0A32,0x0A32,0x0A32,0x0A32,0x0A32,0x0A32,0x0A32,0x0A52,0x22F5,0x445A,0x1A93,0x0A32,
  0x0A32,0x0A32,0x0A32,0x0A32,0x0A32,0x0A32,0x0A32,0x0A32,0x0A32,0x0A32,0x0A32,0x0A32,0x0A32,0x0A32,0x0A32,0x0A32,
  0x0A32,0x0A32,0x0A32,0x0A32,0x0A32,0x1252,0x1AB3,0x1AB4,0x1AD4,0x1AD5,0x1AD5,0x1AD4,0x1AD4,0x1273,0x1273,0x0A52,
  0x0A32,0x0A32,0x0A32,0x0A32,0x0A32,0x0A32,0x0A32,0x0A32,0x0A32,0x0A32,0x0A32,0x0A32,0x0A32,0x0A32,0x0A32,0x0A32,
  0x0A32,0x0A32,0x0A32,0x0A32,0x0A32,0x0A32,0x0A32,0x1253,0x1253,0x1253,0x1253,0x1253,0x1253,0x1273,0x1AB4,0x4C9B,
  0x1AB4,0x0A32,0x0A32,0x0A32,0x0A32,0x0A32,0x0A32,0x0A32,0x0A32,0x0A32,0x0A32,0x0A32,0x1AB4,0x4C9B,0x1AB4,0x0A32,
  0x0A32,0x0A32,0x0A32,0x0A32,0x0A32,0x0A32,0x0A32,0x0A32,0x0A32,0x0A32,0x0A32,0x0A32,0x0A32,0x0A32,0x0A32,0x0A32,
  0x0A32,0x0A32,0x0A32,0x1252,0x1AB3,0x22F5,0x445A,0x4C9B,0x4C9B,0x4C9B,0x4C9B,0x4C9B,0x445A,0x22F5,0x1AB3,0x1252,
  0x0A32,0x0A32,0x0A32,0x0A32,0x0A32,0x0A32,0x0A32,0x0A32,0x0A32,0x0A32,0x0A32,0x0A32,0x0A32,0x0A32,0x0A32,0x0A32,
  0x0A32,0x0A32,0x0A32,0x0A32,0x0A32,0x0A32,0x0A32,0x0A32,0x0A32,0x0A32,0x0A32,0x0A32,0x0A32,0x0A52,0x1AB4,0x4C9B,
  0x1AB4,0x0A52,0x0A32,0x0A32,0x0A32,0x0A32,0x0A32,0x0A32,0x0A32,0x0A32,0x0A32,0x0A52,0x1AB4,0x4C9B,0x1AB4,0x0A52,
  0x0A32,0x0A32,0x0A32,0x0A32,0x0A32,0x0A32,0x0A32,0x0A32,0x0A32,0x0A32,0x0A32,0x0A32,0x0A32,0x0A32,0x0A32,0x0A32,
  0x0A32,0x0A32,0x1252,0x1AF4,0x445A,0x445A,0x2315,0x1AB4,0x1AB4,0x1AB4,0x1AB4,0x1AB4,0x2315,0x445A,0x445A,0x1AF4,
  0x1252,0x0A32,0x0A32,0x0A32,0x0A32,0x0A32,0x0A32,0x0A32,0x0A32,0x0A32,0x0A32,0x0A32,0x0A32,0x0A32,0x0A32,0x0A32,
  0x0A32,0x0A32,0x0A32,0x0A32,0x0A32,0x0A32,0x0A32,0x0A32,0x0A32,0x0A32,0x0A32,0x0A32,0x0A32,0x0A52,0x1AB4,0x4C9B,
  0x1AB4,0x0A52,0x0A32,0x0A32,0x0A32,0x0A32,0x0A32,0x0A32,0x0A32,0x0A32,0x0A32,0x0A52,0x1AB4,0x4C9B,0x1AB4,0x0A52,
  0x0A52,0x0A52,0x0A52,0x0A52,0x0A52,0x0A52,0x0A52,0x0A52,0x0A52,0x0A52,0x0A52,0x0A52,0x0A52,0x0A52,0x0A52,0x0A52,
  0x0A52,0x1272,0x1AF5,0x3C19,0x2315,0x1AB3,0x1252,0x0A52,0x0A52,0x0A52,0x0A52,0x0A52,0x1252,0x1AB3,0x2315,0x3C19,
  0x1AF5,0x1272,0x0A52,0x0A52,0x0A52,0x0A52,0x0A52,0x0A52,0x0A52,0x0A52,0x0A52,0x0A52,0x0A52,0x0A52,0x0A52,0x0A52,
  0x0A52,0x0A52,0x0A52,0x0A52,0x0A52,0x0A52,0x0A52,0x0A52,0x0A52,0x0A52,0x0A52,0x0A52,0x0A52,0x0A52,0x1AB3,0x445A,
  0x2315,0x1252,0x0A52,0x0A52,0x0A52,0x0A52,0x0A52,0x0A52,0x0A52,0x0A52,0x0A52,0x1252,0x2315,0x445A,0x1AB3,0x0A52,
  0x0A52,0x0A52,0x0A52,0x0A52,0x0A52,0x0A52,0x0A52,0x0A52,0x0A52,0x0A52,0x0A52,0x0A52,0x0A52,0x0A52,0x0A52,0x0A52,
  0x1272,0x1AF4,0x3C19,0x1AF4,0x1272,0x0A52,0x0A52,0x0A52,0x0A52,0x0A52,0x0A52,0x0A52,0x0A52,0x0A52,0x1272,0x1AF4,
  0x3C19,0x1AF4,0x1272,0x0A52,0x0A52,0x0A52,0x0A52,0x0A52,0x0A52,0x0A52,0x0A52,0x0A52,0x0A52,0x0A52,0x0A52,0x0A52,
  0x0A52,0x0A52,0x0A52,0x0A52,0x0A52,0x0A52,0x0A52,0x0A52,0x0A52,0x0A52,0x0A52,0x0A52,0x0A52,0x0A52,0x1252,0x2315,
  0x445A,0x1AB3,0x0A52,0x0A52,0x0A52,0x0A52,0x0A52,0x0A52,0x0A52,0x0A52,0x0A52,0x1AB3,0x445A,0x2315,0x1252,0x0A52,
  0x0A52,0x0A52,0x0A52,0x0A52,0x0A52,0x0A52,0x0A52,0x0A52,0x0A52,0x0A52,0x0A52,0x0A52,0x0A52,0x0A52,0x0A52,0x1272,
  0x22F4,0x3C19,0x1AF4,0x1272,0x0A52,0x0A52,0x0A52,0x0A52,0x0A52,0x0A52,0x0A52,0x0A52,0x0A52,0x0A52,0x0A52,0x1272,
  0x1AF4,0x3C19,0x22F4,0x1272,0x0A52,0x0A52,0x0A52,0x0A52,0x0A52,0x0A52,0x0A52,0x0A52,0x0A52,0x0A52,0x0A52,0x0A52,
  0x0A52,0x0A52,0x0A52,0x0A52,0x0A52,0x0A52,0x0A52,0x0A52,0x0A52,0x0A52,0x0A52,0x0A52,0x0A52,0x0A52,0x0A52,0x1AB3,
  0x445A,0x2315,0x1272,0x0A52,0x0A52,0x0A52,0x0A52,0x0A52,0x0A52,0x0A52,0x1272,0x2315,0x445A,0x1AB3,0x0A52,0x0A52,
  0x0A52,0x0A52,0x0A52,0x0A52,0x0A52,0x0A52,0x0A52,0x0A52,0x0A52,0x0A52,0x0A52,0x0A52,0x0A52,0x0A52,0x0A52,0x1AB3,
  0x445A,0x2315,0x1272,0x0A52,0x0A52,0x0A52,0x0A52,0x0A52,0x0A52,0x0A52,0x0A52,0x0A52,0x0A52,0x0A52,0x0A52,0x0A52,
  0x1272,0x2315,0x445A,0x1AB3,0x0A52,0x0A52,0x0A52,0x0A52,0x0A52,0x0A52,0x0A52,0x0A52,0x0A52,0x0A52,0x0A52,0x0A52,
  0x0A52,0x0A52,0x0A52,0x0A52,0x0A52,0x0A52,0x0A52,0x0A52,0x0A52,0x0A52,0x0A52,0x0A52,0x0A52,0x0A52,0x0A52,0x1272,
  0x22F4,0x3C19,0x2315,0x1AB3,0x1272,0x0A52,0x0A52,0x0A52,0x1272,0x1AB3,0x2315,0x3C19,0x22F4,0x1272,0x0A52,0x0A52,
  0x0A51,0x0A51,0x0A51,0x0A51,0x0A51,0x0A51,0x0A51,0x0A51,0x0A51,0x0A51,0x0A51,0x0A51,0x0A51,0x0A51,0x1272,0x2315,
  0x445A,0x1AB3,0x0A52,0x0A51,0x0A51,0x0A51,0x0A51,0x0A51,0x0A51,0x0A51,0x0A51,0x0A51,0x0A51,0x0A51,0x0A51,0x0A51,
  0x0A52,0x1AB3,0x445A,0x2315,0x1272,0x0A51,0x0A51,0x0A51,0x0A51,0x0A51,0x0A51,0x0A51,0x0A51,0x0A51,0x0A51,0x0A51,
  0x0A51,0x0A51,0x0A51,0x0A51,0x0A51,0x0A51,0x0A51,0x0A51,0x0A51,0x0A51,0x0A51,0x0A51,0x0A51,0x0A51,0x0A51,0x0A51,
  0x1272,0x1AF4,0x445A,0x445A,0x2315,0x1AD4,0x1AD3,0x1AD4,0x2315,0x445A,0x445A,0x1AF4,0x1272,0x0A51,0x0A51,0x0A51,
  0x0A51,0x0A51,0x0A51,0x0A51,0x0A51,0x0A51,0x0A51,0x0A51,0x0A51,0x0A51,0x0A51,0x0A51,0x0A51,0x0A52,0x1AB3,0x445A,
  0x2315,0x1272,0x0A51,0x0A51,0x0A51,0x0A51,0x0A51,0x0A51,0x0A51,0x0A51,0x0A51,0x0A51,0x0A51,0x0A51,0x0A51,0x0A51,
  0x0A51,0x1272,0x2315,0x445A,0x1AB3,0x0A52,0x0A51,0x0A51,0x0A51,0x0A51,0x0A51,0x0A51,0x0A51,0x0A51,0x0A51,0x0A51,
  0x0A51,0x0A51,0x0A51,0x0A51,0x0A51,0x0A51,0x0A51,0x0A51,0x0A51,0x0A51,0x0A51,0x0A51,0x0A51,0x0A51,0x0A51,0x0A51,
  0x0A51,0x1272,0x1AB3,0x2315,0x447A,0x4C9B,0x4C9B,0x4C9B,0x447A,0x2315,0x1AB3,0x1272,0x0A51,0x0A51,0x0A51,0x0A51,
  0x0A51,0x0A51,0x0A51,0x0A51,0x0A51,0x0A51,0x0A51,0x0A51,0x0A51,0x0A51,0x0A51,0x0A51,0x0A51,0x0A52,0x1AD3,0x4CBB,
  0x1AD3,0x0A52,0x0A51,0x0A51,0x0A51,0x0A51,0x0A51,0x0A51,0x0A51,0x0A51,0x0A51,0x0A51,0x0A51,0x0A51,0x0A51,0x0A51,
  0x0A51,0x0A52,0x1AD3,0x4CBB,0x1AD3,0x0A52,0x0A51,0x0A51,0x0A51,0x0A51,0x0A51,0x0A51,0x0A51,0x0A51,0x0A51,0x0A51,
  0x0A51,0x0A51,0x0A51,0x0A51,0x0A51,0x0A51,0x0A51,0x0A51,0x0A51,0x0A51,0x0A51,0x0A51,0x0A51,0x0A51,0x0A51,0x0A51,
  0x0A51,0x0A51,0x0A52,0x1272,0x1AB3,0x1AD3,0x1AD3,0x1AD3,0x1AB3,0x1272,0x0A52,0x0A51,0x0A51,0x0A51,0x0A51,0x0A51,
  0x0A51,0x0A51,0x0A51,0x0A51,0x0A51,0x1272,0x1272,0x1272,0x1272,0x1272,0x1272,0x1272,0x1272,0x0A52,0x1AD3,0x4CBB,
  0x1AD3,0x0A51,0x0A51,0x0A51,0x0A51,0x0A51,0x0A51,0x0A51,0x0A51,0x0A51,0x0A51,0x0A51,0x0A51,0x0A51,0x0A51,0x0A51,
  0x0A51,0x0A51,0x1AD3,0x4CBB,0x1AD4,0x1292,0x1272,0x1272,0x1272,0x1272,0x1272,0x1272,0x0A52,0x0A51,0x0A51,0x0A51,
  0x0A51,0x0A51,0x0A51,0x0A51,0x0A51,0x0A51,0x0A51,0x0A51,0x0A51,0x0A51,0x0A51,0x0A51,0x0A51,0x0A51,0x0A51,0x0A51,
  0x0A51,0x0A51,0x0A51,0x0A72,0x1292,0x1292,0x1292,0x1292,0x1292,0x1292,0x1272,0x1272,0x0A51,0x0A51,0x0A51,0x0A51,
  0x0A51,0x0A51,0x0A51,0x0A51,0x1293,0x2315,0x2336,0x2336,0x2336,0x2336,0x2336,0x2336,0x2315,0x1293,0x1AD3,0x4CBB,
  0x1AD3,0x1271,0x0A51,0x0A51,0x0A51,0x0A51,0x0A51,0x0A51,0x0A51,0x0A51,0x0A51,0x0A51,0x0A51,0x0A51,0x0A51,0x0A51,
  0x0A51,0x1271,0x1AD3,0x4CBB,0x2315,0x2335,0x2336,0x2336,0x2336,0x2336,0x2336,0x2315,0x12B3,0x1292,0x0A51,0x0A51,
  0x0A51,0x0A51,0x0A51,0x0A51,0x0A51,0x0A51,0x0A51,0x0A51,0x0A51,0x0A51,0x0A51,0x0A51,0x0A51,0x0A51,0x0A51,0x0A51,
  0x0A51,0x0A51,0x0A51,0x1293,0x2315,0x2336,0x2336,0x2336,0x2336,0x2336,0x2336,0x2315,0x1293,0x0A51,0x0A51,0x0A51,
  0x0A51,0x0A51,0x1292,0x1293,0x1B15,0x1293,0x1292,0x1292,0x1292,0x1292,0x1292,0x1292,0x1293,0x2315,0x2315,0x4CBB,
  0x1AD3,0x1271,0x0A51,0x0A51,0x0A51,0x0A51,0x0A51,0x0A51,0x0A51,0x0A51,0x0A51,0x0A51,0x0A51,0x0A51,0x0A51,0x0A51,
  0x0A51,0x1272,0x1AF4,0x4CDC,0x2B76,0x12B3,0x1292,0x1292,0x1292,0x1292,0x1292,0x12B3,0x2315,0x2315,0x1293,0x0A51,
  0x0A51,0x0A51,0x0A51,0x0A51,0x0A51,0x0A51,0x0A51,0x0A51,0x0A51,0x0A51,0x0A51,0x0A51,0x0A51,0x0A51,0x0A51,0x0A51,
  0x0A51,0x1292,0x1293,0x1B15,0x1293,0x1292,0x1292,0x1292,0x1292,0x1292,0x1292,0x1293,0x1B15,0x1293,0x0A51,0x0A51,
  0x1292,0x12B3,0x2335,0x2315,0x1292,0x0A51,0x0A51,0x0A51,0x0A51,0x0A51,0x0A51,0x0A51,0x0A51,0x12B3,0x2B76,0x4CDC,
  0x1B14,0x1292,0x0A71,0x0A51,0x0A51,0x0A51,0x0A51,0x0A51,0x0A51,0x0A51,0x0A51,0x0A51,0x0A51,0x0A51,0x0A71,0x1292,
  0x1292,0x12B3,0x2B76,0x4CDC,0x1AF4,0x1272,0x0A51,0x0A51,0x0A51,0x0A51,0x0A51,0x0A71,0x1292,0x12B3,0x1B15,0x12B3,
  0x1292,0x1292,0x0A71,0x0A51,0x0A51,0x0A51,0x0A51,0x0A51,0x0A51,0x0A51,0x0A51,0x0A51,0x0A51,0x0A51,0x0A71,0x1292,
  0x12B3,0x2335,0x2315,0x1292,0x0A51,0x0A51,0x0A51,0x0A51,0x0A51,0x0A51,0x0A51,0x0A51,0x1292,0x1B15,0x12B3,0x1292,
  0x2356,0x2335,0x12B3,0x1292,0x0A71,0x0A71,0x0A71,0x0A71,0x0A71,0x0A71,0x0A71,0x0A71,0x0A71,0x1271,0x1AF4,0x449B,
  0x33F8,0x2355,0x12B3,0x1292,0x0A71,0x0A71,0x0A71,0x0A71,0x0A71,0x0A71,0x0A71,0x0A71,0x0A71,0x0A71,0x12B2,0x2335,
  0x2355,0x2355,0x2B76,0x447A,0x1AD3,0x1271,0x0A71,0x0A71,0x0A71,0x0A71,0x0A71,0x0A71,0x0A71,0x0A71,0x12B2,0x2335,
  0x2355,0x2335,0x12B2,0x0A71,0x0A71,0x0A71,0x0A71,0x0A71,0x0A71,0x0A71,0x0A71,0x0A71,0x0A71,0x1292,0x12B3,0x2335,
  0x2335,0x12B3,0x1292,0x0A71,0x0A71,0x0A71,0x0A71,0x0A71,0x0A71,0x0A71,0x0A71,0x0A71,0x0A71,0x12B2,0x2335,0x2356,
  0x1292,0x1292,0x0A71,0x0A71,0x0A71,0x0A71,0x0A71,0x0A71,0x0A71,0x0A71,0x0A71,0x0A71,0x0A71,0x0A71,0x1292,0x2334,
  0x4C9B,0x1B14,0x2335,0x2335,0x12B2,0x0A71,0x0A71,0x0A71,0x0A71,0x0A71,0x0A71,0x0A71,0x1292,0x12B3,0x1B15,0x12B3,
  0x1292,0x1AF4,0x447A,0x2334,0x1272,0x0A71,0x0A71,0x0A71,0x0A71,0x0A71,0x0A71,0x0A71,0x0A71,0x0A71,0x0A71,0x1292,
  0x1292,0x12B3,0x1B15,0x12B3,0x1292,0x0A71,0x0A71,0x0A71,0x0A71,0x0A71,0x0A71,0x0A71,0x12B2,0x2335,0x2335,0x12B3,
  0x1292,0x0A71,0x0A71,0x0A71,0x0A71,0x0A71,0x0A71,0x0A71,0x0A71,0x0A71,0x0A71,0x0A71,0x0A71,0x0A71,0x1292,0x1292,
  0x0A71,0x0A71,0x0A71,0x0A71,0x0A71,0x0A71,0x0A71,0x0A71,0x0A71,0x0A71,0x0A71,0x0A71,0x0A71,0x0A71,0x1271,0x1AD3,
  0x447A,0x2334,0x12B2,0x12B2,0x1B14,0x12B2,0x1292,0x1292,0x1292,0x1292,0x1292,0x12B2,0x2335,0x2335,0x12B2,0x1271,
  0x1292,0x2334,0x447A,0x1AD3,0x1271,0x0A71,0x0A71,0x0A71,0x0A71,0x0A71,0x0A71,0x0A71,0x0A71,0x0A71,0x0A71,0x0A71,
  0x0A71,0x0A71,0x12B2,0x2335,0x2335,0x12B2,0x1292,0x1292,0x1292,0x1292,0x1292,0x12B2,0x1B14,0x12B2,0x1292,0x0A71,
  0x0A71,0x0A71,0x0A71,0x0A71,0x0A71,0x0A71,0x0A71,0x0A71,0x0A71,0x0A71,0x0A71,0x0A71,0x0A71,0x0A71,0x0A71,0x0A71,
  0x0A71,0x0A71,0x0A71,0x0A71,0x0A71,0x0A71,0x0A71,0x0A71,0x0A71,0x0A71,0x0A71,0x0A71,0x0A71,0x0A71,0x0A71,0x1292,
  0x2314,0x3C39,0x2314,0x1292,0x12B2,0x2335,0x2355,0x2355,0x2355,0x2355,0x2355,0x2335,0x12B2,0x1292,0x1271,0x1292,
  0x2314,0x3C39,0x2314,0x1292,0x0A71,0x0A71,0x0A71,0x0A71,0x0A71,0x0A71,0x0A71,0x0A71,0x0A71,0x0A71,0x0A71,0x0A71,
  0x0A71,0x0A71,0x0A71,0x1292,0x12B2,0x2335,0x2355,0x2355,0x2355,0x2355,0x2355,0x2335,0x12B2,0x0A71,0x0A71,0x0A71,
  0x0A71,0x0A71,0x0A71,0x0A71,0x0A71,0x0A71,0x0A71,0x0A71,0x0A71,0x0A71,0x0A71,0x0A71,0x0A71,0x0A71,0x0A71,0x0A71,
  0x0A71,0x0A71,0x0A71,0x0A71,0x0A71,0x0A71,0x0A71,0x0A71,0x0A71,0x0A71,0x0A71,0x0A71,0x0A71,0x0A71,0x0A71,0x0A71,
  0x1292,0x2314,0x3C39,0x2314,0x1292,0x1292,0x1292,0x1292,0x1292,0x1292,0x1292,0x1292,0x1271,0x1271,0x1292,0x2314,
  0x3C39,0x2314,0x1292,0x0A71,0x0A71,0x0A71,0x0A71,0x0A71,0x0A71,0x0A71,0x0A71,0x0A71,0x0A71,0x0A71,0x0A71,0x0A71,
  0x0A71,0x0A71,0x0A71,0x0A71,0x0A71,0x1292,0x1292,0x1292,0x1292,0x1292,0x1292,0x1292,0x0A71,0x0A71,0x0A71,0x0A71,
  0x0A71,0x0A71,0x0A71,0x0A71,0x0A71,0x0A71,0x0A71,0x0A71,0x0A71,0x0A71,0x0A71,0x0A71,0x0A71,0x0A71,0x0A71,0x0A71,
  0x1271,0x1271,0x1271,0x1271,0x1271,0x1271,0x1271,0x1271,0x1271,0x1271,0x1271,0x1271,0x1271,0x1271,0x1271,0x1271,
  0x1271,0x1292,0x2314,0x3C39,0x2334,0x1AD3,0x1292,0x1271,0x1271,0x1271,0x1271,0x1271,0x1291,0x1AD3,0x2334,0x3C39,
  0x2314,0x1292,0x1271,0x1271,0x1271,0x1271,0x1271,0x1271,0x1271,0x1271,0x1271,0x1271,0x1271,0x1271,0x1271,0x1271,
  0x1271,0x1271,0x1271,0x1271,0x1271,0x1271,0x1271,0x1271,0x1271,0x1271,0x1271,0x1271,0x1271,0x1271,0x1271,0x1271,
  0x1271,0x1271,0x1271,0x1271,0x1271,0x1271,0x1271,0x1271,0x1271,0x1271,0x1271,0x1271,0x1271,0x1271,0x1271,0x1271,
  0x1271,0x1271,0x1271,0x1271,0x1271,0x1271,0x1271,0x1271,0x1271,0x1271,0x1271,0x1271,0x1271,0x1271,0x1271,0x1271,
  0x1271,0x1271,0x1291,0x2314,0x447A,0x447A,0x2334,0x1AF3,0x1AF3,0x1AF3,0x1AF3,0x1AF3,0x2334,0x447A,0x447A,0x2314,
  0x1291,0x1271,0x1271,0x1271,0x1271,0x1271,0x1271,0x1271,0x1271,0x1271,0x1271,0x1271,0x1271,0x1271,0x1271,0x1271,
  0x1271,0x1271,0x1271,0x1271,0x1271,0x1271,0x1271,0x1271,0x1271,0x1271,0x1271,0x1271,0x1271,0x1271,0x1271,0x1271,
  0x1271,0x1271,0x1271,0x1271,0x1271,0x1271,0x1271,0x1271,0x1271,0x1271,0x1271,0x1271,0x1271,0x1271,0x1271,0x1271,
  0x1271,0x1271,0x1271,0x1271,0x1271,0x1271,0x1271,0x1271,0x1271,0x1271,0x1271,0x1271,0x1271,0x1271,0x1271,0x1271,
  0x1271,0x1271,0x1271,0x1291,0x1AD3,0x2334,0x447A,0x4CBB,0x4CBB,0x4CBB,0x4CBB,0x4CBB,0x447A,0x2334,0x1AD3,0x1291,
  0x1271,0x1271,0x1271,0x1271,0x1271,0x1271,0x1271,0x1271,0x1271,0x1271,0x1271,0x1271,0x1271,0x1271,0x1271,0x1271,
  0x1271,0x1271,0x1271,0x1271,0x1271,0x1271,0x1271,0x1271,0x1271,0x1271,0x1271,0x1271,0x1271,0x1271,0x1271,0x1271,
  0x1271,0x1271,0x1271,0x1271,0x1271,0x1271,0x1271,0x1271,0x1271,0x1271,0x1271,0x1271,0x1271,0x1271,0x1271,0x1271,
  0x1271,0x1271,0x1271,0x1271,0x1271,0x1271,0x1271,0x1271,0x1271,0x1271,0x1271,0x1271,0x1271,0x1271,0x1271,0x1271,
  0x1271,0x1271,0x1271,0x1271,0x1291,0x1291,0x1AD3,0x1AF3,0x1AF3,0x1AF3,0x1AF3,0x1AF3,0x1AD3,0x1291,0x1291,0x1271,
  0x1271,0x1271,0x1271,0x1271,0x1271,0x1271,0x1271,0x1271,0x1271,0x1271,0x1271,0x1271,0x1271,0x1271,0x1271,0x1271,
  0x1271,0x1271,0x1271,0x1271,0x1271,0x1271,0x1271,0x1271,0x1271,0x1271,0x1271,0x1271,0x1271,0x1271,0x1271,0x1271,
  0x1271,0x1271,0x1271,0x1271,0x1271,0x1271,0x1271,0x1271,0x1271,0x1271,0x1271,0x1271,0x1271,0x1271,0x1271,0x1271,
  0x1271,0x1271,0x1271,0x1271,0x1271,0x1271,0x1271,0x1271,0x1271,0x1271,0x1271,0x1271,0x1271,0x1271,0x1271,0x1271,
  0x1271,0x1271,0x1271,0x1271,0x1271,0x1271,0x1291,0x1291,0x1291,0x1291,0x1291,0x1291,0x1291,0x1271,0x1271,0x1271,
  0x1271,0x1271,0x1271,0x1271,0x1271,0x1271,0x1271,0x1271,0x1271,0x1271,0x1271,0x1271,0x1271,0x1271,0x1271,0x1271,
  0x1271,0x1271,0x1271,0x1271,0x1271,0x1271,0x1271,0x1271,0x1271,0x1271,0x1271,0x1271,0x1271,0x1271,0x1271,0x1271,
  0x1271,0x1271,0x1271,0x1271,0x1271,0x1271,0x1271,0x1271,0x1271,0x1271,0x1271,0x1271,0x1271,0x1271,0x1271,0x1271,
  0x1271,0x1271,0x1271,0x1271,0x1271,0x1271,0x1271,0x1271,0x1271,0x1271,0x1271,0x1271,0x1271,0x1271,0x1271,0x1271,
  0x1271,0x1271,0x1271,0x1271,0x1271,0x1271,0x1271,0x1271,0x1271,0x1271,0x1271,0x1271,0x1271,0x1271,0x1271,0x1271,
  0x1271,0x1271,0x1271,0x1271,0x1271,0x1271,0x1271,0x1271,0x1271,0x1271,0x1271,0x1271,0x1271,0x1271,0x1271,0x1271,
  0x1271,0x1271,0x1271,0x1271,0x1271,0x1271,0x1271,0x1271,0x1271,0x1271,0x1271,0x1271,0x1271,0x1271,0x1271,0x1271,
  0x1271,0x1271,0x1271,0x1271,0x1271,0x1271,0x1271,0x1271,0x1271,0x1271,0x1271,0x1271,0x1271,0x1271,0x1271,0x1271,
  0x1291,0x1291,0x1291,0x1291,0x1291,0x1291,0x1291,0x1291,0x1291,0x1291,0x1291,0x1291,0x1291,0x1291,0x1291,0x1291,
  0x1291,0x1291,0x1291,0x1291,0x1291,0x1291,0x1291,0x1291,0x1291,0x1291,0x1291,0x1291,0x1291,0x1291,0x1291,0x1291,
  0x1291,0x1291,0x1291,0x1291,0x1291,0x1291,0x1291,0x1291,0x1291,0x1291,0x1291,0x1291,0x1291,0x1291,0x1291,0x1291,
  0x1291,0x1291,0x1291,0x1291,0x1291,0x1291,0x1291,0x1291,0x1291,0x1291,0x1291,0x1291,0x1291,0x1291,0x1291,0x1291,
  0x1291,0x1291,0x1291,0x1291,0x1291,0x1291,0x1291,0x1291,0x1291,0x1291,0x1291,0x1291,0x1291,0x1291,0x1291,0x1291,
  0x1291,0x1291,0x1291,0x1291,0x1291,0x1291,0x1291,0x1291,0x1291,0x1291,0x1291,0x1291,0x1291,0x1291,0x1291,0x1291,
  0x1291,0x1291,0x1291,0x1291,0x1291,0x1291,0x1291,0x1291,0x1291,0x1291,0x1291,0x1291,0x1291,0x1291,0x1291,0x1291,
  0x1291,0x1291,0x1291,0x1291,0x1291,0x1291,0x1291,0x1291,0x1291,0x1291,0x1291,0x1291,0x1291,0x1291,0x1291,0x1291,
  0x1291,0x1291,0x1291,0x1291,0x1291,0x1291,0x1291,0x1291,0x1291,0x1291,0x1291,0x1291,0x1291,0x1291,0x1291,0x1291,
  0x1291,0x1291,0x1291,0x1291,0x1291,0x1291,0x1291,0x1291,0x1291,0x1291,0x1291,0x1291,0x1291,0x1291,0x1291,0x1291,
  0x1291,0x1291,0x1291,0x1291,0x1291,0x1291,0x1291,0x1291,0x1291,0x1291,0x1291,0x1291,0x1291,0x1291,0x1291,0x1291,
  0x1291,0x1291,0x1291,0x1291,0x1291,0x1291,0x1291,0x1291,0x1291,0x1291,0x1291,0x1291,0x1291,0x1291,0x1291,0x1291,
  0x1291,0x1291,0x1291,0x1291,0x1291,0x1291,0x1291,0x1291,0x1291,0x1291,0x1291,0x1291,0x1291,0x1291,0x1291,0x1291,
  0x1291,0x1291,0x1291,0x1291,0x1291,0x1291,0x1291,0x1291,0x1291,0x1291,0x1291,0x1291,0x1291,0x1291,0x1291,0x1291,
  0x1291,0x1291,0x1291,0x1291,0x1291,0x1291,0x1291,0x1291,0x1291,0x1291,0x1291,0x1291,0x1291,0x1291,0x1291,0x1291,
  0x1291,0x1291,0x1291,0x12B1,0x12B2,0x12B2,0x12B2,0x12B2,0x12B2,0x12B1,0x1291,0x1291,0x1291,0x1291,0x1291,0x1291,
  0x1291,0x1291,0x1291,0x1291,0x1291,0x1291,0x1291,0x1291,0x1291,0x1291,0x1291,0x1291,0x1291,0x1291,0x1291,0x1291,
  0x1291,0x1291,0x12B1,0x12B2,0x12B2,0x12B2,0x12B2,0x12B2,0x12B2,0x12B1,0x1291,0x1291,0x1291,0x1291,0x1291,0x1291,
  0x1291,0x1291,0x1291,0x1291,0x1291,0x1291,0x1291,0x1291,0x1291,0x1291,0x1291,0x1291,0x1291,0x1291,0x1291,0x1291,
  0x1291,0x1291,0x12B1,0x12B2,0x12B2,0x12B2,0x12B2,0x12B2,0x12B1,0x1291,0x1291,0x1291,0x1291,0x1291,0x1291,0x1291,
  0x1291,0x12B1,0x12D2,0x2354,0x2375,0x2375,0x2375,0x2375,0x2375,0x2354,0x12D2,0x12B1,0x1291,0x1291,0x1291,0x1291,
  0x1291,0x1291,0x1291,0x1291,0x1291,0x1291,0x1291,0x1291,0x1291,0x1291,0x1291,0x1291,0x1291,0x1291,0x1291,0x1291,
  0x1291,0x12D2,0x2354,0x2375,0x2375,0x2375,0x2375,0x2375,0x2375,0x2354,0x12D2,0x1291,0x1291,0x1291,0x1291,0x1291,
  0x1291,0x1291,0x1291,0x1291,0x1291,0x1291,0x1291,0x1291,0x1291,0x1291,0x1291,0x1291,0x1291,0x1291,0x1291,0x1291,
  0x12B1,0x12D2,0x2354,0x2375,0x2375,0x2375,0x2375,0x2375,0x2354,0x12D2,0x12B1,0x1291,0x1291,0x1291,0x1291,0x1291,
  0x1AD2,0x2354,0x2354,0x1AD2,0x12B1,0x12B1,0x12B1,0x12B1,0x12B1,0x1AD2,0x2354,0x2354,0x12D2,0x1291,0x1291,0x1291,
  0x1291,0x1291,0x1291,0x1291,0x1291,0x1291,0x1291,0x1291,0x1291,0x1291,0x1291,0x1291,0x1291,0x1291,0x1291,0x12B1,
  0x12D2,0x2334,0x1AD2,0x12B1,0x12B1,0x12B1,0x12B1,0x12B1,0x12B1,0x1AD2,0x2334,0x12D2,0x12B1,0x1291,0x1291,0x1291,
  0x1291,0x1291,0x1291,0x1291,0x1291,0x1291,0x1291,0x1291,0x1291,0x1291,0x1291,0x1291,0x1291,0x1291,0x1291,0x12D2,
  0x2354,0x2354,0x1AD2,0x12B1,0x12B1,0x12B1,0x12B1,0x12B1,0x1AD2,0x2354,0x2354,0x12D2,0x1291,0x1291,0x1291,0x1291,
  0x2354,0x12D2,0x12B1,0x1291,0x1291,0x1291,0x1291,0x1291,0x1291,0x1291,0x12B1,0x12D2,0x2334,0x1AD2,0x12B1,0x12B1,
  0x1291,0x1291,0x1291,0x1291,0x1291,0x1291,0x1291,0x1291,0x1291,0x1291,0x1291,0x1291,0x1291,0x12B1,0x12D2,0x2354,
  0x2354,0x12D2,0x1291,0x1291,0x1291,0x1291,0x1291,0x1291,0x1291,0x1291,0x12D2,0x2354,0x2354,0x12D2,0x12B1,0x1291,
  0x1291,0x1291,0x1291,0x1291,0x1291,0x1291,0x1291,0x1291,0x1291,0x1291,0x1291,0x1291,0x12B1,0x12B1,0x1AD2,0x2334,
  0x12D2,0x12B1,0x1291,0x1291,0x1291,0x1291,0x1291,0x1291,0x1291,0x12B1,0x12D2,0x2334,0x1AD2,0x12B1,0x12B1,0x1291,
  0x12B1,0x1291,0x1290,0x1290,0x1290,0x1290,0x1290,0x1290,0x1290,0x1290,0x1290,0x1291,0x12D2,0x2354,0x2375,0x2354,
  0x12D2,0x1291,0x1290,0x1290,0x1290,0x1290,0x1290,0x1290,0x1290,0x1290,0x1290,0x1291,0x12D2,0x2354,0x2354,0x12D2,
  0x12B1,0x1291,0x1290,0x1290,0x1290,0x1290,0x1290,0x1290,0x1290,0x1290,0x1291,0x12B1,0x12D2,0x2354,0x2354,0x12D2,
  0x1291,0x1290,0x1290,0x1290,0x1290,0x1290,0x1290,0x1290,0x1290,0x1290,0x1291,0x12D2,0x2354,0x2375,0x2354,0x12D2,
  0x1291,0x1290,0x1290,0x1290,0x1290,0x1290,0x1290,0x1290,0x1290,0x1290,0x1291,0x12D2,0x2354,0x2375,0x2354,0x1AD2,
  0x1290,0x1290,0x1290,0x1290,0x1290,0x1290,0x1290,0x1290,0x1290,0x1290,0x1290,0x1290,0x1291,0x12D1,0x12D1,0x1AD2,
  0x2354,0x12D2,0x12D1,0x1291,0x1290,0x1290,0x1290,0x1290,0x1290,0x1291,0x12D1,0x12D2,0x2354,0x12D2,0x12D1,0x1291,
  0x1290,0x1290,0x1290,0x1290,0x1290,0x1290,0x1290,0x1290,0x1290,0x1290,0x1290,0x1290,0x1291,0x12D1,0x12D2,0x2354,
  0x12D2,0x12D1,0x1291,0x1290,0x1290,0x1290,0x1290,0x1290,0x1291,0x12D1,0x12D2,0x2354,0x1AD2,0x12D1,0x12D1,0x1291,
  0x1290,0x1290,0x1290,0x1290,0x1290,0x1290,0x1290,0x1290,0x1290,0x1290,0x1290,0x1291,0x12D1,0x12D1,0x1AF2,0x2354,
  0x1290,0x1290,0x1290,0x1290,0x1290,0x1290,0x1290,0x1290,0x1290,0x1290,0x1290,0x1290,0x1290,0x1290,0x1290,0x1291,
  0x12D2,0x2354,0x2374,0x1AF2,0x12D1,0x12D1,0x12D1,0x12D1,0x12D1,0x1AF2,0x2374,0x2354,0x12D2,0x1291,0x1290,0x1290,
  0x1290,0x1290,0x1290,0x1290,0x1290,0x1290,0x1290,0x1290,0x1290,0x1290,0x1290,0x1290,0x1290,0x1290,0x1291,0x12D2,
  0x2354,0x2374,0x1AF2,0x12D1,0x12D1,0x12D1,0x12D1,0x12D1,0x1AF2,0x2374,0x2354,0x12D2,0x1291,0x1290,0x1290,0x1290,
  0x1290,0x1290,0x1290,0x1290,0x1290,0x1290,0x1290,0x1290,0x1290,0x1290,0x1290,0x1290,0x1290,0x1290,0x12B1,0x12D1,
  0x12B0,0x12B0,0x12B0,0x12B0,0x12B0,0x12B0,0x12B0,0x12B0,0x12B0,0x12B0,0x12B0,0x12B0,0x12B0,0x12B0,0x12B0,0x12B0,
  0x12B0,0x12D1,0x1AF2,0x2374,0x2395,0x2395,0x2395,0x2395,0x2395,0x2374,0x1AF2,0x12D1,0x12B0,0x12B0,0x12B0,0x12B0,
  0x12B0,0x12B0,0x12B0,0x12B0,0x12B0,0x12B0,0x12B0,0x12B0,0x12B0,0x12B0,0x12B0,0x12B0,0x12B0,0x12B0,0x12B0,0x12B0,
  0x12D1,0x1AF2,0x2374,0x2395,0x2395,0x2395,0x2395,0x2395,0x2374,0x1AF2,0x12D1,0x12B0,0x12B0,0x12B0,0x12B0,0x12B0,
  0x12B0,0x12B0,0x12B0,0x12B0,0x12B0,0x12B0,0x12B0,0x12B0,0x12B0,0x12B0,0x12B0,0x12B0,0x12B0,0x12B0,0x12B0,0x12B0,
  0x12B0,0x12B0,0x12B0,0x12B0,0x12B0,0x12B0,0x12B0,0x12B0,0x12B0,0x12B0,0x12B0,0x12B0,0x12B0,0x12B0,0x12B0,0x12B0,
  0x12B0,0x12B0,0x12B1,0x12D1,0x12D1,0x12D1,0x12D1,0x12D1,0x12D1,0x12D1,0x12B1,0x12B0,0x12B0,0x12B0,0x12B0,0x12B0,
  0x12B0,0x12B0,0x12B0,0x12B0,0x12B0,0x12B0,0x12B0,0x12B0,0x12B0,0x12B0,0x12B0,0x12B0,0x12B0,0x12B0,0x12B0,0x12B0,
  0x12B0,0x12B1,0x12D1,0x12D1,0x12D1,0x1AF2,0x2333,0x2333,0x1B33,0x12B1,0x12B1,0x12B0,0x12B0,0x12B0,0x12B0,0x12B0,
  0x12B0,0x12B0,0x12B0,0x12B0,0x12B0,0x12B0,0x12B0,0x12B0,0x12B0,0x12B0,0x12B0,0x12B0,0x12B0,0x12B0,0x12B0,0x12B0,
  0x12B0,0x12B0,0x12B0,0x12B0,0x12B0,0x12B0,0x12B0,0x12B0,0x12B0,0x12B0,0x12B0,0x12B0,0x12B0,0x12B0,0x12B0,0x12B0,
  0x12B0,0x12B0,0x12B0,0x12B0,0x12B0,0x12B0,0x12B0,0x12B0,0x12B0,0x12B0,0x12B0,0x12B0,0x12B0,0x12B0,0x12B0,0x12B0,
  0x12B0,0x12B0,0x12B0,0x12B0,0x12B0,0x12B0,0x12B0,0x12B0,0x12B0,0x12B0,0x12B0,0x12B0,0x12B0,0x12B0,0x12B0,0x12B0,
  0x12B0,0x12B0,0x12B0,0x12B1,0x1B12,0x2354,0x447A,0x4CBB,0x447A,0x2354,0x1B12,0x12B1,0x12B0,0x12B0,0x12B0,0x12B0,
  0x12B0,0x12B0,0x12B0,0x12B0,0x12B0,0x12B0,0x12B0,0x12B0,0x12B0,0x12B0,0x12B0,0x12B0,0x12B0,0x12B0,0x12B0,0x12B0,
  0x12B0,0x12B0,0x12B0,0x12B0,0x12B0,0x12B0,0x12B0,0x12B0,0x12B0,0x12B0,0x12B0,0x12B0,0x12B0,0x12B0,0x12B0,0x12B0,
  0x12B0,0x12B0,0x12B0,0x12B0,0x12B0,0x12B0,0x12B0,0x12B0,0x12B0,0x12B0,0x12B0,0x12B0,0x12B0,0x12B0,0x12B0,0x12B0,
  0x12B0,0x12B0,0x12B0,0x12B0,0x12B0,0x12B0,0x12B0,0x12B0,0x12B0,0x12B0,0x12B0,0x12B0,0x12B0,0x12B0,0x12B0,0x12B0,
  0x12B0,0x12B0,0x12B0,0x1B12,0x4CBB,0x449A,0x2354,0x1B13,0x2354,0x449A,0x4CBB,0x1B12,0x12B0,0x12B0,0x12B0,0x12B0,
  0x12B0,0x12B0,0x12B0,0x12B0,0x12B0,0x12B0,0x12B0,0x12B0,0x12B0,0x12B0,0x12B0,0x12B0,0x12B0,0x12B0,0x12B0,0x12B0,
  0x12B0,0x12B0,0x12B0,0x12B0,0x12B0,0x12B0,0x12B0,0x12B0,0x12B0,0x12B0,0x12B0,0x12B0,0x12B0,0x12B0,0x12B0,0x12B0,
  0x12B0,0x12B0,0x12B0,0x12B0,0x12B0,0x12B0,0x12B0,0x12B0,0x12B0,0x12B0,0x12B0,0x12B0,0x12B0,0x12B0,0x12B0,0x12B0,
  0x12B0,0x12B0,0x12B0,0x12B0,0x12B0,0x12B0,0x12B0,0x12B0,0x12B0,0x12B0,0x12B0,0x12B0,0x12B0,0x12B0,0x12B0,0x12B0,
  0x12B0,0x12B0,0x12D1,0x2354,0x449A,0x2353,0x12D1,0x12B0,0x12D1,0x2353,0x449A,0x2354,0x12D1,0x12B0,0x12B0,0x12B0,
  0x12B0,0x12B0,0x12B0,0x12B0,0x12B0,0x12B0,0x12B0,0x12B0,0x12B0,0x12B0,0x12B0,0x12B0,0x12B0,0x12B0,0x12B0,0x12B0,
  0x12B0,0x12B0,0x12B0,0x12B0,0x12B0,0x12B0,0x12B0,0x12B0,0x12B0,0x12B0,0x12B0,0x12B0,0x12B0,0x12B0,0x12B0,0x12B0,
  0x12B0,0x12B0,0x12B0,0x12B0,0x12B0,0x12B0,0x12B0,0x12B0,0x12B0,0x12B0,0x12B0,0x12B0,0x12B0,0x12B0,0x12B0,0x12B0,
  0x12B0,0x12B0,0x12B0,0x12B0,0x12B0,0x12B0,0x12B0,0x12B0,0x12B0,0x12B0,0x12B0,0x12B0,0x12B0,0x12B0,0x12B0,0x12B0,
  0x12B0,0x12B0,0x1B12,0x449A,0x2354,0x12D1,0x12B0,0x12B0,0x12B0,0x12D1,0x2354,0x449A,0x1B12,0x12B0,0x12B0,0x12B0,
  0x12B0,0x12B0,0x12B0,0x12B0,0x12B0,0x12B0,0x12B0,0x12B0,0x12B0,0x12B0,0x12B0,0x12B0,0x12B0,0x12B0,0x12B0,0x12B0,
  0x12B0,0x12B0,0x12B0,0x12B0,0x12B0,0x12B0,0x12B0,0x12B0,0x12B0,0x12B0,0x12B0,0x12B0,0x12B0,0x12B0,0x12B0,0x12B0,
  0x12B0,0x12B0,0x12B0,0x12B0,0x12B0,0x12B0,0x12B0,0x12B0,0x12B0,0x12B0,0x12B0,0x12B0,0x12B0,0x12B0,0x12B0,0x12B0,
  0x12B0,0x12B0,0x12B0,0x12B0,0x12B0,0x12B0,0x12B0,0x12B0,0x12B0,0x12B0,0x12B0,0x12B0,0x12B0,0x12B0,0x12B0,0x12B0,
  0x12B0,0x12B0,0x1B12,0x4CBB,0x1B32,0x12B0,0x12B0,0x12B0,0x12B0,0x12B0,0x1B32,0x4CBB,0x1B12,0x12B0,0x12B0,0x12B0,
  0x12B0,0x12B0,0x12B0,0x12B0,0x12B0,0x12B0,0x12B0,0x12B0,0x12B0,0x12B0,0x12B0,0x12B0,0x12B0,0x12B0,0x12B0,0x12B0,
  0x12B0,0x12B0,0x12B0,0x12B0,0x12B0,0x12B0,0x12B0,0x12B0,0x12B0,0x12B0,0x12B0,0x12B0,0x12B0,0x12B0,0x12B0,0x12B0,
  0x12B0,0x12B0,0x12B0,0x12B0,0x12B0,0x12B0,0x12B0,0x12B0,0x12B0,0x12B0,0x12B0,0x12B0,0x12B0,0x12B0,0x12B0,0x12B0,
  0x12B0,0x12B0,0x12B0,0x12B0,0x12B0,0x12B0,0x12B0,0x12B0,0x12B0,0x12B0,0x12B0,0x12B0,0x12B0,0x12B0,0x12B0,0x12B0,
  0x12B0,0x12B0,0x1B12,0x449A,0x2354,0x12D1,0x12B0,0x12B0,0x12B0,0x12D1,0x2354,0x449A,0x1B12,0x12B0,0x12B0,0x12B0,
  0x12B0,0x12B0,0x12B0,0x12B0,0x12B0,0x12B0,0x12B0,0x12B0,0x12B0,0x12B0,0x12B0,0x12B0,0x12B0,0x12B0,0x12B0,0x12B0,
  0x12B0,0x12B0,0x12B0,0x12B0,0x12B0,0x12B0,0x12B0,0x12B0,0x12B0,0x12B0,0x12B0,0x12B0,0x12B0,0x12B0,0x12B0,0x12B0,
  0x12B0,0x12B0,0x12B0,0x12B0,0x12B0,0x12B0,0x12B0,0x12B0,0x12B0,0x12B0,0x12B0,0x12B0,0x12B0,0x12B0,0x12B0,0x12B0,
  0x12B0,0x12B0,0x12B0,0x12B0,0x12B0,0x12B0,0x12B0,0x12B0,0x12B0,0x12B0,0x12B0,0x12B0,0x12B0,0x12B0,0x12B0,0x12B0,
  0x12B0,0x12B0,0x12D1,0x2373,0x449A,0x2353,0x12D1,0x12D0,0x12D1,0x2353,0x449A,0x2373,0x12D1,0x12B0,0x12B0,0x12B0,
  0x12B0,0x12B0,0x12B0,0x12B0,0x12B0,0x12B0,0x12B0,0x12B0,0x12B0,0x12B0,0x12B0,0x12B0,0x12B0,0x12B0,0x12B0,0x12B0,
  0x12B0,0x12B0,0x12B0,0x12B0,0x12B0,0x12B0,0x12B0,0x12B0,0x12B0,0x12B0,0x12B0,0x12B0,0x12B0,0x12B0,0x12B0,0x12B0,
  0x12B0,0x12B0,0x12B0,0x12B0,0x12B0,0x12B0,0x12B0,0x12B0,0x12B0,0x12B0,0x12B0,0x12B0,0x12B0,0x12B0,0x12B0,0x12B0,
  0x12B0,0x12B0,0x12B0,0x12B0,0x12B0,0x12B0,0x12B0,0x12B0,0x12B0,0x12B0,0x12B0,0x12B0,0x12B0,0x12B0,0x12B0,0x12B0,
  0x12B0,0x12B0,0x12D0,0x1B32,0x4CBB,0x449A,0x2373,0x2332,0x2373,0x449A,0x4CBB,0x1B32,0x12D0,0x12B0,0x12B0,0x12B0,
  0x12B0,0x12B0,0x12B0,0x12B0,0x12B0,0x12B0,0x12B0,0x12B0,0x12B0,0x12B0,0x12B0,0x12B0,0x12B0,0x12B0,0x12B0,0x12B0,
  0x12B0,0x12B0,0x12B0,0x12B0,0x12B0,0x12B0,0x12B0,0x12B0,0x12B0,0x12B0,0x12B0,0x12B0,0x12B0,0x12B0,0x12B0,0x12B0,
  0x12B0,0x12B0,0x12B0,0x12B0,0x12B0,0x12B0,0x12B0,0x12B0,0x12B0,0x12B0,0x12B0,0x12B0,0x12B0,0x12B0,0x12B0,0x12B0,
  0x12B0,0x12B0,0x12B0,0x12B0,0x12B0,0x12B0,0x12B0,0x12B0,0x12B0,0x12B0,0x12B0,0x12B0,0x12B0,0x12B0,0x12B0,0x12B0,
  0x12B0,0x12B0,0x12B0,0x12D0,0x1B32,0x2373,0x4499,0x4CBB,0x4499,0x2373,0x1B32,0x12D0,0x12B0,0x12B0,0x12B0,0x12B0,
  0x12B0,0x12B0,0x12B0,0x12B0,0x12B0,0x12B0,0x12B0,0x12B0,0x12B0,0x12B0,0x12B0,0x12B0,0x12B0,0x12B0,0x12B0,0x12B0,
  0x12D0,0x12D0,0x12D0,0x12D0,0x12D0,0x12D0,0x12D0,0x12D0,0x12D0,0x12D0,0x12D0,0x12D0,0x12D0,0x12D0,0x12D0,0x12D0,
  0x12D0,0x12D0,0x12D0,0x12D0,0x12D0,0x12D0,0x12D0,0x12D0,0x12D0,0x12D0,0x12D0,0x12D0,0x12D0,0x12D0,0x12D0,0x12D0,
  0x12D0,0x12D0,0x12D0,0x12D0,0x12D0,0x12D0,0x12D0,0x12D0,0x12D0,0x12D0,0x12D0,0x12D0,0x12D0,0x12D0,0x12D0,0x12D0,
  0x12D0,0x12D0,0x12D0,0x12D0,0x12D0,0x12D0,0x1B32,0x1B32,0x1B32,0x12D0,0x12D0,0x12D0,0x12D0,0x12D0,0x12D0,0x12D0,
  0x12D0,0x12D0,0x12D0,0x12D0,0x12D0,0x12D0,0x12D0,0x12D0,0x12D0,0x12D0,0x12D0,0x12D0,0x12D0,0x12D0,0x12D0,0x12D0,
  0x12D0,0x12D0,0x12D0,0x12D0,0x12D0,0x12D0,0x12D0,0x12D0,0x12D0,0x12D0,0x12D0,0x12D0,0x12D0,0x12D0,0x12D0,0x12D0,
  0x12D0,0x12D0,0x12D0,0x12D0,0x12D0,0x12D0,0x12D0,0x12D0,0x12D0,0x12D0,0x12D0,0x12D0,0x12D0,0x12D0,0x12D0,0x12D0,
  0x12D0,0x12D0,0x12D0,0x12D0,0x12D0,0x12D0,0x12D0,0x12D0,0x12D0,0x12D0,0x12D0,0x12D0,0x12D0,0x12D0,0x12D0,0x12D0,
  0x12D0,0x12D0,0x12D0,0x12D0,0x12D0,0x12D0,0x12D0,0x12D0,0x12D0,0x12D0,0x12D0,0x12D0,0x12D0,0x12D0,0x12D0,0x12D0,
  0x12D0,0x12D0,0x12D0,0x12D0,0x12D0,0x12D0,0x12D0,0x12D0,0x12D0,0x12D0,0x12D0,0x12D0,0x12D0,0x12D0,0x12D0,0x12D0,
  0x12D0,0x12D0,0x12D0,0x12D0,0x12D0,0x12D0,0x12D0,0x12D0,0x12D0,0x12D0,0x12D0,0x12D0,0x12D0,0x12D0,0x12D0,0x12D0,
  0x12D0,0x12D0,0x12D0,0x12D0,0x12D0,0x12D0,0x12D0,0x12D0,0x12D0,0x12D0,0x12D0,0x12D0,0x12D0,0x12D0,0x12D0,0x12D0,
  0x12D0,0x12D0,0x12D0,0x12D0,0x12D0,0x12D0,0x12D0,0x12D0,0x12D0,0x12D0,0x12D0,0x12D0,0x12D0,0x12D0,0x12D0,0x12D0,
  0x12D0,0x12D0,0x12D0,0x12D0,0x12D0,0x12D0,0x12D0,0x12D0,0x12D0,0x12D0,0x12D0,0x12D0,0x12D0,0x12D0,0x12D0,0x12D0,
  0x12D0,0x12D0,0x12D0,0x12D0,0x12D0,0x12D0,0x12D0,0x12D0,0x12D0,0x12D0,0x12D0,0x12D0,0x12D0,0x12D0,0x12D0,0x12D0,
  0x12D0,0x12D0,0x12D0,0x12D0,0x12D0,0x12D0,0x12D0,0x12D0,0x12D0,0x12D0,0x12D0,0x12D0,0x12D0,0x12D0,0x12D0,0x12D0,
  0x12D0,0x12D0,0x12D0,0x12D0,0x12D0,0x12D0,0x12D0,0x12D0,0x12D0,0x12D0,0x12D0,0x12D0,0x12D0,0x12D0,0x12D0,0x12D0,
  0x12D0,0x12D0,0x12D0,0x12D0,0x12D0,0x12D0,0x12D0,0x12D0,0x12D0,0x12D0,0x12D0,0x12D0,0x12D0,0x12D0,0x12D0,0x12D0,
  0x12D0,0x12D0,0x12D0,0x12D0,0x12D0,0x12D0,0x12D0,0x12D0,0x12D0,0x12D0,0x12D0,0x12D0,0x12D0,0x12D0,0x12D0,0x12D0,
  0x12D0,0x12D0,0x12D0,0x12D0,0x12D0,0x12D0,0x12D0,0x12D0,0x12D0,0x12D0,0x12D0,0x12D0,0x12D0,0x12D0,0x12D0,0x12D0,
  0x12D0,0x12D0,0x12D0,0x12D0,0x12D0,0x12D0,0x12D0,0x12D0,0x12D0,0x12D0,0x12D0,0x12D0,0x12D0,0x12D0,0x12D0,0x12D0,
  0x12D0,0x12D0,0x12D0,0x12D0,0x12D0,0x12D0,0x12D0,0x12D0,0x12D0,0x12D0,0x12D0,0x12D0,0x12D0,0x12D0,0x12D0,0x12D0,
  0x12D0,0x12D0,0x12D0,0x12D0,0x12D0,0x12D0,0x12D0,0x12D0,0x12D0,0x12D0,0x12D0,0x12D0,0x12D0,0x12D0,0x12D0,0x12D0,
  0x12D0,0x12D0,0x12D0,0x12D0,0x12D0,0x12D0,0x12D0,0x12D0,0x12D0,0x12D0,0x12D0,0x12D0,0x12D0,0x12D0,0x12D0,0x12D0,
  0x12D0,0x12D0,0x12D0,0x12D0,0x12D0,0x12D0,0x12D0,0x12D0,0x12D0,0x12D0,0x12D0,0x12D0,0x12D0,0x12D0,0x12D0,0x12D0,
  
};

const uint16_t THEME_SUNSET[] PROGMEM = {
  0x50AF,0x50AF,0x50AF,0x50AF,0x50AF,0x50AF,0x50AF,0x50AF,0x50AF,0x50AF,0x50AF,0x50AF,0x50AF,0x50AF,0x50AF,0x50AF,
  0x50AF,0x50AF,0x50AF,0x50AF,0x50AF,0x50AF,0x50AF,0x50AF,0x50AF,0x50AF,0x50AF,0x50AF,0x50AF,0x50AF,0x50AF,0x50AF,
  0x50AF,0x50AF,0x50AF,0x50AF,0x50AF,0x50AF,0x50AF,0x50AF,0x50AF,0x50AF,0x50AF,0x50AF,0x50AF,0x50AF,0x50AF,0x50AF,
  0x50AF,0x50AF,0x50AF,0x50AF,0x50AF,0x50AF,0x50AF,0x50AF,0x50AF,0x50AF,0x50AF,0x50AF,0x50AF,0x50AF,0x50AF,0x50AF,
  0x50AF,0x50AF,0x50AF,0x50AF,0x50AF,0x50AF,0x50AF,0x50AF,0x50AF,0x50AF,0x50AF,0x50AF,0x50AF,0x50AF,0x50AF,0x50AF,
  0x50AE,0x50AE,0x50AE,0x50AE,0x50AE,0x50AE,0x50AE,0x50AE,0x50AE,0x50AE,0x50AE,0x50AE,0x50AE,0x50AE,0x50AE,0x50AE,
  0x50AE,0x50AE,0x50AE,0x50AE,0x50AE,0x50AE,0x50AE,0x50AE,0x50AE,0x50AE,0x50AE,0x50AE,0x50AE,0x50AE,0x50AE,0x50AE,
  0x50AE,0x50AE,0x50AE,0x50AE,0x50AE,0x50AE,0x50AE,0x50AE,0x50AE,0x50AE,0x50AE,0x50AE,0x50AE,0x50AE,0x50AE,0x50AE,
  0x50AE,0x50AE,0x50AE,0x50AE,0x50AE,0x50AE,0x50AE,0x50AE,0x50AE,0x50AE,0x50AE,0x50AE,0x50AE,0x50AE,0x50AE,0x50AE,
  0x50AE,0x50AE,0x50AE,0x50AE,0x50AE,0x50AE,0x50AE,0x50AE,0x50AE,0x50AE,0x50AE,0x50AE,0x50AE,0x50AE,0x50AE,0x50AE,
  0x50AE,0x50AE,0x50AE,0x50AE,0x50AE,0x50AE,0x50AE,0x50AE,0x50AE,0x50AE,0x50AE,0x50AE,0x50AE,0x50AE,0x50AE,0x50AE,
  0x50AE,0x50AE,0x50AE,0x50AE,0x50AE,0x50AE,0x50AE,0x50AE,0x50AE,0x50AE,0x50AE,0x50AE,0x50AE,0x50AE,0x50AE,0x50AE,
  0x50AE,0x50AE,0x50AE,0x50AE,0x50AE,0x50AE,0x50AE,0x50AE,0x50AE,0x50AE,0x50AE,0x50AE,0x50AE,0x50AE,0x50AE,0x50AE,
  0x50AE,0x50AE,0x50AE,0x50AE,0x50AE,0x50AE,0x50AE,0x50AE,0x50AE,0x50AE,0x50AE,0x50AE,0x50AE,0x50AE,0x50AE,0x50AE,
  0x50AE,0x50AE,0x50AE,0x50AE,0x50AE,0x50AE,0x50AE,0x50AE,0x50AE,0x50AE,0x50AE,0x50AE,0x50AE,0x50AE,0x50AE,0x50AE,
  0x50AE,0x50AE,0x50AE,0x50AE,0x50AE,0x50AE,0x50AE,0x50AE,0x50AE,0x50AE,0x50AE,0x50AE,0x50AE,0x50AE,0x50AE,0x50AE,
  0x50AE,0x50AE,0x50AE,0x50AE,0x50AE,0x50AE,0x50AE,0x50AE,0x50AE,0x50AE,0x50AE,0x50AE,0x50AE,0x50AE,0x50AE,0x50AE,
  0x50AE,0x50AE,0x50AE,0x50AE,0x50AE,0x50AE,0x50AE,0x50AE,0x50AE,0x50AE,0x50AE,0x50AE,0x50AE,0x50AE,0x50AE,0x50AE,
  0x50AE,0x50AE,0x50AE,0x50AE,0x50AE,0x50AE,0x50AE,0x50AE,0x50AE,0x50AE,0x50AE,0x50AE,0x50AE,0x50AE,0x50AE,0x50AE,
  0x50AE,0x50AE,0x50AE,0x50AE,0x50AE,0x50AE,0x50AE,0x50AE,0x50AE,0x50AE,0x50AE,0x50AE,0x50AE,0x50AE,0x50AE,0x50AE,
  0x58AE,0x58AE,0x58AE,0x58AE,0x58AE,0x58AE,0x58AE,0x58AE,0x58AE,0x58AE,0x58AE,0x58AE,0x58AE,0x58AE,0x58AE,0x58AE,
  0x58AE,0x58AE,0x58AE,0x58AE,0x58AE,0x58AE,0x58AE,0x58AE,0x58AE,0x58AE,0x58AE,0x58AE,0x58AE,0x58AE,0x58AE,0x58AE,
  0x58AE,0x58AE,0x58AE,0x58AE,0x58AE,0x58AE,0x58AE,0x58AE,0x58AE,0x58AE,0x58AE,0x58AE,0x58AE,0x58AE,0x58AE,0x58AE,
  0x58AE,0x58AE,0x58AE,0x58AE,0x58AE,0x58AE,0x58AE,0x58AE,0x58AE,0x58AE,0x58AE,0x58AE,0x58AE,0x58AE,0x58AE,0x58AE,
  0x58AE,0x58AE,0x58AE,0x58AE,0x58AE,0x58AE,0x58AE,0x58AE,0x58AE,0x58AE,0x58AE,0x58AE,0x58AE,0x58AE,0x58AE,0x58AE,
  0x58CE,0x58CE,0x58CE,0x58CE,0x58CE,0x58CE,0x58CE,0x58CE,0x58CE,0x58CE,0x58CE,0x58CE,0x58CE,0x58CE,0x58CE,0x58CE,
  0x58CE,0x58CE,0x58CE,0x58CE,0x58CE,0x58CE,0x58CE,0x58CE,0x58CE,0x58CE,0x58CE,0x58CE,0x58CE,0x58CE,0x58CE,0x58CE,
  0x58CE,0x58CE,0x58CE,0x58CE,0x58CE,0x58CE,0x58CE,0x58CE,0x58CE,0x58CE,0x58CE,0x58CE,0x58CE,0x58CE,0x58CE,0x58CE,
  0x58CE,0x58CE,0x58CE,0x58CE,0x58CE,0x58CE,0x58CE,0x58CE,0x58CE,0x58CE,0x58CE,0x58CE,0x58CE,0x58CE,0x58CE,0x58CE,
  0x58CE,0x58CE,0x58CE,0x58CE,0x58CE,0x58CE,0x58CE,0x58CE,0x58CE,0x58CE,0x58CE,0x58CE,0x58CE,0x58CE,0x58CE,0x58CE,
  0x58CE,0x58CE,0x58CE,0x58CE,0x58CE,0x58CE,0x58CE,0x58CE,0x58CE,0x58CE,0x58CE,0x58CE,0x58CE,0x58CE,0x58CE,0x58CE,
  0x58CE,0x58CE,0x58CE,0x58CE,0x58CE,0x58CE,0x58CE,0x58CE,0x58CE,0x58CE,0x58CE,0x58CE,0x58CE,0x58CE,0x58CE,0x58CE,
  0x58CE,0x58CE,0x58CE,0x58CE,0x58CE,0x58CE,0x58CE,0x58CE,0x58CE,0x58CE,0x58CE,0x58CE,0x58CE,0x58CE,0x58CE,0x58CE,
  0x58CE,0x58CE,0x58CE,0x58CE,0x58CE,0x58CE,0x58CE,0x58CE,0x58CE,0x58CE,0x58CE,0x58CE,0x58CE,0x58CE,0x58CE,0x58CE,
  0x58CE,0x58CE,0x58CE,0x58CE,0x58CE,0x58CE,0x58CE,0x58CE,0x58CE,0x58CE,0x58CE,0x58CE,0x58CE,0x58CE,0x58CE,0x58CE,
  0x58CD,0x58CD,0x58CD,0x58CD,0x58CD,0x58CD,0x58CD,0x58CD,0x58CD,0x58CD,0x58CD,0x58CD,0x58CD,0x58CD,0x58CD,0x58CD,
  0x58CD,0x58CD,0x58CD,0x58CD,0x58CD,0x58CD,0x58CD,0x58CD,0x58CD,0x58CD,0x58CD,0x58CD,0x58CD,0x58CD,0x58CD,0x58CD,
  0x58CD,0x58CD,0x58CD,0x58CD,0x58CD,0x58CD,0x58CD,0x58CD,0x58CD,0x58CD,0x58CD,0x58CD,0x58CD,0x58CD,0x58CD,0x58CD,
  0x58CD,0x58CD,0x58CD,0x58CD,0x58CD,0x58CD,0x58CD,0x58CD,0x58CD,0x58CD,0x58CD,0x58CD,0x58CD,0x58CD,0x58CD,0x58CD,
  0x58CD,0x58CD,0x58CD,0x58CD,0x58CD,0x58CD,0x58CD,0x58CD,0x58CD,0x58CD,0x58CD,0x58CD,0x58CD,0x58CD,0x58CD,0x58CD,
  0x60CD,0x60CD,0x60CD,0x60CD,0x60CD,0x60CD,0x60CD,0x60CD,0x60CD,0x60CD,0x60CD,0x60CD,0x60CD,0x60CD,0x60CD,0x60CD,
  0x60CD,0x60CD,0x60CD,0x60CD,0x60CD,0x60CD,0x60CD,0x60CD,0x60CD,0x60CD,0x60CD,0x60CD,0x60CD,0x60CD,0x60CD,0x60CD,
  0x60CD,0x60CD,0x60CD,0x60CD,0x60CD,0x60CD,0x60CD,0x60CD,0x60CD,0x60CD,0x60CD,0x60CD,0x60CD,0x60CD,0x60CD,0x60CD,
  0x60CD,0x60CD,0x60CD,0x60CD,0x60CD,0x60CD,0x60CD,0x60CD,0x60CD,0x60CD,0x60CD,0x60CD,0x60CD,0x60CD,0x60CD,0x60CD,
  0x60CD,0x60CD,0x60CD,0x60CD,0x60CD,0x60CD,0x60CD,0x60CD,0x60CD,0x60CD,0x60CD,0x60CD,0x60CD,0x60CD,0x60CD,0x60CD,
  0x60CD,0x60CD,0x60CD,0x60CD,0x60CD,0x60CD,0x60CD,0x60CD,0x60CD,0x60CD,0x60CD,0x60CD,0x60CD,0x60CD,0x60CD,0x60CD,
  0x60CD,0x60CD,0x60CD,0x60CD,0x60CD,0x60CD,0x60CD,0x60CD,0x60CD,0x60CD,0x60CD,0x60CD,0x60CD,0x60CD,0x60CD,0x60CD,
  0x60CD,0x60CD,0x60CD,0x60CD,0x60CD,0x60CD,0x60CD,0x60CD,0x60CD,0x60CD,0x60CD,0x60CD,0x60CD,0x60CD,0x60CD,0x60CD,
  0x60CD,0x60CD,0x60CD,0x60CD,0x60CD,0x60CD,0x60CD,0x60CD,0x60CD,0x60CD,0x60CD,0x60CD,0x60CD,0x60CD,0x60CD,0x60CD,
  0x60CD,0x60CD,0x60CD,0x60CD,0x60CD,0x60CD,0x60CD,0x60CD,0x60CD,0x60CD,0x60CD,0x60CD,0x60CD,0x60CD,0x60CD,0x60CD,
  0x60ED,0x60ED,0x60ED,0x60ED,0x60ED,0x60ED,0x60ED,0x60ED,0x60ED,0x60ED,0x60ED,0x60ED,0x60ED,0x60ED,0x60ED,0x60ED,
  0x60ED,0x60ED,0x60ED,0x60ED,0x60ED,0x60ED,0x60ED,0x60ED,0x60ED,0x60ED,0x60ED,0x60ED,0x60ED,0x60ED,0x60ED,0x60ED,
  0x60ED,0x60ED,0x60ED,0x60ED,0x60ED,0x60ED,0x60ED,0x60ED,0x60ED,0x60ED,0x60ED,0x60ED,0x60ED,0x60ED,0x60ED,0x60ED,
  0x60ED,0x60ED,0x60ED,0x60ED,0x60ED,0x60ED,0x60ED,0x60ED,0x60ED,0x60ED,0x60ED,0x60ED,0x60ED,0x60ED,0x60ED,0x60ED,
  0x60ED,0x60ED,0x60ED,0x60ED,0x60ED,0x60ED,0x60ED,0x60ED,0x60ED,0x60ED,0x60ED,0x60ED,0x60ED,0x60ED,0x60ED,0x60ED,
  0x60ED,0x60ED,0x60ED,0x60ED,0x60ED,0x60ED,0x60ED,0x60ED,0x60ED,0x60ED,0x60ED,0x60ED,0x60ED,0x60ED,0x60ED,0x60ED,
  0x60ED,0x60ED,0x60ED,0x60ED,0x60ED,0x60ED,0x60ED,0x60ED,0x60ED,0x60ED,0x60ED,0x60ED,0x60ED,0x60ED,0x60ED,0x60ED,
  0x60ED,0x60ED,0x60ED,0x60ED,0x60ED,0x60ED,0x60ED,0x60ED,0x60ED,0x60ED,0x60ED,0x60ED,0x60ED,0x60ED,0x60ED,0x60ED,
  0x60ED,0x60ED,0x60ED,0x60ED,0x60ED,0x60ED,0x60ED,0x60ED,0x60ED,0x60ED,0x60ED,0x60ED,0x60ED,0x60ED,0x60ED,0x60ED,
  0x60ED,0x60ED,0x60ED,0x60ED,0x60ED,0x60ED,0x60ED,0x60ED,0x60ED,0x60ED,0x60ED,0x60ED,0x60ED,0x60ED,0x60ED,0x60ED,
  0x68ED,0x68ED,0x68ED,0x68ED,0x68ED,0x68ED,0x68ED,0x68ED,0x68ED,0x68ED,0x68ED,0x68ED,0x68ED,0x68ED,0x68ED,0x68ED,
  0x68ED,0x68ED,0x68ED,0x68ED,0x68ED,0x68ED,0x68ED,0x68ED,0x68ED,0x68ED,0x68ED,0x68ED,0x68ED,0x68ED,0x68ED,0x68ED,
  0x68ED,0x68ED,0x68ED,0x68ED,0x68ED,0x68ED,0x68ED,0x68ED,0x68ED,0x68ED,0x68ED,0x68ED,0x68ED,0x68ED,0x68ED,0x68ED,
  0x68ED,0x68ED,0x68ED,0x68ED,0x68ED,0x68ED,0x68ED,0x68ED,0x68ED,0x68ED,0x68ED,0x68ED,0x68ED,0x68ED,0x68ED,0x68ED,
  0x68ED,0x68ED,0x68ED,0x68ED,0x68ED,0x68ED,0x68ED,0x68ED,0x68ED,0x68ED,0x68ED,0x68ED,0x68ED,0x68ED,0x68ED,0x68ED,
  0x68EC,0x68EC,0x68EC,0x68EC,0x68EC,0x68EC,0x68EC,0x68EC,0x68EC,0x68EC,0x68EC,0x68EC,0x68EC,0x68EC,0x68EC,0x68EC,
  0x68EC,0x68EC,0x68EC,0x68EC,0x68EC,0x68EC,0x68EC,0x68EC,0x68EC,0x68EC,0x68EC,0x68EC,0x68EC,0x68EC,0x68EC,0x68EC,
  0x68EC,0x68EC,0x68EC,0x68EC,0x68EC,0x68EC,0x68EC,0x68EC,0x68EC,0x68EC,0x68EC,0x68EC,0x68EC,0x68EC,0x68EC,0x68EC,
  0x68EC,0x68EC,0x68EC,0x68EC,0x68EC,0x68EC,0x68EC,0x68EC,0x68EC,0x68EC,0x68EC,0x68EC,0x68EC,0x68EC,0x68EC,0x68EC,
  0x68EC,0x68EC,0x68EC,0x68EC,0x68EC,0x68EC,0x68EC,0x68EC,0x68EC,0x68EC,0x68EC,0x68EC,0x68EC,0x68EC,0x68EC,0x68EC,
  0x68EC,0x68EC,0x68EC,0x68EC,0x68EC,0x68EC,0x68EC,0x68EC,0x68EC,0x68EC,0x68EC,0x68EC,0x68EC,0x68EC,0x68EC,0x68EC,
  0x68EC,0x68EC,0x68EC,0x68EC,0x68EC,0x68EC,0x68EC,0x68EC,0x68EC,0x68EC,0x68EC,0x68EC,0x68EC,0x68EC,0x68EC,0x68EC,
  0x68EC,0x68EC,0x68EC,0x68EC,0x68EC,0x68EC,0x68EC,0x68EC,0x68EC,0x68EC,0x68EC,0x68EC,0x68EC,0x68EC,0x68EC,0x68EC,
  0x68EC,0x68EC,0x68EC,0x68EC,0x68EC,0x68EC,0x68EC,0x68EC,0x68EC,0x68EC,0x68EC,0x68EC,0x68EC,0x68EC,0x68EC,0x68EC,
  0x68EC,0x68EC,0x68EC,0x68EC,0x68EC,0x68EC,0x68EC,0x68EC,0x68EC,0x68EC,0x68EC,0x68EC,0x68EC,0x68EC,0x68EC,0x68EC,
  0x690C,0x690C,0x690C,0x690C,0x690C,0x690C,0x690C,0x690C,0x690C,0x690C,0x690C,0x690C,0x690C,0x690C,0x690C,0x690C,
  0x690C,0x690C,0x690C,0x690C,0x690C,0x690C,0x690C,0x690C,0x690C,0x690C,0x690C,0x690C,0x690C,0x690C,0x690C,0x690C,
  0x690C,0x690C,0x690C,0x690C,0x690C,0x690C,0x690C,0x690C,0x690C,0x690C,0x690C,0x690C,0x690C,0x690C,0x690C,0x690C,
  0x690C,0x690C,0x690C,0x690C,0x690C,0x690C,0x690C,0x690C,0x690C,0x690C,0x690C,0x690C,0x690C,0x690C,0x690C,0x690C,
  0x690C,0x690C,0x690C,0x690C,0x690C,0x690C,0x690C,0x690C,0x690C,0x690C,0x690C,0x690C,0x690C,0x690C,0x690C,0x690C,
  0x710C,0x710C,0x710C,0x710C,0x710C,0x710C,0x710C,0x710C,0x710C,0x710C,0x710C,0x710C,0x710C,0x710C,0x710C,0x710C,
  0x710C,0x710C,0x710C,0x710C,0x710C,0x710C,0x710C,0x710C,0x710C,0x710C,0x710C,0x710C,0x710C,0x710C,0x710C,0x710C,
  0x710C,0x710C,0x710C,0x710C,0x710C,0x710C,0x710C,0x710C,0x710C,0x710C,0x710C,0x710C,0x710C,0x710C,0x710C,0x710C,
  0x710C,0x710C,0x710C,0x710C,0x710C,0x710C,0x710C,0x710C,0x710C,0x710C,0x710C,0x710C,0x710C,0x710C,0x710C,0x710C,
  0x710C,0x710C,0x710C,0x710C,0x710C,0x710C,0x710C,0x710C,0x710C,0x710C,0x710C,0x710C,0x710C,0x710C,0x710C,0x710C,
  0x710C,0x710C,0x710C,0x710C,0x710C,0x710C,0x710C,0x710C,0x710C,0x710C,0x710C,0x710C,0x710C,0x710C,0x710C,0x710C,
  0x710C,0x710C,0x710C,0x710C,0x710C,0x710C,0x710C,0x710C,0x710C,0x710C,0x710C,0x710C,0x710C,0x710C,0x710C,0x710C,
  0x710C,0x710C,0x710C,0x710C,0x710C,0x710C,0x710C,0x710C,0x710C,0x710C,0x710C,0x710C,0x710C,0x710C,0x710C,0x710C,
  0x710C,0x710C,0x710C,0x710C,0x710C,0x710C,0x710C,0x710C,0x710C,0x710C,0x710C,0x710C,0x710C,0x710C,0x710C,0x710C,
  0x710C,0x710C,0x710C,0x710C,0x710C,0x710C,0x710C,0x710C,0x710C,0x710C,0x710C,0x710C,0x710C,0x710C,0x710C,0x710C,
  0x710C,0x710C,0x710C,0x710C,0x710C,0x710C,0x710C,0x710C,0x710C,0x710C,0x710C,0x710C,0x710C,0x710C,0x710C,0x710C,
  0x710C,0x710C,0x710C,0x710C,0x710C,0x710C,0x710C,0x710C,0x710C,0x710C,0x710C,0x710C,0x710C,0x710C,0x710C,0x710C,
  0x710C,0x710C,0x710C,0x710C,0x710C,0x710C,0x710C,0x710C,0x710C,0x710C,0x710C,0x710C,0x710C,0x710C,0x710C,0x710C,
  0x710C,0x710C,0x710C,0x710C,0x710C,0x710C,0x710C,0x710C,0x710C,0x710C,0x710C,0x710C,0x710C,0x710C,0x710C,0x710C,
  0x710C,0x710C,0x710C,0x710C,0x710C,0x710C,0x710C,0x710C,0x710C,0x710C,0x710C,0x710C,0x710C,0x710C,0x710C,0x710C,
  0x710C,0x710C,0x710C,0x710C,0x710C,0x710C,0x710C,0x710C,0x710C,0x710C,0x710C,0x710C,0x710C,0x710C,0x710C,0x710C,
  0x710C,0x710C,0x710C,0x710C,0x710C,0x710C,0x710C,0x710C,0x710C,0x710C,0x710C,0x710C,0x710C,0x710C,0x710C,0x710C,
  0x710C,0x710C,0x710C,0x710C,0x710C,0x710C,0x710C,0x710C,0x710C,0x710C,0x710C,0x710C,0x710C,0x710C,0x710C,0x710C,
  0x710C,0x710C,0x710C,0x710C,0x710C,0x710C,0x710C,0x710C,0x710C,0x710C,0x710C,0x710C,0x710C,0x710C,0x710C,0x710C,
  0x710C,0x710C,0x710C,0x710C,0x710C,0x710C,0x710C,0x710C,0x710C,0x710C,0x710C,0x710C,0x710C,0x710C,0x710C,0x710C,
  0x792B,0x792B,0x792B,0x792B,0x792B,0x792B,0x792B,0x792B,0x792B,0x792B,0x792B,0x792B,0x792B,0x792B,0x792B,0x792B,
  0x792B,0x792B,0x792B,0x792B,0x792B,0x792B,0x792B,0x792B,0x792B,0x792B,0x792B,0x792B,0x792B,0x792B,0x792B,0x792B,
  0x792B,0x792B,0x792B,0x792B,0x792B,0x792B,0x792B,0x792B,0x792B,0x792B,0x792B,0x792B,0x792B,0x792B,0x792B,0x792B,
  0x792B,0x792B,0x792B,0x792B,0x792B,0x792B,0x792B,0x792B,0x792B,0x792B,0x792B,0x792B,0x792B,0x792B,0x792B,0x792B,
  0x792B,0x792B,0x792B,0x792B,0x792B,0x792B,0x792B,0x792B,0x792B,0x792B,0x792B,0x792B,0x792B,0x792B,0x792B,0x792B,
  0x792B,0x792B,0x792B,0x792B,0x792B,0x792B,0x792B,0x792B,0x792B,0x792B,0x792B,0x792B,0x792B,0x792B,0x792B,0x792B,
  0x792B,0x792B,0x792B,0x792B,0x792B,0x792B,0x792B,0x792B,0x792B,0x792B,0x792B,0x792B,0x792B,0x792B,0x792B,0x792B,
  0x792B,0x792B,0x792B,0x792B,0x792B,0x792B,0x792B,0x792B,0x792B,0x792B,0x792B,0x792B,0x792B,0x792B,0x792B,0x792B,
  0x792B,0x792B,0x792B,0x792B,0x792B,0x792B,0x792B,0x792B,0x792B,0x792B,0x792B,0x792B,0x792B,0x792B,0x792B,0x792B,
  0x792B,0x792B,0x792B,0x792B,0x792B,0x792B,0x792B,0x792B,0x792B,0x792B,0x792B,0x792B,0x792B,0x792B,0x792B,0x792B,
  0x792B,0x792B,0x792B,0x792B,0x792B,0x792B,0x792B,0x792B,0x792B,0x792B,0x792B,0x792B,0x792B,0x792B,0x792B,0x792B,
  0x792B,0x792B,0x792B,0x792B,0x792B,0x792B,0x792B,0x792B,0x792B,0x792B,0x792B,0x792B,0x792B,0x792B,0x792B,0x792B,
  0x792B,0x792B,0x792B,0x792B,0x792B,0x792B,0x792B,0x792B,0x792B,0x792B,0x792B,0x792B,0x792B,0x792B,0x792B,0x792B,
  0x792B,0x792B,0x792B,0x792B,0x792B,0x792B,0x792B,0x792B,0x792B,0x792B,0x792B,0x792B,0x792B,0x792B,0x792B,0x792B,
  0x792B,0x792B,0x792B,0x792B,0x792B,0x792B,0x792B,0x792B,0x792B,0x792B,0x792B,0x792B,0x792B,0x792B,0x792B,0x792B,
  0x792B,0x792B,0x792B,0x792B,0x792B,0x792B,0x792B,0x792B,0x792B,0x792B,0x792B,0x792B,0x792B,0x792B,0x792B,0x792B,
  0x792B,0x792B,0x792B,0x792B,0x792B,0x792B,0x792B,0x792B,0x792B,0x792B,0x792B,0x792B,0x792B,0x792B,0x792B,0x792B,
  0x792B,0x792B,0x792B,0x792B,0x792B,0x792B,0x792B,0x792B,0x792B,0x792B,0x792B,0x792B,0x792B,0x792B,0x792B,0x792B,
  0x792B,0x792B,0x792B,0x792B,0x792B,0x792B,0x792B,0x792B,0x792B,0x792B,0x792B,0x792B,0x792B,0x792B,0x792B,0x792B,
  0x792B,0x792B,0x792B,0x792B,0x792B,0x792B,0x792B,0x792B,0x792B,0x792B,0x792B,0x792B,0x792B,0x792B,0x792B,0x792B,
  0x814B,0x814B,0x814B,0x814B,0x814B,0x814B,0x814B,0x814B,0x814B,0x814B,0x814B,0x814B,0x814B,0x814B,0x814B,0x814B,
  0x814B,0x814B,0x814B,0x814B,0x814B,0x814B,0x814B,0x814B,0x814B,0x814B,0x814B,0x814B,0x814B,0x814B,0x814B,0x814B,
  0x814B,0x814B,0x814B,0x814B,0x814B,0x814B,0x814B,0x814B,0x814B,0x814B,0x814B,0x814B,0x814B,0x814B,0x814B,0x814B,
  0x814B,0x814B,0x814B,0x814B,0x814B,0x814B,0x814B,0x814B,0x814B,0x814B,0x814B,0x814B,0x814B,0x814B,0x814B,0x814B,
  0x814B,0x814B,0x814B,0x814B,0x814B,0x814B,0x814B,0x814B,0x814B,0x814B,0x814B,0x814B,0x814B,0x814B,0x814B,0x814B,
  0x814B,0x814B,0x814B,0x814B,0x814B,0x814B,0x814B,0x814B,0x814B,0x814B,0x814B,0x814B,0x814B,0x814B,0x814B,0x814B,
  0x814B,0x814B,0x814B,0x814B,0x814B,0x814B,0x814B,0x814B,0x814B,0x814B,0x814B,0x814B,0x814B,0x814B,0x814B,0x814B,
  0x814B,0x814B,0x814B,0x814B,0x814B,0x814B,0x814B,0x814B,0x814B,0x814B,0x814B,0x814B,0x814B,0x814B,0x814B,0x814B,
  0x814B,0x814B,0x814B,0x814B,0x814B,0x814B,0x814B,0x814B,0x814B,0x814B,0x814B,0x814B,0x814B,0x814B,0x814B,0x814B,
  0x814B,0x814B,0x814B,0x814B,0x814B,0x814B,0x814B,0x814B,0x814B,0x814B,0x814B,0x814B,0x814B,0x814B,0x814B,0x814B,
  0x814A,0x814A,0x814A,0x814A,0x814A,0x814A,0x814A,0x814A,0x814A,0x814A,0x814A,0x814A,0x814A,0x814A,0x814A,0x814A,
  0x814A,0x814A,0x814A,0x814A,0x814A,0x814A,0x814A,0x814A,0x814A,0x814A,0x814A,0x814A,0x814A,0x814A,0x814A,0x814A,
  0x814A,0x814A,0x814A,0x814A,0x814A,0x814A,0x814A,0x814A,0x814A,0x814A,0x814A,0x814A,0x814A,0x814A,0x814A,0x814A,
  0x814A,0x814A,0x814A,0x814A,0x814A,0x814A,0x814A,0x814A,0x814A,0x814A,0x814A,0x814A,0x814A,0x814A,0x814A,0x814A,
  0x814A,0x814A,0x814A,0x814A,0x814A,0x814A,0x814A,0x814A,0x814A,0x814A,0x814A,0x814A,0x814A,0x814A,0x814A,0x814A,
  0x894A,0x894A,0x894A,0x894A,0x894A,0x894A,0x894A,0x894A,0x894A,0x894A,0x894A,0x894A,0x894A,0x894A,0x894A,0x894A,
  0x894A,0x894A,0x894A,0x894A,0x894A,0x894A,0x894A,0x894A,0x894A,0x894A,0x894A,0x894A,0x894A,0x894A,0x894A,0x894A,
  0x894A,0x894A,0x894A,0x894A,0x894A,0x894A,0x894A,0x894A,0x894A,0x894A,0x894A,0x894A,0x894A,0x894A,0x894A,0x894A,
  0x894A,0x894A,0x894A,0x894A,0x894A,0x894A,0x894A,0x894A,0x894A,0x894A,0x894A,0x894A,0x894A,0x894A,0x894A,0x894A,
  0x894A,0x894A,0x894A,0x894A,0x894A,0x894A,0x894A,0x894A,0x894A,0x894A,0x894A,0x894A,0x894A,0x894A,0x894A,0x894A,
  0x894A,0x894A,0x894A,0x894A,0x894A,0x894A,0x894A,0x894A,0x894A,0x894A,0x894A,0x894A,0x894A,0x894A,0x894A,0x894A,
  0x894A,0x894A,0x894A,0x894A,0x894A,0x894A,0x894A,0x894A,0x894A,0x894A,0x894A,0x894A,0x894A,0x894A,0x894A,0x894A,
  0x894A,0x894A,0x894A,0x894A,0x894A,0x894A,0x894A,0x894A,0x894A,0x894A,0x894A,0x894A,0x894A,0x894A,0x894A,0x894A,
  0x894A,0x894A,0x894A,0x894A,0x894A,0x894A,0x894A,0x894A,0x894A,0x894A,0x894A,0x894A,0x894A,0x894A,0x894A,0x894A,
  0x894A,0x894A,0x894A,0x894A,0x894A,0x894A,0x894A,0x894A,0x894A,0x894A,0x894A,0x894A,0x894A,0x894A,0x894A,0x894A,
  0x896A,0x896A,0x896A,0x896A,0x896A,0x896A,0x896A,0x896A,0x896A,0x896A,0x896A,0x896A,0x896A,0x896A,0x896A,0x896A,
  0x896A,0x896A,0x896A,0x896A,0x896A,0x896A,0x896A,0x896A,0x896A,0x896A,0x896A,0x896A,0x896A,0x896A,0x896A,0x896A,
  0x896A,0x896A,0x896A,0x896A,0x896A,0x896A,0x896A,0x896A,0x896A,0x896A,0x896A,0x896A,0x896A,0x896A,0x896A,0x896A,
  0x896A,0x896A,0x896A,0x896A,0x896A,0x896A,0x896A,0x896A,0x896A,0x896A,0x896A,0x896A,0x896A,0x896A,0x896A,0x896A,
  0x896A,0x896A,0x896A,0x896A,0x896A,0x896A,0x896A,0x896A,0x896A,0x896A,0x896A,0x896A,0x896A,0x896A,0x896A,0x896A,
  0x896A,0x896A,0x896A,0x896A,0x896A,0x896A,0x896A,0x896A,0x896A,0x896A,0x896A,0x896A,0x896A,0x896A,0x896A,0x896A,
  0x896A,0x896A,0x896A,0x896A,0x896A,0x896A,0x896A,0x896A,0x896A,0x896A,0x896A,0x896A,0x896A,0x896A,0x896A,0x896A,
  0x896A,0x896A,0x896A,0x896A,0x896A,0x896A,0x896A,0x896A,0x896A,0x896A,0x896A,0x896A,0x896A,0x896A,0x896A,0x896A,
  0x896A,0x896A,0x896A,0x896A,0x896A,0x896A,0x896A,0x896A,0x896A,0x896A,0x896A,0x896A,0x896A,0x896A,0x896A,0x896A,
  0x896A,0x896A,0x896A,0x896A,0x896A,0x896A,0x896A,0x896A,0x896A,0x896A,0x896A,0x896A,0x896A,0x896A,0x896A,0x896A,
  0x916A,0x916A,0x916A,0x916A,0x916A,0x916A,0x916A,0x916A,0x916A,0x916A,0x916A,0x916A,0x916A,0x916A,0x916A,0x916A,
  0x916A,0x916A,0x916A,0x916A,0x916A,0x916A,0x916A,0x916A,0x916A,0x916A,0x916A,0x916A,0x916A,0x916A,0x916A,0x916A,
  0x916A,0x916A,0x916A,0x916A,0x916A,0x916A,0x916A,0x916A,0x916A,0x916A,0x916A,0x916A,0x916A,0x916A,0x916A,0x916A,
  0x916A,0x916A,0x916A,0x916A,0x916A,0x916A,0x916A,0x916A,0x916A,0x916A,0x916A,0x916A,0x916A,0x916A,0x916A,0x916A,
  0x916A,0x916A,0x916A,0x916A,0x916A,0x916A,0x916A,0x916A,0x916A,0x916A,0x916A,0x916A,0x916A,0x916A,0x916A,0x916A,
  0x916A,0x916A,0x916A,0x916A,0x916A,0x916A,0x916A,0x916A,0x916A,0x916A,0x916A,0x916A,0x916A,0x916A,0x916A,0x916A,
  0x916A,0x916A,0x916A,0x916A,0x916A,0x916A,0x916A,0x916A,0x916A,0x916A,0x916A,0x916A,0x916A,0x916A,0x916A,0x916A,
  0x916A,0x916A,0x916A,0x916A,0x916A,0x916A,0x9189,0x9A08,0x9189,0x916A,0x916A,0x916A,0x916A,0x916A,0x916A,0x916A,
  0x916A,0x916A,0x916A,0x916A,0x916A,0x916A,0x916A,0x916A,0x916A,0x916A,0x916A,0x916A,0x916A,0x916A,0x916A,0x916A,
  0x916A,0x916A,0x916A,0x916A,0x916A,0x916A,0x916A,0x916A,0x916A,0x916A,0x916A,0x916A,0x916A,0x916A,0x916A,0x916A,
  0x9169,0x9169,0x9169,0x9169,0x9169,0x9169,0x9169,0x9169,0x9169,0x9169,0x9169,0x9169,0x9169,0x9169,0x9169,0x9169,
  0x9169,0x9169,0x9169,0x9169,0x9169,0x9169,0x9169,0x9169,0x9169,0x9169,0x9169,0x9169,0x9169,0x9169,0x9169,0x9169,
  0x9169,0x9169,0x9169,0x9169,0x9169,0x9189,0xA228,0xCBC4,0xA228,0x9189,0x9169,0x9169,0x9169,0x9169,0x9169,0x9169,
  0x9169,0x9169,0x9169,0x9169,0x9169,0x9169,0x9169,0x9169,0x9169,0x9169,0x9169,0x9169,0x9169,0x9169,0x9169,0x9169,
  0x9169,0x9169,0x9169,0x9169,0x9169,0x9169,0x9169,0x9169,0x9169,0x9169,0x9169,0x9169,0x9169,0x9169,0x9169,0x9169,
  0x9189,0x9189,0x9189,0x9189,0x9189,0x9189,0x9189,0x9189,0x9189,0x9189,0x9189,0x9189,0x9189,0x9189,0x9189,0x9189,
  0x9189,0x9189,0x9189,0x9189,0x9189,0x9189,0x9189,0x9189,0x9189,0x9189,0x9189,0x9189,0x9189,0x9189,0x9189,0x9189,
  0x9189,0x9189,0x9189,0x9189,0x9189,0x9989,0xAA48,0xD443,0xAA48,0x9989,0x9189,0x9189,0x9189,0x9189,0x9189,0x9189,
  0x9189,0x9189,0x9189,0x9189,0x9189,0x9189,0x9189,0x9189,0x9189,0x9189,0x9189,0x9189,0x9189,0x9189,0x9189,0x9189,
  0x9189,0x9189,0x9189,0x9189,0x9189,0x9189,0x9189,0x9189,0x9189,0x9189,0x9189,0x9189,0x9189,0x9189,0x9189,0x9189,
  0x9989,0x9989,0x9989,0x9989,0x9989,0x9989,0x9989,0x9989,0x9989,0x9989,0x9989,0x9989,0x9989,0x9989,0x9989,0x9989,
  0x9989,0x9989,0x9989,0x9989,0x9989,0x9989,0x9989,0x9989,0x9989,0x9989,0x9989,0x9989,0x9989,0x9989,0x9989,0x9989,
  0x9989,0x9989,0x9989,0x9989,0x9989,0x9989,0xA228,0xCC04,0xB2A7,0x99A9,0x9989,0x9989,0x9989,0x9989,0x9989,0x9989,
  0x9989,0x9989,0x9989,0x9989,0x9989,0x9989,0x9989,0x9989,0x9989,0x9989,0x9989,0x9989,0x9989,0x9989,0x9989,0x9989,
  0x9989,0x9989,0x9989,0x9989,0x9989,0x9989,0x9989,0x9989,0x9989,0x9989,0x9989,0x9989,0x9989,0x9989,0x9989,0x9989,
  0x9989,0x9989,0x9989,0x9989,0x9989,0x9989,0x9989,0x9989,0x9989,0x9989,0x9989,0x9989,0x9989,0x9989,0x9989,0x9989,
  0x9989,0x9989,0x9989,0x9989,0x9989,0x9989,0x9989,0x9989,0x9989,0x9989,0x9989,0x9989,0x9989,0x9989,0x9989,0x9989,
  0x9989,0x9989,0x9989,0x9989,0x9989,0x9989,0xA1C8,0xB2C6,0xD404,0xAA28,0x99A9,0x9989,0x9989,0x9989,0x9989,0x9989,
  0x9989,0x9989,0x9989,0x9989,0x9989,0x9989,0x9989,0x9989,0x9989,0x9989,0x9989,0x9989,0x9989,0x9989,0x9989,0x9989,
  0x9989,0x9989,0x9989,0x9989,0x9989,0x9989,0x9989,0x9989,0x9989,0x9989,0x9989,0x9989,0x9989,0x9989,0x9989,0x9989,
  0x9989,0x9989,0x9989,0x9989,0x9989,0x9989,0x9989,0x9989,0x9989,0x9989,0x9989,0x9989,0x9989,0x9989,0x9989,0x9989,
  0x9989,0x9989,0x9989,0x9989,0x9989,0x9989,0x9989,0x9989,0x99A9,0x9989,0x9989,0x9989,0x9989,0x9989,0x9989,0x9989,
  0x9989,0x9989,0x9989,0x9989,0x9989,0x9989,0x99A9,0xAA67,0xDC63,0xAA47,0x99A9,0x9989,0x9989,0x9989,0x9989,0x9989,
  0x9989,0x9989,0x9989,0x9989,0x9989,0x9989,0x9989,0x99A9,0x9989,0x9989,0x9989,0x9989,0x9989,0x9989,0x9989,0x9989,
  0x9989,0x9989,0x9989,0x9989,0x9989,0x9989,0x9989,0x9989,0x9989,0x9989,0x9989,0x9989,0x9989,0x9989,0x9989,0x9989,
  0x9989,0x9989,0x9989,0x9989,0x9989,0x9989,0x9989,0x9989,0x9989,0x9989,0x9989,0x9989,0x9989,0x9989,0x9989,0x9989,
  0x9989,0x9989,0x9989,0x9989,0x9989,0x9989,0x9989,0xA1A8,0xAA28,0xA1C8,0x9989,0x9989,0x9989,0x9989,0x9989,0x9989,
  0x9989,0x9989,0x9989,0x9989,0x9989,0x9989,0xA1A8,0xAA47,0xCBE4,0xAA47,0xA1A8,0x9989,0x9989,0x9989,0x9989,0x9989,
  0x9989,0x9989,0x9989,0x9989,0x9989,0x9989,0xA1C8,0xAA28,0xA1A8,0x9989,0x9989,0x9989,0x9989,0x9989,0x9989,0x9989,
  0x9989,0x9989,0x9989,0x9989,0x9989,0x9989,0x9989,0x9989,0x9989,0x9989,0x9989,0x9989,0x9989,0x9989,0x9989,0x9989,
  0xA1A8,0xA1A8,0xA1A8,0xA1A8,0xA1A8,0xA1A8,0xA1A8,0xA1A8,0xA1A8,0xA1A8,0xA1A8,0xA1A8,0xA1A8,0xA1A8,0xA1A8,0xA1A8,
  0xA1A8,0xA1A8,0xA1A8,0xA1A8,0xA1A8,0xA1A8,0xA1A8,0xAA27,0xCB85,0xB287,0xA1C8,0xA1A8,0xA1A8,0xA1A8,0xA1A8,0xA1A8,
  0xA1A8,0xA1A8,0xA1A8,0xA1A8,0xA1A8,0xA1A8,0xA1A8,0xA1E8,0xAA47,0xA1E8,0xA1A8,0xA1A8,0xA1A8,0xA1A8,0xA1A8,0xA1A8,
  0xA1A8,0xA1A8,0xA1A8,0xA1A8,0xA1A8,0xA1C8,0xB287,0xCB85,0xAA27,0xA1A8,0xA1A8,0xA1A8,0xA1A8,0xA1A8,0xA1A8,0xA1A8,
  0xA1A8,0xA1A8,0xA1A8,0xA1A8,0xA1A8,0xA1A8,0xA1A8,0xA1A8,0xA1A8,0xA1A8,0xA1A8,0xA1A8,0xA1A8,0xA1A8,0xA1A8,0xA1A8,
  0xA1A8,0xA1A8,0xA1A8,0xA1A8,0xA1A8,0xA1A8,0xA1A8,0xA1A8,0xA1A8,0xA1A8,0xA1A8,0xA1A8,0xA1A8,0xA1A8,0xA1A8,0xA1A8,
  0xA1A8,0xA1A8,0xA1A8,0xA1A8,0xA1A8,0xA1A8,0xA1A8,0xA1C8,0xB2A6,0xCBA4,0xB2A6,0xA9E8,0xA1A8,0xA1A8,0xA1A8,0xA1A8,
  0xA1A8,0xA1A8,0xA1A8,0xA1C8,0xA1E8,0xB268,0xB2A8,0xB2A8,0xB2A8,0xB2A8,0xB2A8,0xB268,0xA1E8,0xA1C8,0xA1A8,0xA1A8,
  0xA1A8,0xA1A8,0xA1A8,0xA1A8,0xA9E8,0xB2A6,0xCBA4,0xB2A6,0xA1C8,0xA1A8,0xA1A8,0xA1A8,0xA1A8,0xA1A8,0xA1A8,0xA1A8,
  0xA1A8,0xA1A8,0xA1A8,0xA1A8,0xA1A8,0xA1A8,0xA1A8,0xA1A8,0xA1A8,0xA1A8,0xA1A8,0xA1A8,0xA1A8,0xA1A8,0xA1A8,0xA1A8,
  0xA1A8,0xA1A8,0xA1A8,0xA1A8,0xA1A8,0xA1A8,0xA1A8,0xA1A8,0xA1A8,0xA1A8,0xA1A8,0xA1A8,0xA1A8,0xA1A8,0xA1A8,0xA1A8,
  0xA1A8,0xA1A8,0xA1A8,0xA1A8,0xA1A8,0xA1A8,0xA1A8,0xA1A8,0xA9E8,0xBAA6,0xCBA4,0xBAA6,0xA9E8,0xA1A8,0xA1A8,0xA1A8,
  0xA1A8,0xA9E8,0xB288,0xB2A8,0xC348,0xE547,0xEDC6,0xEDE6,0xEDE6,0xEDE6,0xEDC6,0xE547,0xC348,0xB2A8,0xB288,0xA9E8,
  0xA1A8,0xA1A8,0xA1A8,0xA9E8,0xBAA6,0xCBA4,0xBAA6,0xA9E8,0xA1A8,0xA1A8,0xA1A8,0xA1A8,0xA1A8,0xA1A8,0xA1A8,0xA1A8,
  0xA1A8,0xA1A8,0xA1A8,0xA1A8,0xA1A8,0xA1A8,0xA1A8,0xA1A8,0xA1A8,0xA1A8,0xA1A8,0xA1A8,0xA1A8,0xA1A8,0xA1A8,0xA1A8,
  0xA1A8,0xA1A8,0xA1A8,0xA1A8,0xA1A8,0xA1A8,0xA1A8,0xA1A8,0xA1A8,0xA1A8,0xA1A8,0xA1A8,0xA1A8,0xA1A8,0xA1A8,0xA1A8,
  0xA1A8,0xA1A8,0xA1A8,0xA1A8,0xA1A8,0xA1A8,0xA1A8,0xA1A8,0xA1A8,0xA9E7,0xBAA6,0xCB85,0xB227,0xA9C8,0xA1A8,0xA9C8,
  0xAA08,0xBB27,0xE547,0xEDC6,0xF607,0xFEA7,0xFEE7,0xFEE7,0xFEE7,0xFEE7,0xFEE7,0xFEA7,0xF607,0xEDC6,0xE547,0xBB27,
  0xAA08,0xA9C8,0xA9C8,0xB227,0xCB85,0xBAA6,0xA9E7,0xA1A8,0xA1A8,0xA1A8,0xA1A8,0xA1A8,0xA1A8,0xA1A8,0xA1A8,0xA1A8,
  0xA1A8,0xA1A8,0xA1A8,0xA1A8,0xA1A8,0xA1A8,0xA1A8,0xA1A8,0xA1A8,0xA1A8,0xA1A8,0xA1A8,0xA1A8,0xA1A8,0xA1A8,0xA1A8,
  0xA9A8,0xA9A8,0xA9A8,0xA9A8,0xA9A8,0xA9A8,0xA9A8,0xA9A8,0xA9A8,0xA9A8,0xA9A8,0xA9A8,0xA9A8,0xA9A8,0xA9A8,0xA9A8,
  0xA9A8,0xA9A8,0xA9A8,0xA9A8,0xA9A8,0xA9A8,0xA9A8,0xA9A8,0xA9A8,0xA9C8,0xA9E7,0xB227,0xA9C8,0xA9C8,0xA9E8,0xB288,
  0xC347,0xE567,0xFE86,0xFEE7,0xFF08,0xFF4A,0xFF6B,0xFF6B,0xFF6B,0xFF6B,0xFF6B,0xFF4A,0xFF08,0xFEE7,0xFE86,0xE567,
  0xC347,0xB288,0xAA08,0xA9E8,0xB227,0xA9E7,0xA9C8,0xA9A8,0xA9A8,0xA9A8,0xA9A8,0xA9A8,0xA9A8,0xA9A8,0xA9A8,0xA9A8,
  0xA9A8,0xA9A8,0xA9A8,0xA9A8,0xA9A8,0xA9A8,0xA9A8,0xA9A8,0xA9A8,0xA9A8,0xA9A8,0xA9A8,0xA9A8,0xA9A8,0xA9A8,0xA9A8,
  0xA9C8,0xA9C8,0xA9C8,0xA9C8,0xA9C8,0xA9C8,0xA9C8,0xA9C8,0xA9C8,0xA9C8,0xA9C8,0xA9C8,0xA9C8,0xA9C8,0xA9C8,0xA9C8,
  0xA9C8,0xA9C8,0xA9C8,0xA9C8,0xA9C8,0xA9C8,0xA9C8,0xA9C8,0xA9C8,0xA9C8,0xA9C8,0xA9C8,0xA9C8,0xB208,0xC327,0xE547,
  0xF606,0xFEA7,0xFF08,0xFF4A,0xFF6B,0xFF8C,0xFF8C,0xFF8C,0xFF8C,0xFF8C,0xFF8C,0xFF8C,0xFF6B,0xFF4A,0xFF08,0xFEA7,
  0xF606,0xE547,0xC327,0xB208,0xA9C8,0xA9C8,0xA9C8,0xA9C8,0xA9C8,0xA9C8,0xA9C8,0xA9C8,0xA9C8,0xA9C8,0xA9C8,0xA9C8,
  0xA9C8,0xA9C8,0xA9C8,0xA9C8,0xA9C8,0xA9C8,0xA9C8,0xA9C8,0xA9C8,0xA9C8,0xA9C8,0xA9C8,0xA9C8,0xA9C8,0xA9C8,0xA9C8,
  0xA9C7,0xA9C7,0xA9C7,0xA9C7,0xA9C7,0xA9C7,0xA9C7,0xA9C7,0xA9C7,0xA9C7,0xA9C7,0xA9C7,0xA9C7,0xA9C7,0xA9C7,0xA9C7,
  0xA9C7,0xA9C7,0xA9C7,0xA9C7,0xA9C7,0xA9C7,0xA9C7,0xA9C7,0xA9C7,0xA9C7,0xA9C7,0xA9C7,0xB207,0xC327,0xED66,0xFEA6,
  0xFEE8,0xFF4A,0xFF6B,0xFF8C,0xFF8C,0xFF8C,0xFF8C,0xFF8C,0xFF8C,0xFF8C,0xFF8C,0xFF8C,0xFF8C,0xFF8C,0xFF6B,0xFF4A,
  0xFEE8,0xFEA6,0xED66,0xC327,0xB207,0xA9C7,0xA9C7,0xA9C7,0xA9C7,0xA9C7,0xA9C7,0xA9C7,0xA9C7,0xA9C7,0xA9C7,0xA9C7,
  0xA9C7,0xA9C7,0xA9C7,0xA9C7,0xA9C7,0xA9C7,0xA9C7,0xA9C7,0xA9C7,0xA9C7,0xA9C7,0xA9C7,0xA9C7,0xA9C7,0xA9C7,0xA9C7,
  0xA9C7,0xA9C7,0xA9C7,0xA9C7,0xA9C7,0xA9C7,0xA9C7,0xA9C7,0xA9C7,0xA9C7,0xA9C7,0xA9C7,0xA9C7,0xA9C7,0xA9C7,0xA9C7,
  0xA9C7,0xA9C7,0xA9C7,0xA9C7,0xA9C7,0xA9C7,0xA9C7,0xA9C7,0xA9C7,0xA9C7,0xA9C7,0xB1E7,0xBAA7,0xE546,0xFEA6,0xFF08,
  0xFF4A,0xFF8C,0xFF8C,0xFF8C,0xFF8C,0xFF8C,0xFF8C,0xFF8C,0xFF8C,0xFF8C,0xFF8C,0xFF8C,0xFF8C,0xFF8C,0xFF8C,0xFF8C,
  0xFF4A,0xFF08,0xFEA6,0xE546,0xBAA7,0xB1E7,0xA9C7,0xA9C7,0xA9C7,0xA9C7,0xA9C7,0xA9C7,0xA9C7,0xA9C7,0xA9C7,0xA9C7,
  0xA9C7,0xA9C7,0xA9C7,0xA9C7,0xA9C7,0xA9C7,0xA9C7,0xA9C7,0xA9C7,0xA9C7,0xA9C7,0xA9C7,0xA9C7,0xA9C7,0xA9C7,0xA9C7,
  0xB1C7,0xB1C7,0xB1C7,0xB1C7,0xB1C7,0xB1C7,0xB1C7,0xB1C7,0xB1C7,0xB1C7,0xB1C7,0xB1C7,0xB1C7,0xB1C7,0xB1C7,0xB1C7,
  0xB1C7,0xB1C7,0xB1C7,0xB1C7,0xB1C7,0xB1C7,0xB1C7,0xB1C7,0xB1C7,0xB1C7,0xB1C7,0xB227,0xCB67,0xF606,0xFEE8,0xFF4A,
  0xFF8C,0xFF8C,0xFF8C,0xFF8C,0xFF8C,0xFF8C,0xFF8C,0xFF8C,0xFF8C,0xFF8C,0xFF8C,0xFF8C,0xFF8C,0xFF8C,0xFF8C,0xFF8C,
  0xFF8C,0xFF4A,0xFEE8,0xF606,0xCB67,0xB227,0xB1C7,0xB1C7,0xB1C7,0xB1C7,0xB1C7,0xB1C7,0xB1C7,0xB1C7,0xB1C7,0xB1C7,
  0xB1C7,0xB1C7,0xB1C7,0xB1C7,0xB1C7,0xB1C7,0xB1C7,0xB1C7,0xB1C7,0xB1C7,0xB1C7,0xB1C7,0xB1C7,0xB1C7,0xB1C7,0xB1C7,
  0xB1E7,0xB1E7,0xB1E7,0xB1E7,0xB1E7,0xB1E7,0xB1E7,0xB1E7,0xB1E7,0xB1E7,0xB1E7,0xB1E7,0xB1E7,0xB1E7,0xB1E7,0xB1E7,
  0xB1E7,0xB1E7,0xB1E7,0xB1E7,0xB1E7,0xB1E7,0xB1E7,0xB1E7,0xB1E7,0xB1E7,0xB207,0xCB47,0xED86,0xFEC7,0xFF4A,0xFF8C,
  0xFF8C,0xFF8C,0xFF8C,0xFF8C,0xFF8C,0xFF8C,0xFF8C,0xFF8C,0xFF8C,0xFF8C,0xFF8C,0xFF8C,0xFF8C,0xFF8C,0xFF8C,0xFF8C,
  0xFF8C,0xFF8C,0xFF4A,0xFEC7,0xED86,0xCB47,0xB207,0xB1E7,0xB1E7,0xB1E7,0xB1E7,0xB1E7,0xB1E7,0xB1E7,0xB1E7,0xB1E7,
  0xB1E7,0xB1E7,0xB1E7,0xB1E7,0xB1E7,0xB1E7,0xB1E7,0xB1E7,0xB1E7,0xB1E7,0xB1E7,0xB1E7,0xB1E7,0xB1E7,0xB1E7,0xB1E7,
  0xB1E7,0xB1E7,0xB1E7,0xB1E7,0xB1E7,0xB1E7,0xB1E7,0xB1E7,0xB1E7,0xB1E7,0xB1E7,0xB1E7,0xB1E7,0xB1E7,0xB1E7,0xB1E7,
  0xB1E7,0xB1E7,0xB1E7,0xB1E7,0xB1E7,0xB1E7,0xB1E7,0xB1E7,0xB1E7,0xB207,0xC2A7,0xED46,0xFEA6,0xFF08,0xFF6B,0xFF8C,
  0xFF8C,0xFF8C,0xFF8C,0xFF8C,0xFF8C,0xFF8C,0xFF8C,0xFF8C,0xFF8C,0xFF8C,0xFF8C,0xFF8C,0xFF8C,0xFF8C,0xFF8C,0xFF8C,
  0xFF8C,0xFF8C,0xFF6B,0xFF08,0xFEA6,0xED46,0xC2A7,0xB207,0xB1E7,0xB1E7,0xB1E7,0xB1E7,0xB1E7,0xB1E7,0xB1E7,0xB1E7,
  0xB1E7,0xB1E7,0xB1E7,0xB1E7,0xB1E7,0xB1E7,0xB1E7,0xB1E7,0xB1E7,0xB1E7,0xB1E7,0xB1E7,0xB1E7,0xB1E7,0xB1E7,0xB1E7,
  0xB1E7,0xB1E7,0xB1E7,0xB1E7,0xB1E7,0xB1E7,0xB1E7,0xB1E7,0xB1E7,0xB1E7,0xB1E7,0xB1E7,0xB1E7,0xB1E7,0xB1E7,0xB1E7,
  0xB1E7,0xB1E7,0xB1E7,0xB1E7,0xB1E7,0xB1E7,0xB1E7,0xB1E7,0xB1E7,0xB207,0xC2E7,0xF5E6,0xFEE7,0xFF4A,0xFF8C,0xFF8C,
  0xFF8C,0xFF8C,0xFF8C,0xFF8C,0xFF8C,0xFF8C,0xFF8C,0xFF8C,0xFF8C,0xFF8C,0xFF8C,0xFF8C,0xFF8C,0xFF8C,0xFF8C,0xFF8C,
  0xFF8C,0xFF8C,0xFF8C,0xFF4A,0xFEE7,0xF5E6,0xC2E7,0xB207,0xB1E7,0xB1E7,0xB1E7,0xB1E7,0xB1E7,0xB1E7,0xB1E7,0xB1E7,
  0xB1E7,0xB1E7,0xB1E7,0xB1E7,0xB1E7,0xB1E7,0xB1E7,0xB1E7,0xB1E7,0xB1E7,0xB1E7,0xB1E7,0xB1E7,0xB1E7,0xB1E7,0xB1E7,
  0xB1E7,0xB1E7,0xB1E7,0xB1E7,0xB1E7,0xB1E7,0xB1E7,0xB1E7,0xB1E7,0xB1E7,0xB1E7,0xB1E7,0xB1E7,0xB1E7,0xB1E7,0xB1E7,
  0xB1E7,0xB1E7,0xB1E7,0xB1E7,0xB1E7,0xB1E7,0xB1E7,0xB1E7,0xB1E7,0xBA27,0xCB67,0xF626,0xFF08,0xFF6B,0xFF8C,0xFF8C,
  0xFF8C,0xFF8C,0xFF8C,0xFF8C,0xFF8C,0xFF8C,0xFF8C,0xFF8C,0xFF8C,0xFF8C,0xFF8C,0xFF8C,0xFF8C,0xFF8C,0xFF8C,0xFF8C,
  0xFF8C,0xFF8C,0xFF8C,0xFF6B,0xFF08,0xF626,0xCB67,0xBA27,0xB1E7,0xB1E7,0xB1E7,0xB1E7,0xB1E7,0xB1E7,0xB1E7,0xB1E7,
  0xB1E7,0xB1E7,0xB1E7,0xB1E7,0xB1E7,0xB1E7,0xB1E7,0xB1E7,0xB1E7,0xB1E7,0xB1E7,0xB1E7,0xB1E7,0xB1E7,0xB1E7,0xB1E7,
  0xBA07,0xBA07,0xBA07,0xBA07,0xBA07,0xBA07,0xBA07,0xBA07,0xBA07,0xBA07,0xBA07,0xBA07,0xBA07,0xBA07,0xBA07,0xBA07,
  0xBA07,0xBA07,0xBA07,0xBA07,0xBA07,0xBA07,0xBA07,0xBA07,0xBA27,0xC2C7,0xED66,0xFEC7,0xFF4A,0xFF8C,0xFF8C,0xFF8C,
  0xFF8C,0xFF8C,0xFF8C,0xFF8C,0xFF8C,0xFF8C,0xFF8C,0xFF8C,0xFF8C,0xFF8C,0xFF8C,0xFF8C,0xFF8C,0xFF8C,0xFF8C,0xFF8C,
  0xFF8C,0xFF8C,0xFF8C,0xFF8C,0xFF4A,0xFEC7,0xED66,0xC2C7,0xBA27,0xBA07,0xBA07,0xBA07,0xBA07,0xBA07,0xBA07,0xBA07,
  0xBA07,0xBA07,0xBA07,0xBA07,0xBA07,0xBA07,0xBA07,0xBA07,0xBA07,0xBA07,0xBA07,0xBA07,0xBA07,0xBA07,0xBA07,0xBA07,
  0xBA06,0xBA06,0xBA06,0xBA06,0xBA06,0xBA06,0xBA06,0xBA06,0xBA06,0xBA06,0xBA06,0xBA06,0xBA06,0xBA06,0xBA06,0xBA06,
  0xBA06,0xBA06,0xBA26,0xBA26,0xBA26,0xBA26,0xBA26,0xBA26,0xBA26,0xC2E6,0xF5E6,0xFEE7,0xFF6B,0xFF8C,0xFF8C,0xFF8C,
  0xFF8C,0xFF8C,0xFF8C,0xFF8C,0xFF8C,0xFF8C,0xFF8C,0xFF8C,0xFF8C,0xFF8C,0xFF8C,0xFF8C,0xFF8C,0xFF8C,0xFF8C,0xFF8C,
  0xFF8C,0xFF8C,0xFF8C,0xFF8C,0xFF6B,0xFEE7,0xF5E6,0xC2E6,0xBA26,0xBA26,0xBA26,0xBA26,0xBA26,0xBA26,0xBA26,0xBA06,
  0xBA06,0xBA06,0xBA06,0xBA06,0xBA06,0xBA06,0xBA06,0xBA06,0xBA06,0xBA06,0xBA06,0xBA06,0xBA06,0xBA06,0xBA06,0xBA06,
  0xBA06,0xBA06,0xBA06,0xBA06,0xBA06,0xBA06,0xBA06,0xBA06,0xBA06,0xBA06,0xBA06,0xBA06,0xBA06,0xBA06,0xBA06,0xBA06,
  0xBA06,0xBA26,0xC2A5,0xC2C5,0xC2C5,0xC2C5,0xC2C5,0xC2A5,0xBA46,0xC306,0xF606,0xFEE7,0xFF6B,0xFF8C,0xFF8C,0xFF8C,
  0xFF8C,0xFF8C,0xFF8C,0xFF8C,0xFF8C,0xFF8C,0xFF8C,0xFF8C,0xFF8C,0xFF8C,0xFF8C,0xFF8C,0xFF8C,0xFF8C,0xFF8C,0xFF8C,
  0xFF8C,0xFF8C,0xFF8C,0xFF8C,0xFF6B,0xFEE7,0xF606,0xC306,0xBA46,0xC2A5,0xC2C5,0xC2C5,0xC2C5,0xC2C5,0xC2A5,0xBA26,
  0xBA06,0xBA06,0xBA06,0xBA06,0xBA06,0xBA06,0xBA06,0xBA06,0xBA06,0xBA06,0xBA06,0xBA06,0xBA06,0xBA06,0xBA06,0xBA06,
  0xBA26,0xBA26,0xBA26,0xBA26,0xBA26,0xBA26,0xBA26,0xBA26,0xBA26,0xBA26,0xBA26,0xBA26,0xBA26,0xBA26,0xBA26,0xBA26,
  0xBA26,0xC2A6,0xDC23,0xE4A2,0xE4A2,0xE4A2,0xE4A2,0xDC23,0xC2A6,0xCB06,0xF606,0xFEE7,0xFF6B,0xFF8C,0xFF8C,0xFF8C,
  0xFF8C,0xFF8C,0xFF8C,0xFF8C,0xFF8C,0xFF8C,0xFF8C,0xFF8C,0xFF8C,0xFF8C,0xFF8C,0xFF8C,0xFF8C,0xFF8C,0xFF8C,0xFF8C,
  0xFF8C,0xFF8C,0xFF8C,0xFF8C,0xFF6B,0xFEE7,0xF606,0xCB06,0xC2A6,0xDC23,0xE4A2,0xE4A2,0xE4A2,0xE4A2,0xDC23,0xC2A6,
  0xBA26,0xBA26,0xBA26,0xBA26,0xBA26,0xBA26,0xBA26,0xBA26,0xBA26,0xBA26,0xBA26,0xBA26,0xBA26,0xBA26,0xBA26,0xBA26,
  0xBA26,0xBA26,0xBA26,0xBA26,0xBA26,0xBA26,0xBA26,0xBA26,0xBA26,0xBA26,0xBA26,0xBA26,0xBA26,0xBA26,0xBA26,0xBA26,
  0xBA26,0xBA46,0xC2C5,0xC2E5,0xCAE5,0xCAE5,0xC2E5,0xC2C5,0xBA66,0xCB06,0xF606,0xFEE7,0xFF6B,0xFF8C,0xFF8C,0xFF8C,
  0xFF8C,0xFF8C,0xFF8C,0xFF8C,0xFF8C,0xFF8C,0xFF8C,0xFF8C,0xFF8C,0xFF8C,0xFF8C,0xFF8C,0xFF8C,0xFF8C,0xFF8C,0xFF8C,
  0xFF8C,0xFF8C,0xFF8C,0xFF8C,0xFF6B,0xFEE7,0xF606,0xCB06,0xBA66,0xC2C5,0xC2E5,0xCAE5,0xCAE5,0xC2E5,0xC2C5,0xBA46,
  0xBA26,0xBA26,0xBA26,0xBA26,0xBA26,0xBA26,0xBA26,0xBA26,0xBA26,0xBA26,0xBA26,0xBA26,0xBA26,0xBA26,0xBA26,0xBA26,
  0xBA26,0xBA26,0xBA26,0xBA26,0xBA26,0xBA26,0xBA26,0xBA26,0xBA26,0xBA26,0xBA26,0xBA26,0xBA26,0xBA26,0xBA26,0xBA26,
  0xBA26,0xBA26,0xBA46,0xBA46,0xBA46,0xBA46,0xBA46,0xBA46,0xBA46,0xCB06,0xF5E6,0xFEE7,0xFF6B,0xFF8C,0xFF8C,0xFF8C,
  0xFF8C,0xFF8C,0xFF8C,0xFF8C,0xFF8C,0xFF8C,0xFF8C,0xFF8C,0xFF8C,0xFF8C,0xFF8C,0xFF8C,0xFF8C,0xFF8C,0xFF8C,0xFF8C,
  0xFF8C,0xFF8C,0xFF8C,0xFF8C,0xFF6B,0xFEE7,0xF5E6,0xCB06,0xBA46,0xBA46,0xBA46,0xBA46,0xBA46,0xBA46,0xBA46,0xBA26,
  0xBA26,0xBA26,0xBA26,0xBA26,0xBA26,0xBA26,0xBA26,0xBA26,0xBA26,0xBA26,0xBA26,0xBA26,0xBA26,0xBA26,0xBA26,0xBA26,
  0xBA46,0xBA46,0xBA46,0xBA46,0xBA46,0xBA46,0xBA46,0xBA46,0xBA46,0xBA46,0xBA46,0xBA46,0xBA46,0xBA46,0xBA46,0xBA46,
  0xBA46,0xBA46,0xBA46,0xBA46,0xBA46,0xBA46,0xBA46,0xBA46,0xBA46,0xCAE6,0xED66,0xFEC7,0xFF4A,0xFF8C,0xFF8C,0xFF8C,
  0xFF8C,0xFF8C,0xFF8C,0xFF8C,0xFF8C,0xFF8C,0xFF8C,0xFF8C,0xFF8C,0xFF8C,0xFF8C,0xFF8C,0xFF8C,0xFF8C,0xFF8C,0xFF8C,
  0xFF8C,0xFF8C,0xFF8C,0xFF8C,0xFF4A,0xFEC7,0xED66,0xCAE6,0xBA46,0xBA46,0xBA46,0xBA46,0xBA46,0xBA46,0xBA46,0xBA46,
  0xBA46,0xBA46,0xBA46,0xBA46,0xBA46,0xBA46,0xBA46,0xBA46,0xBA46,0xBA46,0xBA46,0xBA46,0xBA46,0xBA46,0xBA46,0xBA46,
  0xBA46,0xBA46,0xBA46,0xBA46,0xBA46,0xBA46,0xBA46,0xBA46,0xBA46,0xBA46,0xBA46,0xBA46,0xBA46,0xBA46,0xBA46,0xBA46,
  0xBA46,0xBA46,0xBA46,0xBA46,0xBA46,0xBA46,0xBA46,0xBA46,0xBA46,0xC286,0xD3A6,0xF626,0xFF08,0xFF6B,0xFF8C,0xFF8C,
  0xFF8C,0xFF8C,0xFF8C,0xFF8C,0xFF8C,0xFF8C,0xFF8C,0xFF8C,0xFF8C,0xFF8C,0xFF8C,0xFF8C,0xFF8C,0xFF8C,0xFF8C,0xFF8C,
  0xFF8C,0xFF8C,0xFF8C,0xFF6B,0xFF08,0xF626,0xD3A6,0xC286,0xBA46,0xBA46,0xBA46,0xBA46,0xBA46,0xBA46,0xBA46,0xBA46,
  0xBA46,0xBA46,0xBA46,0xBA46,0xBA46,0xBA46,0xBA46,0xBA46,0xBA46,0xBA46,0xBA46,0xBA46,0xBA46,0xBA46,0xBA46,0xBA46,
  0xC246,0xC246,0xC246,0xC246,0xC246,0xC246,0xC246,0xC246,0xC246,0xC246,0xC246,0xC246,0xC246,0xC246,0xC246,0xC246,
  0xC246,0xC246,0xC246,0xC246,0xC246,0xC246,0xC246,0xC246,0xC246,0xC266,0xCB46,0xF5E6,0xFEE7,0xFF4A,0xFF8C,0xFF8C,
  0xFF8C,0xFF8C,0xFF8C,0xFF8C,0xFF8C,0xFF8C,0xFF8C,0xFF8C,0xFF8C,0xFF8C,0xFF8C,0xFF8C,0xFF8C,0xFF8C,0xFF8C,0xFF8C,
  0xFF8C,0xFF8C,0xFF8C,0xFF4A,0xFEE7,0xF5E6,0xCB46,0xC266,0xC246,0xC246,0xC246,0xC246,0xC246,0xC246,0xC246,0xC246,
  0xC246,0xC246,0xC246,0xC246,0xC246,0xC246,0xC246,0xC246,0xC246,0xC246,0xC246,0xC246,0xC246,0xC246,0xC246,0xC246,
  0xC266,0xC266,0xC266,0xC266,0xC266,0xC266,0xC266,0xC266,0xC266,0xC266,0xC266,0xC266,0xC266,0xC266,0xC266,0xC266,
  0xC266,0xC266,0xC266,0xC266,0xC266,0xC266,0xC266,0xC266,0xC266,0xC266,0xCB06,0xED66,0xFEA6,0xFF08,0xFF6B,0xFF8C,
  0xFF8C,0xFF8C,0xFF8C,0xFF8C,0xFF8C,0xFF8C,0xFF8C,0xFF8C,0xFF8C,0xFF8C,0xFF8C,0xFF8C,0xFF8C,0xFF8C,0xFF8C,0xFF8C,
  0xFF8C,0xFF8C,0xFF6B,0xFF08,0xFEA6,0xED66,0xCB06,0xC266,0xC266,0xC266,0xC266,0xC266,0xC266,0xC266,0xC266,0xC266,
  0xC266,0xC266,0xC266,0xC266,0xC266,0xC266,0xC266,0xC266,0xC266,0xC266,0xC266,0xC266,0xC266,0xC266,0xC266,0xC266,
  0xC266,0xC266,0xC266,0xC266,0xC266,0xC266,0xC266,0xC266,0xC266,0xC266,0xC266,0xC266,0xC266,0xC266,0xC266,0xC266,
  0xC266,0xC266,0xC266,0xC266,0xC266,0xC266,0xC266,0xC266,0xC266,0xC266,0xC2A6,0xD3A6,0xEDA6,0xFEC7,0xFF4A,0xFF8C,
  0xFF8C,0xFF8C,0xFF8C,0xFF8C,0xFF8C,0xFF8C,0xFF8C,0xFF8C,0xFF8C,0xFF8C,0xFF8C,0xFF8C,0xFF8C,0xFF8C,0xFF8C,0xFF8C,
  0xFF8C,0xFF8C,0xFF4A,0xFEC7,0xEDA6,0xD3A6,0xC2A6,0xC266,0xC266,0xC266,0xC266,0xC266,0xC266,0xC266,0xC266,0xC266,
  0xC266,0xC266,0xC266,0xC266,0xC266,0xC266,0xC266,0xC266,0xC266,0xC266,0xC266,0xC266,0xC266,0xC266,0xC266,0xC266,
  0xC265,0xC265,0xC265,0xC265,0xC265,0xC265,0xC265,0xC265,0xC265,0xC265,0xC265,0xC265,0xC265,0xC265,0xC265,0xC265,
  0xC265,0xC265,0xC265,0xC265,0xC265,0xC265,0xC265,0xC265,0xC265,0xC265,0xC265,0xC2A5,0xD3C5,0xF626,0xFEE7,0xFF4A,
  0xFF8C,0xFF8C,0xFF8C,0xFF8C,0xFF8C,0xFF8C,0xFF8C,0xFF8C,0xFF8C,0xFF8C,0xFF8C,0xFF8C,0xFF8C,0xFF8C,0xFF8C,0xFF8C,
  0xFF8C,0xFF4A,0xFEE7,0xF626,0xD3C5,0xC2A5,0xC265,0xC265,0xC265,0xC265,0xC265,0xC265,0xC265,0xC265,0xC265,0xC265,
  0xC265,0xC265,0xC265,0xC265,0xC265,0xC265,0xC265,0xC265,0xC265,0xC265,0xC265,0xC265,0xC265,0xC265,0xC265,0xC265,
  0xC285,0xC285,0xC285,0xC285,0xC285,0xC285,0xC285,0xC285,0xC285,0xC285,0xC285,0xC285,0xC285,0xC285,0xC285,0xC285,
  0xC285,0xC285,0xC285,0xC285,0xC285,0xC285,0xC285,0xC285,0xC285,0xC285,0xC285,0xC285,0xCB45,0xED86,0xFEA6,0xFF08,
  0xFF4A,0xFF8C,0xFF8C,0xFF8C,0xFF8C,0xFF8C,0xFF8C,0xFF8C,0xFF8C,0xFF8C,0xFF8C,0xFF8C,0xFF8C,0xFF8C,0xFF8C,0xFF8C,
  0xFF4A,0xFF08,0xFEA6,0xED86,0xCB45,0xC285,0xC285,0xC285,0xC285,0xC285,0xC285,0xC285,0xC285,0xC285,0xC285,0xC285,
  0xC285,0xC285,0xC285,0xC285,0xC285,0xC285,0xC285,0xC285,0xC285,0xC285,0xC285,0xC285,0xC285,0xC285,0xC285,0xC285,
  0xC285,0xC285,0xC285,0xC285,0xC285,0xC285,0xC285,0xC285,0xC285,0xC285,0xC285,0xC285,0xC285,0xC285,0xC285,0xC285,
  0xC285,0xC285,0xC285,0xC285,0xC285,0xC285,0xC285,0xC285,0xC285,0xC285,0xC285,0xC285,0xCAC5,0xD3C5,0xEDA6,0xFEA6,
  0xFEE7,0xFF4A,0xFF6B,0xFF8C,0xFF8C,0xFF8C,0xFF8C,0xFF8C,0xFF8C,0xFF8C,0xFF8C,0xFF8C,0xFF8C,0xFF8C,0xFF6B,0xFF4A,
  0xFEE7,0xFEA6,0xEDA6,0xD3C5,0xCAC5,0xC285,0xC285,0xC285,0xC285,0xC285,0xC285,0xC285,0xC285,0xC285,0xC285,0xC285,
  0xC285,0xC285,0xC285,0xC285,0xC285,0xC285,0xC285,0xC285,0xC285,0xC285,0xC285,0xC285,0xC285,0xC285,0xC285,0xC285,
  0xC285,0xC285,0xC285,0xC285,0xC285,0xC285,0xC285,0xC285,0xC285,0xC285,0xC285,0xC285,0xC285,0xC285,0xC285,0xC285,
  0xC285,0xC285,0xC285,0xC285,0xC285,0xC285,0xC285,0xC285,0xC285,0xC285,0xCAA5,0xCAE5,0xCAA5,0xCAC5,0xD3C5,0xED86,
  0xF626,0xFEC7,0xFF08,0xFF4A,0xFF6B,0xFF8C,0xFF8C,0xFF8C,0xFF8C,0xFF8C,0xFF8C,0xFF8C,0xFF6B,0xFF4A,0xFF08,0xFEC7,
  0xF626,0xED86,0xD3C5,0xCAE5,0xCAE5,0xCAA5,0xC285,0xC285,0xC285,0xC285,0xC285,0xC285,0xC285,0xC285,0xC285,0xC285,
  0xC285,0xC285,0xC285,0xC285,0xC285,0xC285,0xC285,0xC285,0xC285,0xC285,0xC285,0xC285,0xC285,0xC285,0xC285,0xC285,
  0xC285,0xC285,0xC285,0xC285,0xC285,0xC285,0xC285,0xC285,0xC285,0xC285,0xC285,0xC285,0xC285,0xC285,0xC285,0xC285,
  0xC285,0xC285,0xC285,0xC285,0xC285,0xC285,0xC285,0xC285,0xC285,0xCAC5,0xD364,0xDC23,0xCB04,0xCAA5,0xCAC5,0xD345,
  0xDBE5,0xF5A6,0xFEA6,0xFEE7,0xFF08,0xFF4A,0xFF6B,0xFF6B,0xFF6B,0xFF6B,0xFF6B,0xFF4A,0xFF08,0xFEE7,0xFEA6,0xF5A6,
  0xDBE5,0xD345,0xCAC5,0xCB04,0xDC23,0xD364,0xCAC5,0xC285,0xC285,0xC285,0xC285,0xC285,0xC285,0xC285,0xC285,0xC285,
  0xC285,0xC285,0xC285,0xC285,0xC285,0xC285,0xC285,0xC285,0xC285,0xC285,0xC285,0xC285,0xC285,0xC285,0xC285,0xC285,
  0xCAA5,0xCAA5,0xCAA5,0xCAA5,0xCAA5,0xCAA5,0xCAA5,0xCAA5,0xCAA5,0xCAA5,0xCAA5,0xCAA5,0xCAA5,0xCAA5,0xCAA5,0xCAA5,
  0xCAA5,0xCAA5,0xCAA5,0xCAA5,0xCAA5,0xCAA5,0xCAA5,0xCAA5,0xCAC5,0xD364,0xE443,0xD364,0xCAC5,0xCAA5,0xCAA5,0xCAA5,
  0xCAE5,0xD3C5,0xED86,0xF606,0xF646,0xFEC7,0xFEE7,0xFEE7,0xFEE7,0xFEE7,0xFEE7,0xFEC7,0xF646,0xF606,0xED86,0xD3C5,
  0xCAE5,0xCAA5,0xCAA5,0xCAC5,0xD364,0xE443,0xD364,0xCAC5,0xCAA5,0xCAA5,0xCAA5,0xCAA5,0xCAA5,0xCAA5,0xCAA5,0xCAA5,
  0xCAA5,0xCAA5,0xCAA5,0xCAA5,0xCAA5,0xCAA5,0xCAA5,0xCAA5,0xCAA5,0xCAA5,0xCAA5,0xCAA5,0xCAA5,0xCAA5,0xCAA5,0xCAA5,
  0xCAA5,0xCAA5,0xCAA5,0xCAA5,0xCAA5,0xCAA5,0xCAA5,0xCAA5,0xCAA5,0xCAA5,0xCAA5,0xCAA5,0xCAA5,0xCAA5,0xCAA5,0xCAA5,
  0xCAA5,0xCAA5,0xCAA5,0xCAA5,0xCAA5,0xCAA5,0xCAA5,0xCAC5,0xD364,0xE442,0xD364,0xCAC5,0xCAA5,0xCAA5,0xCAA5,0xCAA5,
  0xCAA5,0xCAE5,0xD345,0xD385,0xDBE5,0xED86,0xF606,0xF606,0xF606,0xF606,0xF606,0xED86,0xDBE5,0xD385,0xD345,0xCAE5,
  0xCAA5,0xCAA5,0xCAA5,0xCAA5,0xCAC5,0xD364,0xE442,0xD364,0xCAC5,0xCAA5,0xCAA5,0xCAA5,0xCAA5,0xCAA5,0xCAA5,0xCAA5,
  0xCAA5,0xCAA5,0xCAA5,0xCAA5,0xCAA5,0xCAA5,0xCAA5,0xCAA5,0xCAA5,0xCAA5,0xCAA5,0xCAA5,0xCAA5,0xCAA5,0xCAA5,0xCAA5,
  0xCAA5,0xCAA5,0xCAA5,0xCAA5,0xCAA5,0xCAA5,0xCAA5,0xCAA5,0xCAA5,0xCAA5,0xCAA5,0xCAA5,0xCAA5,0xCAA5,0xCAA5,0xCAA5,
  0xCAA5,0xCAA5,0xCAA5,0xCAA5,0xCAA5,0xCAA5,0xCAC5,0xD304,0xDC23,0xD384,0xCAE4,0xCAA5,0xCAA5,0xCAA5,0xCAA5,0xCAA5,
  0xCAA5,0xCAA5,0xCAC5,0xCAC5,0xCAE5,0xD365,0xD385,0xD385,0xD385,0xD385,0xD385,0xD365,0xCAE5,0xCAC5,0xCAC5,0xCAA5,
  0xCAA5,0xCAA5,0xCAA5,0xCAA5,0xCAA5,0xCAE4,0xD384,0xDC23,0xD304,0xCAC5,0xCAA5,0xCAA5,0xCAA5,0xCAA5,0xCAA5,0xCAA5,
  0xCAA5,0xCAA5,0xCAA5,0xCAA5,0xCAA5,0xCAA5,0xCAA5,0xCAA5,0xCAA5,0xCAA5,0xCAA5,0xCAA5,0xCAA5,0xCAA5,0xCAA5,0xCAA5,
  0xCAC5,0xCAC5,0xCAC5,0xCAC5,0xCAC5,0xCAC5,0xCAC5,0xCAC5,0xCAC5,0xCAC5,0xCAC5,0xCAC5,0xCAC5,0xCAC5,0xCAC5,0xCAC5,
  0xCAC5,0xCAC5,0xCAC5,0xCAC5,0xCAC5,0xCAC5,0xCAC5,0xCAE5,0xD324,0xCAE4,0xCAC5,0xCAC5,0xCAC5,0xCAC5,0xCAC5,0xCAC5,
  0xCAC5,0xCAC5,0xCAC5,0xCAC5,0xCAC5,0xCAC5,0xCAC5,0xCAE5,0xD344,0xCAE5,0xCAC5,0xCAC5,0xCAC5,0xCAC5,0xCAC5,0xCAC5,
  0xCAC5,0xCAC5,0xCAC5,0xCAC5,0xCAC5,0xCAC5,0xCAE4,0xD324,0xCAE5,0xCAC5,0xCAC5,0xCAC5,0xCAC5,0xCAC5,0xCAC5,0xCAC5,
  0xCAC5,0xCAC5,0xCAC5,0xCAC5,0xCAC5,0xCAC5,0xCAC5,0xCAC5,0xCAC5,0xCAC5,0xCAC5,0xCAC5,0xCAC5,0xCAC5,0xCAC5,0xCAC5,
  0xCAC5,0xCAC5,0xCAC5,0xCAC5,0xCAC5,0xCAC5,0xCAC5,0xCAC5,0xCAC5,0xCAC5,0xCAC5,0xCAC5,0xCAC5,0xCAC5,0xCAC5,0xCAC5,
  0xCAC5,0xCAC5,0xCAC5,0xCAC5,0xCAC5,0xCAC5,0xCAC5,0xCAC5,0xCAC5,0xCAC5,0xCAC5,0xCAC5,0xCAC5,0xCAC5,0xCAC5,0xCAC5,
  0xCAC5,0xCAC5,0xCAC5,0xCAC5,0xCAC5,0xCAC5,0xCAE5,0xD344,0xE482,0xD344,0xCAE5,0xCAC5,0xCAC5,0xCAC5,0xCAC5,0xCAC5,
  0xCAC5,0xCAC5,0xCAC5,0xCAC5,0xCAC5,0xCAC5,0xCAC5,0xCAC5,0xCAC5,0xCAC5,0xCAC5,0xCAC5,0xCAC5,0xCAC5,0xCAC5,0xCAC5,
  0xCAC5,0xCAC5,0xCAC5,0xCAC5,0xCAC5,0xCAC5,0xCAC5,0xCAC5,0xCAC5,0xCAC5,0xCAC5,0xCAC5,0xCAC5,0xCAC5,0xCAC5,0xCAC5,
  0xCAC4,0xCAC4,0xCAC4,0xCAC4,0xCAC4,0xCAC4,0xCAC4,0xCAC4,0xCAC4,0xCAC4,0xCAC4,0xCAC4,0xCAC4,0xCAC4,0xCAC4,0xCAC4,
  0xCAC4,0xCAC4,0xCAC4,0xCAC4,0xCAC4,0xCAC4,0xCAC4,0xCAC4,0xCAC4,0xCAC4,0xCAC4,0xCAC4,0xCAC4,0xCAC4,0xCAC4,0xCAC4,
  0xCAC4,0xCAC4,0xCAC4,0xCAC4,0xCAC4,0xCAC4,0xCAE4,0xD364,0xECE1,0xD364,0xCAE4,0xCAC4,0xCAC4,0xCAC4,0xCAC4,0xCAC4,
  0xCAC4,0xCAC4,0xCAC4,0xCAC4,0xCAC4,0xCAC4,0xCAC4,0xCAC4,0xCAC4,0xCAC4,0xCAC4,0xCAC4,0xCAC4,0xCAC4,0xCAC4,0xCAC4,
  0xCAC4,0xCAC4,0xCAC4,0xCAC4,0xCAC4,0xCAC4,0xCAC4,0xCAC4,0xCAC4,0xCAC4,0xCAC4,0xCAC4,0xCAC4,0xCAC4,0xCAC4,0xCAC4,
  0xCAE4,0xCAE4,0xCAE4,0xCAE4,0xCAE4,0xCAE4,0xCAE4,0xCAE4,0xCAE4,0xCAE4,0xCAE4,0xCAE4,0xCAE4,0xCAE4,0xCAE4,0xCAE4,
  0xCAE4,0xCAE4,0xCAE4,0xCAE4,0xCAE4,0xCAE4,0xCAE4,0xCAE4,0xCAE4,0xCAE4,0xCAE4,0xCAE4,0xCAE4,0xCAE4,0xCAE4,0xCAE4,
  0xCAE4,0xCAE4,0xCAE4,0xCAE4,0xCAE4,0xCAE4,0xD2E4,0xDB64,0xECE1,0xDB64,0xD2E4,0xCAE4,0xCAE4,0xCAE4,0xCAE4,0xCAE4,
  0xCAE4,0xCAE4,0xCAE4,0xCAE4,0xCAE4,0xCAE4,0xCAE4,0xCAE4,0xCAE4,0xCAE4,0xCAE4,0xCAE4,0xCAE4,0xCAE4,0xCAE4,0xCAE4,
  0xCAE4,0xCAE4,0xCAE4,0xCAE4,0xCAE4,0xCAE4,0xCAE4,0xCAE4,0xCAE4,0xCAE4,0xCAE4,0xCAE4,0xCAE4,0xCAE4,0xCAE4,0xCAE4,
  0xD2E4,0xD2E4,0xD2E4,0xD2E4,0xD2E4,0xD2E4,0xD2E4,0xD2E4,0xD2E4,0xD2E4,0xD2E4,0xD2E4,0xD2E4,0xD2E4,0xD2E4,0xD2E4,
  0xD2E4,0xD2E4,0xD2E4,0xD2E4,0xD2E4,0xD2E4,0xD2E4,0xD2E4,0xD2E4,0xD2E4,0xD2E4,0xD2E4,0xD2E4,0xD2E4,0xD2E4,0xD2E4,
  0xD2E4,0xD2E4,0xD2E4,0xD2E4,0xD2E4,0xD2E4,0xD2E4,0xDB83,0xED01,0xDB83,0xD2E4,0xD2E4,0xD2E4,0xD2E4,0xD2E4,0xD2E4,
  0xD2E4,0xD2E4,0xD2E4,0xD2E4,0xD2E4,0xD2E4,0xD2E4,0xD2E4,0xD2E4,0xD2E4,0xD2E4,0xD2E4,0xD2E4,0xD2E4,0xD2E4,0xD2E4,
  0xD2E4,0xD2E4,0xD2E4,0xD2E4,0xD2E4,0xD2E4,0xD2E4,0xD2E4,0xD2E4,0xD2E4,0xD2E4,0xD2E4,0xD2E4,0xD2E4,0xD2E4,0xD2E4,
  0xD2E4,0xD2E4,0xD2E4,0xD2E4,0xD2E4,0xD2E4,0xD2E4,0xD2E4,0xD2E4,0xD2E4,0xD2E4,0xD2E4,0xD2E4,0xD2E4,0xD2E4,0xD2E4,
  0xD2E4,0xD2E4,0xD2E4,0xD2E4,0xD2E4,0xD2E4,0xD2E4,0xD2E4,0xD2E4,0xD2E4,0xD2E4,0xD2E4,0xD2E4,0xD2E4,0xD2E4,0xD2E4,
  0xD2E4,0xD2E4,0xD2E4,0xD2E4,0xD2E4,0xD2E4,0xD304,0xDB83,0xECE1,0xDB83,0xD304,0xD2E4,0xD2E4,0xD2E4,0xD2E4,0xD2E4,
  0xD2E4,0xD2E4,0xD2E4,0xD2E4,0xD2E4,0xD2E4,0xD2E4,0xD2E4,0xD2E4,0xD2E4,0xD2E4,0xD2E4,0xD2E4,0xD2E4,0xD2E4,0xD2E4,
  0xD2E4,0xD2E4,0xD2E4,0xD2E4,0xD2E4,0xD2E4,0xD2E4,0xD2E4,0xD2E4,0xD2E4,0xD2E4,0xD2E4,0xD2E4,0xD2E4,0xD2E4,0xD2E4,
  0xD304,0xD304,0xD304,0xD304,0xD304,0xD304,0xD304,0xD304,0xD304,0xD304,0xD304,0xD304,0xD304,0xD304,0xD304,0xD304,
  0xD304,0xD304,0xD304,0xD304,0xD304,0xD304,0xD304,0xD304,0xD304,0xD304,0xD304,0xD304,0xD304,0xD304,0xD304,0xD304,
  0xD304,0xD304,0xD304,0xD304,0xD304,0xD304,0xD304,0xDB63,0xECA2,0xDB63,0xD304,0xD304,0xD304,0xD304,0xD304,0xD304,
  0xD304,0xD304,0xD304,0xD304,0xD304,0xD304,0xD304,0xD304,0xD304,0xD304,0xD304,0xD304,0xD304,0xD304,0xD304,0xD304,
  0xD304,0xD304,0xD304,0xD304,0xD304,0xD304,0xD304,0xD304,0xD304,0xD304,0xD304,0xD304,0xD304,0xD304,0xD304,0xD304,
  0xD304,0xD304,0xD304,0xD304,0xD304,0xD304,0xD304,0xD304,0xD304,0xD304,0xD304,0xD304,0xD304,0xD304,0xD304,0xD304,
  0xD304,0xD304,0xD304,0xD304,0xD304,0xD304,0xD304,0xD304,0xD304,0xD304,0xD304,0xD304,0xD304,0xD304,0xD304,0xD304,
  0xD304,0xD304,0xD304,0xD304,0xD304,0xD304,0xD304,0xD324,0xDB63,0xD324,0xD304,0xD304,0xD304,0xD304,0xD304,0xD304,
  0xD304,0xD304,0xD304,0xD304,0xD304,0xD304,0xD304,0xD304,0xD304,0xD304,0xD304,0xD304,0xD304,0xD304,0xD304,0xD304,
  0xD304,0xD304,0xD304,0xD304,0xD304,0xD304,0xD304,0xD304,0xD304,0xD304,0xD304,0xD304,0xD304,0xD304,0xD304,0xD304,
  0xD304,0xD304,0xD304,0xD304,0xD304,0xD304,0xD304,0xD304,0xD304,0xD304,0xD304,0xD304,0xD304,0xD304,0xD304,0xD304,
  0xD304,0xD304,0xD304,0xD304,0xD304,0xD304,0xD304,0xD304,0xD304,0xD304,0xD304,0xD304,0xD304,0xD304,0xD304,0xD304,
  0xD304,0xD304,0xD304,0xD304,0xD304,0xD304,0xD304,0xD304,0xD304,0xD304,0xD304,0xD304,0xD304,0xD304,0xD304,0xD304,
  0xD304,0xD304,0xD304,0xD304,0xD304,0xD304,0xD304,0xD304,0xD304,0xD304,0xD304,0xD304,0xD304,0xD304,0xD304,0xD304,
  0xD304,0xD304,0xD304,0xD304,0xD304,0xD304,0xD304,0xD304,0xD304,0xD304,0xD304,0xD304,0xD304,0xD304,0xD304,0xD304,
  0xD324,0xD324,0xD324,0xD324,0xD324,0xD324,0xD324,0xD324,0xD324,0xD324,0xD324,0xD324,0xD324,0xD324,0xD324,0xD324,
  0xD324,0xD324,0xD324,0xD324,0xD324,0xD324,0xD324,0xD324,0xD324,0xD324,0xD324,0xD324,0xD324,0xD324,0xD324,0xD324,
  0xD324,0xD324,0xD324,0xD324,0xD324,0xD324,0xD324,0xD324,0xD324,0xD324,0xD324,0xD324,0xD324,0xD324,0xD324,0xD324,
  0xD324,0xD324,0xD324,0xD324,0xD324,0xD324,0xD324,0xD324,0xD324,0xD324,0xD324,0xD324,0xD324,0xD324,0xD324,0xD324,
  0xD324,0xD324,0xD324,0xD324,0xD324,0xD324,0xD324,0xD324,0xD324,0xD324,0xD324,0xD324,0xD324,0xD324,0xD324,0xD324,
  0xD324,0xD324,0xD324,0xD324,0xD324,0xD324,0xD324,0xD324,0xD324,0xD324,0xD324,0xD324,0xD324,0xD324,0xD324,0xD324,
  0xD324,0xD324,0xD324,0xD324,0xD324,0xD324,0xD324,0xD324,0xD324,0xD324,0xD324,0xD324,0xD324,0xD324,0xD324,0xD324,
  0xD324,0xD324,0xD324,0xD324,0xD324,0xD324,0xD324,0xD324,0xD324,0xD324,0xD324,0xD324,0xD324,0xD324,0xD324,0xD324,
  0xD324,0xD324,0xD324,0xD324,0xD324,0xD324,0xD324,0xD324,0xD324,0xD324,0xD324,0xD324,0xD324,0xD324,0xD324,0xD324,
  0xD324,0xD324,0xD324,0xD324,0xD324,0xD324,0xD324,0xD324,0xD324,0xD324,0xD324,0xD324,0xD324,0xD324,0xD324,0xD324,
  0xD323,0xD323,0xD323,0xD323,0xD323,0xD323,0xD323,0xD323,0xD323,0xD323,0xD323,0xD323,0xD323,0xD323,0xD323,0xD323,
  0xD323,0xD323,0xD323,0xD323,0xD323,0xD323,0xD323,0xD323,0xD323,0xD323,0xD323,0xD323,0xD323,0xD323,0xD323,0xD323,
  0xD323,0xD323,0xD323,0xD323,0xD323,0xD323,0xD323,0xD323,0xD323,0xD323,0xD323,0xD323,0xD323,0xD323,0xD323,0xD323,
  0xD323,0xD323,0xD323,0xD323,0xD323,0xD323,0xD323,0xD323,0xD323,0xD323,0xD323,0xD323,0xD323,0xD323,0xD323,0xD323,
  0xD323,0xD323,0xD323,0xD323,0xD323,0xD323,0xD323,0xD323,0xD323,0xD323,0xD323,0xD323,0xD323,0xD323,0xD323,0xD323,
  0xDB23,0xDB23,0xDB23,0xDB23,0xDB23,0xDB23,0xDB23,0xDB23,0xDB23,0xDB23,0xDB23,0xDB23,0xDB23,0xDB23,0xDB23,0xDB23,
  0xDB23,0xDB23,0xDB23,0xDB23,0xDB23,0xDB23,0xDB23,0xDB23,0xDB23,0xDB23,0xDB23,0xDB23,0xDB23,0xDB23,0xDB23,0xDB23,
  0xDB23,0xDB23,0xDB23,0xDB23,0xDB23,0xDB23,0xDB23,0xDB23,0xDB23,0xDB23,0xDB23,0xDB23,0xDB23,0xDB23,0xDB23,0xDB23,
  0xDB23,0xDB23,0xDB23,0xDB23,0xDB23,0xDB23,0xDB23,0xDB23,0xDB23,0xDB23,0xDB23,0xDB23,0xDB23,0xDB23,0xDB23,0xDB23,
  0xDB23,0xDB23,0xDB23,0xDB23,0xDB23,0xDB23,0xDB23,0xDB23,0xDB23,0xDB23,0xDB23,0xDB23,0xDB23,0xDB23,0xDB23,0xDB23,
  0xDB43,0xDB43,0xDB43,0xDB43,0xDB43,0xDB43,0xDB43,0xDB43,0xDB43,0xDB43,0xDB43,0xDB43,0xDB43,0xDB43,0xDB43,0xDB43,
  0xDB43,0xDB43,0xDB43,0xDB43,0xDB43,0xDB43,0xDB43,0xDB43,0xDB43,0xDB43,0xDB43,0xDB43,0xDB43,0xDB43,0xDB43,0xDB43,
  0xDB43,0xDB43,0xDB43,0xDB43,0xDB43,0xDB43,0xDB43,0xDB43,0xDB43,0xDB43,0xDB43,0xDB43,0xDB43,0xDB43,0xDB43,0xDB43,
  0xDB43,0xDB43,0xDB43,0xDB43,0xDB43,0xDB43,0xDB43,0xDB43,0xDB43,0xDB43,0xDB43,0xDB43,0xDB43,0xDB43,0xDB43,0xDB43,
  0xDB43,0xDB43,0xDB43,0xDB43,0xDB43,0xDB43,0xDB43,0xDB43,0xDB43,0xDB43,0xDB43,0xDB43,0xDB43,0xDB43,0xDB43,0xDB43,
  0xDB43,0xDB43,0xDB43,0xDB43,0xDB43,0xDB43,0xDB43,0xDB43,0xDB43,0xDB43,0xDB43,0xDB43,0xDB43,0xDB43,0xDB43,0xDB43,
  0xDB43,0xDB43,0xDB43,0xDB43,0xDB43,0xDB43,0xDB43,0xDB43,0xDB43,0xDB43,0xDB43,0xDB43,0xDB43,0xDB43,0xDB43,0xDB43,
  0xDB43,0xDB43,0xDB43,0xDB43,0xDB43,0xDB43,0xDB43,0xDB43,0xDB43,0xDB43,0xDB43,0xDB43,0xDB43,0xDB43,0xDB43,0xDB43,
  0xDB43,0xDB43,0xDB43,0xDB43,0xDB43,0xDB43,0xDB43,0xDB43,0xDB43,0xDB43,0xDB43,0xDB43,0xDB43,0xDB43,0xDB43,0xDB43,
  0xDB43,0xDB43,0xDB43,0xDB43,0xDB43,0xDB43,0xDB43,0xDB43,0xDB43,0xDB43,0xDB43,0xDB43,0xDB43,0xDB43,0xDB43,0xDB43,
  0xDB43,0xDB43,0xDB43,0xDB43,0xDB43,0xDB43,0xDB43,0xDB43,0xDB43,0xDB43,0xDB43,0xDB43,0xDB43,0xDB43,0xDB43,0xDB43,
  0xDB43,0xDB43,0xDB43,0xDB43,0xDB43,0xDB43,0xDB43,0xDB43,0xDB43,0xDB43,0xDB43,0xDB43,0xDB43,0xDB43,0xDB43,0xDB43,
  0xDB43,0xDB43,0xDB43,0xDB43,0xDB43,0xDB43,0xDB43,0xDB43,0xDB43,0xDB43,0xDB43,0xDB43,0xDB43,0xDB43,0xDB43,0xDB43,
  0xDB43,0xDB43,0xDB43,0xDB43,0xDB43,0xDB43,0xDB43,0xDB43,0xDB43,0xDB43,0xDB43,0xDB43,0xDB43,0xDB43,0xDB43,0xDB43,
  0xDB43,0xDB43,0xDB43,0xDB43,0xDB43,0xDB43,0xDB43,0xDB43,0xDB43,0xDB43,0xDB43,0xDB43,0xDB43,0xDB43,0xDB43,0xDB43,
  0xDB63,0xDB63,0xDB63,0xDB63,0xDB63,0xDB63,0xDB63,0xDB63,0xDB63,0xDB63,0xDB63,0xDB63,0xDB63,0xDB63,0xDB63,0xDB63,
  0xDB63,0xDB63,0xDB63,0xDB63,0xDB63,0xDB63,0xDB63,0xDB63,0xDB63,0xDB63,0xDB63,0xDB63,0xDB63,0xDB63,0xDB63,0xDB63,
  0xDB63,0xDB63,0xDB63,0xDB63,0xDB63,0xDB63,0xDB63,0xDB63,0xDB63,0xDB63,0xDB63,0xDB63,0xDB63,0xDB63,0xDB63,0xDB63,
  0xDB63,0xDB63,0xDB63,0xDB63,0xDB63,0xDB63,0xDB63,0xDB63,0xDB63,0xDB63,0xDB63,0xDB63,0xDB63,0xDB63,0xDB63,0xDB63,
  0xDB63,0xDB63,0xDB63,0xDB63,0xDB63,0xDB63,0xDB63,0xDB63,0xDB63,0xDB63,0xDB63,0xDB63,0xDB63,0xDB63,0xDB63,0xDB63,
  0xDB63,0xDB63,0xDB63,0xDB63,0xDB63,0xDB63,0xDB63,0xDB63,0xDB63,0xDB63,0xDB63,0xDB63,0xDB63,0xDB63,0xDB63,0xDB63,
  0xDB63,0xDB63,0xDB63,0xDB63,0xDB63,0xDB63,0xDB63,0xDB63,0xDB63,0xDB63,0xDB63,0xDB63,0xDB63,0xDB63,0xDB63,0xDB63,
  0xDB63,0xDB63,0xDB63,0xDB63,0xDB63,0xDB63,0xDB63,0xDB63,0xDB63,0xDB63,0xDB63,0xDB63,0xDB63,0xDB63,0xDB63,0xDB63,
  0xDB63,0xDB63,0xDB63,0xDB63,0xDB63,0xDB63,0xDB63,0xDB63,0xDB63,0xDB63,0xDB63,0xDB63,0xDB63,0xDB63,0xDB63,0xDB63,
  0xDB63,0xDB63,0xDB63,0xDB63,0xDB63,0xDB63,0xDB63,0xDB63,0xDB63,0xDB63,0xDB63,0xDB63,0xDB63,0xDB63,0xDB63,0xDB63,
  0xDB63,0xDB63,0xDB63,0xDB63,0xDB63,0xDB63,0xDB63,0xDB63,0xDB63,0xDB63,0xDB63,0xDB63,0xDB63,0xDB63,0xDB63,0xDB63,
  0xDB63,0xDB63,0xDB63,0xDB63,0xDB63,0xDB63,0xDB63,0xDB63,0xDB63,0xDB63,0xDB63,0xDB63,0xDB63,0xDB63,0xDB63,0xDB63,
  0xDB63,0xDB63,0xDB63,0xDB63,0xDB63,0xDB63,0xDB63,0xDB63,0xDB63,0xDB63,0xDB63,0xDB63,0xDB63,0xDB63,0xDB63,0xDB63,
  0xDB63,0xDB63,0xDB63,0xDB63,0xDB63,0xDB63,0xDB63,0xDB63,0xDB63,0xDB63,0xDB63,0xDB63,0xDB63,0xDB63,0xDB63,0xDB63,
  0xDB63,0xDB63,0xDB63,0xDB63,0xDB63,0xDB63,0xDB63,0xDB63,0xDB63,0xDB63,0xDB63,0xDB63,0xDB63,0xDB63,0xDB63,0xDB63,
  0xDB83,0xDB83,0xDB83,0xDB83,0xDB83,0xDB83,0xDB83,0xDB83,0xDB83,0xDB83,0xDB83,0xDB83,0xDB83,0xDB83,0xDB83,0xDB83,
  0xDB83,0xDB83,0xDB83,0xDB83,0xDB83,0xDB83,0xDB83,0xDB83,0xDB83,0xDB83,0xDB83,0xDB83,0xDB83,0xDB83,0xDB83,0xDB83,
  0xDB83,0xDB83,0xDB83,0xDB83,0xDB83,0xDB83,0xDB83,0xDB83,0xDB83,0xDB83,0xDB83,0xDB83,0xDB83,0xDB83,0xDB83,0xDB83,
  0xDB83,0xDB83,0xDB83,0xDB83,0xDB83,0xDB83,0xDB83,0xDB83,0xDB83,0xDB83,0xDB83,0xDB83,0xDB83,0xDB83,0xDB83,0xDB83,
  0xDB83,0xDB83,0xDB83,0xDB83,0xDB83,0xDB83,0xDB83,0xDB83,0xDB83,0xDB83,0xDB83,0xDB83,0xDB83,0xDB83,0xDB83,0xDB83,
  0xE383,0xE383,0xE383,0xE383,0xE383,0xE383,0xE383,0xE383,0xE383,0xE383,0xE383,0xE383,0xE383,0xE383,0xE383,0xE383,
  0xE383,0xE383,0xE383,0xE383,0xE383,0xE383,0xE383,0xE383,0xE383,0xE383,0xE383,0xE383,0xE383,0xE383,0xE383,0xE383,
  0xE383,0xE383,0xE383,0xE383,0xE383,0xE383,0xE383,0xE383,0xE383,0xE383,0xE383,0xE383,0xE383,0xE383,0xE383,0xE383,
  0xE383,0xE383,0xE383,0xE383,0xE383,0xE383,0xE383,0xE383,0xE383,0xE383,0xE383,0xE383,0xE383,0xE383,0xE383,0xE383,
  0xE383,0xE383,0xE383,0xE383,0xE383,0xE383,0xE383,0xE383,0xE383,0xE383,0xE383,0xE383,0xE383,0xE383,0xE383,0xE383,
  0xE382,0xE382,0xE382,0xE382,0xE382,0xE382,0xE382,0xE382,0xE382,0xE382,0xE382,0xE382,0xE382,0xE382,0xE382,0xE382,
  0xE382,0xE382,0xE382,0xE382,0xE382,0xE382,0xE382,0xE382,0xE382,0xE382,0xE382,0xE382,0xE382,0xE382,0xE382,0xE382,
  0xE382,0xE382,0xE382,0xE382,0xE382,0xE382,0xE382,0xE382,0xE382,0xE382,0xE382,0xE382,0xE382,0xE382,0xE382,0xE382,
  0xE382,0xE382,0xE382,0xE382,0xE382,0xE382,0xE382,0xE382,0xE382,0xE382,0xE382,0xE382,0xE382,0xE382,0xE382,0xE382,
  0xE382,0xE382,0xE382,0xE382,0xE382,0xE382,0xE382,0xE382,0xE382,0xE382,0xE382,0xE382,0xE382,0xE382,0xE382,0xE382,
  0xE3A2,0xE3A2,0xE3A2,0xE3A2,0xE3A2,0xE3A2,0xE3A2,0xE3A2,0xE3A2,0xE3A2,0xE3A2,0xE3A2,0xE3A2,0xE3A2,0xE3A2,0xE3A2,
  0xE3A2,0xE3A2,0xE3A2,0xE3A2,0xE3A2,0xE3A2,0xE3A2,0xE3A2,0xE3A2,0xE3A2,0xE3A2,0xE3A2,0xE3A2,0xE3A2,0xE3A2,0xE3A2,
  0xE3A2,0xE3A2,0xE3A2,0xE3A2,0xE3A2,0xE3A2,0xE3A2,0xE3A2,0xE3A2,0xE3A2,0xE3A2,0xE3A2,0xE3A2,0xE3A2,0xE3A2,0xE3A2,
  0xE3A2,0xE3A2,0xE3A2,0xE3A2,0xE3A2,0xE3A2,0xE3A2,0xE3A2,0xE3A2,0xE3A2,0xE3A2,0xE3A2,0xE3A2,0xE3A2,0xE3A2,0xE3A2,
  0xE3A2,0xE3A2,0xE3A2,0xE3A2,0xE3A2,0xE3A2,0xE3A2,0xE3A2,0xE3A2,0xE3A2,0xE3A2,0xE3A2,0xE3A2,0xE3A2,0xE3A2,0xE3A2,
  0xE3C3,0xE3C3,0xE3C3,0xE3C3,0xE3C3,0xE3C3,0xE3C3,0xE3C3,0xE3C3,0xE3C3,0xE3C3,0xE3C3,0xE3C3,0xE3C3,0xE3C3,0xE3C3,
  0xE3C3,0xE3C3,0xE3C3,0xE3C3,0xE3C3,0xE3C3,0xE3C3,0xE3C3,0xE3C3,0xE3C3,0xE3C3,0xE3C3,0xE3C3,0xE3C3,0xE3C3,0xE3C3,
  0xE3C3,0xE3C3,0xE3C3,0xE3C3,0xE3C3,0xE3C3,0xE3C3,0xE3C3,0xE3C3,0xE3C3,0xE3C3,0xE3C3,0xE3C3,0xE3C3,0xE3C3,0xE3C3,
  0xE3C3,0xE3C3,0xE3C3,0xE3C3,0xE3C3,0xE3C3,0xE3C3,0xE3C3,0xE3C3,0xE3C3,0xE3C3,0xE3C3,0xE3C3,0xE3C3,0xE3C3,0xE3C3,
  0xE3C3,0xE3C3,0xE3C3,0xE3C3,0xE3C3,0xE3C3,0xE3C3,0xE3C3,0xE3C3,0xE3C3,0xE3C3,0xE3C3,0xE3C3,0xE3C3,0xE3C3,0xE3C3,
  0xE3E6,0xE3E6,0xE3E6,0xE3E6,0xE3E6,0xE3E6,0xE3E6,0xE3E6,0xE3E6,0xE3E6,0xE3E6,0xE3E6,0xE3E6,0xE3E6,0xE3E6,0xE3E6,
  0xE3E6,0xE3E6,0xE3E6,0xE3E6,0xE3E6,0xE3E6,0xE3E6,0xE3E6,0xE3E6,0xE3E6,0xE3E6,0xE3E6,0xE3E6,0xE3E6,0xE3E6,0xE3E6,
  0xE3E6,0xE3E6,0xE3E6,0xE3E6,0xE3E6,0xE3E6,0xE3E6,0xE3E6,0xE3E6,0xE3E6,0xE3E6,0xE3E6,0xE3E6,0xE3E6,0xE3E6,0xE3E6,
  0xE3E6,0xE3E6,0xE3E6,0xE3E6,0xE3E6,0xE3E6,0xE3E6,0xE3E6,0xE3E6,0xE3E6,0xE3E6,0xE3E6,0xE3E6,0xE3E6,0xE3E6,0xE3E6,
  0xE3E6,0xE3E6,0xE3E6,0xE3E6,0xE3E6,0xE3E6,0xE3E6,0xE3E6,0xE3E6,0xE3E6,0xE3E6,0xE3E6,0xE3E6,0xE3E6,0xE3E6,0xE3E6,
  0x9A62,0x9A62,0x9A62,0x9A62,0x9A62,0x9A62,0x9A62,0x9A62,0x9A62,0x9A62,0x9A62,0x9A62,0x9A62,0x9A62,0x9A62,0x9A62,
  0x9A62,0x9A62,0x9A62,0x9A62,0x9A62,0x9A62,0x9A62,0x9A62,0x9A62,0x9A62,0x9A62,0x9A62,0x9A62,0x9A62,0x9A62,0x9A62,
  0x9A62,0x9A62,0x9A62,0x9A62,0x9A62,0x9A62,0x9A62,0x9A62,0x9A62,0x9A62,0x9A62,0x9A62,0x9A62,0x9A62,0x9A62,0x9A62,
  0x9A62,0x9A62,0x9A62,0x9A62,0x9A62,0x9A62,0x9A62,0x9A62,0x9A62,0x9A62,0x9A62,0x9A62,0x9A62,0x9A62,0x9A62,0x9A62,
  0x9A62,0x9A62,0x9A62,0x9A62,0x9A62,0x9A62,0x9A62,0x9A62,0x9A62,0x9A62,0x9A62,0x9A62,0x9A62,0x9A62,0x9A62,0x9A62,
  0x89E1,0x89E1,0x89E1,0x89E1,0x89E1,0x89E1,0x89E1,0x89E1,0x89E1,0x89E1,0x89E1,0x89E1,0x89E1,0x89E1,0x89E1,0x89E1,
  0x89E1,0x89E1,0x89E1,0x89E1,0x89E1,0x89E1,0x89E1,0x89E1,0x89E1,0x89E1,0x89E1,0x89E1,0x89E1,0x89E1,0x89E1,0x89E1,
  0x89E1,0x89E1,0x89E1,0x89E1,0x89E1,0x89E1,0x89E1,0x89E1,0x89E1,0x89E1,0x89E1,0x89E1,0x89E1,0x89E1,0x89E1,0x89E1,
  0x89E1,0x89E1,0x89E1,0x89E1,0x89E1,0x89E1,0x89E1,0x89E1,0x89E1,0x89E1,0x89E1,0x89E1,0x89E1,0x89E1,0x89E1,0x89E1,
  0x89E1,0x89E1,0x89E1,0x89E1,0x89E1,0x89E1,0x89E1,0x89E1,0x89E1,0x89E1,0x89E1,0x89E1,0x89E1,0x89E1,0x89E1,0x89E1,
  0x89E1,0x89E1,0x89E1,0x89E1,0x89E1,0x89E1,0x89E1,0x89E1,0x89E1,0x89E1,0x89E1,0x89E1,0x89E1,0x89E1,0x89E1,0x89E1,
  0x89E1,0x89E1,0x89E1,0x89E1,0x89E1,0x89E1,0x89E1,0x89E1,0x89E1,0x89E1,0x89E1,0x89E1,0x89E1,0x89E1,0x89E1,0x89E1,
  0x89E1,0x89E1,0x89E1,0x89E1,0x89E1,0x89E1,0x89E1,0x89E1,0x89E1,0x89E1,0x89E1,0x89E1,0x89E1,0x89E1,0x89E1,0x89E1,
  0x89E1,0x89E1,0x89E1,0x89E1,0x89E1,0x89E1,0x89E1,0x89E1,0x89E1,0x89E1,0x89E1,0x89E1,0x89E1,0x89E1,0x89E1,0x89E1,
  0x89E1,0x89E1,0x89E1,0x89E1,0x89E1,0x89E1,0x89E1,0x89E1,0x89E1,0x89E1,0x89E1,0x89E1,0x89E1,0x89E1,0x89E1,0x89E1,
  0x89E1,0x89E1,0x89E1,0x89E1,0x89E1,0x89E1,0x89E1,0x89E1,0x89E1,0x89E1,0x89E1,0x89E1,0x89E1,0x89E1,0x89E1,0x89E1,
  0x89E1,0x89E1,0x89E1,0x89E1,0x89E1,0x89E1,0x89E1,0x89E1,0x89E1,0x89E1,0x89E1,0x89E1,0x89E1,0x89E1,0x89E1,0x89E1,
  0x89E1,0x89E1,0x89E1,0x89E1,0x89E1,0x89E1,0x89E1,0x89E1,0x89E1,0x89E1,0x89E1,0x89E1,0x89E1,0x89E1,0x89E1,0x89E1,
  0x89E1,0x89E1,0x89E1,0x89E1,0x89E1,0x89E1,0x89E1,0x89E1,0x89E1,0x89E1,0x89E1,0x89E1,0x89E1,0x89E1,0x89E1,0x89E1,
  0x89E1,0x89E1,0x89E1,0x89E1,0x89E1,0x89E1,0x89E1,0x89E1,0x89E1,0x89E1,0x89E1,0x89E1,0x89E1,0x89E1,0x89E1,0x89E1,
  0x89E1,0x89E1,0x89E1,0x89E1,0x89E1,0x89E1,0x89E1,0x89E1,0x89E1,0x89E1,0x89E1,0x89E1,0x89E1,0x89E1,0x89E1,0x89E1,
  0x89E1,0x89E1,0x89E1,0x89E1,0x89E1,0x89E1,0x89E1,0x89E1,0x89E1,0x89E1,0x89E1,0x89E1,0x89E1,0x89E1,0x89E1,0x89E1,
  0x89E1,0x89E1,0x89E1,0x89E1,0x89E1,0x89E1,0x89E1,0x89E1,0x89E1,0x89E1,0x89E1,0x89E1,0x89E1,0x89E1,0x89E1,0x89E1,
  0x89E1,0x89E1,0x89E1,0x89E1,0x89E1,0x89E1,0x89E1,0x89E1,0x89E1,0x89E1,0x89E1,0x89E1,0x89E1,0x89E1,0x89E1,0x89E1,
  0x89E1,0x89E1,0x89E1,0x89E1,0x89E1,0x89E1,0x89E1,0x89E1,0x89E1,0x89E1,0x89E1,0x89E1,0x89E1,0x89E1,0x89E1,0x89E1,
  0x89E1,0x89E1,0x89E1,0x89E1,0x89E1,0x89E1,0x89E1,0x89E1,0x89E1,0x89E1,0x89E1,0x89E1,0x89E1,0x89E1,0x89E1,0x89E1,
  0x89E1,0x89E1,0x89E1,0x89E1,0x89E1,0x89E1,0x89E1,0x89E1,0x89E1,0x89E1,0x89E1,0x89E1,0x89E1,0x89E1,0x89E1,0x89E1,
  0x89E1,0x89E1,0x89E1,0x89E1,0x89E1,0x89E1,0x89E1,0x89E1,0x89E1,0x89E1,0x89E1,0x89E1,0x89E1,0x89E1,0x89E1,0x89E1,
  0x89E1,0x89E1,0x89E1,0x89E1,0x89E1,0x89E1,0x89E1,0x89E1,0x89E1,0x89E1,0x89E1,0x89E1,0x89E1,0x89E1,0x89E1,0x89E1,
  0x89E1,0x89E1,0x89E1,0x89E1,0x89E1,0x89E1,0x89E1,0x89E1,0x89E1,0x89E1,0x89E1,0x89E1,0x89E1,0x89E1,0x89E1,0x89E1,
  0x89E1,0x89E1,0x89E1,0x89E1,0x89E1,0x89E1,0x89E1,0x89E1,0x89E1,0x89E1,0x89E1,0x89E1,0x89E1,0x89E1,0x89E1,0x89E1,
  0x89E1,0x89E1,0x89E1,0x89E1,0x89E1,0x89E1,0x89E1,0x89E1,0x89E1,0x89E1,0x89E1,0x89E1,0x89E1,0x89E1,0x89E1,0x89E1,
  0x89E1,0x89E1,0x89E1,0x89E1,0x89E1,0x89E1,0x89E1,0x89E1,0x89E1,0x89E1,0x89E1,0x89E1,0x89E1,0x89E1,0x89E1,0x89E1,
  0x89E1,0x89E1,0x89E1,0x89E1,0x89E1,0x89E1,0x89E1,0x89E1,0x89E1,0x89E1,0x89E1,0x89E1,0x89E1,0x89E1,0x89E1,0x89E1,
  0x89E1,0x89E1,0x89E1,0x89E1,0x89E1,0x89E1,0x89E1,0x89E1,0x89E1,0x89E1,0x89E1,0x89E1,0x89E1,0x89E1,0x89E1,0x89E1,
  0x81E1,0x81E1,0x81E1,0x81E1,0x81E1,0x81E1,0x81E1,0x81E1,0x81E1,0x81E1,0x81E1,0x81E1,0x81E1,0x81E1,0x81E1,0x81E1,
  0x81E1,0x81E1,0x81E1,0x81E1,0x81E1,0x81E1,0x81E1,0x81E1,0x81E1,0x81E1,0x81E1,0x81E1,0x81E1,0x81E1,0x81E1,0x81E1,
  0x81E1,0x81E1,0x81E1,0x81E1,0x81E1,0x81E1,0x81E1,0x81E1,0x81E1,0x81E1,0x81E1,0x81E1,0x81E1,0x81E1,0x81E1,0x81E1,
  0x81E1,0x81E1,0x81E1,0x81E1,0x81E1,0x81E1,0x81E1,0x81E1,0x81E1,0x81E1,0x81E1,0x81E1,0x81E1,0x81E1,0x81E1,0x81E1,
  0x81E1,0x81E1,0x81E1,0x81E1,0x81E1,0x81E1,0x81E1,0x81E1,0x81E1,0x81E1,0x81E1,0x81E1,0x81E1,0x81E1,0x81E1,0x81E1,
  0x81E1,0x81E1,0x81E1,0x81E1,0x81E1,0x81E1,0x81E1,0x81E1,0x81E1,0x81E1,0x81E1,0x81E1,0x81E1,0x81E1,0x81E1,0x81E1,
  0x81E1,0x81E1,0x81E1,0x81E1,0x81E1,0x81E1,0x81E1,0x81E1,0x81E1,0x81E1,0x81E1,0x81E1,0x81E1,0x81E1,0x81E1,0x81E1,
  0x81E1,0x81E1,0x81E1,0x81E1,0x81E1,0x81E1,0x81E1,0x81E1,0x81E1,0x81E1,0x81E1,0x81E1,0x81E1,0x81E1,0x81E1,0x81E1,
  0x81E1,0x81E1,0x81E1,0x81E1,0x81E1,0x81E1,0x81E1,0x81E1,0x81E1,0x81E1,0x81E1,0x81E1,0x81E1,0x81E1,0x81E1,0x81E1,
  0x81E1,0x81E1,0x81E1,0x81E1,0x81E1,0x81E1,0x81E1,0x81E1,0x81E1,0x81E1,0x81E1,0x81E1,0x81E1,0x81E1,0x81E1,0x81E1,
  0x81E2,0x81E2,0x81E2,0x81E2,0x81E2,0x81E2,0x81E2,0x81E2,0x81E2,0x81E2,0x81E2,0x81E2,0x81E2,0x81E2,0x81E2,0x81E2,
  0x81E2,0x81E2,0x81E2,0x81E2,0x81E2,0x81E2,0x81E2,0x81E2,0x81E2,0x81E2,0x81E2,0x81E2,0x81E2,0x81E2,0x81E2,0x81E2,
  0x81E2,0x81E2,0x81E2,0x81E2,0x81E2,0x81E2,0x81E2,0x81E2,0x81E2,0x81E2,0x81E2,0x81E2,0x81E2,0x81E2,0x81E2,0x81E2,
  0x81E2,0x81E2,0x81E2,0x81E2,0x81E2,0x81E2,0x81E2,0x81E2,0x81E2,0x81E2,0x81E2,0x81E2,0x81E2,0x81E2,0x81E2,0x81E2,
  0x81E2,0x81E2,0x81E2,0x81E2,0x81E2,0x81E2,0x81E2,0x81E2,0x81E2,0x81E2,0x81E2,0x81E2,0x81E2,0x81E2,0x81E2,0x81E2,
  0x81E2,0x81E2,0x81E2,0x81E2,0x81E2,0x81E2,0x81E2,0x81E2,0x81E2,0x81E2,0x81E2,0x81E2,0x81E2,0x81E2,0x81E2,0x81E2,
  0x81E2,0x81E2,0x81E2,0x81E2,0x81E2,0x81E2,0x81E2,0x81E2,0x81E2,0x81E2,0x81E2,0x81E2,0x81E2,0x81E2,0x81E2,0x81E2,
  0x81E2,0x81E2,0x81E2,0x81E2,0x81E2,0x81E2,0x81E2,0x81E2,0x81E2,0x81E2,0x81E2,0x81E2,0x81E2,0x81E2,0x81E2,0x81E2,
  0x81E2,0x81E2,0x81E2,0x81E2,0x81E2,0x81E2,0x81E2,0x81E2,0x81E2,0x81E2,0x81E2,0x81E2,0x81E2,0x81E2,0x81E2,0x81E2,
  0x81E2,0x81E2,0x81E2,0x81E2,0x81E2,0x81E2,0x81E2,0x81E2,0x81E2,0x81E2,0x81E2,0x81E2,0x81E2,0x81E2,0x81E2,0x81E2,
  0x8202,0x8202,0x8202,0x8202,0x8202,0x8202,0x8202,0x8202,0x8202,0x8202,0x8202,0x8202,0x8202,0x8202,0x8202,0x8202,
  0x8202,0x8202,0x8202,0x8202,0x8202,0x8202,0x8202,0x8202,0x8202,0x8202,0x8202,0x8202,0x8202,0x8202,0x8202,0x8202,
  0x8202,0x8202,0x8202,0x8202,0x8202,0x8202,0x8202,0x8202,0x8202,0x8202,0x8202,0x8202,0x8202,0x8202,0x8202,0x8202,
  0x8202,0x8202,0x8202,0x8202,0x8202,0x8202,0x8202,0x8202,0x8202,0x8202,0x8202,0x8202,0x8202,0x8202,0x8202,0x8202,
  0x8202,0x8202,0x8202,0x8202,0x8202,0x8202,0x8202,0x8202,0x8202,0x8202,0x8202,0x8202,0x8202,0x8202,0x8202,0x8202,
  0x8202,0x8202,0x8202,0x8202,0x8202,0x8202,0x8202,0x8202,0x8202,0x8202,0x8202,0x8202,0x8202,0x8202,0x8202,0x8202,
  0x8202,0x8202,0x8202,0x8202,0x8202,0x8202,0x8202,0x8202,0x8202,0x8202,0x8202,0x8202,0x8202,0x8202,0x8202,0x8202,
  0x8202,0x8202,0x8202,0x8202,0x8202,0x8202,0x8202,0x8202,0x8202,0x8202,0x8202,0x8202,0x8202,0x8202,0x8202,0x8202,
  0x8202,0x8202,0x8202,0x8202,0x8202,0x8202,0x8202,0x8202,0x8202,0x8202,0x8202,0x8202,0x8202,0x8202,0x8202,0x8202,
  0x8202,0x8202,0x8202,0x8202,0x8202,0x8202,0x8202,0x8202,0x8202,0x8202,0x8202,0x8202,0x8202,0x8202,0x8202,0x8202,
  0x8202,0x8202,0x8202,0x8202,0x8202,0x8202,0x8202,0x8202,0x8202,0x8202,0x8202,0x8202,0x8202,0x8202,0x8202,0x8202,
  0x8202,0x8202,0x8202,0x8202,0x8202,0x8202,0x8202,0x8202,0x8202,0x8202,0x8202,0x8202,0x8202,0x8202,0x8202,0x8202,
  0x8202,0x8202,0x8202,0x8202,0x8202,0x8202,0x8202,0x8202,0x8202,0x8202,0x8202,0x8202,0x8202,0x8202,0x8202,0x8202,
  0x8202,0x8202,0x8202,0x8202,0x8202,0x8202,0x8202,0x8202,0x8202,0x8202,0x8202,0x8202,0x8202,0x8202,0x8202,0x8202,
  0x8202,0x8202,0x8202,0x8202,0x8202,0x8202,0x8202,0x8202,0x8202,0x8202,0x8202,0x8202,0x8202,0x8202,0x8202,0x8202,
  0x8202,0x8202,0x8202,0x8202,0x8202,0x8202,0x8202,0x8202,0x8202,0x8202,0x8202,0x8202,0x8202,0x8202,0x8202,0x8202,
  0x8202,0x8202,0x8202,0x8202,0x8202,0x8202,0x8202,0x8202,0x8202,0x8202,0x8202,0x8202,0x8202,0x8202,0x8202,0x8202,
  0x8202,0x8202,0x8202,0x8202,0x8202,0x8202,0x8202,0x8202,0x8202,0x8202,0x8202,0x8202,0x8202,0x8202,0x8202,0x8202,
  0x8202,0x8202,0x8202,0x8202,0x8202,0x8202,0x8202,0x8202,0x8202,0x8202,0x8202,0x8202,0x8202,0x8202,0x8202,0x8202,
  0x8202,0x8202,0x8202,0x8202,0x8202,0x8202,0x8202,0x8202,0x8202,0x8202,0x8202,0x8202,0x8202,0x8202,0x8202,0x8202,
  0x8202,0x8202,0x8202,0x8202,0x8202,0x8202,0x8202,0x8202,0x8202,0x8202,0x8202,0x8202,0x8202,0x8202,0x8202,0x8202,
  0x8202,0x8202,0x8202,0x8202,0x8202,0x8202,0x8202,0x8202,0x8202,0x8202,0x8202,0x8202,0x8202,0x8202,0x8202,0x8202,
  0x8202,0x8202,0x8202,0x8202,0x8202,0x8202,0x8202,0x8202,0x8202,0x8202,0x8202,0x8202,0x8202,0x8202,0x8202,0x8202,
  0x8202,0x8202,0x8202,0x8202,0x8202,0x8202,0x8202,0x8202,0x8202,0x8202,0x8202,0x8202,0x8202,0x8202,0x8202,0x8202,
  0x8202,0x8202,0x8202,0x8202,0x8202,0x8202,0x8202,0x8202,0x8202,0x8202,0x8202,0x8202,0x8202,0x8202,0x8202,0x8202,
  0x8202,0x8202,0x8202,0x8202,0x8202,0x8202,0x8202,0x8202,0x8202,0x8202,0x8202,0x8202,0x8202,0x8202,0x8202,0x8202,
  0x8202,0x8202,0x8202,0x8202,0x8202,0x8202,0x8202,0x8202,0x8202,0x8202,0x8202,0x8202,0x8202,0x8202,0x8202,0x8202,
  0x8202,0x8202,0x8202,0x8202,0x8202,0x8202,0x8202,0x8202,0x8202,0x8202,0x8202,0x8202,0x8202,0x8202,0x8202,0x8202,
  0x8202,0x8202,0x8202,0x8202,0x8202,0x8202,0x8202,0x8202,0x8202,0x8202,0x8202,0x8202,0x8202,0x8202,0x8202,0x8202,
  0x8202,0x8202,0x8202,0x8202,0x8202,0x8202,0x8202,0x8202,0x8202,0x8202,0x8202,0x8202,0x8202,0x8202,0x8202,0x8202,
  0x8203,0x8203,0x8203,0x8203,0x8203,0x8203,0x8203,0x8203,0x8203,0x8203,0x8203,0x8203,0x8203,0x8203,0x8203,0x8203,
  0x8203,0x8203,0x8203,0x8203,0x8203,0x8203,0x8203,0x8203,0x8203,0x8203,0x8203,0x8203,0x8203,0x8203,0x8203,0x8203,
  0x8203,0x8203,0x8203,0x8203,0x8203,0x8203,0x8203,0x8203,0x8203,0x8203,0x8203,0x8203,0x8203,0x8203,0x8203,0x8203,
  0x8203,0x8203,0x8203,0x8203,0x8203,0x8203,0x8203,0x8203,0x8203,0x8203,0x8203,0x8203,0x8203,0x8203,0x8203,0x8203,
  0x8203,0x8203,0x8203,0x8203,0x8203,0x8203,0x8203,0x8203,0x8203,0x8203,0x8203,0x8203,0x8203,0x8203,0x8203,0x8203,
  0x8203,0x8203,0x8203,0x8203,0x8203,0x8203,0x8203,0x8203,0x8203,0x8203,0x8203,0x8203,0x8203,0x8203,0x8203,0x8203,
  0x8203,0x8203,0x8203,0x8203,0x8203,0x8203,0x8203,0x8203,0x8203,0x8203,0x8203,0x8203,0x8203,0x8203,0x8203,0x8203,
  0x8203,0x8203,0x8203,0x8203,0x8203,0x8203,0x8203,0x8203,0x8203,0x8203,0x8203,0x8203,0x8203,0x8203,0x8203,0x8203,
  0x8203,0x8203,0x8203,0x8203,0x8203,0x8203,0x8203,0x8203,0x8203,0x8203,0x8203,0x8203,0x8203,0x8203,0x8203,0x8203,
  0x8203,0x8203,0x8203,0x8203,0x8203,0x8203,0x8203,0x8203,0x8203,0x8203,0x8203,0x8203,0x8203,0x8203,0x8203,0x8203,
  0x8203,0x8203,0x8203,0x8203,0x8203,0x8203,0x8203,0x8203,0x8203,0x8203,0x8203,0x8203,0x8203,0x8203,0x8203,0x8203,
  0x8203,0x8203,0x8203,0x8203,0x8203,0x8203,0x8203,0x8203,0x8203,0x8203,0x8203,0x8203,0x8203,0x8203,0x8203,0x8203,
  0x8203,0x8203,0x8203,0x8203,0x8203,0x8203,0x8203,0x8203,0x8203,0x8203,0x8203,0x8203,0x8203,0x8203,0x8203,0x8203,
  0x8203,0x8203,0x8203,0x8203,0x8203,0x8203,0x8203,0x8203,0x8203,0x8203,0x8203,0x8203,0x8203,0x8203,0x8203,0x8203,
  0x8203,0x8203,0x8203,0x8203,0x8203,0x8203,0x8203,0x8203,0x8203,0x8203,0x8203,0x8203,0x8203,0x8203,0x8203,0x8203,
  0x8203,0x8203,0x8203,0x8203,0x8203,0x8203,0x8203,0x8203,0x8203,0x8203,0x8203,0x8203,0x8203,0x8203,0x8203,0x8203,
  0x8203,0x8203,0x8203,0x8203,0x8203,0x8203,0x8203,0x8203,0x8203,0x8203,0x8203,0x8203,0x8203,0x8203,0x8203,0x8203,
  0x8203,0x8203,0x8203,0x8203,0x8203,0x8203,0x8203,0x8203,0x8203,0x8203,0x8203,0x8203,0x8203,0x8203,0x8203,0x8203,
  0x8203,0x8203,0x8203,0x8203,0x8203,0x8203,0x8203,0x8203,0x8203,0x8203,0x8203,0x8203,0x8203,0x8203,0x8203,0x8203,
  0x8203,0x8203,0x8203,0x8203,0x8203,0x8203,0x8203,0x8203,0x8203,0x8203,0x8203,0x8203,0x8203,0x8203,0x8203,0x8203,
  0x8223,0x8223,0x8223,0x8223,0x8223,0x8223,0x8223,0x8223,0x8223,0x8223,0x8223,0x8223,0x8223,0x8223,0x8223,0x8223,
  0x8223,0x8223,0x8223,0x8223,0x8223,0x8223,0x8223,0x8223,0x8223,0x8223,0x8223,0x8223,0x8223,0x8223,0x8223,0x8223,
  0x8223,0x8223,0x8223,0x8223,0x8223,0x8223,0x8223,0x8223,0x8223,0x8223,0x8223,0x8223,0x8223,0x8223,0x8223,0x8223,
  0x8223,0x8223,0x8223,0x8223,0x8223,0x8223,0x8223,0x8223,0x8223,0x8223,0x8223,0x8223,0x8223,0x8223,0x8223,0x8223,
  0x8223,0x8223,0x8223,0x8223,0x8223,0x8223,0x8223,0x8223,0x8223,0x8223,0x8223,0x8223,0x8223,0x8223,0x8223,0x8223,
  0x8223,0x8223,0x8223,0x8223,0x8223,0x8223,0x8223,0x8223,0x8223,0x8223,0x8223,0x8223,0x8223,0x8223,0x8223,0x8223,
  0x8223,0x8223,0x8223,0x8223,0x8223,0x8223,0x8223,0x8223,0x8223,0x8223,0x8223,0x8223,0x8223,0x8223,0x8223,0x8223,
  0x8223,0x8223,0x8223,0x8223,0x8223,0x8223,0x8223,0x8223,0x8223,0x8223,0x8223,0x8223,0x8223,0x8223,0x8223,0x8223,
  0x8223,0x8223,0x8223,0x8223,0x8223,0x8223,0x8223,0x8223,0x8223,0x8223,0x8223,0x8223,0x8223,0x8223,0x8223,0x8223,
  0x8223,0x8223,0x8223,0x8223,0x8223,0x8223,0x8223,0x8223,0x8223,0x8223,0x8223,0x8223,0x8223,0x8223,0x8223,0x8223,
  0x8223,0x8223,0x8223,0x8223,0x8223,0x8223,0x8223,0x8223,0x8223,0x8223,0x8223,0x8223,0x8223,0x8223,0x8223,0x8223,
  0x8223,0x8223,0x8223,0x8223,0x8223,0x8223,0x8223,0x8223,0x8223,0x8223,0x8223,0x8223,0x8223,0x8223,0x8223,0x8223,
  0x8223,0x8223,0x8223,0x8223,0x8223,0x8223,0x8223,0x8223,0x8223,0x8223,0x8223,0x8223,0x8223,0x8223,0x8223,0x8223,
  0x8223,0x8223,0x8223,0x8223,0x8223,0x8223,0x8223,0x8223,0x8223,0x8223,0x8223,0x8223,0x8223,0x8223,0x8223,0x8223,
  0x8223,0x8223,0x8223,0x8223,0x8223,0x8223,0x8223,0x8223,0x8223,0x8223,0x8223,0x8223,0x8223,0x8223,0x8223,0x8223,
  0x8223,0x8223,0x8223,0x8223,0x8223,0x8223,0x8223,0x8223,0x8223,0x8223,0x8223,0x8223,0x8223,0x8223,0x8223,0x8223,
  0x8223,0x8223,0x8223,0x8223,0x8223,0x8223,0x8223,0x8223,0x8223,0x8223,0x8223,0x8223,0x8223,0x8223,0x8223,0x8223,
  0x8223,0x8223,0x8223,0x8223,0x8223,0x8223,0x8223,0x8223,0x8223,0x8223,0x8223,0x8223,0x8223,0x8223,0x8223,0x8223,
  0x8223,0x8223,0x8223,0x8223,0x8223,0x8223,0x8223,0x8223,0x8223,0x8223,0x8223,0x8223,0x8223,0x8223,0x8223,0x8223,
  0x8223,0x8223,0x8223,0x8223,0x8223,0x8223,0x8223,0x8223,0x8223,0x8223,0x8223,0x8223,0x8223,0x8223,0x8223,0x8223,
  0x8224,0x8224,0x8224,0x8224,0x8224,0x8224,0x8224,0x8224,0x8224,0x8224,0x8224,0x8224,0x8224,0x8224,0x8224,0x8224,
  0x8224,0x8224,0x8224,0x8224,0x8224,0x8224,0x8224,0x8224,0x8224,0x8224,0x8224,0x8224,0x8224,0x8224,0x8224,0x8224,
  0x8224,0x8224,0x8224,0x8224,0x8224,0x8224,0x8224,0x8224,0x8224,0x8224,0x8224,0x8224,0x8224,0x8224,0x8224,0x8224,
  0x8224,0x8224,0x8224,0x8224,0x8224,0x8224,0x8224,0x8224,0x8224,0x8224,0x8224,0x8224,0x8224,0x8224,0x8224,0x8224,
  0x8224,0x8224,0x8224,0x8224,0x8224,0x8224,0x8224,0x8224,0x8224,0x8224,0x8224,0x8224,0x8224,0x8224,0x8224,0x8224,
  0x8224,0x8224,0x8224,0x8224,0x8224,0x8224,0x8224,0x8224,0x8224,0x8224,0x8224,0x8224,0x8224,0x8224,0x8224,0x8224,
  0x8224,0x8224,0x8224,0x8224,0x8224,0x8224,0x8224,0x8224,0x8224,0x8224,0x8224,0x8224,0x8224,0x8224,0x8224,0x8224,
  0x8224,0x8224,0x8224,0x8224,0x8224,0x8224,0x8224,0x8224,0x8224,0x8224,0x8224,0x8224,0x8224,0x8224,0x8224,0x8224,
  0x8224,0x8224,0x8224,0x8224,0x8224,0x8224,0x8224,0x8224,0x8224,0x8224,0x8224,0x8224,0x8224,0x8224,0x8224,0x8224,
  0x8224,0x8224,0x8224,0x8224,0x8224,0x8224,0x8224,0x8224,0x8224,0x8224,0x8224,0x8224,0x8224,0x8224,0x8224,0x8224,
  0x8224,0x8224,0x8224,0x8224,0x8224,0x8224,0x8224,0x8224,0x8224,0x8224,0x8224,0x8224,0x8224,0x8224,0x8224,0x8224,
  0x8224,0x8224,0x8224,0x8224,0x8224,0x8224,0x8224,0x8224,0x8224,0x8224,0x8224,0x8224,0x8224,0x8224,0x8224,0x8224,
  0x8224,0x8224,0x8224,0x8224,0x8224,0x8224,0x8224,0x8224,0x8224,0x8224,0x8224,0x8224,0x8224,0x8224,0x8224,0x8224,
  0x8224,0x8224,0x8224,0x8224,0x8224,0x8224,0x8224,0x8224,0x8224,0x8224,0x8224,0x8224,0x8224,0x8224,0x8224,0x8224,
  0x8224,0x8224,0x8224,0x8224,0x8224,0x8224,0x8224,0x8224,0x8224,0x8224,0x8224,0x8224,0x8224,0x8224,0x8224,0x8224,
  0x8224,0x8224,0x8224,0x8224,0x8224,0x8224,0x8224,0x8224,0x8224,0x8224,0x8224,0x8224,0x8224,0x8224,0x8224,0x8224,
  0x8224,0x8224,0x8224,0x8224,0x8224,0x8224,0x8224,0x8224,0x8224,0x8224,0x8224,0x8224,0x8224,0x8224,0x8224,0x8224,
  0x8224,0x8224,0x8224,0x8224,0x8224,0x8224,0x8224,0x8224,0x8224,0x8224,0x8224,0x8224,0x8224,0x8224,0x8224,0x8224,
  0x8224,0x8224,0x8224,0x8224,0x8224,0x8224,0x8224,0x8224,0x8224,0x8224,0x8224,0x8224,0x8224,0x8224,0x8224,0x8224,
  0x8224,0x8224,0x8224,0x8224,0x8224,0x8224,0x8224,0x8224,0x8224,0x8224,0x8224,0x8224,0x8224,0x8224,0x8224,0x8224,
  0x8224,0x8224,0x8224,0x8224,0x8224,0x8224,0x8224,0x8224,0x8224,0x8224,0x8224,0x8224,0x8224,0x8224,0x8224,0x8224,
  0x8224,0x8224,0x8224,0x8224,0x8224,0x8224,0x8224,0x8224,0x8224,0x8224,0x8224,0x8224,0x8224,0x8224,0x8224,0x8224,
  0x8224,0x8224,0x8224,0x8224,0x8224,0x8224,0x8224,0x8224,0x8224,0x8224,0x8224,0x8224,0x8224,0x8224,0x8224,0x8224,
  0x8224,0x8224,0x8224,0x8224,0x8224,0x8224,0x8224,0x8224,0x8224,0x8224,0x8224,0x8224,0x8224,0x8224,0x8224,0x8224,
  0x8224,0x8224,0x8224,0x8224,0x8224,0x8224,0x8224,0x8224,0x8224,0x8224,0x8224,0x8224,0x8224,0x8224,0x8224,0x8224,
  0x8224,0x8224,0x8224,0x8224,0x8224,0x8224,0x8224,0x8224,0x8224,0x8224,0x8224,0x8224,0x8224,0x8224,0x8224,0x8224,
  0x8224,0x8224,0x8224,0x8224,0x8224,0x8224,0x8224,0x8224,0x8224,0x8224,0x8224,0x8224,0x8224,0x8224,0x8224,0x8224,
  0x8224,0x8224,0x8224,0x8224,0x8224,0x8224,0x8224,0x8224,0x8224,0x8224,0x8224,0x8224,0x8224,0x8224,0x8224,0x8224,
  0x8224,0x8224,0x8224,0x8224,0x8224,0x8224,0x8224,0x8224,0x8224,0x8224,0x8224,0x8224,0x8224,0x8224,0x8224,0x8224,
  0x8224,0x8224,0x8224,0x8224,0x8224,0x8224,0x8224,0x8224,0x8224,0x8224,0x8224,0x8224,0x8224,0x8224,0x8224,0x8224,
  0x8244,0x8244,0x8244,0x8244,0x8244,0x8244,0x8244,0x8244,0x8244,0x8244,0x8244,0x8244,0x8244,0x8244,0x8244,0x8244,
  0x8244,0x8244,0x8244,0x8244,0x8244,0x8244,0x8244,0x8244,0x8244,0x8244,0x8244,0x8244,0x8244,0x8244,0x8244,0x8244,
  0x8244,0x8244,0x8244,0x8244,0x8244,0x8244,0x8244,0x8244,0x8244,0x8244,0x8244,0x8244,0x8244,0x8244,0x8244,0x8244,
  0x8244,0x8244,0x8244,0x8244,0x8244,0x8244,0x8244,0x8244,0x8244,0x8244,0x8244,0x8244,0x8244,0x8244,0x8244,0x8244,
  0x8244,0x8244,0x8244,0x8244,0x8244,0x8244,0x8244,0x8244,0x8244,0x8244,0x8244,0x8244,0x8244,0x8244,0x8244,0x8244,
  0x8244,0x8244,0x8244,0x8244,0x8244,0x8244,0x8244,0x8244,0x8244,0x8244,0x8244,0x8244,0x8244,0x8244,0x8244,0x8244,
  0x8244,0x8244,0x8244,0x8244,0x8244,0x8244,0x8244,0x8244,0x8244,0x8244,0x8244,0x8244,0x8244,0x8244,0x8244,0x8244,
  0x8244,0x8244,0x8244,0x8244,0x8244,0x8244,0x8244,0x8244,0x8244,0x8244,0x8244,0x8244,0x8244,0x8244,0x8244,0x8244,
  0x8244,0x8244,0x8244,0x8244,0x8244,0x8244,0x8244,0x8244,0x8244,0x8244,0x8244,0x8244,0x8244,0x8244,0x8244,0x8244,
  0x8244,0x8244,0x8244,0x8244,0x8244,0x8244,0x8244,0x8244,0x8244,0x8244,0x8244,0x8244,0x8244,0x8244,0x8244,0x8244,
  0x8244,0x8244,0x8244,0x8244,0x8244,0x8244,0x8244,0x8244,0x8244,0x8244,0x8244,0x8244,0x8244,0x8244,0x8244,0x8244,
  0x8244,0x8244,0x8244,0x8244,0x8244,0x8244,0x8244,0x8244,0x8244,0x8244,0x8244,0x8244,0x8244,0x8244,0x8244,0x8244,
  0x8244,0x8244,0x8244,0x8244,0x8244,0x8244,0x8244,0x8244,0x8244,0x8244,0x8244,0x8244,0x8244,0x8244,0x8244,0x8244,
  0x8244,0x8244,0x8244,0x8244,0x8244,0x8244,0x8244,0x8244,0x8244,0x8244,0x8244,0x8244,0x8244,0x8244,0x8244,0x8244,
  0x8244,0x8244,0x8244,0x8244,0x8244,0x8244,0x8244,0x8244,0x8244,0x8244,0x8244,0x8244,0x8244,0x8244,0x8244,0x8244,
  0x8245,0x8245,0x8245,0x8245,0x8245,0x8245,0x8245,0x8245,0x8245,0x8245,0x8245,0x8245,0x8245,0x8245,0x8245,0x8245,
  0x8245,0x8245,0x8245,0x8245,0x8245,0x8245,0x8245,0x8245,0x8245,0x8245,0x8245,0x8245,0x8245,0x8245,0x8245,0x8245,
  0x8245,0x8245,0x8245,0x8245,0x8245,0x8245,0x8245,0x8245,0x8245,0x8245,0x8245,0x8245,0x8245,0x8245,0x8245,0x8245,
  0x8245,0x8245,0x8245,0x8245,0x8245,0x8245,0x8245,0x8245,0x8245,0x8245,0x8245,0x8245,0x8245,0x8245,0x8245,0x8245,
  0x8245,0x8245,0x8245,0x8245,0x8245,0x8245,0x8245,0x8245,0x8245,0x8245,0x8245,0x8245,0x8245,0x8245,0x8245,0x8245,
  0x7A45,0x7A45,0x7A45,0x7A45,0x7A45,0x7A45,0x7A45,0x7A45,0x7A45,0x7A45,0x7A45,0x7A45,0x7A45,0x7A45,0x7A45,0x7A45,
  0x7A45,0x7A45,0x7A45,0x7A45,0x7A45,0x7A45,0x7A45,0x7A45,0x7A45,0x7A45,0x7A45,0x7A45,0x7A45,0x7A45,0x7A45,0x7A45,
  0x7A45,0x7A45,0x7A45,0x7A45,0x7A45,0x7A45,0x7A45,0x7A45,0x7A45,0x7A45,0x7A45,0x7A45,0x7A45,0x7A45,0x7A45,0x7A45,
  0x7A45,0x7A45,0x7A45,0x7A45,0x7A45,0x7A45,0x7A45,0x7A45,0x7A45,0x7A45,0x7A45,0x7A45,0x7A45,0x7A45,0x7A45,0x7A45,
  0x7A45,0x7A45,0x7A45,0x7A45,0x7A45,0x7A45,0x7A45,0x7A45,0x7A45,0x7A45,0x7A45,0x7A45,0x7A45,0x7A45,0x7A45,0x7A45,
  0x7A45,0x7A45,0x7A45,0x7A45,0x7A45,0x7A45,0x7A45,0x7A45,0x7A45,0x7A45,0x7A45,0x7A45,0x7A45,0x7A45,0x7A45,0x7A45,
  0x7A45,0x7A45,0x7A45,0x7A45,0x7A45,0x7A45,0x7A45,0x7A45,0x7A45,0x7A45,0x7A45,0x7A45,0x7A45,0x7A45,0x7A45,0x7A45,
  0x7A45,0x7A45,0x7A45,0x7A45,0x7A45,0x7A45,0x7A45,0x7A45,0x7A45,0x7A45,0x7A45,0x7A45,0x7A45,0x7A45,0x7A45,0x7A45,
  0x7A45,0x7A45,0x7A45,0x7A45,0x7A45,0x7A45,0x7A45,0x7A45,0x7A45,0x7A45,0x7A45,0x7A45,0x7A45,0x7A45,0x7A45,0x7A45,
  0x7A45,0x7A45,0x7A45,0x7A45,0x7A45,0x7A45,0x7A45,0x7A45,0x7A45,0x7A45,0x7A45,0x7A45,0x7A45,0x7A45,0x7A45,0x7A45,
  0x7A45,0x7A45,0x7A45,0x7A45,0x7A45,0x7A45,0x7A45,0x7A45,0x7A45,0x7A45,0x7A45,0x7A45,0x7A45,0x7A45,0x7A45,0x7A45,
  0x7A45,0x7A45,0x7A45,0x7A45,0x7A45,0x7A45,0x7A45,0x7A45,0x7A45,0x7A45,0x7A45,0x7A45,0x7A45,0x7A45,0x7A45,0x7A45,
  0x7A45,0x7A45,0x7A45,0x7A45,0x7A45,0x7A45,0x7A45,0x7A45,0x7A45,0x7A45,0x7A45,0x7A45,0x7A45,0x7A45,0x7A45,0x7A45,
  0x7A45,0x7A45,0x7A45,0x7A45,0x7A45,0x7A45,0x7A45,0x7A45,0x7A45,0x7A45,0x7A45,0x7A45,0x7A45,0x7A45,0x7A45,0x7A45,
  0x7A45,0x7A45,0x7A45,0x7A45,0x7A45,0x7A45,0x7A45,0x7A45,0x7A45,0x7A45,0x7A45,0x7A45,0x7A45,0x7A45,0x7A45,0x7A45,
  0x7A45,0x7A45,0x7A45,0x7A45,0x7A45,0x7A45,0x7A45,0x7A45,0x7A45,0x7A45,0x7A45,0x7A45,0x7A45,0x7A45,0x7A45,0x7A45,
  0x7A45,0x7A45,0x7A45,0x7A45,0x7A45,0x7A45,0x7A45,0x7A45,0x7A45,0x7A45,0x7A45,0x7A45,0x7A45,0x7A45,0x7A45,0x7A45,
  0x7A45,0x7A45,0x7A45,0x7A45,0x7A45,0x7A45,0x7A45,0x7A45,0x7A45,0x7A45,0x7A45,0x7A45,0x7A45,0x7A45,0x7A45,0x7A45,
  0x7A45,0x7A45,0x7A45,0x7A45,0x7A45,0x7A45,0x7A45,0x7A45,0x7A45,0x7A45,0x7A45,0x7A45,0x7A45,0x7A45,0x7A45,0x7A45,
  0x7A45,0x7A45,0x7A45,0x7A45,0x7A45,0x7A45,0x7A45,0x7A45,0x7A45,0x7A45,0x7A45,0x7A45,0x7A45,0x7A45,0x7A45,0x7A45,
  0x7A45,0x7A45,0x7A45,0x7A45,0x7A45,0x7A45,0x7A45,0x7A45,0x7A45,0x7A45,0x7A45,0x7A45,0x7A45,0x7A45,0x7A45,0x7A45,
  0x7A45,0x7A45,0x7A45,0x7A45,0x7A45,0x7A45,0x7A45,0x7A45,0x7A45,0x7A45,0x7A45,0x7A45,0x7A45,0x7A45,0x7A45,0x7A45,
  0x7A45,0x7A45,0x7A45,0x7A45,0x7A45,0x7A45,0x7A45,0x7A45,0x7A45,0x7A45,0x7A45,0x7A45,0x7A45,0x7A45,0x7A45,0x7A45,
  0x7A45,0x7A45,0x7A45,0x7A45,0x7A45,0x7A45,0x7A45,0x7A45,0x7A45,0x7A45,0x7A45,0x7A45,0x7A45,0x7A45,0x7A45,0x7A45,
  0x7A45,0x7A45,0x7A45,0x7A45,0x7A45,0x7A45,0x7A45,0x7A45,0x7A45,0x7A45,0x7A45,0x7A45,0x7A45,0x7A45,0x7A45,0x7A45,
  0x7A45,0x7A45,0x7A45,0x7A45,0x7A45,0x7A45,0x7A45,0x7A45,0x7A45,0x7A45,0x7A45,0x7A45,0x7A45,0x7A45,0x7A45,0x7A45,
  0x7A45,0x7A45,0x7A45,0x7A45,0x7A45,0x7A45,0x7A45,0x7A45,0x7A45,0x7A45,0x7A45,0x7A45,0x7A45,0x7A45,0x7A45,0x7A45,
  0x7A45,0x7A45,0x7A45,0x7A45,0x7A45,0x7A45,0x7A45,0x7A45,0x7A45,0x7A45,0x7A45,0x7A45,0x7A45,0x7A45,0x7A45,0x7A45,
  0x7A45,0x7A45,0x7A45,0x7A45,0x7A45,0x7A45,0x7A45,0x7A45,0x7A45,0x7A45,0x7A45,0x7A45,0x7A45,0x7A45,0x7A45,0x7A45,
  0x7A45,0x7A45,0x7A45,0x7A45,0x7A45,0x7A45,0x7A45,0x7A45,0x7A45,0x7A45,0x7A45,0x7A45,0x7A45,0x7A45,0x7A45,0x7A45,
  0x7A65,0x7A65,0x7A65,0x7A65,0x7A65,0x7A65,0x7A65,0x7A65,0x7A65,0x7A65,0x7A65,0x7A65,0x7A65,0x7A65,0x7A65,0x7A65,
  0x7A65,0x7A65,0x7A65,0x7A65,0x7A65,0x7A65,0x7A65,0x7A65,0x7A65,0x7A65,0x7A65,0x7A65,0x7A65,0x7A65,0x7A65,0x7A65,
  0x7A65,0x7A65,0x7A65,0x7A65,0x7A65,0x7A65,0x7A65,0x7A65,0x7A65,0x7A65,0x7A65,0x7A65,0x7A65,0x7A65,0x7A65,0x7A65,
  0x7A65,0x7A65,0x7A65,0x7A65,0x7A65,0x7A65,0x7A65,0x7A65,0x7A65,0x7A65,0x7A65,0x7A65,0x7A65,0x7A65,0x7A65,0x7A65,
  0x7A65,0x7A65,0x7A65,0x7A65,0x7A65,0x7A65,0x7A65,0x7A65,0x7A65,0x7A65,0x7A65,0x7A65,0x7A65,0x7A65,0x7A65,0x7A65,
  0x7A66,0x7A66,0x7A66,0x7A66,0x7A66,0x7A66,0x7A66,0x7A66,0x7A66,0x7A66,0x7A66,0x7A66,0x7A66,0x7A66,0x7A66,0x7A66,
  0x7A66,0x7A66,0x7A66,0x7A66,0x7A66,0x7A66,0x7A66,0x7A66,0x7A66,0x7A66,0x7A66,0x7A66,0x7A66,0x7A66,0x7A66,0x7A66,
  0x7A66,0x7A66,0x7A66,0x7A66,0x7A66,0x7A66,0x7A66,0x7A66,0x7A66,0x7A66,0x7A66,0x7A66,0x7A66,0x7A66,0x7A66,0x7A66,
  0x7A66,0x7A66,0x7A66,0x7A66,0x7A66,0x7A66,0x7A66,0x7A66,0x7A66,0x7A66,0x7A66,0x7A66,0x7A66,0x7A66,0x7A66,0x7A66,
  0x7A66,0x7A66,0x7A66,0x7A66,0x7A66,0x7A66,0x7A66,0x7A66,0x7A66,0x7A66,0x7A66,0x7A66,0x7A66,0x7A66,0x7A66,0x7A66,
  0x7A66,0x7A66,0x7A66,0x7A66,0x7A66,0x7A66,0x7A66,0x7A66,0x7A66,0x7A66,0x7A66,0x7A66,0x7A66,0x7A66,0x7A66,0x7A66,
  0x7A66,0x7A66,0x7A66,0x7A66,0x7A66,0x7A66,0x7A66,0x7A66,0x7A66,0x7A66,0x7A66,0x7A66,0x7A66,0x7A66,0x7A66,0x7A66,
  0x7A66,0x7A66,0x7A66,0x7A66,0x7A66,0x7A66,0x7A66,0x7A66,0x7A66,0x7A66,0x7A66,0x7A66,0x7A66,0x7A66,0x7A66,0x7A66,
  0x7A66,0x7A66,0x7A66,0x7A66,0x7A66,0x7A66,0x7A66,0x7A66,0x7A66,0x7A66,0x7A66,0x7A66,0x7A66,0x7A66,0x7A66,0x7A66,
  0x7A66,0x7A66,0x7A66,0x7A66,0x7A66,0x7A66,0x7A66,0x7A66,0x7A66,0x7A66,0x7A66,0x7A66,0x7A66,0x7A66,0x7A66,0x7A66,
  0x7A66,0x7A66,0x7A66,0x7A66,0x7A66,0x7A66,0x7A66,0x7A66,0x7A66,0x7A66,0x7A66,0x7A66,0x7A66,0x7A66,0x7A66,0x7A66,
  0x7A66,0x7A66,0x7A66,0x7A66,0x7A66,0x7A66,0x7A66,0x7A66,0x7A66,0x7A66,0x7A66,0x7A66,0x7A66,0x7A66,0x7A66,0x7A66,
  0x7A66,0x7A66,0x7A66,0x7A66,0x7A66,0x7A66,0x7A66,0x7A66,0x7A66,0x7A66,0x7A66,0x7A66,0x7A66,0x7A66,0x7A66,0x7A66,
  0x7A66,0x7A66,0x7A66,0x7A66,0x7A66,0x7A66,0x7A66,0x7A66,0x7A66,0x7A66,0x7A66,0x7A66,0x7A66,0x7A66,0x7A66,0x7A66,
  0x7A66,0x7A66,0x7A66,0x7A66,0x7A66,0x7A66,0x7A66,0x7A66,0x7A66,0x7A66,0x7A66,0x7A66,0x7A66,0x7A66,0x7A66,0x7A66,
  0x7A66,0x7A66,0x7A66,0x7A66,0x7A66,0x7A66,0x7A66,0x7A66,0x7A66,0x7A66,0x7A66,0x7A66,0x7A66,0x7A66,0x7A66,0x7A66,
  0x7A66,0x7A66,0x7A66,0x7A66,0x7A66,0x7A66,0x7A66,0x7A66,0x7A66,0x7A66,0x7A66,0x7A66,0x7A66,0x7A66,0x7A66,0x7A66,
  0x7A66,0x7A66,0x7A66,0x7A66,0x7A66,0x7A66,0x7A66,0x7A66,0x7A66,0x7A66,0x7A66,0x7A66,0x7A66,0x7A66,0x7A66,0x7A66,
  0x7A66,0x7A66,0x7A66,0x7A66,0x7A66,0x7A66,0x7A66,0x7A66,0x7A66,0x7A66,0x7A66,0x7A66,0x7A66,0x7A66,0x7A66,0x7A66,
  0x7A66,0x7A66,0x7A66,0x7A66,0x7A66,0x7A66,0x7A66,0x7A66,0x7A66,0x7A66,0x7A66,0x7A66,0x7A66,0x7A66,0x7A66,0x7A66,
  0x7A66,0x7A66,0x7A66,0x7A66,0x7A66,0x7A66,0x7A66,0x7A66,0x7A66,0x7A66,0x7A66,0x7A66,0x7A66,0x7A66,0x7A66,0x7A66,
  0x7A66,0x7A66,0x7A66,0x7A66,0x7A66,0x7A66,0x7A66,0x7A66,0x7A66,0x7A66,0x7A66,0x7A66,0x7A66,0x7A66,0x7A66,0x7A66,
  0x7A66,0x7A66,0x7A66,0x7A66,0x7A66,0x7A66,0x7A66,0x7A66,0x7A66,0x7A66,0x7A66,0x7A66,0x7A66,0x7A66,0x7A66,0x7A66,
  0x7A66,0x7A66,0x7A66,0x7A66,0x7A66,0x7A66,0x7A66,0x7A66,0x7A66,0x7A66,0x7A66,0x7A66,0x7A66,0x7A66,0x7A66,0x7A66,
  0x7A66,0x7A66,0x7A66,0x7A66,0x7A66,0x7A66,0x7A66,0x7A66,0x7A66,0x7A66,0x7A66,0x7A66,0x7A66,0x7A66,0x7A66,0x7A66,
  0x7A66,0x7A66,0x7A66,0x7A66,0x7A66,0x7A66,0x7A66,0x7A66,0x7A66,0x7A66,0x7A66,0x7A66,0x7A66,0x7A66,0x7A66,0x7A66,
  0x7A66,0x7A66,0x7A66,0x7A66,0x7A66,0x7A66,0x7A66,0x7A66,0x7A66,0x7A66,0x7A66,0x7A66,0x7A66,0x7A66,0x7A66,0x7A66,
  0x7A66,0x7A66,0x7A66,0x7A66,0x7A66,0x7A66,0x7A66,0x7A66,0x7A66,0x7A66,0x7A66,0x7A66,0x7A66,0x7A66,0x7A66,0x7A66,
  0x7A66,0x7A66,0x7A66,0x7A66,0x7A66,0x7A66,0x7A66,0x7A66,0x7A66,0x7A66,0x7A66,0x7A66,0x7A66,0x7A66,0x7A66,0x7A66,
  0x7A66,0x7A66,0x7A66,0x7A66,0x7A66,0x7A66,0x7A66,0x7A66,0x7A66,0x7A66,0x7A66,0x7A66,0x7A66,0x7A66,0x7A66,0x7A66,
  0x7A66,0x7A66,0x7A66,0x7A66,0x7A66,0x7A66,0x7A66,0x7A66,0x7A66,0x7A66,0x7A66,0x7A66,0x7A66,0x7A66,0x7A66,0x7A66,
  0x7A66,0x7A66,0x7A66,0x7A66,0x7A66,0x7A66,0x7A66,0x7A66,0x7A66,0x7A66,0x7A66,0x7A66,0x7A66,0x7A66,0x7A66,0x7A66,
  0x7A66,0x7A66,0x7A66,0x7A66,0x7A66,0x7A66,0x7A66,0x7A66,0x7A66,0x7A66,0x7A66,0x7A66,0x7A66,0x7A66,0x7A66,0x7A66,
  0x7A66,0x7A66,0x7A66,0x7A66,0x7A66,0x7A66,0x7A66,0x7A66,0x7A66,0x7A66,0x7A66,0x7A66,0x7A66,0x7A66,0x7A66,0x7A66,
  0x7A66,0x7A66,0x7A66,0x7A66,0x7A66,0x7A66,0x7A66,0x7A66,0x7A66,0x7A66,0x7A66,0x7A66,0x7A66,0x7A66,0x7A66,0x7A66,
  0x7A66,0x7A66,0x7A66,0x7A66,0x7A66,0x7A66,0x7A66,0x7A66,0x7A66,0x7A66,0x7A66,0x7A66,0x7A66,0x7A66,0x7A66,0x7A66,
  0x7A66,0x7A66,0x7A66,0x7A66,0x7A66,0x7A66,0x7A66,0x7A66,0x7A66,0x7A66,0x7A66,0x7A66,0x7A66,0x7A66,0x7A66,0x7A66,
  0x7A66,0x7A66,0x7A66,0x7A66,0x7A66,0x7A66,0x7A66,0x7A66,0x7A66,0x7A66,0x7A66,0x7A66,0x7A66,0x7A66,0x7A66,0x7A66,
  0x7A66,0x7A66,0x7A66,0x7A66,0x7A66,0x7A66,0x7A66,0x7A66,0x7A66,0x7A66,0x7A66,0x7A66,0x7A66,0x7A66,0x7A66,0x7A66,
  0x7A66,0x7A66,0x7A66,0x7A66,0x7A66,0x7A66,0x7A66,0x7A66,0x7A66,0x7A66,0x7A66,0x7A66,0x7A66,0x7A66,0x7A66,0x7A66,
  0x7A67,0x7A67,0x7A67,0x7A67,0x7A67,0x7A67,0x7A67,0x7A67,0x7A67,0x7A67,0x7A67,0x7A67,0x7A67,0x7A67,0x7A67,0x7A67,
  0x7A67,0x7A67,0x7A67,0x7A67,0x7A67,0x7A67,0x7A67,0x7A67,0x7A67,0x7A67,0x7A67,0x7A67,0x7A67,0x7A67,0x7A67,0x7A67,
  0x7A67,0x7A67,0x7A67,0x7A67,0x7A67,0x7A67,0x7A67,0x7A67,0x7A67,0x7A67,0x7A67,0x7A67,0x7A67,0x7A67,0x7A67,0x7A67,
  0x7A67,0x7A67,0x7A67,0x7A67,0x7A67,0x7A67,0x7A67,0x7A67,0x7A67,0x7A67,0x7A67,0x7A67,0x7A67,0x7A67,0x7A67,0x7A67,
  0x7A67,0x7A67,0x7A67,0x7A67,0x7A67,0x7A67,0x7A67,0x7A67,0x7A67,0x7A67,0x7A67,0x7A67,0x7A67,0x7A67,0x7A67,0x7A67,
  0x7A67,0x7A67,0x7A67,0x7A67,0x7A67,0x7A67,0x7A67,0x7A67,0x7A67,0x7A67,0x7A67,0x7A67,0x7A67,0x7A67,0x7A67,0x7A67,
  0x7A67,0x7A67,0x7A67,0x7A67,0x7A67,0x7A67,0x7A67,0x7A67,0x7A67,0x7A67,0x7A67,0x7A67,0x7A67,0x7A67,0x7A67,0x7A67,
  0x7A67,0x7A67,0x7A67,0x7A67,0x7A67,0x7A67,0x7A67,0x7A67,0x7A67,0x7A67,0x7A67,0x7A67,0x7A67,0x7A67,0x7A67,0x7A67,
  0x7A67,0x7A67,0x7A67,0x7A67,0x7A67,0x7A67,0x7A67,0x7A67,0x7A67,0x7A67,0x7A67,0x7A67,0x7A67,0x7A67,0x7A67,0x7A67,
  0x7A67,0x7A67,0x7A67,0x7A67,0x7A67,0x7A67,0x7A67,0x7A67,0x7A67,0x7A67,0x7A67,0x7A67,0x7A67,0x7A67,0x7A67,0x7A67,
  0x7A87,0x7A87,0x7A87,0x7A87,0x7A87,0x7A87,0x7A87,0x7A87,0x7A87,0x7A87,0x7A87,0x7A87,0x7A87,0x7A87,0x7A87,0x7A87,
  0x7A87,0x7A87,0x7A87,0x7A87,0x7A87,0x7A87,0x7A87,0x7A87,0x7A87,0x7A87,0x7A87,0x7A87,0x7A87,0x7A87,0x7A87,0x7A87,
  0x7A87,0x7A87,0x7A87,0x7A87,0x7A87,0x7A87,0x7A87,0x7A87,0x7A87,0x7A87,0x7A87,0x7A87,0x7A87,0x7A87,0x7A87,0x7A87,
  0x7A87,0x7A87,0x7A87,0x7A87,0x7A87,0x7A87,0x7A87,0x7A87,0x7A87,0x7A87,0x7A87,0x7A87,0x7A87,0x7A87,0x7A87,0x7A87,
  0x7A87,0x7A87,0x7A87,0x7A87,0x7A87,0x7A87,0x7A87,0x7A87,0x7A87,0x7A87,0x7A87,0x7A87,0x7A87,0x7A87,0x7A87,0x7A87,
  0x7A87,0x7A87,0x7A87,0x7A87,0x7A87,0x7A87,0x7A87,0x7A87,0x7A87,0x7A87,0x7A87,0x7A87,0x7A87,0x7A87,0x7A87,0x7A87,
  0x7A87,0x7A87,0x7A87,0x7A87,0x7A87,0x7A87,0x7A87,0x7A87,0x7A87,0x7A87,0x7A87,0x7A87,0x7A87,0x7A87,0x7A87,0x7A87,
  0x7A87,0x7A87,0x7A87,0x7A87,0x7A87,0x7A87,0x7A87,0x7A87,0x7A87,0x7A87,0x7A87,0x7A87,0x7A87,0x7A87,0x7A87,0x7A87,
  0x7A87,0x7A87,0x7A87,0x7A87,0x7A87,0x7A87,0x7A87,0x7A87,0x7A87,0x7A87,0x7A87,0x7A87,0x7A87,0x7A87,0x7A87,0x7A87,
  0x7A87,0x7A87,0x7A87,0x7A87,0x7A87,0x7A87,0x7A87,0x7A87,0x7A87,0x7A87,0x7A87,0x7A87,0x7A87,0x7A87,0x7A87,0x7A87,
  0x7A87,0x7A87,0x7A87,0x7A87,0x7A87,0x7A87,0x7A87,0x7A87,0x7A87,0x7A87,0x7A87,0x7A87,0x7A87,0x7A87,0x7A87,0x7A87,
  0x7A87,0x7A87,0x7A87,0x7A87,0x7A87,0x7A87,0x7A87,0x7A87,0x7A87,0x7A87,0x7A87,0x7A87,0x7A87,0x7A87,0x7A87,0x7A87,
  0x7A87,0x7A87,0x7A87,0x7A87,0x7A87,0x7A87,0x7A87,0x7A87,0x7A87,0x7A87,0x7A87,0x7A87,0x7A87,0x7A87,0x7A87,0x7A87,
  0x7A87,0x7A87,0x7A87,0x7A87,0x7A87,0x7A87,0x7A87,0x7A87,0x7A87,0x7A87,0x7A87,0x7A87,0x7A87,0x7A87,0x7A87,0x7A87,
  0x7A87,0x7A87,0x7A87,0x7A87,0x7A87,0x7A87,0x7A87,0x7A87,0x7A87,0x7A87,0x7A87,0x7A87,0x7A87,0x7A87,0x7A87,0x7A87,
  0x7A87,0x7A87,0x7A87,0x7A87,0x7A87,0x7A87,0x7A87,0x7A87,0x7A87,0x7A87,0x7A87,0x7A87,0x7A87,0x7A87,0x7A87,0x7A87,
  0x7A87,0x7A87,0x7A87,0x7A87,0x7A87,0x7A87,0x7A87,0x7A87,0x7A87,0x7A87,0x7A87,0x7A87,0x7A87,0x7A87,0x7A87,0x7A87,
  0x7A87,0x7A87,0x7A87,0x7A87,0x7A87,0x7A87,0x7A87,0x7A87,0x7A87,0x7A87,0x7A87,0x7A87,0x7A87,0x7A87,0x7A87,0x7A87,
  0x7A87,0x7A87,0x7A87,0x7A87,0x7A87,0x7A87,0x7A87,0x7A87,0x7A87,0x7A87,0x7A87,0x7A87,0x7A87,0x7A87,0x7A87,0x7A87,
  0x7A87,0x7A87,0x7A87,0x7A87,0x7A87,0x7A87,0x7A87,0x7A87,0x7A87,0x7A87,0x7A87,0x7A87,0x7A87,0x7A87,0x7A87,0x7A87,
  0x7A87,0x7A87,0x7A87,0x7A87,0x7A87,0x7A87,0x7A87,0x7A87,0x7A87,0x7A87,0x7A87,0x7A87,0x7A87,0x7A87,0x7A87,0x7A87,
  0x7A87,0x7A87,0x7A87,0x7A87,0x7A87,0x7A87,0x7A87,0x7A87,0x7A87,0x7A87,0x7A87,0x7A87,0x7A87,0x7A87,0x7A87,0x7A87,
  0x7A87,0x7A87,0x7A87,0x7A87,0x7A87,0x7A87,0x7A87,0x7A87,0x7A87,0x7A87,0x7A87,0x7A87,0x7A87,0x7A87,0x7A87,0x7A87,
  0x7A87,0x7A87,0x7A87,0x7A87,0x7A87,0x7A87,0x7A87,0x7A87,0x7A87,0x7A87,0x7A87,0x7A87,0x7A87,0x7A87,0x7A87,0x7A87,
  0x7A87,0x7A87,0x7A87,0x7A87,0x7A87,0x7A87,0x7A87,0x7A87,0x7A87,0x7A87,0x7A87,0x7A87,0x7A87,0x7A87,0x7A87,0x7A87,
  0x7A87,0x7A87,0x7A87,0x7A87,0x7A87,0x7A87,0x7A87,0x7A87,0x7A87,0x7A87,0x7A87,0x7A87,0x7A87,0x7A87,0x7A87,0x7A87,
  0x7A87,0x7A87,0x7A87,0x7A87,0x7A87,0x7A87,0x7A87,0x7A87,0x7A87,0x7A87,0x7A87,0x7A87,0x7A87,0x7A87,0x7A87,0x7A87,
  0x7A87,0x7A87,0x7A87,0x7A87,0x7A87,0x7A87,0x7A87,0x7A87,0x7A87,0x7A87,0x7A87,0x7A87,0x7A87,0x7A87,0x7A87,0x7A87,
  0x7A87,0x7A87,0x7A87,0x7A87,0x7A87,0x7A87,0x7A87,0x7A87,0x7A87,0x7A87,0x7A87,0x7A87,0x7A87,0x7A87,0x7A87,0x7A87,
  0x7A87,0x7A87,0x7A87,0x7A87,0x7A87,0x7A87,0x7A87,0x7A87,0x7A87,0x7A87,0x7A87,0x7A87,0x7A87,0x7A87,0x7A87,0x7A87,
  0x7A87,0x7A87,0x7A87,0x7A87,0x7A87,0x7A87,0x7A87,0x7A87,0x7A87,0x7A87,0x7A87,0x7A87,0x7A87,0x7A87,0x7A87,0x7A87,
  0x7A87,0x7A87,0x7A87,0x7A87,0x7A87,0x7A87,0x7A87,0x7A87,0x7A87,0x7A87,0x7A87,0x7A87,0x7A87,0x7A87,0x7A87,0x7A87,
  0x7A87,0x7A87,0x7A87,0x7A87,0x7A87,0x7A87,0x7A87,0x7A87,0x7A87,0x7A87,0x7A87,0x7A87,0x7A87,0x7A87,0x7A87,0x7A87,
  0x7A87,0x7A87,0x7A87,0x7A87,0x7A87,0x7A87,0x7A87,0x7A87,0x7A87,0x7A87,0x7A87,0x7A87,0x7A87,0x7A87,0x7A87,0x7A87,
  0x7A87,0x7A87,0x7A87,0x7A87,0x7A87,0x7A87,0x7A87,0x7A87,0x7A87,0x7A87,0x7A87,0x7A87,0x7A87,0x7A87,0x7A87,0x7A87,
  0x7A88,0x7A88,0x7A88,0x7A88,0x7A88,0x7A88,0x7A88,0x7A88,0x7A88,0x7A88,0x7A88,0x7A88,0x7A88,0x7A88,0x7A88,0x7A88,
  0x7A88,0x7A88,0x7A88,0x7A88,0x7A88,0x7A88,0x7A88,0x7A88,0x7A88,0x7A88,0x7A88,0x7A88,0x7A88,0x7A88,0x7A88,0x7A88,
  0x7A88,0x7A88,0x7A88,0x7A88,0x7A88,0x7A88,0x7A88,0x7A88,0x7A88,0x7A88,0x7A88,0x7A88,0x7A88,0x7A88,0x7A88,0x7A88,
  0x7A88,0x7A88,0x7A88,0x7A88,0x7A88,0x7A88,0x7A88,0x7A88,0x7A88,0x7A88,0x7A88,0x7A88,0x7A88,0x7A88,0x7A88,0x7A88,
  0x7A88,0x7A88,0x7A88,0x7A88,0x7A88,0x7A88,0x7A88,0x7A88,0x7A88,0x7A88,0x7A88,0x7A88,0x7A88,0x7A88,0x7A88,0x7A88,
  0x7A88,0x7A88,0x7A88,0x7A88,0x7A88,0x7A88,0x7A88,0x7A88,0x7A88,0x7A88,0x7A88,0x7A88,0x7A88,0x7A88,0x7A88,0x7A88,
  0x7A88,0x7A88,0x7A88,0x7A88,0x7A88,0x7A88,0x7A88,0x7A88,0x7A88,0x7A88,0x7A88,0x7A88,0x7A88,0x7A88,0x7A88,0x7A88,
  0x7A88,0x7A88,0x7A88,0x7A88,0x7A88,0x7A88,0x7A88,0x7A88,0x7A88,0x7A88,0x7A88,0x7A88,0x7A88,0x7A88,0x7A88,0x7A88,
  0x7A88,0x7A88,0x7A88,0x7A88,0x7A88,0x7A88,0x7A88,0x7A88,0x7A88,0x7A88,0x7A88,0x7A88,0x7A88,0x7A88,0x7A88,0x7A88,
  0x7A88,0x7A88,0x7A88,0x7A88,0x7A88,0x7A88,0x7A88,0x7A88,0x7A88,0x7A88,0x7A88,0x7A88,0x7A88,0x7A88,0x7A88,0x7A88,
  0x7A88,0x7A88,0x7A88,0x7A88,0x7A88,0x7A88,0x7A88,0x7A88,0x7A88,0x7A88,0x7A88,0x7A88,0x7A88,0x7A88,0x7A88,0x7A88,
  0x7A88,0x7A88,0x7A88,0x7A88,0x7A88,0x7A88,0x7A88,0x7A88,0x7A88,0x7A88,0x7A88,0x7A88,0x7A88,0x7A88,0x7A88,0x7A88,
  0x7A88,0x7A88,0x7A88,0x7A88,0x7A88,0x7A88,0x7A88,0x7A88,0x7A88,0x7A88,0x7A88,0x7A88,0x7A88,0x7A88,0x7A88,0x7A88,
  0x7A88,0x7A88,0x7A88,0x7A88,0x7A88,0x7A88,0x7A88,0x7A88,0x7A88,0x7A88,0x7A88,0x7A88,0x7A88,0x7A88,0x7A88,0x7A88,
  0x7A88,0x7A88,0x7A88,0x7A88,0x7A88,0x7A88,0x7A88,0x7A88,0x7A88,0x7A88,0x7A88,0x7A88,0x7A88,0x7A88,0x7A88,0x7A88,
  0x7AA8,0x7AA8,0x7AA8,0x7AA8,0x7AA8,0x7AA8,0x7AA8,0x7AA8,0x7AA8,0x7AA8,0x7AA8,0x7AA8,0x7AA8,0x7AA8,0x7AA8,0x7AA8,
  0x7AA8,0x7AA8,0x7AA8,0x7AA8,0x7AA8,0x7AA8,0x7AA8,0x7AA8,0x7AA8,0x7AA8,0x7AA8,0x7AA8,0x7AA8,0x7AA8,0x7AA8,0x7AA8,
  0x7AA8,0x7AA8,0x7AA8,0x7AA8,0x7AA8,0x7AA8,0x7AA8,0x7AA8,0x7AA8,0x7AA8,0x7AA8,0x7AA8,0x7AA8,0x7AA8,0x7AA8,0x7AA8,
  0x7AA8,0x7AA8,0x7AA8,0x7AA8,0x7AA8,0x7AA8,0x7AA8,0x7AA8,0x7AA8,0x7AA8,0x7AA8,0x7AA8,0x7AA8,0x7AA8,0x7AA8,0x7AA8,
  0x7AA8,0x7AA8,0x7AA8,0x7AA8,0x7AA8,0x7AA8,0x7AA8,0x7AA8,0x7AA8,0x7AA8,0x7AA8,0x7AA8,0x7AA8,0x7AA8,0x7AA8,0x7AA8,
  0x7AA8,0x7AA8,0x7AA8,0x7AA8,0x7AA8,0x7AA8,0x7AA8,0x7AA8,0x7AA8,0x7AA8,0x7AA8,0x7AA8,0x7AA8,0x7AA8,0x7AA8,0x7AA8,
  0x7AA8,0x7AA8,0x7AA8,0x7AA8,0x7AA8,0x7AA8,0x7AA8,0x7AA8,0x7AA8,0x7AA8,0x7AA8,0x7AA8,0x7AA8,0x7AA8,0x7AA8,0x7AA8,
  0x7AA8,0x7AA8,0x7AA8,0x7AA8,0x7AA8,0x7AA8,0x7AA8,0x7AA8,0x7AA8,0x7AA8,0x7AA8,0x7AA8,0x7AA8,0x7AA8,0x7AA8,0x7AA8,
  0x7AA8,0x7AA8,0x7AA8,0x7AA8,0x7AA8,0x7AA8,0x7AA8,0x7AA8,0x7AA8,0x7AA8,0x7AA8,0x7AA8,0x7AA8,0x7AA8,0x7AA8,0x7AA8,
  0x7AA8,0x7AA8,0x7AA8,0x7AA8,0x7AA8,0x7AA8,0x7AA8,0x7AA8,0x7AA8,0x7AA8,0x7AA8,0x7AA8,0x7AA8,0x7AA8,0x7AA8,0x7AA8,
  
};

const uint16_t THEME_MINIMAL[] PROGMEM = {
  0x04BF,0x04BF,0x04BF,0x04BF,0x04BF,0x04BF,0x04BF,0x04BF,0x04BF,0x04BF,0x04BF,0x04BF,0x04BF,0x04BF,0x04BF,0x04BF,
  0x04BF,0x04BF,0x04BF,0x04BF,0x04BF,0x04BF,0x04BF,0x04BF,0x04BF,0x04BF,0x04BF,0x04BF,0x04BF,0x04BF,0x04BF,0x04BF,
  0x04BF,0x04BF,0x04BF,0x04BF,0x04BF,0x04BF,0x04BF,0x04BF,0x04BF,0x04BF,0x04BF,0x04BF,0x04BF,0x04BF,0x04BF,0x04BF,
  0x04BF,0x04BF,0x04BF,0x04BF,0x04BF,0x04BF,0x04BF,0x04BF,0x04BF,0x04BF,0x04BF,0x04BF,0x04BF,0x04BF,0x04BF,0x04BF,
  0x04BF,0x04BF,0x04BF,0x04BF,0x04BF,0x04BF,0x04BF,0x04BF,0x04BF,0x04BF,0x04BF,0x04BF,0x04BF,0x04BF,0x04BF,0x04BF,
  0x03D9,0x03D9,0x03D9,0x03D9,0x03D9,0x03D9,0x03D9,0x03D9,0x03D9,0x03D9,0x03D9,0x03D9,0x03D9,0x03D9,0x03D9,0x03D9,
  0x03D9,0x03D9,0x03D9,0x03D9,0x03D9,0x03D9,0x03D9,0x03D9,0x03D9,0x03D9,0x03D9,0x03D9,0x03D9,0x03D9,0x03D9,0x03D9,
  0x03D9,0x03D9,0x03D9,0x03D9,0x03D9,0x03D9,0x03D9,0x03D9,0x03D9,0x03D9,0x03D9,0x03D9,0x03D9,0x03D9,0x03D9,0x03D9,
  0x03D9,0x03D9,0x03D9,0x03D9,0x03D9,0x03D9,0x03D9,0x03D9,0x03D9,0x03D9,0x03D9,0x03D9,0x03D9,0x03D9,0x03D9,0x03D9,
  0x03D9,0x03D9,0x03D9,0x03D9,0x03D9,0x03D9,0x03D9,0x03D9,0x03D9,0x03D9,0x03D9,0x03D9,0x03D9,0x03D9,0x03D9,0x03D9,
  0x02D3,0x02D3,0x02D3,0x02D3,0x02D3,0x02D3,0x02D3,0x02D3,0x02D3,0x02D3,0x02D3,0x02D3,0x02D3,0x02D3,0x02D3,0x02D3,
  0x02D3,0x02D3,0x02D3,0x02D3,0x02D3,0x02D3,0x02D3,0x02D3,0x02D3,0x02D3,0x02D3,0x02D3,0x02D3,0x02D3,0x02D3,0x02D3,
  0x02D3,0x02D3,0x02D3,0x02D3,0x02D3,0x02D3,0x02D3,0x02D3,0x02D3,0x02D3,0x02D3,0x02D3,0x02D3,0x02D3,0x02D3,0x02D3,
  0x02D3,0x02D3,0x02D3,0x02D3,0x02D3,0x02D3,0x02D3,0x02D3,0x02D3,0x02D3,0x02D3,0x02D3,0x02D3,0x02D3,0x02D3,0x02D3,
  0x02D3,0x02D3,0x02D3,0x02D3,0x02D3,0x02D3,0x02D3,0x02D3,0x02D3,0x02D3,0x02D3,0x02D3,0x02D3,0x02D3,0x02D3,0x02D3,
  0x0862,0x0862,0x0862,0x0862,0x0862,0x0862,0x0862,0x0862,0x0862,0x0862,0x0862,0x0862,0x0862,0x0862,0x0862,0x0862,
  0x0862,0x0862,0x0862,0x0862,0x0862,0x0862,0x0862,0x0862,0x0862,0x0862,0x0862,0x0862,0x0862,0x0862,0x0862,0x0862,
  0x0862,0x0862,0x0862,0x0862,0x0862,0x0862,0x0862,0x0862,0x0862,0x0862,0x0862,0x0862,0x0862,0x0862,0x0862,0x0862,
  0x0862,0x0862,0x0862,0x0862,0x0862,0x0862,0x0862,0x0862,0x0862,0x0862,0x0862,0x0862,0x0862,0x0862,0x0862,0x0862,
  0x0862,0x0862,0x0862,0x0862,0x0862,0x0862,0x0862,0x0862,0x0862,0x0862,0x0862,0x0862,0x0862,0x0862,0x0862,0x0862,
  0x0862,0x0862,0x0862,0x0862,0x0862,0x0862,0x0862,0x0862,0x0862,0x0862,0x0862,0x0862,0x0862,0x0862,0x0862,0x0862,
  0x0862,0x0862,0x0862,0x0862,0x0862,0x0862,0x0862,0x0862,0x0862,0x0862,0x0862,0x0862,0x0862,0x0862,0x0862,0x0862,
  0x0862,0x0862,0x0862,0x0862,0x0862,0x0862,0x0862,0x0862,0x0862,0x0862,0x0862,0x0862,0x0862,0x0862,0x0862,0x0862,
  0x0862,0x0862,0x0862,0x0862,0x0862,0x0862,0x0862,0x0862,0x0862,0x0862,0x0862,0x0862,0x0862,0x0862,0x0862,0x0862,
  0x0862,0x0862,0x0862,0x0862,0x0862,0x0862,0x0862,0x0862,0x0862,0x0862,0x0862,0x0862,0x0862,0x0862,0x0862,0x0862,
  0x0862,0x0862,0x0862,0x0862,0x0862,0x0862,0x0862,0x0862,0x0862,0x0862,0x0862,0x0862,0x0862,0x0862,0x0862,0x0862,
  0x0862,0x0862,0x0862,0x0862,0x0862,0x0862,0x0862,0x0862,0x0862,0x0862,0x0862,0x0862,0x0862,0x0862,0x0862,0x0862,
  0x0862,0x0862,0x0862,0x0862,0x0862,0x0862,0x0862,0x0862,0x0862,0x0862,0x0862,0x0862,0x0862,0x0862,0x0862,0x0862,
  0x0862,0x0862,0x0862,0x0862,0x0862,0x0862,0x0862,0x0862,0x0862,0x0862,0x0862,0x0862,0x0862,0x0862,0x0862,0x0862,
  0x0862,0x0862,0x0862,0x0862,0x0862,0x0862,0x0862,0x0862,0x0862,0x0862,0x0862,0x0862,0x0862,0x0862,0x0862,0x0862,
  0x0862,0x0862,0x0862,0x0862,0x0862,0x0862,0x0862,0x0862,0x0862,0x0862,0x0862,0x0862,0x0862,0x0862,0x0862,0x0862,
  0x0862,0x0862,0x0862,0x0862,0x0862,0x0862,0x0862,0x0862,0x0862,0x0862,0x0862,0x0862,0x0862,0x0862,0x0862,0x0862,
  0x0862,0x0862,0x0862,0x0862,0x0862,0x0862,0x0862,0x0862,0x0862,0x0862,0x0862,0x0862,0x0862,0x0862,0x0862,0x0862,
  0x0862,0x0862,0x0862,0x0862,0x0862,0x0862,0x0862,0x0862,0x0862,0x0862,0x0862,0x0862,0x0862,0x0862,0x0862,0x0862,
  0x0862,0x0862,0x0862,0x0862,0x0862,0x0862,0x0862,0x0862,0x0862,0x0862,0x0862,0x0862,0x0862,0x0862,0x0862,0x0862,
  0x0862,0x0862,0x0862,0x0862,0x0862,0x0862,0x0862,0x0862,0x0862,0x0862,0x0862,0x0862,0x0862,0x0862,0x0862,0x0862,
  0x0862,0x0862,0x0862,0x0862,0x0862,0x0862,0x0862,0x0862,0x0862,0x0862,0x0862,0x0862,0x0862,0x0862,0x0862,0x0862,
  0x0862,0x0862,0x0862,0x0862,0x0862,0x0862,0x0862,0x0862,0x0862,0x0862,0x0862,0x0862,0x0862,0x0862,0x0862,0x0862,
  0x0862,0x0862,0x0862,0x0862,0x0862,0x0862,0x0862,0x0862,0x0862,0x0862,0x0862,0x0862,0x0862,0x0862,0x0862,0x0862,
  0x0862,0x0862,0x0862,0x0862,0x0862,0x0862,0x0862,0x0862,0x0862,0x0862,0x0862,0x0862,0x0862,0x0862,0x0862,0x0862,
  0x0862,0x0862,0x0862,0x0862,0x0862,0x0862,0x0862,0x0862,0x0862,0x0862,0x0862,0x0862,0x0862,0x0862,0x0862,0x0862,
  0x0862,0x0862,0x0862,0x0862,0x0862,0x0862,0x0862,0x0862,0x0862,0x0862,0x0862,0x0862,0x0862,0x0862,0x0862,0x0862,
  0x0862,0x0862,0x0862,0x0862,0x0862,0x0862,0x0862,0x0862,0x0862,0x0862,0x0862,0x0862,0x0862,0x0862,0x0862,0x0862,
  0x0862,0x0862,0x0862,0x0862,0x0862,0x0862,0x0862,0x0862,0x0862,0x0862,0x0862,0x0862,0x0862,0x0862,0x0862,0x0862,
  0x0862,0x0862,0x0862,0x0862,0x0862,0x0862,0x0862,0x0862,0x0862,0x0862,0x0862,0x0862,0x0862,0x0862,0x0862,0x0862,
  0x0862,0x0862,0x0862,0x0862,0x0862,0x0862,0x0862,0x0862,0x0862,0x0862,0x0862,0x0862,0x0862,0x0862,0x0862,0x0862,
  0x0862,0x0862,0x0862,0x0862,0x0862,0x0862,0x0862,0x0862,0x0862,0x0862,0x0862,0x0862,0x0862,0x0862,0x0862,0x0862,
  0x0862,0x0862,0x0862,0x0862,0x0862,0x0862,0x0862,0x0862,0x0862,0x0862,0x0862,0x0862,0x0862,0x0862,0x0862,0x0862,
  0x0862,0x0862,0x0862,0x0862,0x0862,0x0862,0x0862,0x0862,0x0862,0x0862,0x0862,0x0862,0x0862,0x0862,0x0862,0x0862,
  0x0862,0x0862,0x0862,0x0862,0x0862,0x0862,0x0862,0x0862,0x0862,0x0862,0x0862,0x0862,0x0862,0x0862,0x0862,0x0862,
  0x0862,0x0862,0x0862,0x0862,0x0862,0x0862,0x0862,0x0862,0x0862,0x0862,0x0862,0x0862,0x0862,0x0862,0x0862,0x0862,
  0x0862,0x0862,0x0862,0x0862,0x0862,0x0862,0x0862,0x0862,0x0862,0x0862,0x0862,0x0862,0x0862,0x0862,0x0862,0x0862,
  0x0862,0x0862,0x0862,0x0862,0x0862,0x0862,0x0862,0x0862,0x0862,0x0862,0x0862,0x0862,0x0862,0x0862,0x0862,0x0862,
  0x0862,0x0862,0x0862,0x0862,0x0862,0x0862,0x0862,0x0862,0x0862,0x0862,0x0862,0x0862,0x0862,0x0862,0x0862,0x0862,
  0x0862,0x0862,0x0862,0x0862,0x0862,0x0862,0x0862,0x0862,0x0862,0x0862,0x0862,0x0862,0x0862,0x0862,0x0862,0x0862,
  0x0862,0x0862,0x0862,0x0862,0x0862,0x0862,0x0862,0x0862,0x0862,0x0862,0x0862,0x0862,0x0862,0x0862,0x0862,0x0862,
  0x0862,0x0862,0x0862,0x0862,0x0862,0x0862,0x0862,0x0862,0x0862,0x0862,0x0862,0x0862,0x0862,0x0862,0x0862,0x0862,
  0x0862,0x0862,0x0862,0x0862,0x0862,0x0862,0x0862,0x0862,0x0862,0x0862,0x0862,0x0862,0x0862,0x0862,0x0862,0x0862,
  0x0862,0x0862,0x0862,0x0862,0x0862,0x0862,0x0862,0x0862,0x0862,0x0862,0x0862,0x0862,0x0862,0x0862,0x0862,0x0862,
  0x0862,0x0862,0x0862,0x0862,0x0862,0x0862,0x0862,0x0862,0x0862,0x0862,0x0862,0x0862,0x0862,0x0862,0x0862,0x0862,
  0x0862,0x0862,0x0862,0x0862,0x0862,0x0862,0x0862,0x0862,0x0862,0x0862,0x0862,0x0862,0x0862,0x0862,0x0862,0x0862,
  0x0862,0x0862,0x0862,0x0862,0x0862,0x0862,0x0862,0x0862,0x0862,0x0862,0x0862,0x0862,0x0862,0x0862,0x0862,0x0862,
  0x0862,0x0862,0x0862,0x0862,0x0862,0x0862,0x0862,0x0862,0x0862,0x0862,0x0862,0x0862,0x0862,0x0862,0x0862,0x0862,
  0x0862,0x0862,0x0862,0x0862,0x0862,0x0862,0x0862,0x0862,0x0862,0x0862,0x0862,0x0862,0x0862,0x0862,0x0862,0x0862,
  0x0862,0x0862,0x0862,0x0862,0x0862,0x0862,0x0862,0x0862,0x0862,0x0862,0x0862,0x0862,0x0862,0x0862,0x0862,0x0862,
  0x0862,0x0862,0x0862,0x0862,0x0862,0x0862,0x0862,0x0862,0x0862,0x0862,0x0862,0x0862,0x0862,0x0862,0x0862,0x0862,
  0x0862,0x0862,0x0862,0x0862,0x0862,0x0862,0x0862,0x0862,0x0862,0x0862,0x0862,0x0862,0x0862,0x0862,0x0862,0x0862,
  0x0862,0x0862,0x0862,0x0862,0x0862,0x0862,0x0862,0x0862,0x0862,0x0862,0x0862,0x0862,0x0862,0x0862,0x0862,0x0862,
  0x0862,0x0862,0x0862,0x0862,0x0862,0x0862,0x0862,0x0862,0x0862,0x0862,0x0862,0x0862,0x0862,0x0862,0x0862,0x0862,
  0x0862,0x0862,0x0862,0x0862,0x0862,0x0862,0x0862,0x0862,0x0862,0x0862,0x0862,0x0862,0x0862,0x0862,0x0862,0x0862,
  0x0862,0x0862,0x0862,0x0862,0x0862,0x0862,0x0862,0x0862,0x0862,0x0862,0x0862,0x0862,0x0862,0x0862,0x0862,0x0862,
  0x0862,0x0862,0x0862,0x0862,0x0862,0x0862,0x0862,0x0862,0x0862,0x0862,0x0862,0x0862,0x0862,0x0862,0x0862,0x0862,
  0x0862,0x0862,0x0862,0x0862,0x0862,0x0862,0x0862,0x0862,0x0862,0x0862,0x0862,0x0862,0x0862,0x0862,0x0862,0x0862,
  0x0862,0x0862,0x0862,0x0862,0x0862,0x0862,0x0862,0x0862,0x0862,0x0862,0x0862,0x0862,0x0862,0x0862,0x0862,0x0862,
  0x0862,0x0862,0x0862,0x0862,0x0862,0x0862,0x0862,0x0862,0x0862,0x0862,0x0862,0x0862,0x0862,0x0862,0x0862,0x0862,
  0x0862,0x0862,0x0862,0x0862,0x0862,0x0862,0x0862,0x0862,0x0862,0x0862,0x0862,0x0862,0x0862,0x0862,0x0862,0x0862,
  0x0862,0x0862,0x0862,0x0862,0x0862,0x0862,0x0862,0x0862,0x0862,0x0862,0x0862,0x0862,0x0862,0x0862,0x0862,0x0862,
  0x0862,0x0862,0x0862,0x0862,0x0862,0x0862,0x0862,0x0862,0x0862,0x0862,0x0862,0x0862,0x0862,0x0862,0x0862,0x0862,
  0x0862,0x0862,0x0862,0x0862,0x0862,0x0862,0x0862,0x0862,0x0862,0x0862,0x0862,0x0862,0x0862,0x0862,0x0862,0x0862,
  0x0862,0x0862,0x0862,0x0862,0x0862,0x0862,0x0862,0x0862,0x0862,0x0862,0x0862,0x0862,0x0862,0x0862,0x0862,0x0862,
  0x0862,0x0862,0x0862,0x0862,0x0862,0x0862,0x0862,0x0862,0x0862,0x0862,0x0862,0x0862,0x0862,0x0862,0x0862,0x0862,
  0x0862,0x0862,0x0862,0x0862,0x0862,0x0862,0x0862,0x0862,0x0862,0x0862,0x0862,0x0862,0x0862,0x0862,0x0862,0x0862,
  0x0862,0x0862,0x0862,0x0862,0x0862,0x0862,0x0862,0x0862,0x0862,0x0862,0x0862,0x0862,0x0862,0x0862,0x0862,0x0862,
  0x0862,0x0862,0x0862,0x0862,0x0862,0x0862,0x0862,0x0862,0x0862,0x0862,0x0862,0x0862,0x0862,0x0862,0x0862,0x0862,
  0x0862,0x0862,0x0862,0x0862,0x0862,0x0862,0x0862,0x0862,0x0862,0x0862,0x0862,0x0862,0x0862,0x0862,0x0862,0x0862,
  0x0862,0x0862,0x0862,0x0862,0x0862,0x0862,0x0862,0x0862,0x0862,0x0862,0x0862,0x0862,0x0862,0x0862,0x0862,0x0862,
  0x0862,0x0862,0x0862,0x0862,0x0862,0x0862,0x0862,0x0862,0x0862,0x0862,0x0862,0x0862,0x0862,0x0862,0x0862,0x0862,
  0x0862,0x0862,0x0862,0x0862,0x0862,0x0862,0x0862,0x0862,0x0862,0x0862,0x0862,0x0862,0x0862,0x0862,0x0862,0x0862,
  0x0862,0x0862,0x0862,0x0862,0x0862,0x0862,0x0862,0x0862,0x0862,0x0862,0x0862,0x0862,0x0862,0x0862,0x0862,0x0862,
  0x0862,0x0862,0x0862,0x0862,0x0862,0x0862,0x0862,0x0862,0x0862,0x0862,0x0862,0x0862,0x0862,0x0862,0x0862,0x0862,
  0x0862,0x0862,0x0862,0x0862,0x0862,0x0862,0x0862,0x0862,0x0862,0x0862,0x0862,0x0862,0x0862,0x0862,0x0862,0x0862,
  0x0862,0x0862,0x0862,0x0862,0x0862,0x0862,0x0862,0x0862,0x0862,0x0862,0x0862,0x0862,0x0862,0x0862,0x0862,0x0862,
  0x0862,0x0862,0x0862,0x0862,0x0862,0x0862,0x0862,0x0862,0x0862,0x0862,0x0862,0x0862,0x0862,0x0862,0x0862,0x0862,
  0x0862,0x0862,0x0862,0x0862,0x0862,0x0862,0x0862,0x0862,0x0862,0x0862,0x0862,0x0862,0x0862,0x0862,0x0862,0x0862,
  0x0862,0x0862,0x0862,0x0862,0x0862,0x0862,0x0862,0x0862,0x0862,0x0862,0x0862,0x0862,0x0862,0x0862,0x0862,0x0862,
  0x0862,0x0862,0x0862,0x0862,0x0862,0x0862,0x0862,0x0862,0x1905,0x0862,0x0862,0x0862,0x0862,0x0862,0x0862,0x0862,
  0x0862,0x0862,0x0862,0x0862,0x0862,0x0862,0x0862,0x0862,0x1905,0x0862,0x0862,0x0862,0x0862,0x0862,0x0862,0x0862,
  0x0862,0x0862,0x0862,0x0862,0x0862,0x0862,0x0862,0x0862,0x1905,0x0862,0x0862,0x0862,0x0862,0x0862,0x0862,0x0862,
  0x0862,0x0862,0x0862,0x0862,0x0862,0x0862,0x0862,0x0862,0x1905,0x0862,0x0862,0x0862,0x0862,0x0862,0x0862,0x0862,
  0x0862,0x0862,0x0862,0x0862,0x0862,0x0862,0x0862,0x0862,0x1905,0x0862,0x0862,0x0862,0x0862,0x0862,0x0862,0x0862,
  0x0862,0x0862,0x0862,0x0862,0x0862,0x0862,0x0862,0x1905,0x1905,0x1905,0x0862,0x0862,0x0862,0x0862,0x0862,0x0862,
  0x0862,0x0862,0x0862,0x0862,0x0862,0x0862,0x0862,0x1905,0x1905,0x1905,0x0862,0x0862,0x0862,0x0862,0x0862,0x0862,
  0x0862,0x0862,0x0862,0x0862,0x0862,0x0862,0x0862,0x1905,0x1905,0x1905,0x0862,0x0862,0x0862,0x0862,0x0862,0x0862,
  0x0862,0x0862,0x0862,0x0862,0x0862,0x0862,0x0862,0x1905,0x1905,0x1905,0x0862,0x0862,0x0862,0x0862,0x0862,0x0862,
  0x0862,0x0862,0x0862,0x0862,0x0862,0x0862,0x0862,0x1905,0x1905,0x1905,0x0862,0x0862,0x0862,0x0862,0x0862,0x0862,
  0x0862,0x0862,0x0862,0x0862,0x0862,0x0862,0x0862,0x0862,0x1905,0x0862,0x0862,0x0862,0x0862,0x0862,0x0862,0x0862,
  0x0862,0x0862,0x0862,0x0862,0x0862,0x0862,0x0862,0x0862,0x1905,0x0862,0x0862,0x0862,0x0862,0x0862,0x0862,0x0862,
  0x0862,0x0862,0x0862,0x0862,0x0862,0x0862,0x0862,0x0862,0x1905,0x0862,0x0862,0x0862,0x0862,0x0862,0x0862,0x0862,
  0x0862,0x0862,0x0862,0x0862,0x0862,0x0862,0x0862,0x0862,0x1905,0x0862,0x0862,0x0862,0x0862,0x0862,0x0862,0x0862,
  0x0862,0x0862,0x0862,0x0862,0x0862,0x0862,0x0862,0x0862,0x1905,0x0862,0x0862,0x0862,0x0862,0x0862,0x0862,0x0862,
  0x0862,0x0862,0x0862,0x0862,0x0862,0x0862,0x0862,0x0862,0x0862,0x0862,0x0862,0x0862,0x0862,0x0862,0x0862,0x0862,
  0x0862,0x0862,0x0862,0x0862,0x0862,0x0862,0x0862,0x0862,0x0862,0x0862,0x0862,0x0862,0x0862,0x0862,0x0862,0x0862,
  0x0862,0x0862,0x0862,0x0862,0x0862,0x0862,0x0862,0x0862,0x0862,0x0862,0x0862,0x0862,0x0862,0x0862,0x0862,0x0862,
  0x0862,0x0862,0x0862,0x0862,0x0862,0x0862,0x0862,0x0862,0x0862,0x0862,0x0862,0x0862,0x0862,0x0862,0x0862,0x0862,
  0x0862,0x0862,0x0862,0x0862,0x0862,0x0862,0x0862,0x0862,0x0862,0x0862,0x0862,0x0862,0x0862,0x0862,0x0862,0x0862,
  0x0862,0x0862,0x0862,0x0862,0x0862,0x0862,0x0862,0x0862,0x0862,0x0862,0x0862,0x0862,0x0862,0x0862,0x0862,0x0862,
  0x0862,0x0862,0x0862,0x0862,0x0862,0x0862,0x0862,0x0862,0x0862,0x0862,0x0862,0x0862,0x0862,0x0862,0x0862,0x0862,
  0x0862,0x0862,0x0862,0x0862,0x0862,0x0862,0x0862,0x0862,0x0862,0x0862,0x0862,0x0862,0x0862,0x0862,0x0862,0x0862,
  0x0862,0x0862,0x0862,0x0862,0x0862,0x0862,0x0862,0x0862,0x0862,0x0862,0x0862,0x0862,0x0862,0x0862,0x0862,0x0862,
  0x0862,0x0862,0x0862,0x0862,0x0862,0x0862,0x0862,0x0862,0x0862,0x0862,0x0862,0x0862,0x0862,0x0862,0x0862,0x0862,
  0x0862,0x0862,0x0862,0x0862,0x0862,0x0862,0x0862,0x0862,0x0862,0x0862,0x0862,0x0862,0x0862,0x0862,0x0862,0x0862,
  0x0862,0x0862,0x0862,0x0862,0x0862,0x0862,0x0862,0x0862,0x0862,0x0862,0x0862,0x0862,0x0862,0x0862,0x0862,0x0862,
  0x0862,0x0862,0x0862,0x0862,0x0862,0x0862,0x0862,0x0862,0x0862,0x0862,0x0862,0x0862,0x0862,0x0862,0x0862,0x0862,
  0x0862,0x0862,0x0862,0x0862,0x0862,0x0862,0x0862,0x0862,0x0862,0x0862,0x0862,0x0862,0x0862,0x0862,0x0862,0x0862,
  0x0862,0x0862,0x0862,0x0862,0x0862,0x0862,0x0862,0x0862,0x0862,0x0862,0x0862,0x0862,0x0862,0x0862,0x0862,0x0862,
  0x0862,0x0862,0x0862,0x0862,0x0862,0x0862,0x0862,0x0862,0x0862,0x0862,0x0862,0x0862,0x0862,0x0862,0x0862,0x0862,
  0x0862,0x0862,0x0862,0x0862,0x0862,0x0862,0x0862,0x0862,0x0862,0x0862,0x0862,0x0862,0x0862,0x0862,0x0862,0x0862,
  0x0862,0x0862,0x0862,0x0862,0x0862,0x0862,0x0862,0x0862,0x0862,0x0862,0x0862,0x0862,0x0862,0x0862,0x0862,0x0862,
  0x0862,0x0862,0x0862,0x0862,0x0862,0x0862,0x0862,0x0862,0x0862,0x0862,0x0862,0x0862,0x0862,0x0862,0x0862,0x0862,
  0x0862,0x0862,0x0862,0x0862,0x0862,0x0862,0x0862,0x0862,0x0862,0x0862,0x0862,0x0862,0x0862,0x0862,0x0862,0x0862,
  0x0862,0x0862,0x0862,0x0862,0x0862,0x0862,0x0862,0x0862,0x0862,0x0862,0x0862,0x0862,0x0862,0x0862,0x0862,0x0862,
  0x0862,0x0862,0x0862,0x0862,0x0862,0x0862,0x0862,0x0862,0x0862,0x0862,0x0862,0x0862,0x0862,0x0862,0x0862,0x0862,
  0x0862,0x0862,0x0862,0x0862,0x0862,0x0862,0x0862,0x0862,0x0862,0x0862,0x0862,0x0862,0x0862,0x0862,0x0862,0x0862,
  0x0862,0x0862,0x0862,0x0862,0x0862,0x0862,0x0862,0x0862,0x0862,0x0862,0x0862,0x0862,0x0862,0x0862,0x0862,0x0862,
  0x0862,0x0862,0x0862,0x0862,0x0862,0x0862,0x0862,0x0862,0x0862,0x0862,0x0862,0x0862,0x0862,0x0862,0x0862,0x0862,
  0x0862,0x0862,0x0862,0x0862,0x0862,0x0862,0x0862,0x0862,0x0862,0x0862,0x0862,0x0862,0x0862,0x0862,0x0862,0x0862,
  0x0862,0x0862,0x0862,0x0862,0x0862,0x0862,0x0862,0x0862,0x0862,0x0862,0x0862,0x0862,0x0862,0x0862,0x0862,0x0862,
  0x0862,0x0862,0x0862,0x0862,0x0862,0x0862,0x0862,0x0862,0x0862,0x0862,0x0862,0x0862,0x0862,0x0862,0x0862,0x0862,
  0x0862,0x0862,0x0862,0x0862,0x0862,0x0862,0x0862,0x0862,0x0862,0x0862,0x0862,0x0862,0x0862,0x0862,0x0862,0x0862,
  0x0862,0x0862,0x0862,0x0862,0x0862,0x0862,0x0862,0x0862,0x0862,0x0862,0x0862,0x0862,0x0862,0x0862,0x0862,0x0862,
  0x0862,0x0862,0x0862,0x0862,0x0862,0x0862,0x0862,0x0862,0x0862,0x0862,0x0862,0x0862,0x0862,0x0862,0x0862,0x0862,
  0x0862,0x0862,0x0862,0x0862,0x0862,0x0862,0x0862,0x0862,0x0862,0x0862,0x0862,0x0862,0x0862,0x0862,0x0862,0x0862,
  0x0862,0x0862,0x0862,0x0862,0x0862,0x0862,0x0862,0x0862,0x0862,0x0862,0x0862,0x0862,0x0862,0x0862,0x0862,0x0862,
  0x0862,0x0862,0x0862,0x0862,0x0862,0x0862,0x0862,0x0862,0x0862,0x0862,0x0862,0x0862,0x0862,0x0862,0x0862,0x0862,
  0x0862,0x0862,0x0862,0x0862,0x0862,0x0862,0x0862,0x0862,0x0862,0x0862,0x0862,0x0862,0x0862,0x0862,0x0862,0x0862,
  0x0862,0x0862,0x0862,0x0862,0x0862,0x0862,0x0862,0x0862,0x0862,0x0862,0x0862,0x0862,0x0862,0x0862,0x0862,0x0862,
  0x0862,0x0862,0x0862,0x0862,0x0862,0x0862,0x0862,0x0862,0x0862,0x0862,0x0862,0x0862,0x0862,0x0862,0x0862,0x0862,
  0x0862,0x0862,0x0862,0x0862,0x0862,0x0862,0x0862,0x0862,0x0862,0x0862,0x0862,0x0862,0x0862,0x0862,0x0862,0x0862,
  0x0862,0x0862,0x0862,0x0862,0x0862,0x0862,0x0862,0x0862,0x0862,0x0862,0x0862,0x0862,0x0862,0x0862,0x0862,0x0862,
  0x0862,0x0862,0x0862,0x0862,0x0862,0x0862,0x0862,0x0862,0x0862,0x0862,0x0862,0x0862,0x0862,0x0862,0x0862,0x0862,
  0x0862,0x0862,0x0862,0x0862,0x0862,0x0862,0x0862,0x0862,0x0862,0x0862,0x0862,0x0862,0x0862,0x0862,0x0862,0x0862,
  0x0862,0x0862,0x0862,0x0862,0x0862,0x0862,0x0862,0x0862,0x0862,0x0862,0x0862,0x0862,0x0862,0x0862,0x0862,0x0862,
  0x0862,0x0862,0x0862,0x0862,0x0862,0x0862,0x0862,0x0862,0x0862,0x0862,0x0862,0x0862,0x0862,0x0862,0x0862,0x0862,
  0x0862,0x0862,0x0862,0x0862,0x0862,0x0862,0x0862,0x0862,0x0862,0x0862,0x0862,0x0862,0x0862,0x0862,0x0862,0x0862,
  0x0862,0x0862,0x0862,0x0862,0x0862,0x0862,0x0862,0x0862,0x0862,0x0862,0x0862,0x0862,0x0862,0x0862,0x0862,0x0862,
  0x0862,0x0862,0x0862,0x0862,0x0862,0x0862,0x0862,0x0862,0x0862,0x0862,0x0862,0x0862,0x0862,0x0862,0x0862,0x0862,
  0x0862,0x0862,0x0862,0x0862,0x0862,0x0862,0x0862,0x0862,0x0862,0x0862,0x0862,0x0862,0x0862,0x0862,0x0862,0x0862,
  0x0862,0x0862,0x0862,0x0862,0x0862,0x0862,0x0862,0x0862,0x0862,0x0862,0x0862,0x0862,0x0862,0x0862,0x0862,0x0862,
  0x0862,0x0862,0x0862,0x0862,0x0862,0x0862,0x0862,0x0862,0x0862,0x0862,0x0862,0x0862,0x0862,0x0862,0x0862,0x0862,
  0x0862,0x0862,0x0862,0x0862,0x0862,0x0862,0x0862,0x0862,0x0862,0x0862,0x0862,0x0862,0x0862,0x0862,0x0862,0x0862,
  0x0862,0x0862,0x0862,0x0862,0x0862,0x0862,0x0862,0x0862,0x0862,0x0862,0x0862,0x0862,0x0862,0x0862,0x0862,0x0862,
  0x0862,0x0862,0x0862,0x0862,0x0862,0x0862,0x0862,0x0862,0x0862,0x0862,0x0862,0x0862,0x0862,0x0862,0x0862,0x0862,
  0x0862,0x0862,0x0862,0x0862,0x0862,0x0862,0x0862,0x0862,0x0862,0x0862,0x0862,0x0862,0x0862,0x0862,0x0862,0x0862,
  0x0862,0x0862,0x0862,0x0862,0x0862,0x0862,0x0862,0x0862,0x0862,0x0862,0x0862,0x0862,0x0862,0x0862,0x0862,0x0862,
  0x0862,0x0862,0x0862,0x0862,0x0862,0x0862,0x0862,0x0862,0x0862,0x0862,0x0862,0x0862,0x0862,0x0862,0x0862,0x0862,
  0x0862,0x0862,0x0862,0x0862,0x0862,0x0862,0x0862,0x0862,0x0862,0x0862,0x0862,0x0862,0x0862,0x0862,0x0862,0x0862,
  0x0862,0x0862,0x0862,0x0862,0x0862,0x0862,0x0862,0x0862,0x0862,0x0862,0x0862,0x0862,0x0862,0x0862,0x0862,0x0862,
  0x0862,0x0862,0x0862,0x0862,0x0862,0x0862,0x0862,0x0862,0x0862,0x0862,0x0862,0x0862,0x0862,0x0862,0x0862,0x0862,
  0x0862,0x0862,0x0862,0x0862,0x0862,0x0862,0x0862,0x0862,0x0862,0x0862,0x0862,0x0862,0x0862,0x0862,0x0862,0x0862,
  0x0862,0x0862,0x0862,0x0862,0x0862,0x0862,0x0862,0x0862,0x0862,0x0862,0x0862,0x0862,0x0862,0x0862,0x0862,0x0862,
  0x0862,0x0862,0x0862,0x0862,0x0862,0x0862,0x0862,0x0862,0x0862,0x0862,0x0862,0x0862,0x0862,0x0862,0x0862,0x0862,
  0x0862,0x0862,0x0862,0x0862,0x0862,0x0862,0x0862,0x0862,0x0862,0x0862,0x0862,0x0862,0x0862,0x0862,0x0862,0x0862,
  0x0862,0x0862,0x0862,0x0862,0x0862,0x0862,0x0862,0x0862,0x0862,0x0862,0x0862,0x0862,0x0862,0x0862,0x0862,0x0862,
  0x0862,0x0862,0x0862,0x0862,0x0862,0x0862,0x0862,0x0862,0x0862,0x0862,0x0862,0x0862,0x0862,0x0862,0x0862,0x0862,
  0x0862,0x0862,0x0862,0x0862,0x0862,0x0862,0x0862,0x0862,0x0862,0x0862,0x0862,0x0862,0x0862,0x0862,0x0862,0x0862,
  0x0862,0x0862,0x0862,0x0862,0x0862,0x0862,0x0862,0x0862,0x1905,0x0862,0x0862,0x0862,0x0862,0x0862,0x0862,0x0862,
  0x0862,0x0862,0x0862,0x0862,0x0862,0x0862,0x0862,0x0862,0x1905,0x0862,0x0862,0x0862,0x0862,0x0862,0x0862,0x0862,
  0x0862,0x0862,0x0862,0x0862,0x0862,0x0862,0x0862,0x0862,0x1905,0x0862,0x0862,0x0862,0x0862,0x0862,0x0862,0x0862,
  0x0862,0x0862,0x0862,0x0862,0x0862,0x0862,0x0862,0x0862,0x1905,0x0862,0x0862,0x0862,0x0862,0x0862,0x0862,0x0862,
  0x0862,0x0862,0x0862,0x0862,0x0862,0x0862,0x0862,0x0862,0x1905,0x0862,0x0862,0x0862,0x0862,0x0862,0x0862,0x0862,
  0x0862,0x0862,0x0862,0x0862,0x0862,0x0862,0x0862,0x1905,0x1905,0x1905,0x0862,0x0862,0x0862,0x0862,0x0862,0x0862,
  0x0862,0x0862,0x0862,0x0862,0x0862,0x0862,0x0862,0x1905,0x1905,0x1905,0x0862,0x0862,0x0862,0x0862,0x0862,0x0862,
  0x0862,0x0862,0x0862,0x0862,0x0862,0x0862,0x0862,0x1905,0x1905,0x1905,0x0862,0x0862,0x0862,0x0862,0x0862,0x0862,
  0x0862,0x0862,0x0862,0x0862,0x0862,0x0862,0x0862,0x1905,0x1905,0x1905,0x0862,0x0862,0x0862,0x0862,0x0862,0x0862,
  0x0862,0x0862,0x0862,0x0862,0x0862,0x0862,0x0862,0x1905,0x1905,0x1905,0x0862,0x0862,0x0862,0x0862,0x0862,0x0862,
  0x0862,0x0862,0x0862,0x0862,0x0862,0x0862,0x0862,0x0862,0x1905,0x0862,0x0862,0x0862,0x0862,0x0862,0x0862,0x0862,
  0x0862,0x0862,0x0862,0x0862,0x0862,0x0862,0x0862,0x0862,0x1905,0x0862,0x0862,0x0862,0x0862,0x0862,0x0862,0x0862,
  0x0862,0x0862,0x0862,0x0862,0x0862,0x0862,0x0862,0x0862,0x1905,0x0862,0x0862,0x0862,0x0862,0x0862,0x0862,0x0862,
  0x0862,0x0862,0x0862,0x0862,0x0862,0x0862,0x0862,0x0862,0x1905,0x0862,0x0862,0x0862,0x0862,0x0862,0x0862,0x0862,
  0x0862,0x0862,0x0862,0x0862,0x0862,0x0862,0x0862,0x0862,0x1905,0x0862,0x0862,0x0862,0x0862,0x0862,0x0862,0x0862,
  0x0862,0x0862,0x0862,0x0862,0x0862,0x0862,0x0862,0x0862,0x0862,0x0862,0x0862,0x0862,0x0862,0x0862,0x0862,0x0862,
  0x0862,0x0862,0x0862,0x0862,0x0862,0x0862,0x0862,0x0862,0x0862,0x0862,0x0862,0x0862,0x0862,0x0862,0x0862,0x0862,
  0x0862,0x0862,0x0862,0x0862,0x0862,0x0862,0x0862,0x0862,0x0862,0x0862,0x0862,0x0862,0x0862,0x0862,0x0862,0x0862,
  0x0862,0x0862,0x0862,0x0862,0x0862,0x0862,0x0862,0x0862,0x0862,0x0862,0x0862,0x0862,0x0862,0x0862,0x0862,0x0862,
  0x0862,0x0862,0x0862,0x0862,0x0862,0x0862,0x0862,0x0862,0x0862,0x0862,0x0862,0x0862,0x0862,0x0862,0x0862,0x0862,
  0x0862,0x0862,0x0862,0x0862,0x0862,0x0862,0x0862,0x0862,0x0862,0x0862,0x0862,0x0862,0x0862,0x0862,0x0862,0x0862,
  0x0862,0x0862,0x0862,0x0862,0x0862,0x0862,0x0862,0x0862,0x0862,0x0862,0x0862,0x0862,0x0862,0x0862,0x0862,0x0862,
  0x0862,0x0862,0x0862,0x0862,0x0862,0x0862,0x0862,0x0862,0x0862,0x0862,0x0862,0x0862,0x0862,0x0862,0x0862,0x0862,
  0x0862,0x0862,0x0862,0x0862,0x0862,0x0862,0x0862,0x0862,0x0862,0x0862,0x0862,0x0862,0x0862,0x0862,0x0862,0x0862,
  0x0862,0x0862,0x0862,0x0862,0x0862,0x0862,0x0862,0x0862,0x0862,0x0862,0x0862,0x0862,0x0862,0x0862,0x0862,0x0862,
  0x0862,0x0862,0x0862,0x0862,0x0862,0x0862,0x0862,0x0862,0x0862,0x0862,0x0862,0x0862,0x0862,0x0862,0x0862,0x0862,
  0x0862,0x0862,0x0862,0x0862,0x0862,0x0862,0x0862,0x0862,0x0862,0x0862,0x0862,0x0862,0x0862,0x0862,0x0862,0x0862,
  0x0862,0x0862,0x0862,0x0862,0x0862,0x0862,0x0862,0x0862,0x0862,0x0862,0x0862,0x0862,0x0862,0x0862,0x0862,0x0862,
  0x0862,0x0862,0x0862,0x0862,0x0862,0x0862,0x0862,0x0862,0x0862,0x0862,0x0862,0x0862,0x0862,0x0862,0x0862,0x0862,
  0x0862,0x0862,0x0862,0x0862,0x0862,0x0862,0x0862,0x0862,0x0862,0x0862,0x0862,0x0862,0x0862,0x0862,0x0862,0x0862,
  0x0862,0x0862,0x0862,0x0862,0x0862,0x0862,0x0862,0x0862,0x0862,0x0862,0x0862,0x0862,0x0862,0x0862,0x0862,0x0862,
  0x0862,0x0862,0x0862,0x0862,0x0862,0x0862,0x0862,0x0862,0x0862,0x0862,0x0862,0x0862,0x0862,0x0862,0x0862,0x0862,
  0x0862,0x0862,0x0862,0x0862,0x0862,0x0862,0x0862,0x0862,0x0862,0x0862,0x0862,0x0862,0x0862,0x0862,0x0862,0x0862,
  0x0862,0x0862,0x0862,0x0862,0x0862,0x0862,0x0862,0x0862,0x0862,0x0862,0x0862,0x0862,0x0862,0x0862,0x0862,0x0862,
  0x0862,0x0862,0x0862,0x0862,0x0862,0x0862,0x0862,0x0862,0x0862,0x0862,0x0862,0x0862,0x0862,0x0862,0x0862,0x0862,
  0x0862,0x0862,0x0862,0x0862,0x0862,0x0862,0x0862,0x0862,0x0862,0x0862,0x0862,0x0862,0x0862,0x0862,0x0862,0x0862,
  0x0862,0x0862,0x0862,0x0862,0x0862,0x0862,0x0862,0x0862,0x0862,0x0862,0x0862,0x0862,0x0862,0x0862,0x0862,0x0862,
  0x0862,0x0862,0x0862,0x0862,0x0862,0x0862,0x0862,0x0862,0x0862,0x0862,0x0862,0x0862,0x0862,0x0862,0x0862,0x0862,
  0x0862,0x0862,0x0862,0x0862,0x0862,0x0862,0x0862,0x0862,0x0862,0x0862,0x0862,0x0862,0x0862,0x0862,0x0862,0x0862,
  0x0862,0x0862,0x0862,0x0862,0x0862,0x0862,0x0862,0x0862,0x0862,0x0862,0x0862,0x0862,0x0862,0x0862,0x0862,0x0862,
  0x0862,0x0862,0x0862,0x0862,0x0862,0x0862,0x0862,0x0862,0x0862,0x0862,0x0862,0x0862,0x0862,0x0862,0x0862,0x0862,
  0x0862,0x0862,0x0862,0x0862,0x0862,0x0862,0x0862,0x0862,0x0862,0x0862,0x0862,0x0862,0x0862,0x0862,0x0862,0x0862,
  0x0862,0x0862,0x0862,0x0862,0x0862,0x0862,0x0862,0x0862,0x0862,0x0862,0x0862,0x0862,0x0862,0x0862,0x0862,0x0862,
  0x0862,0x0862,0x0862,0x0862,0x0862,0x0862,0x0862,0x0862,0x0862,0x0862,0x0862,0x0862,0x0862,0x0862,0x0862,0x0862,
  0x0862,0x0862,0x0862,0x0862,0x0862,0x0862,0x0862,0x0862,0x0862,0x0862,0x0862,0x0862,0x0862,0x0862,0x0862,0x0862,
  0x0862,0x0862,0x0862,0x0862,0x0862,0x0862,0x0862,0x0862,0x0862,0x0862,0x0862,0x0862,0x0862,0x0862,0x0862,0x0862,
  0x0862,0x0862,0x0862,0x0862,0x0862,0x0862,0x0862,0x0862,0x0862,0x0862,0x0862,0x0862,0x0862,0x0862,0x0862,0x0862,
  0x0862,0x0862,0x0862,0x0862,0x0862,0x0862,0x0862,0x0862,0x0862,0x0862,0x0862,0x0862,0x0862,0x0862,0x0862,0x0862,
  0x0862,0x0862,0x0862,0x0862,0x0862,0x0862,0x0862,0x0862,0x0862,0x0862,0x0862,0x0862,0x0862,0x0862,0x0862,0x0862,
  0x0862,0x0862,0x0862,0x0862,0x0862,0x0862,0x0862,0x0862,0x0862,0x0862,0x0862,0x0862,0x0862,0x0862,0x0862,0x0862,
  0x0862,0x0862,0x0862,0x0862,0x0862,0x0862,0x0862,0x0862,0x0862,0x0862,0x0862,0x0862,0x0862,0x0862,0x0862,0x0862,
  0x0862,0x0862,0x0862,0x0862,0x0862,0x0862,0x0862,0x0862,0x0862,0x0862,0x0862,0x0862,0x0862,0x0862,0x0862,0x0862,
  0x0862,0x0862,0x0862,0x0862,0x0862,0x0862,0x0862,0x0862,0x0862,0x0862,0x0862,0x0862,0x0862,0x0862,0x0862,0x0862,
  0x0862,0x0862,0x0862,0x0862,0x0862,0x0862,0x0862,0x0862,0x0862,0x0862,0x0862,0x0862,0x0862,0x0862,0x0862,0x0862,
  0x0862,0x0862,0x0862,0x0862,0x0862,0x0862,0x0862,0x0862,0x0862,0x0862,0x0862,0x0862,0x0862,0x0862,0x0862,0x0862,
  0x0862,0x0862,0x0862,0x0862,0x0862,0x0862,0x0862,0x0862,0x0862,0x0862,0x0862,0x0862,0x0862,0x0862,0x0862,0x0862,
  0x0862,0x0862,0x0862,0x0862,0x0862,0x0862,0x0862,0x0862,0x0862,0x0862,0x0862,0x0862,0x0862,0x0862,0x0862,0x0862,
  0x0862,0x0862,0x0862,0x0862,0x0862,0x0862,0x0862,0x0862,0x0862,0x0862,0x0862,0x0862,0x0862,0x0862,0x0862,0x0862,
  0x0862,0x0862,0x0862,0x0862,0x0862,0x0862,0x0862,0x0862,0x0862,0x0862,0x0862,0x0862,0x0862,0x0862,0x0862,0x0862,
  0x0862,0x0862,0x0862,0x0862,0x0862,0x0862,0x0862,0x0862,0x0862,0x0862,0x0862,0x0862,0x0862,0x0862,0x0862,0x0862,
  0x0862,0x0862,0x0862,0x0862,0x0862,0x0862,0x0862,0x0862,0x0862,0x0862,0x0862,0x0862,0x0862,0x0862,0x0862,0x0862,
  0x0862,0x0862,0x0862,0x0862,0x0862,0x0862,0x0862,0x0862,0x0862,0x0862,0x0862,0x0862,0x0862,0x0862,0x0862,0x0862,
  0x0862,0x0862,0x0862,0x0862,0x0862,0x0862,0x0862,0x0862,0x0862,0x0862,0x0862,0x0862,0x0862,0x0862,0x0862,0x0862,
  0x0862,0x0862,0x0862,0x0862,0x0862,0x0862,0x0862,0x0862,0x0862,0x0862,0x0862,0x0862,0x0862,0x0862,0x0862,0x0862,
  0x0862,0x0862,0x0862,0x0862,0x0862,0x0862,0x0862,0x0862,0x0862,0x0862,0x0862,0x0862,0x0862,0x0862,0x0862,0x0862,
  0x0862,0x0862,0x0862,0x0862,0x0862,0x0862,0x0862,0x0862,0x0862,0x0862,0x0862,0x0862,0x0862,0x0862,0x0862,0x0862,
  0x0862,0x0862,0x0862,0x0862,0x0862,0x0862,0x0862,0x0862,0x0862,0x0862,0x0862,0x0862,0x0862,0x0862,0x0862,0x0862,
  0x0862,0x0862,0x0862,0x0862,0x0862,0x0862,0x0862,0x0862,0x0862,0x0862,0x0862,0x0862,0x0862,0x0862,0x0862,0x0862,
  0x0862,0x0862,0x0862,0x0862,0x0862,0x0862,0x0862,0x0862,0x0862,0x0862,0x0862,0x0862,0x0862,0x0862,0x0862,0x0862,
  0x0862,0x0862,0x0862,0x0862,0x0862,0x0862,0x0862,0x0862,0x0862,0x0862,0x0862,0x0862,0x0862,0x0862,0x0862,0x0862,
  0x0862,0x0862,0x0862,0x0862,0x0862,0x0862,0x0862,0x0862,0x0862,0x0862,0x0862,0x0862,0x0862,0x0862,0x0862,0x0862,
  0x0862,0x0862,0x0862,0x0862,0x0862,0x0862,0x0862,0x0862,0x0862,0x0862,0x0862,0x0862,0x0862,0x0862,0x0862,0x0862,
  0x0862,0x0862,0x0862,0x0862,0x0862,0x0862,0x0862,0x0862,0x0862,0x0862,0x0862,0x0862,0x0862,0x0862,0x0862,0x0862,
  0x0862,0x0862,0x0862,0x0862,0x0862,0x0862,0x0862,0x0862,0x0862,0x0862,0x0862,0x0862,0x0862,0x0862,0x0862,0x0862,
  0x0862,0x0862,0x0862,0x0862,0x0862,0x0862,0x0862,0x0862,0x0862,0x0862,0x0862,0x0862,0x0862,0x0862,0x0862,0x0862,
  0x0862,0x0862,0x0862,0x0862,0x0862,0x0862,0x0862,0x0862,0x0862,0x0862,0x0862,0x0862,0x0862,0x0862,0x0862,0x0862,
  0x0862,0x0862,0x0862,0x0862,0x0862,0x0862,0x0862,0x0862,0x0862,0x0862,0x0862,0x0862,0x0862,0x0862,0x0862,0x0862,
  0x0862,0x0862,0x0862,0x0862,0x0000,0x0000,0x0000,0x0000,0x0000,0x0000,0x0000,0x0000,0x0000,0x0862,0x0862,0x0862,
  0x0862,0x0862,0x0862,0x0862,0x0862,0x0862,0x0862,0x0862,0x0862,0x0862,0x0862,0x0862,0x0862,0x0862,0x0862,0x0862,
  0x0862,0x0862,0x0862,0x0862,0x0862,0x0862,0x0862,0x0862,0x0862,0x0862,0x0862,0x0862,0x0862,0x0862,0x0862,0x0862,
  0x0862,0x0862,0x0862,0x0862,0x0862,0x0862,0x0862,0x0862,0x1905,0x0862,0x0862,0x0862,0x0862,0x0862,0x0862,0x0862,
  0x0862,0x0862,0x0862,0x0862,0x0862,0x0862,0x0862,0x0862,0x1905,0x0862,0x0862,0x0862,0x0862,0x0862,0x0862,0x0862,
  0x0000,0x0000,0x0000,0x0000,0x0021,0x0021,0x0021,0x0021,0x1905,0x0021,0x0021,0x0021,0x0021,0x0000,0x0000,0x0000,
  0x0000,0x0862,0x0862,0x0862,0x0862,0x0862,0x0862,0x0862,0x1905,0x0862,0x0862,0x0862,0x0862,0x0862,0x0862,0x0862,
  0x0862,0x0862,0x0862,0x0862,0x0862,0x0862,0x0862,0x0862,0x1905,0x0862,0x0862,0x0862,0x0862,0x0862,0x0862,0x0862,
  0x0862,0x0862,0x0862,0x0862,0x0862,0x0862,0x0862,0x1905,0x1905,0x1905,0x0862,0x0862,0x0862,0x0862,0x0862,0x0862,
  0x0862,0x0862,0x0862,0x0862,0x0862,0x0862,0x0862,0x1905,0x1905,0x1905,0x0862,0x0862,0x0862,0x0862,0x0000,0x0000,
  0x0021,0x0021,0x0021,0x0021,0x0041,0x0041,0x0041,0x1905,0x1905,0x1905,0x0041,0x0041,0x0041,0x0021,0x0021,0x0021,
  0x0021,0x0000,0x0000,0x0862,0x0862,0x0862,0x0862,0x1905,0x1905,0x1905,0x0862,0x0862,0x0862,0x0862,0x0862,0x0862,
  0x0862,0x0862,0x0862,0x0862,0x0862,0x0862,0x0862,0x1905,0x1905,0x1905,0x0862,0x0862,0x0862,0x0862,0x0862,0x0862,
  0x0862,0x0862,0x0862,0x0862,0x0862,0x0862,0x0862,0x0862,0x1905,0x0862,0x0862,0x0862,0x0862,0x0862,0x0862,0x0862,
  0x0862,0x0862,0x0862,0x0862,0x0862,0x0862,0x0862,0x0862,0x1905,0x0862,0x0862,0x0862,0x0000,0x0000,0x0021,0x0021,
  0x0041,0x0041,0x0041,0x0041,0x0063,0x0063,0x0063,0x0063,0x1905,0x0063,0x0063,0x0063,0x0063,0x0041,0x0041,0x0041,
  0x0041,0x0021,0x0021,0x0000,0x0000,0x0862,0x0862,0x0862,0x1905,0x0862,0x0862,0x0862,0x0862,0x0862,0x0862,0x0862,
  0x0862,0x0862,0x0862,0x0862,0x0862,0x0862,0x0862,0x0862,0x1905,0x0862,0x0862,0x0862,0x0862,0x0862,0x0862,0x0862,
  0x0862,0x0862,0x0862,0x0862,0x0862,0x0862,0x0862,0x0862,0x0862,0x0862,0x0862,0x0862,0x0862,0x0862,0x0862,0x0862,
  0x0862,0x0862,0x0862,0x0862,0x0862,0x0862,0x0862,0x0862,0x0862,0x0862,0x0000,0x0000,0x0021,0x0021,0x0041,0x0041,
  0x0862,0x0063,0x0063,0x0063,0x0084,0x0084,0x0084,0x0084,0x0084,0x0084,0x0084,0x0084,0x0084,0x0063,0x0063,0x0063,
  0x0862,0x0041,0x0041,0x0021,0x0021,0x0000,0x0000,0x0862,0x0862,0x0862,0x0862,0x0862,0x0862,0x0862,0x0862,0x0862,
  0x0862,0x0862,0x0862,0x0862,0x0862,0x0862,0x0862,0x0862,0x0862,0x0862,0x0862,0x0862,0x0862,0x0862,0x0862,0x0862,
  0x0862,0x0862,0x0862,0x0862,0x0862,0x0862,0x0862,0x0862,0x0862,0x0862,0x0862,0x0862,0x0862,0x0862,0x0862,0x0862,
  0x0862,0x0862,0x0862,0x0862,0x0862,0x0862,0x0862,0x0862,0x0862,0x0000,0x0862,0x0021,0x0041,0x0041,0x0063,0x0063,
  0x0063,0x0084,0x0084,0x0084,0x00A4,0x00A4,0x00A4,0x00A4,0x00A4,0x00A4,0x00A4,0x00A4,0x00A4,0x0084,0x0084,0x0084,
  0x0063,0x0063,0x0063,0x0041,0x0041,0x0021,0x0862,0x0000,0x0862,0x0862,0x0862,0x0862,0x0862,0x0862,0x0862,0x0862,
  0x0862,0x0862,0x0862,0x0862,0x0862,0x0862,0x0862,0x0862,0x0862,0x0862,0x0862,0x0862,0x0862,0x0862,0x0862,0x0862,
  0x0862,0x0862,0x0862,0x0862,0x0862,0x0862,0x0862,0x0862,0x0862,0x0862,0x0862,0x0862,0x0862,0x0862,0x0862,0x0862,
  0x0862,0x0862,0x0862,0x0862,0x0862,0x0862,0x0862,0x0862,0x0000,0x0021,0x0021,0x0041,0x0862,0x0063,0x0862,0x0084,
  0x0084,0x00A4,0x00A4,0x00A4,0x00E6,0x00E6,0x00E6,0x00E6,0x00E6,0x00E6,0x00E6,0x00E6,0x00E6,0x00A4,0x00A4,0x00A4,
  0x0084,0x0084,0x0862,0x0063,0x0862,0x0041,0x0021,0x0021,0x0000,0x0862,0x0862,0x0862,0x0862,0x0862,0x0862,0x0862,
  0x0862,0x0862,0x0862,0x0862,0x0862,0x0862,0x0862,0x0862,0x0862,0x0862,0x0862,0x0862,0x0862,0x0862,0x0862,0x0862,
  0x0862,0x0862,0x0862,0x0862,0x0862,0x0862,0x0862,0x0862,0x0862,0x0862,0x0862,0x0862,0x0862,0x0862,0x0862,0x0862,
  0x0862,0x0862,0x0862,0x0862,0x0862,0x0862,0x0862,0x0000,0x0021,0x0862,0x0041,0x0063,0x0063,0x0084,0x0084,0x00A4,
  0x00A4,0x00E6,0x00E6,0x00E6,0x0107,0x0107,0x0107,0x0107,0x0107,0x0107,0x0107,0x0107,0x0107,0x00E6,0x00E6,0x00E6,
  0x00A4,0x00A4,0x0084,0x0084,0x0063,0x0063,0x0041,0x0862,0x0021,0x0000,0x0862,0x0862,0x0862,0x0862,0x0862,0x0862,
  0x0862,0x0862,0x0862,0x0862,0x0862,0x0862,0x0862,0x0862,0x0862,0x0862,0x0862,0x0862,0x0862,0x0862,0x0862,0x0862,
  0x0862,0x0862,0x0862,0x0862,0x0862,0x0862,0x0862,0x0862,0x0862,0x0862,0x0862,0x0862,0x0862,0x0862,0x0862,0x0862,
  0x0862,0x0862,0x0862,0x0862,0x0862,0x0862,0x0000,0x0021,0x0041,0x0041,0x0063,0x0862,0x0084,0x00A4,0x00A4,0x00E6,
  0x00E6,0x0107,0x0107,0x0107,0x0127,0x0127,0x0127,0x0127,0x0127,0x0127,0x0127,0x0127,0x0127,0x0107,0x0107,0x0107,
  0x00E6,0x00E6,0x00A4,0x00A4,0x0084,0x0862,0x0063,0x0041,0x0041,0x0021,0x0000,0x0862,0x0862,0x0862,0x0862,0x0862,
  0x0862,0x0862,0x0862,0x0862,0x0862,0x0862,0x0862,0x0862,0x0862,0x0862,0x0862,0x0862,0x0862,0x0862,0x0862,0x0862,
  0x0862,0x0862,0x0862,0x0862,0x0862,0x0862,0x0862,0x0862,0x0862,0x0862,0x0862,0x0862,0x0862,0x0862,0x0862,0x0862,
  0x0862,0x0862,0x0862,0x0862,0x0862,0x0000,0x0021,0x0041,0x0862,0x0063,0x0084,0x0084,0x00A4,0x0862,0x00E6,0x0107,
  0x0107,0x0862,0x0127,0x0127,0x0862,0x0149,0x0149,0x0149,0x0149,0x0149,0x0149,0x0149,0x0862,0x0127,0x0127,0x0862,
  0x0107,0x0107,0x00E6,0x0862,0x00A4,0x0084,0x0084,0x0063,0x0862,0x0041,0x0021,0x0000,0x0862,0x0862,0x0862,0x0862,
  0x0862,0x0862,0x0862,0x0862,0x0862,0x0862,0x0862,0x0862,0x0862,0x0862,0x0862,0x0862,0x0862,0x0862,0x0862,0x0862,
  0x0862,0x0862,0x0862,0x0862,0x0862,0x0862,0x0862,0x0862,0x0862,0x0862,0x0862,0x0862,0x0862,0x0862,0x0862,0x0862,
  0x0862,0x0862,0x0862,0x0862,0x0000,0x0021,0x0862,0x0041,0x0063,0x0084,0x0862,0x00A4,0x00E6,0x00E6,0x0107,0x0862,
  0x0127,0x0127,0x0149,0x0149,0x0149,0x018A,0x018A,0x018A,0x018A,0x018A,0x018A,0x018A,0x0149,0x0149,0x0149,0x0127,
  0x0127,0x0862,0x0107,0x00E6,0x00E6,0x00A4,0x0862,0x0084,0x0063,0x0041,0x0862,0x0021,0x0000,0x0862,0x0862,0x0862,
  0x0862,0x0862,0x0862,0x0862,0x0862,0x0862,0x0862,0x0862,0x0862,0x0862,0x0862,0x0862,0x0862,0x0862,0x0862,0x0862,
  0x0862,0x0862,0x0862,0x0862,0x0862,0x0862,0x0862,0x0862,0x0862,0x0862,0x0862,0x0862,0x0862,0x0862,0x0862,0x0862,
  0x0862,0x0862,0x0862,0x0000,0x0862,0x0021,0x0041,0x0063,0x0084,0x0862,0x00A4,0x00E6,0x0862,0x0107,0x0127,0x0127,
  0x0149,0x0149,0x018A,0x018A,0x018A,0x01AA,0x01AA,0x01AA,0x01AA,0x01AA,0x01AA,0x01AA,0x018A,0x018A,0x018A,0x0149,
  0x0149,0x0127,0x0127,0x0107,0x0862,0x00E6,0x00A4,0x0862,0x0084,0x0063,0x0041,0x0021,0x0862,0x0000,0x0862,0x0862,
  0x0862,0x0862,0x0862,0x0862,0x0862,0x0862,0x0862,0x0862,0x0862,0x0862,0x0862,0x0862,0x0862,0x0862,0x0862,0x0862,
  0x0862,0x0862,0x0862,0x0862,0x0862,0x0862,0x0862,0x0862,0x0862,0x0862,0x0862,0x0862,0x0862,0x0862,0x0862,0x0862,
  0x0862,0x0862,0x0862,0x0000,0x0021,0x0041,0x0063,0x0862,0x0084,0x00A4,0x00E6,0x0862,0x0107,0x0127,0x0862,0x0149,
  0x018A,0x018A,0x01AA,0x01AA,0x01AA,0x01CC,0x01CC,0x01CC,0x01CC,0x01CC,0x01CC,0x01CC,0x01AA,0x01AA,0x01AA,0x018A,
  0x018A,0x0149,0x0862,0x0127,0x0107,0x0862,0x00E6,0x00A4,0x0084,0x0862,0x0063,0x0041,0x0021,0x0000,0x0862,0x0862,
  0x0862,0x0862,0x0862,0x0862,0x0862,0x0862,0x0862,0x0862,0x0862,0x0862,0x0862,0x0862,0x0862,0x0862,0x0862,0x0862,
  0x0862,0x0862,0x0862,0x0862,0x0862,0x0862,0x0862,0x0862,0x0862,0x0862,0x0862,0x0862,0x0862,0x0862,0x0862,0x0862,
  0x0862,0x0862,0x0000,0x0021,0x0041,0x0862,0x0063,0x0084,0x00A4,0x00E6,0x0862,0x0107,0x0127,0x0149,0x0149,0x018A,
  0x0862,0x01AA,0x01CC,0x01CC,0x01CC,0x01ED,0x01ED,0x01ED,0x01ED,0x01ED,0x01ED,0x01ED,0x01CC,0x01CC,0x01CC,0x01AA,
  0x0862,0x018A,0x0149,0x0149,0x0127,0x0107,0x0862,0x00E6,0x00A4,0x0084,0x0063,0x0862,0x0041,0x0021,0x0000,0x0862,
  0x0862,0x0862,0x0862,0x0862,0x0862,0x0862,0x0862,0x0862,0x0862,0x0862,0x0862,0x0862,0x0862,0x0862,0x0862,0x0862,
  0x0862,0x0862,0x0862,0x0862,0x0862,0x0862,0x0862,0x0862,0x0862,0x0862,0x0862,0x0862,0x0862,0x0862,0x0862,0x0862,
  0x0862,0x0862,0x0000,0x0021,0x0041,0x0063,0x0084,0x00A4,0x0862,0x00E6,0x0107,0x0127,0x0149,0x0862,0x018A,0x01AA,
  0x01AA,0x01CC,0x0862,0x01ED,0x01ED,0x020E,0x020E,0x020E,0x020E,0x020E,0x020E,0x020E,0x01ED,0x01ED,0x0862,0x01CC,
  0x01AA,0x01AA,0x018A,0x0862,0x0149,0x0127,0x0107,0x00E6,0x0862,0x00A4,0x0084,0x0063,0x0041,0x0021,0x0000,0x0862,
  0x0862,0x0862,0x0862,0x0862,0x0862,0x0862,0x0862,0x0862,0x0862,0x0862,0x0862,0x0862,0x0862,0x0862,0x0862,0x0862,
  0x0862,0x0862,0x0862,0x0862,0x0862,0x0862,0x0862,0x0862,0x0862,0x0862,0x0862,0x0862,0x0862,0x0862,0x0862,0x0862,
  0x0862,0x0000,0x0021,0x0041,0x0063,0x0862,0x0084,0x00A4,0x00E6,0x0107,0x0127,0x0862,0x0149,0x018A,0x01AA,0x0862,
  0x01CC,0x01ED,0x01ED,0x020E,0x020E,0x024F,0x024F,0x024F,0x024F,0x024F,0x024F,0x024F,0x020E,0x020E,0x01ED,0x01ED,
  0x01CC,0x0862,0x01AA,0x018A,0x0149,0x0862,0x0127,0x0107,0x00E6,0x00A4,0x0084,0x0862,0x0063,0x0041,0x0021,0x0000,
  0x0862,0x0862,0x0862,0x0862,0x0862,0x0862,0x0862,0x0862,0x0862,0x0862,0x0862,0x0862,0x0862,0x0862,0x0862,0x0862,
  0x0862,0x0862,0x0862,0x0862,0x0862,0x0862,0x0862,0x0862,0x0862,0x0862,0x0862,0x0862,0x0862,0x0862,0x0862,0x0862,
  0x0862,0x0000,0x0021,0x0041,0x0063,0x0084,0x00A4,0x00E6,0x0107,0x0862,0x0127,0x0149,0x018A,0x01AA,0x0862,0x01CC,
  0x01ED,0x0862,0x020E,0x024F,0x024F,0x0862,0x0270,0x0270,0x0270,0x0270,0x0270,0x0862,0x024F,0x024F,0x020E,0x0862,
  0x01ED,0x01CC,0x0862,0x01AA,0x018A,0x0149,0x0127,0x0862,0x0107,0x00E6,0x00A4,0x0084,0x0063,0x0041,0x0021,0x0000,
  0x0862,0x0862,0x0862,0x0862,0x0862,0x0862,0x0862,0x0862,0x0862,0x0862,0x0862,0x0862,0x0862,0x0862,0x0862,0x0862,
  0x0862,0x0862,0x0862,0x0862,0x0862,0x0862,0x0862,0x0862,0x1905,0x0862,0x0862,0x0862,0x0862,0x0862,0x0862,0x0862,
  0x0000,0x0021,0x0041,0x0862,0x0063,0x0084,0x00A4,0x00E6,0x1905,0x0127,0x0149,0x018A,0x0862,0x01AA,0x01CC,0x01ED,
  0x020E,0x020E,0x024F,0x0862,0x0270,0x0270,0x0291,0x0291,0x1905,0x0291,0x0291,0x0270,0x0270,0x0862,0x024F,0x020E,
  0x020E,0x01ED,0x01CC,0x01AA,0x0862,0x018A,0x0149,0x0127,0x1905,0x00E6,0x00A4,0x0084,0x0063,0x0862,0x0041,0x0021,
  0x0000,0x0862,0x0862,0x0862,0x0862,0x0862,0x0862,0x0862,0x1905,0x0862,0x0862,0x0862,0x0862,0x0862,0x0862,0x0862,
  0x0862,0x0862,0x0862,0x0862,0x0862,0x0862,0x0862,0x1905,0x1905,0x1905,0x0862,0x0862,0x0862,0x0862,0x0862,0x0862,
  0x0000,0x0021,0x0041,0x0063,0x0084,0x00A4,0x00E6,0x1905,0x1905,0x1905,0x0149,0x018A,0x01AA,0x01CC,0x01ED,0x0862,
  0x020E,0x024F,0x0270,0x0270,0x0291,0x0291,0x02B2,0x1905,0x1905,0x1905,0x02B2,0x0291,0x0291,0x0270,0x0270,0x024F,
  0x020E,0x0862,0x01ED,0x01CC,0x01AA,0x018A,0x0149,0x1905,0x1905,0x1905,0x00E6,0x00A4,0x0084,0x0063,0x0041,0x0021,
  0x0000,0x0862,0x0862,0x0862,0x0862,0x0862,0x0862,0x1905,0x1905,0x1905,0x0862,0x0862,0x0862,0x0862,0x0862,0x0862,
  0x0862,0x0862,0x0862,0x0862,0x0862,0x0862,0x0862,0x0862,0x1905,0x0862,0x0862,0x0862,0x0862,0x0862,0x0862,0x0862,
  0x0000,0x0021,0x0041,0x0063,0x0084,0x00A4,0x00E6,0x0107,0x1905,0x0149,0x018A,0x01AA,0x01CC,0x0862,0x01ED,0x020E,
  0x024F,0x0270,0x0862,0x0291,0x02B2,0x02B2,0x02D3,0x02D3,0x1905,0x02D3,0x02D3,0x02B2,0x02B2,0x0291,0x0862,0x0270,
  0x024F,0x020E,0x01ED,0x0862,0x01CC,0x01AA,0x018A,0x0149,0x1905,0x0107,0x00E6,0x00A4,0x0084,0x0063,0x0041,0x0021,
  0x0000,0x0862,0x0862,0x0862,0x0862,0x0862,0x0862,0x0862,0x1905,0x0862,0x0862,0x0862,0x0862,0x0862,0x0862,0x0862,
  0x0862,0x0862,0x0862,0x0862,0x0862,0x0862,0x0862,0x0862,0x0862,0x0862,0x0862,0x0862,0x0862,0x0862,0x0862,0x0862,
  0x0000,0x0021,0x0041,0x0063,0x0084,0x00A4,0x00E6,0x0107,0x0127,0x0149,0x018A,0x01AA,0x01CC,0x01ED,0x020E,0x024F,
  0x0862,0x0270,0x0291,0x02B2,0x0862,0x02D3,0x0314,0x0314,0x0314,0x0314,0x0314,0x02D3,0x0862,0x02B2,0x0291,0x0270,
  0x0862,0x024F,0x020E,0x01ED,0x01CC,0x01AA,0x018A,0x0149,0x0127,0x0107,0x00E6,0x00A4,0x0084,0x0063,0x0041,0x0021,
  0x0000,0x0862,0x0862,0x0862,0x0862,0x0862,0x0862,0x0862,0x0862,0x0862,0x0862,0x0862,0x0862,0x0862,0x0862,0x0862,
  0x0862,0x0862,0x0862,0x0862,0x0862,0x0862,0x0862,0x0862,0x0862,0x0862,0x0862,0x0862,0x0862,0x0862,0x0862,0x0000,
  0x0021,0x0041,0x0063,0x0084,0x00A4,0x00E6,0x0107,0x0127,0x0862,0x0149,0x018A,0x01AA,0x01CC,0x01ED,0x020E,0x024F,
  0x0270,0x0291,0x02B2,0x0862,0x02D3,0x0314,0x0862,0x0335,0x0335,0x0335,0x0862,0x0314,0x02D3,0x0862,0x02B2,0x0291,
  0x0270,0x024F,0x020E,0x01ED,0x01CC,0x01AA,0x018A,0x0149,0x0862,0x0127,0x0107,0x00E6,0x00A4,0x0084,0x0063,0x0041,
  0x0021,0x0000,0x0862,0x0862,0x0862,0x0862,0x0862,0x0862,0x0862,0x0862,0x0862,0x0862,0x0862,0x0862,0x0862,0x0862,
  0x0862,0x0862,0x0862,0x0862,0x0862,0x0862,0x0862,0x0862,0x0862,0x0862,0x0862,0x0862,0x0862,0x0862,0x0862,0x0000,
  0x0021,0x0041,0x0063,0x0084,0x00A4,0x00E6,0x0107,0x0127,0x0149,0x018A,0x01AA,0x01CC,0x01ED,0x020E,0x024F,0x0862,
  0x0270,0x0291,0x02B2,0x02D3,0x0314,0x0335,0x0335,0x0356,0x0356,0x0356,0x0335,0x0335,0x0314,0x02D3,0x02B2,0x0291,
  0x0270,0x0862,0x024F,0x020E,0x01ED,0x01CC,0x01AA,0x018A,0x0149,0x0127,0x0107,0x00E6,0x00A4,0x0084,0x0063,0x0041,
  0x0021,0x0000,0x0862,0x0862,0x0862,0x0862,0x0862,0x0862,0x0862,0x0862,0x0862,0x0862,0x0862,0x0862,0x0862,0x0862,
  0x0862,0x0862,0x0862,0x0862,0x0862,0x0862,0x0862,0x0862,0x0862,0x0862,0x0862,0x0862,0x0862,0x0862,0x0862,0x0000,
  0x0021,0x0041,0x0063,0x0084,0x00A4,0x00E6,0x0107,0x0127,0x0149,0x018A,0x01AA,0x01CC,0x01ED,0x020E,0x024F,0x0270,
  0x0291,0x02B2,0x02D3,0x0314,0x0862,0x0335,0x0356,0x0377,0x0377,0x0377,0x0356,0x0335,0x0862,0x0314,0x02D3,0x02B2,
  0x0291,0x0270,0x024F,0x020E,0x01ED,0x01CC,0x01AA,0x018A,0x0149,0x0127,0x0107,0x00E6,0x00A4,0x0084,0x0063,0x0041,
  0x0021,0x0000,0x0862,0x0862,0x0862,0x0862,0x0862,0x0862,0x0862,0x0862,0x0862,0x0862,0x0862,0x0862,0x0862,0x0862,
  0x0862,0x0862,0x0862,0x0862,0x0862,0x0862,0x0862,0x0862,0x0862,0x0862,0x0862,0x0862,0x0862,0x0862,0x0862,0x0000,
  0x0021,0x0041,0x0063,0x0084,0x00A4,0x00E6,0x0107,0x0127,0x0149,0x018A,0x01AA,0x01CC,0x01ED,0x020E,0x024F,0x0270,
  0x0291,0x02B2,0x02D3,0x0314,0x0335,0x0356,0x0377,0x0862,0x0398,0x0862,0x0377,0x0356,0x0335,0x0314,0x02D3,0x02B2,
  0x0291,0x0270,0x024F,0x020E,0x01ED,0x01CC,0x01AA,0x018A,0x0149,0x0127,0x0107,0x00E6,0x00A4,0x0084,0x0063,0x0041,
  0x0021,0x0000,0x0862,0x0862,0x0862,0x0862,0x0862,0x0862,0x0862,0x0862,0x0862,0x0862,0x0862,0x0862,0x0862,0x0862,
  0x0862,0x0862,0x0862,0x0862,0x0862,0x0862,0x0862,0x0862,0x0862,0x0862,0x0862,0x0862,0x0862,0x0862,0x0862,0x0000,
  0x0021,0x0041,0x0063,0x0084,0x00A4,0x00E6,0x0107,0x0127,0x0149,0x018A,0x01AA,0x01CC,0x01ED,0x020E,0x024F,0x0270,
  0x0291,0x02B2,0x02D3,0x0314,0x0335,0x0356,0x0377,0x0398,0x0862,0x0398,0x0377,0x0356,0x0335,0x0314,0x02D3,0x02B2,
  0x0291,0x0270,0x024F,0x020E,0x01ED,0x01CC,0x01AA,0x018A,0x0149,0x0127,0x0107,0x00E6,0x00A4,0x0084,0x0063,0x0041,
  0x0021,0x0000,0x0862,0x0862,0x0862,0x0862,0x0862,0x0862,0x0862,0x0862,0x0862,0x0862,0x0862,0x0862,0x0862,0x0862,
  0x0862,0x0862,0x0862,0x0862,0x0862,0x0862,0x0862,0x0862,0x0862,0x0862,0x0862,0x0862,0x0862,0x0862,0x0862,0x0000,
  0x0021,0x0041,0x0063,0x0084,0x00A4,0x00E6,0x0107,0x0127,0x0149,0x018A,0x01AA,0x01CC,0x01ED,0x020E,0x024F,0x0270,
  0x0291,0x02B2,0x02D3,0x0314,0x0335,0x0356,0x0377,0x0862,0x0398,0x0862,0x0377,0x0356,0x0335,0x0314,0x02D3,0x02B2,
  0x0291,0x0270,0x024F,0x020E,0x01ED,0x01CC,0x01AA,0x018A,0x0149,0x0127,0x0107,0x00E6,0x00A4,0x0084,0x0063,0x0041,
  0x0021,0x0000,0x0862,0x0862,0x0862,0x0862,0x0862,0x0862,0x0862,0x0862,0x0862,0x0862,0x0862,0x0862,0x0862,0x0862,
  0x0862,0x0862,0x0862,0x0862,0x0862,0x0862,0x0862,0x0862,0x0862,0x0862,0x0862,0x0862,0x0862,0x0862,0x0862,0x0000,
  0x0021,0x0041,0x0063,0x0084,0x00A4,0x00E6,0x0107,0x0127,0x0149,0x018A,0x01AA,0x01CC,0x01ED,0x020E,0x024F,0x0270,
  0x0291,0x02B2,0x02D3,0x0314,0x0862,0x0335,0x0356,0x0377,0x0377,0x0377,0x0356,0x0335,0x0862,0x0314,0x02D3,0x02B2,
  0x0291,0x0270,0x024F,0x020E,0x01ED,0x01CC,0x01AA,0x018A,0x0149,0x0127,0x0107,0x00E6,0x00A4,0x0084,0x0063,0x0041,
  0x0021,0x0000,0x0862,0x0862,0x0862,0x0862,0x0862,0x0862,0x0862,0x0862,0x0862,0x0862,0x0862,0x0862,0x0862,0x0862,
  0x0862,0x0862,0x0862,0x0862,0x0862,0x0862,0x0862,0x0862,0x0862,0x0862,0x0862,0x0862,0x0862,0x0862,0x0862,0x0000,
  0x0021,0x0041,0x0063,0x0084,0x00A4,0x00E6,0x0107,0x0127,0x0149,0x018A,0x01AA,0x01CC,0x01ED,0x020E,0x024F,0x0862,
  0x0270,0x0291,0x02B2,0x02D3,0x0314,0x0335,0x0335,0x0356,0x0356,0x0356,0x0335,0x0335,0x0314,0x02D3,0x02B2,0x0291,
  0x0270,0x0862,0x024F,0x020E,0x01ED,0x01CC,0x01AA,0x018A,0x0149,0x0127,0x0107,0x00E6,0x00A4,0x0084,0x0063,0x0041,
  0x0021,0x0000,0x0862,0x0862,0x0862,0x0862,0x0862,0x0862,0x0862,0x0862,0x0862,0x0862,0x0862,0x0862,0x0862,0x0862,
  0x0862,0x0862,0x0862,0x0862,0x0862,0x0862,0x0862,0x0862,0x0862,0x0862,0x0862,0x0862,0x0862,0x0862,0x0862,0x0000,
  0x0021,0x0041,0x0063,0x0084,0x00A4,0x00E6,0x0107,0x0127,0x0862,0x0149,0x018A,0x01AA,0x01CC,0x01ED,0x020E,0x024F,
  0x0270,0x0291,0x02B2,0x0862,0x02D3,0x0314,0x0862,0x0335,0x0335,0x0335,0x0862,0x0314,0x02D3,0x0862,0x02B2,0x0291,
  0x0270,0x024F,0x020E,0x01ED,0x01CC,0x01AA,0x018A,0x0149,0x0862,0x0127,0x0107,0x00E6,0x00A4,0x0084,0x0063,0x0041,
  0x0021,0x0000,0x0862,0x0862,0x0862,0x0862,0x0862,0x0862,0x0862,0x0862,0x0862,0x0862,0x0862,0x0862,0x0862,0x0862,
  0x0862,0x0862,0x0862,0x0862,0x0862,0x0862,0x0862,0x0862,0x0862,0x0862,0x0862,0x0862,0x0862,0x0862,0x0862,0x0862,
  0x0000,0x0021,0x0041,0x0063,0x0084,0x00A4,0x00E6,0x0107,0x0127,0x0149,0x018A,0x01AA,0x01CC,0x01ED,0x020E,0x024F,
  0x0862,0x0270,0x0291,0x02B2,0x0862,0x02D3,0x0314,0x0314,0x0314,0x0314,0x0314,0x02D3,0x0862,0x02B2,0x0291,0x0270,
  0x0862,0x024F,0x020E,0x01ED,0x01CC,0x01AA,0x018A,0x0149,0x0127,0x0107,0x00E6,0x00A4,0x0084,0x0063,0x0041,0x0021,
  0x0000,0x0862,0x0862,0x0862,0x0862,0x0862,0x0862,0x0862,0x0862,0x0862,0x0862,0x0862,0x0862,0x0862,0x0862,0x0862,
  0x0862,0x0862,0x0862,0x0862,0x0862,0x0862,0x0862,0x0862,0x0862,0x0862,0x0862,0x0862,0x0862,0x0862,0x0862,0x0862,
  0x0000,0x0021,0x0041,0x0063,0x0084,0x00A4,0x00E6,0x0107,0x0127,0x0149,0x018A,0x01AA,0x01CC,0x0862,0x01ED,0x020E,
  0x024F,0x0270,0x0862,0x0291,0x02B2,0x02B2,0x02D3,0x02D3,0x02D3,0x02D3,0x02D3,0x02B2,0x02B2,0x0291,0x0862,0x0270,
  0x024F,0x020E,0x01ED,0x0862,0x01CC,0x01AA,0x018A,0x0149,0x0127,0x0107,0x00E6,0x00A4,0x0084,0x0063,0x0041,0x0021,
  0x0000,0x0862,0x0862,0x0862,0x0862,0x0862,0x0862,0x0862,0x0862,0x0862,0x0862,0x0862,0x0862,0x0862,0x0862,0x0862,
  0x0862,0x0862,0x0862,0x0862,0x0862,0x0862,0x0862,0x0862,0x0862,0x0862,0x0862,0x0862,0x0862,0x0862,0x0862,0x0862,
  0x0000,0x0021,0x0041,0x0063,0x0084,0x00A4,0x00E6,0x0107,0x0862,0x0127,0x0149,0x018A,0x01AA,0x01CC,0x01ED,0x0862,
  0x020E,0x024F,0x0270,0x0270,0x0291,0x0291,0x02B2,0x02B2,0x02B2,0x02B2,0x02B2,0x0291,0x0291,0x0270,0x0270,0x024F,
  0x020E,0x0862,0x01ED,0x01CC,0x01AA,0x018A,0x0149,0x0127,0x0862,0x0107,0x00E6,0x00A4,0x0084,0x0063,0x0041,0x0021,
  0x0000,0x0862,0x0862,0x0862,0x0862,0x0862,0x0862,0x0862,0x0862,0x0862,0x0862,0x0862,0x0862,0x0862,0x0862,0x0862,
  0x0862,0x0862,0x0862,0x0862,0x0862,0x0862,0x0862,0x0862,0x1905,0x0862,0x0862,0x0862,0x0862,0x0862,0x0862,0x0862,
  0x0000,0x0021,0x0041,0x0862,0x0063,0x0084,0x00A4,0x00E6,0x1905,0x0127,0x0149,0x018A,0x0862,0x01AA,0x01CC,0x01ED,
  0x020E,0x020E,0x024F,0x0862,0x0270,0x0270,0x0291,0x0291,0x1905,0x0291,0x0291,0x0270,0x0270,0x0862,0x024F,0x020E,
  0x020E,0x01ED,0x01CC,0x01AA,0x0862,0x018A,0x0149,0x0127,0x1905,0x00E6,0x00A4,0x0084,0x0063,0x0862,0x0041,0x0021,
  0x0000,0x0862,0x0862,0x0862,0x0862,0x0862,0x0862,0x0862,0x1905,0x0862,0x0862,0x0862,0x0862,0x0862,0x0862,0x0862,
  0x0862,0x0862,0x0862,0x0862,0x0862,0x0862,0x0862,0x1905,0x1905,0x1905,0x0862,0x0862,0x0862,0x0862,0x0862,0x0862,
  0x0862,0x0000,0x0021,0x0041,0x0063,0x0084,0x00A4,0x1905,0x1905,0x1905,0x0127,0x0149,0x018A,0x01AA,0x0862,0x01CC,
  0x01ED,0x0862,0x020E,0x024F,0x024F,0x0862,0x0270,0x1905,0x1905,0x1905,0x0270,0x0862,0x024F,0x024F,0x020E,0x0862,
  0x01ED,0x01CC,0x0862,0x01AA,0x018A,0x0149,0x0127,0x1905,0x1905,0x1905,0x00A4,0x0084,0x0063,0x0041,0x0021,0x0000,
  0x0862,0x0862,0x0862,0x0862,0x0862,0x0862,0x0862,0x1905,0x1905,0x1905,0x0862,0x0862,0x0862,0x0862,0x0862,0x0862,
  0x0862,0x0862,0x0862,0x0862,0x0862,0x0862,0x0862,0x0862,0x1905,0x0862,0x0862,0x0862,0x0862,0x0862,0x0862,0x0862,
  0x0862,0x0000,0x0021,0x0041,0x0063,0x0862,0x0084,0x00A4,0x1905,0x0107,0x0127,0x0862,0x0149,0x018A,0x01AA,0x0862,
  0x01CC,0x01ED,0x01ED,0x020E,0x020E,0x024F,0x024F,0x024F,0x1905,0x024F,0x024F,0x024F,0x020E,0x020E,0x01ED,0x01ED,
  0x01CC,0x0862,0x01AA,0x018A,0x0149,0x0862,0x0127,0x0107,0x1905,0x00A4,0x0084,0x0862,0x0063,0x0041,0x0021,0x0000,
  0x0862,0x0862,0x0862,0x0862,0x0862,0x0862,0x0862,0x0862,0x1905,0x0862,0x0862,0x0862,0x0862,0x0862,0x0862,0x0862,
  0x0862,0x0862,0x0862,0x0862,0x0862,0x0862,0x0862,0x0862,0x0862,0x0862,0x0862,0x0862,0x0862,0x0862,0x0862,0x0862,
  0x0862,0x0862,0x0000,0x0021,0x0041,0x0063,0x0084,0x00A4,0x0862,0x00E6,0x0107,0x0127,0x0149,0x0862,0x018A,0x01AA,
  0x01AA,0x01CC,0x0862,0x01ED,0x01ED,0x020E,0x020E,0x020E,0x020E,0x020E,0x020E,0x020E,0x01ED,0x01ED,0x0862,0x01CC,
  0x01AA,0x01AA,0x018A,0x0862,0x0149,0x0127,0x0107,0x00E6,0x0862,0x00A4,0x0084,0x0063,0x0041,0x0021,0x0000,0x0862,
  0x0862,0x0862,0x0862,0x0862,0x0862,0x0862,0x0862,0x0862,0x0862,0x0862,0x0862,0x0862,0x0862,0x0862,0x0862,0x0862,
  0x0862,0x0862,0x0862,0x0862,0x0862,0x0862,0x0862,0x0862,0x0862,0x0862,0x0862,0x0862,0x0862,0x0862,0x0862,0x0862,
  0x0862,0x0862,0x0000,0x0021,0x0041,0x0862,0x0063,0x0084,0x00A4,0x00E6,0x0862,0x0107,0x0127,0x0149,0x0149,0x018A,
  0x0862,0x01AA,0x01CC,0x01CC,0x01CC,0x01ED,0x01ED,0x01ED,0x01ED,0x01ED,0x01ED,0x01ED,0x01CC,0x01CC,0x01CC,0x01AA,
  0x0862,0x018A,0x0149,0x0149,0x0127,0x0107,0x0862,0x00E6,0x00A4,0x0084,0x0063,0x0862,0x0041,0x0021,0x0000,0x0862,
  0x0862,0x0862,0x0862,0x0862,0x0862,0x0862,0x0862,0x0862,0x0862,0x0862,0x0862,0x0862,0x0862,0x0862,0x0862,0x0862,
  0x0862,0x0862,0x0862,0x0862,0x0862,0x0862,0x0862,0x0862,0x0862,0x0862,0x0862,0x0862,0x0862,0x0862,0x0862,0x0862,
  0x0862,0x0862,0x0862,0x0000,0x0021,0x0041,0x0063,0x0862,0x0084,0x00A4,0x00E6,0x0862,0x0107,0x0127,0x0862,0x0149,
  0x018A,0x018A,0x01AA,0x01AA,0x01AA,0x01CC,0x01CC,0x01CC,0x01CC,0x01CC,0x01CC,0x01CC,0x01AA,0x01AA,0x01AA,0x018A,
  0x018A,0x0149,0x0862,0x0127,0x0107,0x0862,0x00E6,0x00A4,0x0084,0x0862,0x0063,0x0041,0x0021,0x0000,0x0862,0x0862,
  0x0862,0x0862,0x0862,0x0862,0x0862,0x0862,0x0862,0x0862,0x0862,0x0862,0x0862,0x0862,0x0862,0x0862,0x0862,0x0862,
  0x0862,0x0862,0x0862,0x0862,0x0862,0x0862,0x0862,0x0862,0x0862,0x0862,0x0862,0x0862,0x0862,0x0862,0x0862,0x0862,
  0x0862,0x0862,0x0862,0x0000,0x0862,0x0021,0x0041,0x0063,0x0084,0x0862,0x00A4,0x00E6,0x0862,0x0107,0x0127,0x0127,
  0x0149,0x0149,0x018A,0x018A,0x018A,0x01AA,0x01AA,0x01AA,0x01AA,0x01AA,0x01AA,0x01AA,0x018A,0x018A,0x018A,0x0149,
  0x0149,0x0127,0x0127,0x0107,0x0862,0x00E6,0x00A4,0x0862,0x0084,0x0063,0x0041,0x0021,0x0862,0x0000,0x0862,0x0862,
  0x0862,0x0862,0x0862,0x0862,0x0862,0x0862,0x0862,0x0862,0x0862,0x0862,0x0862,0x0862,0x0862,0x0862,0x0862,0x0862,
  0x0862,0x0862,0x0862,0x0862,0x0862,0x0862,0x0862,0x0862,0x0862,0x0862,0x0862,0x0862,0x0862,0x0862,0x0862,0x0862,
  0x0862,0x0862,0x0862,0x0862,0x0000,0x0021,0x0862,0x0041,0x0063,0x0084,0x0862,0x00A4,0x00E6,0x00E6,0x0107,0x0862,
  0x0127,0x0127,0x0149,0x0149,0x0149,0x018A,0x018A,0x018A,0x018A,0x018A,0x018A,0x018A,0x0149,0x0149,0x0149,0x0127,
  0x0127,0x0862,0x0107,0x00E6,0x00E6,0x00A4,0x0862,0x0084,0x0063,0x0041,0x0862,0x0021,0x0000,0x0862,0x0862,0x0862,
  0x0862,0x0862,0x0862,0x0862,0x0862,0x0862,0x0862,0x0862,0x0862,0x0862,0x0862,0x0862,0x0862,0x0862,0x0862,0x0862,
  0x0862,0x0862,0x0862,0x0862,0x0862,0x0862,0x0862,0x0862,0x0862,0x0862,0x0862,0x0862,0x0862,0x0862,0x0862,0x0862,
  0x0862,0x0862,0x0862,0x0862,0x0862,0x0000,0x0021,0x0041,0x0862,0x0063,0x0084,0x0084,0x00A4,0x0862,0x00E6,0x0107,
  0x0107,0x0862,0x0127,0x0127,0x0862,0x0149,0x0149,0x0149,0x0149,0x0149,0x0149,0x0149,0x0862,0x0127,0x0127,0x0862,
  0x0107,0x0107,0x00E6,0x0862,0x00A4,0x0084,0x0084,0x0063,0x0862,0x0041,0x0021,0x0000,0x0862,0x0862,0x0862,0x0862,
  0x0862,0x0862,0x0862,0x0862,0x0862,0x0862,0x0862,0x0862,0x0862,0x0862,0x0862,0x0862,0x0862,0x0862,0x0862,0x0862,
  0x0862,0x0862,0x0862,0x0862,0x0862,0x0862,0x0862,0x0862,0x0862,0x0862,0x0862,0x0862,0x0862,0x0862,0x0862,0x0862,
  0x0862,0x0862,0x0862,0x0862,0x0862,0x0862,0x0000,0x0021,0x0041,0x0041,0x0063,0x0862,0x0084,0x00A4,0x00A4,0x00E6,
  0x00E6,0x0107,0x0107,0x0107,0x0127,0x0127,0x0127,0x0127,0x0127,0x0127,0x0127,0x0127,0x0127,0x0107,0x0107,0x0107,
  0x00E6,0x00E6,0x00A4,0x00A4,0x0084,0x0862,0x0063,0x0041,0x0041,0x0021,0x0000,0x0862,0x0862,0x0862,0x0862,0x0862,
  0x0862,0x0862,0x0862,0x0862,0x0862,0x0862,0x0862,0x0862,0x0862,0x0862,0x0862,0x0862,0x0862,0x0862,0x0862,0x0862,
  0x0862,0x0862,0x0862,0x0862,0x0862,0x0862,0x0862,0x0862,0x0862,0x0862,0x0862,0x0862,0x0862,0x0862,0x0862,0x0862,
  0x0862,0x0862,0x0862,0x0862,0x0862,0x0862,0x0862,0x0000,0x0021,0x0862,0x0041,0x0063,0x0063,0x0084,0x0084,0x00A4,
  0x00A4,0x00E6,0x00E6,0x00E6,0x0107,0x0107,0x0107,0x0107,0x0107,0x0107,0x0107,0x0107,0x0107,0x00E6,0x00E6,0x00E6,
  0x00A4,0x00A4,0x0084,0x0084,0x0063,0x0063,0x0041,0x0862,0x0021,0x0000,0x0862,0x0862,0x0862,0x0862,0x0862,0x0862,
  0x0862,0x0862,0x0862,0x0862,0x0862,0x0862,0x0862,0x0862,0x0862,0x0862,0x0862,0x0862,0x0862,0x0862,0x0862,0x0862,
  0x0862,0x0862,0x0862,0x0862,0x0862,0x0862,0x0862,0x0862,0x0862,0x0862,0x0862,0x0862,0x0862,0x0862,0x0862,0x0862,
  0x0862,0x0862,0x0862,0x0862,0x0862,0x0862,0x0862,0x0862,0x0000,0x0021,0x0021,0x0041,0x0862,0x0063,0x0862,0x0084,
  0x0084,0x00A4,0x00A4,0x00A4,0x00E6,0x00E6,0x00E6,0x00E6,0x00E6,0x00E6,0x00E6,0x00E6,0x00E6,0x00A4,0x00A4,0x00A4,
  0x0084,0x0084,0x0862,0x0063,0x0862,0x0041,0x0021,0x0021,0x0000,0x0862,0x0862,0x0862,0x0862,0x0862,0x0862,0x0862,
  0x0862,0x0862,0x0862,0x0862,0x0862,0x0862,0x0862,0x0862,0x0862,0x0862,0x0862,0x0862,0x0862,0x0862,0x0862,0x0862,
  0x0862,0x0862,0x0862,0x0862,0x0862,0x0862,0x0862,0x0862,0x0862,0x0862,0x0862,0x0862,0x0862,0x0862,0x0862,0x0862,
  0x0862,0x0862,0x0862,0x0862,0x0862,0x0862,0x0862,0x0862,0x0862,0x0000,0x0862,0x0021,0x0041,0x0041,0x0063,0x0063,
  0x0063,0x0084,0x0084,0x0084,0x00A4,0x00A4,0x00A4,0x00A4,0x00A4,0x00A4,0x00A4,0x00A4,0x00A4,0x0084,0x0084,0x0084,
  0x0063,0x0063,0x0063,0x0041,0x0041,0x0021,0x0862,0x0000,0x0862,0x0862,0x0862,0x0862,0x0862,0x0862,0x0862,0x0862,
  0x0862,0x0862,0x0862,0x0862,0x0862,0x0862,0x0862,0x0862,0x0862,0x0862,0x0862,0x0862,0x0862,0x0862,0x0862,0x0862,
  0x0862,0x0862,0x0862,0x0862,0x0862,0x0862,0x0862,0x0862,0x0862,0x0862,0x0862,0x0862,0x0862,0x0862,0x0862,0x0862,
  0x0862,0x0862,0x0862,0x0862,0x0862,0x0862,0x0862,0x0862,0x0862,0x0862,0x0000,0x0000,0x0021,0x0021,0x0041,0x0041,
  0x0862,0x0063,0x0063,0x0063,0x0084,0x0084,0x0084,0x0084,0x0084,0x0084,0x0084,0x0084,0x0084,0x0063,0x0063,0x0063,
  0x0862,0x0041,0x0041,0x0021,0x0021,0x0000,0x0000,0x0862,0x0862,0x0862,0x0862,0x0862,0x0862,0x0862,0x0862,0x0862,
  0x0862,0x0862,0x0862,0x0862,0x0862,0x0862,0x0862,0x0862,0x0862,0x0862,0x0862,0x0862,0x0862,0x0862,0x0862,0x0862,
  0x0862,0x0862,0x0862,0x0862,0x0862,0x0862,0x0862,0x0862,0x0862,0x0862,0x0862,0x0862,0x0862,0x0862,0x0862,0x0862,
  0x0862,0x0862,0x0862,0x0862,0x0862,0x0862,0x0862,0x0862,0x0862,0x0862,0x0862,0x0862,0x0000,0x0000,0x0021,0x0021,
  0x0041,0x0041,0x0041,0x0041,0x0063,0x0063,0x0063,0x0063,0x0063,0x0063,0x0063,0x0063,0x0063,0x0041,0x0041,0x0041,
  0x0041,0x0021,0x0021,0x0000,0x0000,0x0862,0x0862,0x0862,0x0862,0x0862,0x0862,0x0862,0x0862,0x0862,0x0862,0x0862,
  0x0862,0x0862,0x0862,0x0862,0x0862,0x0862,0x0862,0x0862,0x0862,0x0862,0x0862,0x0862,0x0862,0x0862,0x0862,0x0862,
  0x0862,0x0862,0x0862,0x0862,0x0862,0x0862,0x0862,0x0862,0x0862,0x0862,0x0862,0x0862,0x0862,0x0862,0x0862,0x0862,
  0x0862,0x0862,0x0862,0x0862,0x0862,0x0862,0x0862,0x0862,0x0862,0x0862,0x0862,0x0862,0x0862,0x0862,0x0000,0x0000,
  0x0021,0x0021,0x0021,0x0021,0x0041,0x0041,0x0041,0x0041,0x0041,0x0041,0x0041,0x0041,0x0041,0x0021,0x0021,0x0021,
  0x0021,0x0000,0x0000,0x0862,0x0862,0x0862,0x0862,0x0862,0x0862,0x0862,0x0862,0x0862,0x0862,0x0862,0x0862,0x0862,
  0x0862,0x0862,0x0862,0x0862,0x0862,0x0862,0x0862,0x0862,0x0862,0x0862,0x0862,0x0862,0x0862,0x0862,0x0862,0x0862,
  0x0862,0x0862,0x0862,0x0862,0x0862,0x0862,0x0862,0x0862,0x1905,0x0862,0x0862,0x0862,0x0862,0x0862,0x0862,0x0862,
  0x0862,0x0862,0x0862,0x0862,0x0862,0x0862,0x0862,0x0862,0x1905,0x0862,0x0862,0x0862,0x0862,0x0862,0x0862,0x0862,
  0x0000,0x0000,0x0000,0x0000,0x0021,0x0021,0x0021,0x0021,0x1905,0x0021,0x0021,0x0021,0x0021,0x0000,0x0000,0x0000,
  0x0000,0x0862,0x0862,0x0862,0x0862,0x0862,0x0862,0x0862,0x1905,0x0862,0x0862,0x0862,0x0862,0x0862,0x0862,0x0862,
  0x0862,0x0862,0x0862,0x0862,0x0862,0x0862,0x0862,0x0862,0x1905,0x0862,0x0862,0x0862,0x0862,0x0862,0x0862,0x0862,
  0x0862,0x0862,0x0862,0x0862,0x0862,0x0862,0x0862,0x1905,0x1905,0x1905,0x0862,0x0862,0x0862,0x0862,0x0862,0x0862,
  0x0862,0x0862,0x0862,0x0862,0x0862,0x0862,0x0862,0x1905,0x1905,0x1905,0x0862,0x0862,0x0862,0x0862,0x0862,0x0862,
  0x0862,0x0862,0x0862,0x0862,0x0000,0x0000,0x0000,0x1905,0x1905,0x1905,0x0000,0x0000,0x0000,0x0862,0x0862,0x0862,
  0x0862,0x0862,0x0862,0x0862,0x0862,0x0862,0x0862,0x1905,0x1905,0x1905,0x0862,0x0862,0x0862,0x0862,0x0862,0x0862,
  0x0862,0x0862,0x0862,0x0862,0x0862,0x0862,0x0862,0x1905,0x1905,0x1905,0x0862,0x0862,0x0862,0x0862,0x0862,0x0862,
  0x0862,0x0862,0x0862,0x0862,0x0862,0x0862,0x0862,0x0862,0x1905,0x0862,0x0862,0x0862,0x0862,0x0862,0x0862,0x0862,
  0x0862,0x0862,0x0862,0x0862,0x0862,0x0862,0x0862,0x0862,0x1905,0x0862,0x0862,0x0862,0x0862,0x0862,0x0862,0x0862,
  0x0862,0x0862,0x0862,0x0862,0x0862,0x0862,0x0862,0x0862,0x1905,0x0862,0x0862,0x0862,0x0862,0x0862,0x0862,0x0862,
  0x0862,0x0862,0x0862,0x0862,0x0862,0x0862,0x0862,0x0862,0x1905,0x0862,0x0862,0x0862,0x0862,0x0862,0x0862,0x0862,
  0x0862,0x0862,0x0862,0x0862,0x0862,0x0862,0x0862,0x0862,0x1905,0x0862,0x0862,0x0862,0x0862,0x0862,0x0862,0x0862,
  0x0862,0x0862,0x0862,0x0862,0x0862,0x0862,0x0862,0x0862,0x0862,0x0862,0x0862,0x0862,0x0862,0x0862,0x0862,0x0862,
  0x0862,0x0862,0x0862,0x0862,0x0862,0x0862,0x0862,0x0862,0x0862,0x0862,0x0862,0x0862,0x0862,0x0862,0x0862,0x0862,
  0x0862,0x0862,0x0862,0x0862,0x0862,0x0862,0x0862,0x0862,0x0862,0x0862,0x0862,0x0862,0x0862,0x0862,0x0862,0x0862,
  0x0862,0x0862,0x0862,0x0862,0x0862,0x0862,0x0862,0x0862,0x0862,0x0862,0x0862,0x0862,0x0862,0x0862,0x0862,0x0862,
  0x0862,0x0862,0x0862,0x0862,0x0862,0x0862,0x0862,0x0862,0x0862,0x0862,0x0862,0x0862,0x0862,0x0862,0x0862,0x0862,
  0x0862,0x0862,0x0862,0x0862,0x0862,0x0862,0x0862,0x0862,0x0862,0x0862,0x0862,0x0862,0x0862,0x0862,0x0862,0x0862,
  0x0862,0x0862,0x0862,0x0862,0x0862,0x0862,0x0862,0x0862,0x0862,0x0862,0x0862,0x0862,0x0862,0x0862,0x0862,0x0862,
  0x0862,0x0862,0x0862,0x0862,0x0862,0x0862,0x0862,0x0862,0x0862,0x0862,0x0862,0x0862,0x0862,0x0862,0x0862,0x0862,
  0x0862,0x0862,0x0862,0x0862,0x0862,0x0862,0x0862,0x0862,0x0862,0x0862,0x0862,0x0862,0x0862,0x0862,0x0862,0x0862,
  0x0862,0x0862,0x0862,0x0862,0x0862,0x0862,0x0862,0x0862,0x0862,0x0862,0x0862,0x0862,0x0862,0x0862,0x0862,0x0862,
  0x0862,0x0862,0x0862,0x0862,0x0862,0x0862,0x0862,0x0862,0x0862,0x0862,0x0862,0x0862,0x0862,0x0862,0x0862,0x0862,
  0x0862,0x0862,0x0862,0x0862,0x0862,0x0862,0x0862,0x0862,0x0862,0x0862,0x0862,0x0862,0x0862,0x0862,0x0862,0x0862,
  0x0862,0x0862,0x0862,0x0862,0x0862,0x0862,0x0862,0x0862,0x0862,0x0862,0x0862,0x0862,0x0862,0x0862,0x0862,0x0862,
  0x0862,0x0862,0x0862,0x0862,0x0862,0x0862,0x0862,0x0862,0x0862,0x0862,0x0862,0x0862,0x0862,0x0862,0x0862,0x0862,
  0x0862,0x0862,0x0862,0x0862,0x0862,0x0862,0x0862,0x0862,0x0862,0x0862,0x0862,0x0862,0x0862,0x0862,0x0862,0x0862,
  0x0862,0x0862,0x0862,0x0862,0x0862,0x0862,0x0862,0x0862,0x0862,0x0862,0x0862,0x0862,0x0862,0x0862,0x0862,0x0862,
  0x0862,0x0862,0x0862,0x0862,0x0862,0x0862,0x0862,0x0862,0x0862,0x0862,0x0862,0x0862,0x0862,0x0862,0x0862,0x0862,
  0x0862,0x0862,0x0862,0x0862,0x0862,0x0862,0x0862,0x0862,0x0862,0x0862,0x0862,0x0862,0x0862,0x0862,0x0862,0x0862,
  0x0862,0x0862,0x0862,0x0862,0x0862,0x0862,0x0862,0x0862,0x0862,0x0862,0x0862,0x0862,0x0862,0x0862,0x0862,0x0862,
  0x0862,0x0862,0x0862,0x0862,0x0862,0x0862,0x0862,0x0862,0x0862,0x0862,0x0862,0x0862,0x0862,0x0862,0x0862,0x0862,
  0x0862,0x0862,0x0862,0x0862,0x0862,0x0862,0x0862,0x0862,0x0862,0x0862,0x0862,0x0862,0x0862,0x0862,0x0862,0x0862,
  0x0862,0x0862,0x0862,0x0862,0x0862,0x0862,0x0862,0x0862,0x0862,0x0862,0x0862,0x0862,0x0862,0x0862,0x0862,0x0862,
  0x0862,0x0862,0x0862,0x0862,0x0862,0x0862,0x0862,0x0862,0x0862,0x0862,0x0862,0x0862,0x0862,0x0862,0x0862,0x0862,
  0x0862,0x0862,0x0862,0x0862,0x0862,0x0862,0x0862,0x0862,0x0862,0x0862,0x0862,0x0862,0x0862,0x0862,0x0862,0x0862,
  0x0862,0x0862,0x0862,0x0862,0x0862,0x0862,0x0862,0x0862,0x0862,0x0862,0x0862,0x0862,0x0862,0x0862,0x0862,0x0862,
  0x0862,0x0862,0x0862,0x0862,0x0862,0x0862,0x0862,0x0862,0x0862,0x0862,0x0862,0x0862,0x0862,0x0862,0x0862,0x0862,
  0x0862,0x0862,0x0862,0x0862,0x0862,0x0862,0x0862,0x0862,0x0862,0x0862,0x0862,0x0862,0x0862,0x0862,0x0862,0x0862,
  0x0862,0x0862,0x0862,0x0862,0x0862,0x0862,0x0862,0x0862,0x0862,0x0862,0x0862,0x0862,0x0862,0x0862,0x0862,0x0862,
  0x0862,0x0862,0x0862,0x0862,0x0862,0x0862,0x0862,0x0862,0x0862,0x0862,0x0862,0x0862,0x0862,0x0862,0x0862,0x0862,
  0x0862,0x0862,0x0862,0x0862,0x0862,0x0862,0x0862,0x0862,0x0862,0x0862,0x0862,0x0862,0x0862,0x0862,0x0862,0x0862,
  0x0862,0x0862,0x0862,0x0862,0x0862,0x0862,0x0862,0x0862,0x0862,0x0862,0x0862,0x0862,0x0862,0x0862,0x0862,0x0862,
  0x0862,0x0862,0x0862,0x0862,0x0862,0x0862,0x0862,0x0862,0x0862,0x0862,0x0862,0x0862,0x0862,0x0862,0x0862,0x0862,
  0x0862,0x0862,0x0862,0x0862,0x0862,0x0862,0x0862,0x0862,0x0862,0x0862,0x0862,0x0862,0x0862,0x0862,0x0862,0x0862,
  0x0862,0x0862,0x0862,0x0862,0x0862,0x0862,0x0862,0x0862,0x0862,0x0862,0x0862,0x0862,0x0862,0x0862,0x0862,0x0862,
  0x0862,0x0862,0x0862,0x0862,0x0862,0x0862,0x0862,0x0862,0x0862,0x0862,0x0862,0x0862,0x0862,0x0862,0x0862,0x0862,
  0x0862,0x0862,0x0862,0x0862,0x0862,0x0862,0x0862,0x0862,0x0862,0x0862,0x0862,0x0862,0x0862,0x0862,0x0862,0x0862,
  0x0862,0x0862,0x0862,0x0862,0x0862,0x0862,0x0862,0x0862,0x0862,0x0862,0x0862,0x0862,0x0862,0x0862,0x0862,0x0862,
  0x0862,0x0862,0x0862,0x0862,0x0862,0x0862,0x0862,0x0862,0x0862,0x0862,0x0862,0x0862,0x0862,0x0862,0x0862,0x0862,
  0x0862,0x0862,0x0862,0x0862,0x0862,0x0862,0x0862,0x0862,0x0862,0x0862,0x0862,0x0862,0x0862,0x0862,0x0862,0x0862,
  0x0862,0x0862,0x0862,0x0862,0x0862,0x0862,0x0862,0x0862,0x0862,0x0862,0x0862,0x0862,0x0862,0x0862,0x0862,0x0862,
  0x0862,0x0862,0x0862,0x0862,0x0862,0x0862,0x0862,0x0862,0x0862,0x0862,0x0862,0x0862,0x0862,0x0862,0x0862,0x0862,
  0x0862,0x0862,0x0862,0x0862,0x0862,0x0862,0x0862,0x0862,0x0862,0x0862,0x0862,0x0862,0x0862,0x0862,0x0862,0x0862,
  0x0862,0x0862,0x0862,0x0862,0x0862,0x0862,0x0862,0x0862,0x0862,0x0862,0x0862,0x0862,0x0862,0x0862,0x0862,0x0862,
  0x0862,0x0862,0x0862,0x0862,0x0862,0x0862,0x0862,0x0862,0x0862,0x0862,0x0862,0x0862,0x0862,0x0862,0x0862,0x0862,
  0x0862,0x0862,0x0862,0x0862,0x0862,0x0862,0x0862,0x0862,0x0862,0x0862,0x0862,0x0862,0x0862,0x0862,0x0862,0x0862,
  0x0862,0x0862,0x0862,0x0862,0x0862,0x0862,0x0862,0x0862,0x0862,0x0862,0x0862,0x0862,0x0862,0x0862,0x0862,0x0862,
  0x0862,0x0862,0x0862,0x0862,0x0862,0x0862,0x0862,0x0862,0x0862,0x0862,0x0862,0x0862,0x0862,0x0862,0x0862,0x0862,
  0x0862,0x0862,0x0862,0x0862,0x0862,0x0862,0x0862,0x0862,0x0862,0x0862,0x0862,0x0862,0x0862,0x0862,0x0862,0x0862,
  0x0862,0x0862,0x0862,0x0862,0x0862,0x0862,0x0862,0x0862,0x0862,0x0862,0x0862,0x0862,0x0862,0x0862,0x0862,0x0862,
  0x0862,0x0862,0x0862,0x0862,0x0862,0x0862,0x0862,0x0862,0x0862,0x0862,0x0862,0x0862,0x0862,0x0862,0x0862,0x0862,
  0x0862,0x0862,0x0862,0x0862,0x0862,0x0862,0x0862,0x0862,0x0862,0x0862,0x0862,0x0862,0x0862,0x0862,0x0862,0x0862,
  0x0862,0x0862,0x0862,0x0862,0x0862,0x0862,0x0862,0x0862,0x0862,0x0862,0x0862,0x0862,0x0862,0x0862,0x0862,0x0862,
  0x0862,0x0862,0x0862,0x0862,0x0862,0x0862,0x0862,0x0862,0x0862,0x0862,0x0862,0x0862,0x0862,0x0862,0x0862,0x0862,
  0x0862,0x0862,0x0862,0x0862,0x0862,0x0862,0x0862,0x0862,0x0862,0x0862,0x0862,0x0862,0x0862,0x0862,0x0862,0x0862,
  0x0862,0x0862,0x0862,0x0862,0x0862,0x0862,0x0862,0x0862,0x0862,0x0862,0x0862,0x0862,0x0862,0x0862,0x0862,0x0862,
  0x0862,0x0862,0x0862,0x0862,0x0862,0x0862,0x0862,0x0862,0x0862,0x0862,0x0862,0x0862,0x0862,0x0862,0x0862,0x0862,
  0x0862,0x0862,0x0862,0x0862,0x0862,0x0862,0x0862,0x0862,0x0862,0x0862,0x0862,0x0862,0x0862,0x0862,0x0862,0x0862,
  0x0862,0x0862,0x0862,0x0862,0x0862,0x0862,0x0862,0x0862,0x0862,0x0862,0x0862,0x0862,0x0862,0x0862,0x0862,0x0862,
  0x0862,0x0862,0x0862,0x0862,0x0862,0x0862,0x0862,0x0862,0x0862,0x0862,0x0862,0x0862,0x0862,0x0862,0x0862,0x0862,
  0x0862,0x0862,0x0862,0x0862,0x0862,0x0862,0x0862,0x0862,0x0862,0x0862,0x0862,0x0862,0x0862,0x0862,0x0862,0x0862,
  0x0862,0x0862,0x0862,0x0862,0x0862,0x0862,0x0862,0x0862,0x0862,0x0862,0x0862,0x0862,0x0862,0x0862,0x0862,0x0862,
  0x0862,0x0862,0x0862,0x0862,0x0862,0x0862,0x0862,0x0862,0x0862,0x0862,0x0862,0x0862,0x0862,0x0862,0x0862,0x0862,
  0x0862,0x0862,0x0862,0x0862,0x0862,0x0862,0x0862,0x0862,0x0862,0x0862,0x0862,0x0862,0x0862,0x0862,0x0862,0x0862,
  0x0862,0x0862,0x0862,0x0862,0x0862,0x0862,0x0862,0x0862,0x0862,0x0862,0x0862,0x0862,0x0862,0x0862,0x0862,0x0862,
  0x0862,0x0862,0x0862,0x0862,0x0862,0x0862,0x0862,0x0862,0x0862,0x0862,0x0862,0x0862,0x0862,0x0862,0x0862,0x0862,
  0x0862,0x0862,0x0862,0x0862,0x0862,0x0862,0x0862,0x0862,0x1905,0x0862,0x0862,0x0862,0x0862,0x0862,0x0862,0x0862,
  0x0862,0x0862,0x0862,0x0862,0x0862,0x0862,0x0862,0x0862,0x1905,0x0862,0x0862,0x0862,0x0862,0x0862,0x0862,0x0862,
  0x0862,0x0862,0x0862,0x0862,0x0862,0x0862,0x0862,0x0862,0x1905,0x0862,0x0862,0x0862,0x0862,0x0862,0x0862,0x0862,
  0x0862,0x0862,0x0862,0x0862,0x0862,0x0862,0x0862,0x0862,0x1905,0x0862,0x0862,0x0862,0x0862,0x0862,0x0862,0x0862,
  0x0862,0x0862,0x0862,0x0862,0x0862,0x0862,0x0862,0x0862,0x1905,0x0862,0x0862,0x0862,0x0862,0x0862,0x0862,0x0862,
  0x0862,0x0862,0x0862,0x0862,0x0862,0x0862,0x0862,0x1905,0x1905,0x1905,0x0862,0x0862,0x0862,0x0862,0x0862,0x0862,
  0x0862,0x0862,0x0862,0x0862,0x0862,0x0862,0x0862,0x1905,0x1905,0x1905,0x0862,0x0862,0x0862,0x0862,0x0862,0x0862,
  0x0862,0x0862,0x0862,0x0862,0x0862,0x0862,0x0862,0x1905,0x1905,0x1905,0x0862,0x0862,0x0862,0x0862,0x0862,0x0862,
  0x0862,0x0862,0x0862,0x0862,0x0862,0x0862,0x0862,0x1905,0x1905,0x1905,0x0862,0x0862,0x0862,0x0862,0x0862,0x0862,
  0x0862,0x0862,0x0862,0x0862,0x0862,0x0862,0x0862,0x1905,0x1905,0x1905,0x0862,0x0862,0x0862,0x0862,0x0862,0x0862,
  0x0862,0x0862,0x0862,0x0862,0x0862,0x0862,0x0862,0x0862,0x1905,0x0862,0x0862,0x0862,0x0862,0x0862,0x0862,0x0862,
  0x0862,0x0862,0x0862,0x0862,0x0862,0x0862,0x0862,0x0862,0x1905,0x0862,0x0862,0x0862,0x0862,0x0862,0x0862,0x0862,
  0x0862,0x0862,0x0862,0x0862,0x0862,0x0862,0x0862,0x0862,0x1905,0x0862,0x0862,0x0862,0x0862,0x0862,0x0862,0x0862,
  0x0862,0x0862,0x0862,0x0862,0x0862,0x0862,0x0862,0x0862,0x1905,0x0862,0x0862,0x0862,0x0862,0x0862,0x0862,0x0862,
  0x0862,0x0862,0x0862,0x0862,0x0862,0x0862,0x0862,0x0862,0x1905,0x0862,0x0862,0x0862,0x0862,0x0862,0x0862,0x0862,
  0x0862,0x0862,0x0862,0x0862,0x0862,0x0862,0x0862,0x0862,0x0862,0x0862,0x0862,0x0862,0x0862,0x0862,0x0862,0x0862,
  0x0862,0x0862,0x0862,0x0862,0x0862,0x0862,0x0862,0x0862,0x0862,0x0862,0x0862,0x0862,0x0862,0x0862,0x0862,0x0862,
  0x0862,0x0862,0x0862,0x0862,0x0862,0x0862,0x0862,0x0862,0x0862,0x0862,0x0862,0x0862,0x0862,0x0862,0x0862,0x0862,
  0x0862,0x0862,0x0862,0x0862,0x0862,0x0862,0x0862,0x0862,0x0862,0x0862,0x0862,0x0862,0x0862,0x0862,0x0862,0x0862,
  0x0862,0x0862,0x0862,0x0862,0x0862,0x0862,0x0862,0x0862,0x0862,0x0862,0x0862,0x0862,0x0862,0x0862,0x0862,0x0862,
  0x0862,0x0862,0x0862,0x0862,0x0862,0x0862,0x0862,0x0862,0x0862,0x0862,0x0862,0x0862,0x0862,0x0862,0x0862,0x0862,
  0x0862,0x0862,0x0862,0x0862,0x0862,0x0862,0x0862,0x0862,0x0862,0x0862,0x0862,0x0862,0x0862,0x0862,0x0862,0x0862,
  0x0862,0x0862,0x0862,0x0862,0x0862,0x0862,0x0862,0x0862,0x0862,0x0862,0x0862,0x0862,0x0862,0x0862,0x0862,0x0862,
  0x0862,0x0862,0x0862,0x0862,0x0862,0x0862,0x0862,0x0862,0x0862,0x0862,0x0862,0x0862,0x0862,0x0862,0x0862,0x0862,
  0x0862,0x0862,0x0862,0x0862,0x0862,0x0862,0x0862,0x0862,0x0862,0x0862,0x0862,0x0862,0x0862,0x0862,0x0862,0x0862,
  0x0862,0x0862,0x0862,0x0862,0x0862,0x0862,0x0862,0x0862,0x0862,0x0862,0x0862,0x0862,0x0862,0x0862,0x0862,0x0862,
  0x0862,0x0862,0x0862,0x0862,0x0862,0x0862,0x0862,0x0862,0x0862,0x0862,0x0862,0x0862,0x0862,0x0862,0x0862,0x0862,
  0x0862,0x0862,0x0862,0x0862,0x0862,0x0862,0x0862,0x0862,0x0862,0x0862,0x0862,0x0862,0x0862,0x0862,0x0862,0x0862,
  0x0862,0x0862,0x0862,0x0862,0x0862,0x0862,0x0862,0x0862,0x0862,0x0862,0x0862,0x0862,0x0862,0x0862,0x0862,0x0862,
  0x0862,0x0862,0x0862,0x0862,0x0862,0x0862,0x0862,0x0862,0x0862,0x0862,0x0862,0x0862,0x0862,0x0862,0x0862,0x0862,
  0x0862,0x0862,0x0862,0x0862,0x0862,0x0862,0x0862,0x0862,0x0862,0x0862,0x0862,0x0862,0x0862,0x0862,0x0862,0x0862,
  0x0862,0x0862,0x0862,0x0862,0x0862,0x0862,0x0862,0x0862,0x0862,0x0862,0x0862,0x0862,0x0862,0x0862,0x0862,0x0862,
  0x0862,0x0862,0x0862,0x0862,0x0862,0x0862,0x0862,0x0862,0x0862,0x0862,0x0862,0x0862,0x0862,0x0862,0x0862,0x0862,
  0x0862,0x0862,0x0862,0x0862,0x0862,0x0862,0x0862,0x0862,0x0862,0x0862,0x0862,0x0862,0x0862,0x0862,0x0862,0x0862,
  0x0862,0x0862,0x0862,0x0862,0x0862,0x0862,0x0862,0x0862,0x0862,0x0862,0x0862,0x0862,0x0862,0x0862,0x0862,0x0862,
  0x0862,0x0862,0x0862,0x0862,0x0862,0x0862,0x0862,0x0862,0x0862,0x0862,0x0862,0x0862,0x0862,0x0862,0x0862,0x0862,
  0x0862,0x0862,0x0862,0x0862,0x0862,0x0862,0x0862,0x0862,0x0862,0x0862,0x0862,0x0862,0x0862,0x0862,0x0862,0x0862,
  0x0862,0x0862,0x0862,0x0862,0x0862,0x0862,0x0862,0x0862,0x0862,0x0862,0x0862,0x0862,0x0862,0x0862,0x0862,0x0862,
  0x0862,0x0862,0x0862,0x0862,0x0862,0x0862,0x0862,0x0862,0x0862,0x0862,0x0862,0x0862,0x0862,0x0862,0x0862,0x0862,
  0x0862,0x0862,0x0862,0x0862,0x0862,0x0862,0x0862,0x0862,0x0862,0x0862,0x0862,0x0862,0x0862,0x0862,0x0862,0x0862,
  0x0862,0x0862,0x0862,0x0862,0x0862,0x0862,0x0862,0x0862,0x0862,0x0862,0x0862,0x0862,0x0862,0x0862,0x0862,0x0862,
  0x0862,0x0862,0x0862,0x0862,0x0862,0x0862,0x0862,0x0862,0x0862,0x0862,0x0862,0x0862,0x0862,0x0862,0x0862,0x0862,
  0x0862,0x0862,0x0862,0x0862,0x0862,0x0862,0x0862,0x0862,0x0862,0x0862,0x0862,0x0862,0x0862,0x0862,0x0862,0x0862,
  0x0862,0x0862,0x0862,0x0862,0x0862,0x0862,0x0862,0x0862,0x0862,0x0862,0x0862,0x0862,0x0862,0x0862,0x0862,0x0862,
  0x0862,0x0862,0x0862,0x0862,0x0862,0x0862,0x0862,0x0862,0x0862,0x0862,0x0862,0x0862,0x0862,0x0862,0x0862,0x0862,
  0x0862,0x0862,0x0862,0x0862,0x0862,0x0862,0x0862,0x0862,0x0862,0x0862,0x0862,0x0862,0x0862,0x0862,0x0862,0x0862,
  0x0862,0x0862,0x0862,0x0862,0x0862,0x0862,0x0862,0x0862,0x0862,0x0862,0x0862,0x0862,0x0862,0x0862,0x0862,0x0862,
  0x0862,0x0862,0x0862,0x0862,0x0862,0x0862,0x0862,0x0862,0x0862,0x0862,0x0862,0x0862,0x0862,0x0862,0x0862,0x0862,
  0x0862,0x0862,0x0862,0x0862,0x0862,0x0862,0x0862,0x0862,0x0862,0x0862,0x0862,0x0862,0x0862,0x0862,0x0862,0x0862,
  0x0862,0x0862,0x0862,0x0862,0x0862,0x0862,0x0862,0x0862,0x0862,0x0862,0x0862,0x0862,0x0862,0x0862,0x0862,0x0862,
  0x0862,0x0862,0x0862,0x0862,0x0862,0x0862,0x0862,0x0862,0x0862,0x0862,0x0862,0x0862,0x0862,0x0862,0x0862,0x0862,
  0x0862,0x0862,0x0862,0x0862,0x0862,0x0862,0x0862,0x0862,0x0862,0x0862,0x0862,0x0862,0x0862,0x0862,0x0862,0x0862,
  0x0862,0x0862,0x0862,0x0862,0x0862,0x0862,0x0862,0x0862,0x0862,0x0862,0x0862,0x0862,0x0862,0x0862,0x0862,0x0862,
  0x0862,0x0862,0x0862,0x0862,0x0862,0x0862,0x0862,0x0862,0x0862,0x0862,0x0862,0x0862,0x0862,0x0862,0x0862,0x0862,
  0x0862,0x0862,0x0862,0x0862,0x0862,0x0862,0x0862,0x0862,0x0862,0x0862,0x0862,0x0862,0x0862,0x0862,0x0862,0x0862,
  0x0862,0x0862,0x0862,0x0862,0x0862,0x0862,0x0862,0x0862,0x0862,0x0862,0x0862,0x0862,0x0862,0x0862,0x0862,0x0862,
  0x0862,0x0862,0x0862,0x0862,0x0862,0x0862,0x0862,0x0862,0x0862,0x0862,0x0862,0x0862,0x0862,0x0862,0x0862,0x0862,
  0x0862,0x0862,0x0862,0x0862,0x0862,0x0862,0x0862,0x0862,0x0862,0x0862,0x0862,0x0862,0x0862,0x0862,0x0862,0x0862,
  0x0862,0x0862,0x0862,0x0862,0x0862,0x0862,0x0862,0x0862,0x0862,0x0862,0x0862,0x0862,0x0862,0x0862,0x0862,0x0862,
  0x0862,0x0862,0x0862,0x0862,0x0862,0x0862,0x0862,0x0862,0x0862,0x0862,0x0862,0x0862,0x0862,0x0862,0x0862,0x0862,
  0x0862,0x0862,0x0862,0x0862,0x0862,0x0862,0x0862,0x0862,0x0862,0x0862,0x0862,0x0862,0x0862,0x0862,0x0862,0x0862,
  0x0862,0x0862,0x0862,0x0862,0x0862,0x0862,0x0862,0x0862,0x0862,0x0862,0x0862,0x0862,0x0862,0x0862,0x0862,0x0862,
  0x0862,0x0862,0x0862,0x0862,0x0862,0x0862,0x0862,0x0862,0x0862,0x0862,0x0862,0x0862,0x0862,0x0862,0x0862,0x0862,
  0x0862,0x0862,0x0862,0x0862,0x0862,0x0862,0x0862,0x0862,0x0862,0x0862,0x0862,0x0862,0x0862,0x0862,0x0862,0x0862,
  0x0862,0x0862,0x0862,0x0862,0x0862,0x0862,0x0862,0x0862,0x0862,0x0862,0x0862,0x0862,0x0862,0x0862,0x0862,0x0862,
  0x0862,0x0862,0x0862,0x0862,0x0862,0x0862,0x0862,0x0862,0x0862,0x0862,0x0862,0x0862,0x0862,0x0862,0x0862,0x0862,
  0x0862,0x0862,0x0862,0x0862,0x0862,0x0862,0x0862,0x0862,0x0862,0x0862,0x0862,0x0862,0x0862,0x0862,0x0862,0x0862,
  0x0862,0x0862,0x0862,0x0862,0x0862,0x0862,0x0862,0x0862,0x0862,0x0862,0x0862,0x0862,0x0862,0x0862,0x0862,0x0862,
  0x0862,0x0862,0x0862,0x0862,0x0862,0x0862,0x0862,0x0862,0x0862,0x0862,0x0862,0x0862,0x0862,0x0862,0x0862,0x0862,
  0x0862,0x0862,0x0862,0x0862,0x0862,0x0862,0x0862,0x0862,0x0862,0x0862,0x0862,0x0862,0x0862,0x0862,0x0862,0x0862,
  0x0862,0x0862,0x0862,0x0862,0x0862,0x0862,0x0862,0x0862,0x0862,0x0862,0x0862,0x0862,0x0862,0x0862,0x0862,0x0862,
  0x0862,0x0862,0x0862,0x0862,0x0862,0x0862,0x0862,0x0862,0x0862,0x0862,0x0862,0x0862,0x0862,0x0862,0x0862,0x0862,
  0x0862,0x0862,0x0862,0x0862,0x0862,0x0862,0x0862,0x0862,0x0862,0x0862,0x0862,0x0862,0x0862,0x0862,0x0862,0x0862,
  0x0862,0x0862,0x0862,0x0862,0x0862,0x0862,0x0862,0x0862,0x0862,0x0862,0x0862,0x0862,0x0862,0x0862,0x0862,0x0862,
  0x0862,0x0862,0x0862,0x0862,0x0862,0x0862,0x0862,0x0862,0x0862,0x0862,0x0862,0x0862,0x0862,0x0862,0x0862,0x0862,
  0x0862,0x0862,0x0862,0x0862,0x0862,0x0862,0x0862,0x0862,0x0862,0x0862,0x0862,0x0862,0x0862,0x0862,0x0862,0x0862,
  0x0862,0x0862,0x0862,0x0862,0x0862,0x0862,0x0862,0x0862,0x0862,0x0862,0x0862,0x0862,0x0862,0x0862,0x0862,0x0862,
  0x0862,0x0862,0x0862,0x0862,0x0862,0x0862,0x0862,0x0862,0x0862,0x0862,0x0862,0x0862,0x0862,0x0862,0x0862,0x0862,
  0x0862,0x0862,0x0862,0x0862,0x0862,0x0862,0x0862,0x0862,0x0862,0x0862,0x0862,0x0862,0x0862,0x0862,0x0862,0x0862,
  0x0862,0x0862,0x0862,0x0862,0x0862,0x0862,0x0862,0x0862,0x0862,0x0862,0x0862,0x0862,0x0862,0x0862,0x0862,0x0862,
  0x0862,0x0862,0x0862,0x0862,0x0862,0x0862,0x0862,0x0862,0x1905,0x0862,0x0862,0x0862,0x0862,0x0862,0x0862,0x0862,
  0x0862,0x0862,0x0862,0x0862,0x0862,0x0862,0x0862,0x0862,0x1905,0x0862,0x0862,0x0862,0x0862,0x0862,0x0862,0x0862,
  0x0862,0x0862,0x0862,0x0862,0x0862,0x0862,0x0862,0x0862,0x1905,0x0862,0x0862,0x0862,0x0862,0x0862,0x0862,0x0862,
  0x0862,0x0862,0x0862,0x0862,0x0862,0x0862,0x0862,0x0862,0x1905,0x0862,0x0862,0x0862,0x0862,0x0862,0x0862,0x0862,
  0x0862,0x0862,0x0862,0x0862,0x0862,0x0862,0x0862,0x0862,0x1905,0x0862,0x0862,0x0862,0x0862,0x0862,0x0862,0x0862,
  0x0862,0x0862,0x0862,0x0862,0x0862,0x0862,0x0862,0x1905,0x1905,0x1905,0x0862,0x0862,0x0862,0x0862,0x0862,0x0862,
  0x0862,0x0862,0x0862,0x0862,0x0862,0x0862,0x0862,0x1905,0x1905,0x1905,0x0862,0x0862,0x0862,0x0862,0x0862,0x0862,
  0x0862,0x0862,0x0862,0x0862,0x0862,0x0862,0x0862,0x1905,0x1905,0x1905,0x0862,0x0862,0x0862,0x0862,0x0862,0x0862,
  0x0862,0x0862,0x0862,0x0862,0x0862,0x0862,0x0862,0x1905,0x1905,0x1905,0x0862,0x0862,0x0862,0x0862,0x0862,0x0862,
  0x0862,0x0862,0x0862,0x0862,0x0862,0x0862,0x0862,0x1905,0x1905,0x1905,0x0862,0x0862,0x0862,0x0862,0x0862,0x0862,
  0x0862,0x0862,0x0862,0x0862,0x0862,0x0862,0x0862,0x0862,0x1905,0x0862,0x0862,0x0862,0x0862,0x0862,0x0862,0x0862,
  0x0862,0x0862,0x0862,0x0862,0x0862,0x0862,0x0862,0x0862,0x1905,0x0862,0x0862,0x0862,0x0862,0x0862,0x0862,0x0862,
  0x0862,0x0862,0x0862,0x0862,0x0862,0x0862,0x0862,0x0862,0x1905,0x0862,0x0862,0x0862,0x0862,0x0862,0x0862,0x0862,
  0x0862,0x0862,0x0862,0x0862,0x0862,0x0862,0x0862,0x0862,0x1905,0x0862,0x0862,0x0862,0x0862,0x0862,0x0862,0x0862,
  0x0862,0x0862,0x0862,0x0862,0x0862,0x0862,0x0862,0x0862,0x1905,0x0862,0x0862,0x0862,0x0862,0x0862,0x0862,0x0862,
  0x0862,0x0862,0x0862,0x0862,0x0862,0x0862,0x0862,0x0862,0x0862,0x0862,0x0862,0x0862,0x0862,0x0862,0x0862,0x0862,
  0x0862,0x0862,0x0862,0x0862,0x0862,0x0862,0x0862,0x0862,0x0862,0x0862,0x0862,0x0862,0x0862,0x0862,0x0862,0x0862,
  0x0862,0x0862,0x0862,0x0862,0x0862,0x0862,0x0862,0x0862,0x0862,0x0862,0x0862,0x0862,0x0862,0x0862,0x0862,0x0862,
  0x0862,0x0862,0x0862,0x0862,0x0862,0x0862,0x0862,0x0862,0x0862,0x0862,0x0862,0x0862,0x0862,0x0862,0x0862,0x0862,
  0x0862,0x0862,0x0862,0x0862,0x0862,0x0862,0x0862,0x0862,0x0862,0x0862,0x0862,0x0862,0x0862,0x0862,0x0862,0x0862,
  0x0862,0x0862,0x0862,0x0862,0x0862,0x0862,0x0862,0x0862,0x0862,0x0862,0x0862,0x0862,0x0862,0x0862,0x0862,0x0862,
  0x0862,0x0862,0x0862,0x0862,0x0862,0x0862,0x0862,0x0862,0x0862,0x0862,0x0862,0x0862,0x0862,0x0862,0x0862,0x0862,
  0x0862,0x0862,0x0862,0x0862,0x0862,0x0862,0x0862,0x0862,0x0862,0x0862,0x0862,0x0862,0x0862,0x0862,0x0862,0x0862,
  0x0862,0x0862,0x0862,0x0862,0x0862,0x0862,0x0862,0x0862,0x0862,0x0862,0x0862,0x0862,0x0862,0x0862,0x0862,0x0862,
  0x0862,0x0862,0x0862,0x0862,0x0862,0x0862,0x0862,0x0862,0x0862,0x0862,0x0862,0x0862,0x0862,0x0862,0x0862,0x0862,
  0x0862,0x0862,0x0862,0x0862,0x0862,0x0862,0x0862,0x0862,0x0862,0x0862,0x0862,0x0862,0x0862,0x0862,0x0862,0x0862,
  0x0862,0x0862,0x0862,0x0862,0x0862,0x0862,0x0862,0x0862,0x0862,0x0862,0x0862,0x0862,0x0862,0x0862,0x0862,0x0862,
  0x0862,0x0862,0x0862,0x0862,0x0862,0x0862,0x0862,0x0862,0x0862,0x0862,0x0862,0x0862,0x0862,0x0862,0x0862,0x0862,
  0x0862,0x0862,0x0862,0x0862,0x0862,0x0862,0x0862,0x0862,0x0862,0x0862,0x0862,0x0862,0x0862,0x0862,0x0862,0x0862,
  0x0862,0x0862,0x0862,0x0862,0x0862,0x0862,0x0862,0x0862,0x0862,0x0862,0x0862,0x0862,0x0862,0x0862,0x0862,0x0862,
  0x0862,0x0862,0x0862,0x0862,0x0862,0x0862,0x0862,0x0862,0x0862,0x0862,0x0862,0x0862,0x0862,0x0862,0x0862,0x0862,
  0x0862,0x0862,0x0862,0x0862,0x0862,0x0862,0x0862,0x0862,0x0862,0x0862,0x0862,0x0862,0x0862,0x0862,0x0862,0x0862,
  0x0862,0x0862,0x0862,0x0862,0x0862,0x0862,0x0862,0x0862,0x0862,0x0862,0x0862,0x0862,0x0862,0x0862,0x0862,0x0862,
  0x0862,0x0862,0x0862,0x0862,0x0862,0x0862,0x0862,0x0862,0x0862,0x0862,0x0862,0x0862,0x0862,0x0862,0x0862,0x0862,
  0x0862,0x0862,0x0862,0x0862,0x0862,0x0862,0x0862,0x0862,0x0862,0x0862,0x0862,0x0862,0x0862,0x0862,0x0862,0x0862,
  0x0862,0x0862,0x0862,0x0862,0x0862,0x0862,0x0862,0x0862,0x0862,0x0862,0x0862,0x0862,0x0862,0x0862,0x0862,0x0862,
  0x0862,0x0862,0x0862,0x0862,0x0862,0x0862,0x0862,0x0862,0x0862,0x0862,0x0862,0x0862,0x0862,0x0862,0x0862,0x0862,
  0x0862,0x0862,0x0862,0x0862,0x0862,0x0862,0x0862,0x0862,0x0862,0x0862,0x0862,0x0862,0x0862,0x0862,0x0862,0x0862,
  0x0862,0x0862,0x0862,0x0862,0x0862,0x0862,0x0862,0x0862,0x0862,0x0862,0x0862,0x0862,0x0862,0x0862,0x0862,0x0862,
  0x0862,0x0862,0x0862,0x0862,0x0862,0x0862,0x0862,0x0862,0x0862,0x0862,0x0862,0x0862,0x0862,0x0862,0x0862,0x0862,
  0x0862,0x0862,0x0862,0x0862,0x0862,0x0862,0x0862,0x0862,0x0862,0x0862,0x0862,0x0862,0x0862,0x0862,0x0862,0x0862,
  0x0862,0x0862,0x0862,0x0862,0x0862,0x0862,0x0862,0x0862,0x0862,0x0862,0x0862,0x0862,0x0862,0x0862,0x0862,0x0862,
  0x0862,0x0862,0x0862,0x0862,0x0862,0x0862,0x0862,0x0862,0x0862,0x0862,0x0862,0x0862,0x0862,0x0862,0x0862,0x0862,
  0x0862,0x0862,0x0862,0x0862,0x0862,0x0862,0x0862,0x0862,0x0862,0x0862,0x0862,0x0862,0x0862,0x0862,0x0862,0x0862,
  0x0862,0x0862,0x0862,0x0862,0x0862,0x0862,0x0862,0x0862,0x0862,0x0862,0x0862,0x0862,0x0862,0x0862,0x0862,0x0862,
  0x0862,0x0862,0x0862,0x0862,0x0862,0x0862,0x0862,0x0862,0x0862,0x0862,0x0862,0x0862,0x0862,0x0862,0x0862,0x0862,
  0x0862,0x0862,0x0862,0x0862,0x0862,0x0862,0x0862,0x0862,0x0862,0x0862,0x0862,0x0862,0x0862,0x0862,0x0862,0x0862,
  0x0862,0x0862,0x0862,0x0862,0x0862,0x0862,0x0862,0x0862,0x0862,0x0862,0x0862,0x0862,0x0862,0x0862,0x0862,0x0862,
  0x0862,0x0862,0x0862,0x0862,0x0862,0x0862,0x0862,0x0862,0x0862,0x0862,0x0862,0x0862,0x0862,0x0862,0x0862,0x0862,
  0x0862,0x0862,0x0862,0x0862,0x0862,0x0862,0x0862,0x0862,0x0862,0x0862,0x0862,0x0862,0x0862,0x0862,0x0862,0x0862,
  0x0862,0x0862,0x0862,0x0862,0x0862,0x0862,0x0862,0x0862,0x0862,0x0862,0x0862,0x0862,0x0862,0x0862,0x0862,0x0862,
  0x0862,0x0862,0x0862,0x0862,0x0862,0x0862,0x0862,0x0862,0x0862,0x0862,0x0862,0x0862,0x0862,0x0862,0x0862,0x0862,
  0x0862,0x0862,0x0862,0x0862,0x0862,0x0862,0x0862,0x0862,0x0862,0x0862,0x0862,0x0862,0x0862,0x0862,0x0862,0x0862,
  0x0862,0x0862,0x0862,0x0862,0x0862,0x0862,0x0862,0x0862,0x0862,0x0862,0x0862,0x0862,0x0862,0x0862,0x0862,0x0862,
  0x0862,0x0862,0x0862,0x0862,0x0862,0x0862,0x0862,0x0862,0x0862,0x0862,0x0862,0x0862,0x0862,0x0862,0x0862,0x0862,
  0x0862,0x0862,0x0862,0x0862,0x0862,0x0862,0x0862,0x0862,0x0862,0x0862,0x0862,0x0862,0x0862,0x0862,0x0862,0x0862,
  0x0862,0x0862,0x0862,0x0862,0x0862,0x0862,0x0862,0x0862,0x0862,0x0862,0x0862,0x0862,0x0862,0x0862,0x0862,0x0862,
  0x0862,0x0862,0x0862,0x0862,0x0862,0x0862,0x0862,0x0862,0x0862,0x0862,0x0862,0x0862,0x0862,0x0862,0x0862,0x0862,
  0x0862,0x0862,0x0862,0x0862,0x0862,0x0862,0x0862,0x0862,0x0862,0x0862,0x0862,0x0862,0x0862,0x0862,0x0862,0x0862,
  0x0862,0x0862,0x0862,0x0862,0x0862,0x0862,0x0862,0x0862,0x0862,0x0862,0x0862,0x0862,0x0862,0x0862,0x0862,0x0862,
  0x0862,0x0862,0x0862,0x0862,0x0862,0x0862,0x0862,0x0862,0x0862,0x0862,0x0862,0x0862,0x0862,0x0862,0x0862,0x0862,
  0x0862,0x0862,0x0862,0x0862,0x0862,0x0862,0x0862,0x0862,0x0862,0x0862,0x0862,0x0862,0x0862,0x0862,0x0862,0x0862,
  0x0862,0x0862,0x0862,0x0862,0x0862,0x0862,0x0862,0x0862,0x0862,0x0862,0x0862,0x0862,0x0862,0x0862,0x0862,0x0862,
  0x0862,0x0862,0x0862,0x0862,0x0862,0x0862,0x0862,0x0862,0x0862,0x0862,0x0862,0x0862,0x0862,0x0862,0x0862,0x0862,
  0x0862,0x0862,0x0862,0x0862,0x0862,0x0862,0x0862,0x0862,0x0862,0x0862,0x0862,0x0862,0x0862,0x0862,0x0862,0x0862,
  0x0862,0x0862,0x0862,0x0862,0x0862,0x0862,0x0862,0x0862,0x0862,0x0862,0x0862,0x0862,0x0862,0x0862,0x0862,0x0862,
  0x0862,0x0862,0x0862,0x0862,0x0862,0x0862,0x0862,0x0862,0x0862,0x0862,0x0862,0x0862,0x0862,0x0862,0x0862,0x0862,
  0x0862,0x0862,0x0862,0x0862,0x0862,0x0862,0x0862,0x0862,0x0862,0x0862,0x0862,0x0862,0x0862,0x0862,0x0862,0x0862,
  0x0862,0x0862,0x0862,0x0862,0x0862,0x0862,0x0862,0x0862,0x0862,0x0862,0x0862,0x0862,0x0862,0x0862,0x0862,0x0862,
  0x0862,0x0862,0x0862,0x0862,0x0862,0x0862,0x0862,0x0862,0x0862,0x0862,0x0862,0x0862,0x0862,0x0862,0x0862,0x0862,
  0x0862,0x0862,0x0862,0x0862,0x0862,0x0862,0x0862,0x0862,0x0862,0x0862,0x0862,0x0862,0x0862,0x0862,0x0862,0x0862,
  0x0862,0x0862,0x0862,0x0862,0x0862,0x0862,0x0862,0x0862,0x0862,0x0862,0x0862,0x0862,0x0862,0x0862,0x0862,0x0862,
  0x0862,0x0862,0x0862,0x0862,0x0862,0x0862,0x0862,0x0862,0x0862,0x0862,0x0862,0x0862,0x0862,0x0862,0x0862,0x0862,
  0x0862,0x0862,0x0862,0x0862,0x0862,0x0862,0x0862,0x0862,0x0862,0x0862,0x0862,0x0862,0x0862,0x0862,0x0862,0x0862,
  0x0862,0x0862,0x0862,0x0862,0x0862,0x0862,0x0862,0x0862,0x0862,0x0862,0x0862,0x0862,0x0862,0x0862,0x0862,0x0862,
  0x0862,0x0862,0x0862,0x0862,0x0862,0x0862,0x0862,0x0862,0x0862,0x0862,0x0862,0x0862,0x0862,0x0862,0x0862,0x0862,
  0x0862,0x0862,0x0862,0x0862,0x0862,0x0862,0x0862,0x0862,0x0862,0x0862,0x0862,0x0862,0x0862,0x0862,0x0862,0x0862,
  0x0862,0x0862,0x0862,0x0862,0x0862,0x0862,0x0862,0x0862,0x0862,0x0862,0x0862,0x0862,0x0862,0x0862,0x0862,0x0862,
  0x0862,0x0862,0x0862,0x0862,0x0862,0x0862,0x0862,0x0862,0x0862,0x0862,0x0862,0x0862,0x0862,0x0862,0x0862,0x0862,
  0x0862,0x0862,0x0862,0x0862,0x0862,0x0862,0x0862,0x0862,0x0862,0x0862,0x0862,0x0862,0x0862,0x0862,0x0862,0x0862,
  0x0862,0x0862,0x0862,0x0862,0x0862,0x0862,0x0862,0x0862,0x0862,0x0862,0x0862,0x0862,0x0862,0x0862,0x0862,0x0862,
  0x0862,0x0862,0x0862,0x0862,0x0862,0x0862,0x0862,0x0862,0x0862,0x0862,0x0862,0x0862,0x0862,0x0862,0x0862,0x0862,
  0x0862,0x0862,0x0862,0x0862,0x0862,0x0862,0x0862,0x0862,0x0862,0x0862,0x0862,0x0862,0x0862,0x0862,0x0862,0x0862,
  0x0862,0x0862,0x0862,0x0862,0x0862,0x0862,0x0862,0x0862,0x0862,0x0862,0x0862,0x0862,0x0862,0x0862,0x0862,0x0862,
  0x0862,0x0862,0x0862,0x0862,0x0862,0x0862,0x0862,0x0862,0x0862,0x0862,0x0862,0x0862,0x0862,0x0862,0x0862,0x0862,
  0x0862,0x0862,0x0862,0x0862,0x0862,0x0862,0x0862,0x0862,0x0862,0x0862,0x0862,0x0862,0x0862,0x0862,0x0862,0x0862,
  0x0862,0x0862,0x0862,0x0862,0x0862,0x0862,0x0862,0x0862,0x0862,0x0862,0x0862,0x0862,0x0862,0x0862,0x0862,0x0862,
  0x0862,0x0862,0x0862,0x0862,0x0862,0x0862,0x0862,0x0862,0x0862,0x0862,0x0862,0x0862,0x0862,0x0862,0x0862,0x0862,
  0x0862,0x0862,0x0862,0x0862,0x0862,0x0862,0x0862,0x0862,0x0862,0x0862,0x0862,0x0862,0x0862,0x0862,0x0862,0x0862,
  0x0862,0x0862,0x0862,0x0862,0x0862,0x0862,0x0862,0x0862,0x0862,0x0862,0x0862,0x0862,0x0862,0x0862,0x0862,0x0862,
  0x0862,0x0862,0x0862,0x0862,0x0862,0x0862,0x0862,0x0862,0x0862,0x0862,0x0862,0x0862,0x0862,0x0862,0x0862,0x0862,
  0x0862,0x0862,0x0862,0x0862,0x0862,0x0862,0x0862,0x0862,0x0862,0x0862,0x0862,0x0862,0x0862,0x0862,0x0862,0x0862,
  0x0862,0x0862,0x0862,0x0862,0x0862,0x0862,0x0862,0x0862,0x0862,0x0862,0x0862,0x0862,0x0862,0x0862,0x0862,0x0862,
  0x0862,0x0862,0x0862,0x0862,0x0862,0x0862,0x0862,0x0862,0x0862,0x0862,0x0862,0x0862,0x0862,0x0862,0x0862,0x0862,
  0x0862,0x0862,0x0862,0x0862,0x0862,0x0862,0x0862,0x0862,0x0862,0x0862,0x0862,0x0862,0x0862,0x0862,0x0862,0x0862,
  0x0862,0x0862,0x0862,0x0862,0x0862,0x0862,0x0862,0x0862,0x0862,0x0862,0x0862,0x0862,0x0862,0x0862,0x0862,0x0862,
  0x0862,0x0862,0x0862,0x0862,0x0862,0x0862,0x0862,0x0862,0x0862,0x0862,0x0862,0x0862,0x0862,0x0862,0x0862,0x0862,
  0x0862,0x0862,0x0862,0x0862,0x0862,0x0862,0x0862,0x0862,0x0862,0x0862,0x0862,0x0862,0x0862,0x0862,0x0862,0x0862,
  0x0862,0x0862,0x0862,0x0862,0x0862,0x0862,0x0862,0x0862,0x0862,0x0862,0x0862,0x0862,0x0862,0x0862,0x0862,0x0862,
  0x0862,0x0862,0x0862,0x0862,0x0862,0x0862,0x0862,0x0862,0x0862,0x0862,0x0862,0x0862,0x0862,0x0862,0x0862,0x0862,
  0x0862,0x0862,0x0862,0x0862,0x0862,0x0862,0x0862,0x0862,0x0862,0x0862,0x0862,0x0862,0x0862,0x0862,0x0862,0x0862,
  0x0862,0x0862,0x0862,0x0862,0x0862,0x0862,0x0862,0x0862,0x0862,0x0862,0x0862,0x0862,0x0862,0x0862,0x0862,0x0862,
  0x0862,0x0862,0x0862,0x0862,0x0862,0x0862,0x0862,0x0862,0x0862,0x0862,0x0862,0x0862,0x0862,0x0862,0x0862,0x0862,
  0x0862,0x0862,0x0862,0x0862,0x0862,0x0862,0x0862,0x0862,0x0862,0x0862,0x0862,0x0862,0x0862,0x0862,0x0862,0x0862,
  0x0862,0x0862,0x0862,0x0862,0x0862,0x0862,0x0862,0x0862,0x0862,0x0862,0x0862,0x0862,0x0862,0x0862,0x0862,0x0862,
  0x0862,0x0862,0x0862,0x0862,0x0862,0x0862,0x0862,0x0862,0x0862,0x0862,0x0862,0x0862,0x0862,0x0862,0x0862,0x0862,
  0x0862,0x0862,0x0862,0x0862,0x0862,0x0862,0x0862,0x0862,0x0862,0x0862,0x0862,0x0862,0x0862,0x0862,0x0862,0x0862,
  0x0862,0x0862,0x0862,0x0862,0x0862,0x0862,0x0862,0x0862,0x0862,0x0862,0x0862,0x0862,0x0862,0x0862,0x0862,0x0862,
  0x0862,0x0862,0x0862,0x0862,0x0862,0x0862,0x0862,0x0862,0x0862,0x0862,0x0862,0x0862,0x0862,0x0862,0x0862,0x0862,
  0x0862,0x0862,0x0862,0x0862,0x0862,0x0862,0x0862,0x0862,0x0862,0x0862,0x0862,0x0862,0x0862,0x0862,0x0862,0x0862,
  0x0862,0x0862,0x0862,0x0862,0x0862,0x0862,0x0862,0x0862,0x0862,0x0862,0x0862,0x0862,0x0862,0x0862,0x0862,0x0862,
  0x0862,0x0862,0x0862,0x0862,0x0862,0x0862,0x0862,0x0862,0x0862,0x0862,0x0862,0x0862,0x0862,0x0862,0x0862,0x0862,
  0x0862,0x0862,0x0862,0x0862,0x0862,0x0862,0x0862,0x0862,0x0862,0x0862,0x0862,0x0862,0x0862,0x0862,0x0862,0x0862,
  0x0862,0x0862,0x0862,0x0862,0x0862,0x0862,0x0862,0x0862,0x0862,0x0862,0x0862,0x0862,0x0862,0x0862,0x0862,0x0862,
  0x0862,0x0862,0x0862,0x0862,0x0862,0x0862,0x0862,0x0862,0x0862,0x0862,0x0862,0x0862,0x0862,0x0862,0x0862,0x0862,
  0x0862,0x0862,0x0862,0x0862,0x0862,0x0862,0x0862,0x0862,0x0862,0x0862,0x0862,0x0862,0x0862,0x0862,0x0862,0x0862,
  0x0862,0x0862,0x0862,0x0862,0x0862,0x0862,0x0862,0x0862,0x0862,0x0862,0x0862,0x0862,0x0862,0x0862,0x0862,0x0862,
  0x0862,0x0862,0x0862,0x0862,0x0862,0x0862,0x0862,0x0862,0x0862,0x0862,0x0862,0x0862,0x0862,0x0862,0x0862,0x0862,
  0x0862,0x0862,0x0862,0x0862,0x0862,0x0862,0x0862,0x0862,0x0862,0x0862,0x0862,0x0862,0x0862,0x0862,0x0862,0x0862,
  0x0862,0x0862,0x0862,0x0862,0x0862,0x0862,0x0862,0x0862,0x0862,0x0862,0x0862,0x0862,0x0862,0x0862,0x0862,0x0862,
  0x0862,0x0862,0x0862,0x0862,0x0862,0x0862,0x0862,0x0862,0x0862,0x0862,0x0862,0x0862,0x0862,0x0862,0x0862,0x0862,
  0x0862,0x0862,0x0862,0x0862,0x0862,0x0862,0x0862,0x0862,0x0862,0x0862,0x0862,0x0862,0x0862,0x0862,0x0862,0x0862,
  0x0862,0x0862,0x0862,0x0862,0x0862,0x0862,0x0862,0x0862,0x0862,0x0862,0x0862,0x0862,0x0862,0x0862,0x0862,0x0862,
  0x0862,0x0862,0x0862,0x0862,0x0862,0x0862,0x0862,0x0862,0x0862,0x0862,0x0862,0x0862,0x0862,0x0862,0x0862,0x0862,
  0x0862,0x0862,0x0862,0x0862,0x0862,0x0862,0x0862,0x0862,0x0862,0x0862,0x0862,0x0862,0x0862,0x0862,0x0862,0x0862,
  0x0862,0x0862,0x0862,0x0862,0x0862,0x0862,0x0862,0x0862,0x0862,0x0862,0x0862,0x0862,0x0862,0x0862,0x0862,0x0862,
  0x0862,0x0862,0x0862,0x0862,0x0862,0x0862,0x0862,0x0862,0x0862,0x0862,0x0862,0x0862,0x0862,0x0862,0x0862,0x0862,
  0x0862,0x0862,0x0862,0x0862,0x0862,0x0862,0x0862,0x0862,0x0862,0x0862,0x0862,0x0862,0x0862,0x0862,0x0862,0x0862,
  0x0862,0x0862,0x0862,0x0862,0x0862,0x0862,0x0862,0x0862,0x0862,0x0862,0x0862,0x0862,0x0862,0x0862,0x0862,0x0862,
  0x0862,0x0862,0x0862,0x0862,0x0862,0x0862,0x0862,0x0862,0x0862,0x0862,0x0862,0x0862,0x0862,0x0862,0x0862,0x0862,
  0x01EC,0x01EC,0x01EC,0x01EC,0x01EC,0x01EC,0x01EC,0x01EC,0x01EC,0x01EC,0x01EC,0x01EC,0x01EC,0x01EC,0x01EC,0x01EC,
  0x01EC,0x01EC,0x01EC,0x01EC,0x01EC,0x01EC,0x01EC,0x01EC,0x01EC,0x01EC,0x01EC,0x01EC,0x01EC,0x01EC,0x01EC,0x01EC,
  0x01EC,0x01EC,0x01EC,0x01EC,0x01EC,0x01EC,0x01EC,0x01EC,0x01EC,0x01EC,0x01EC,0x01EC,0x01EC,0x01EC,0x01EC,0x01EC,
  0x01EC,0x01EC,0x01EC,0x01EC,0x01EC,0x01EC,0x01EC,0x01EC,0x01EC,0x01EC,0x01EC,0x01EC,0x01EC,0x01EC,0x01EC,0x01EC,
  0x01EC,0x01EC,0x01EC,0x01EC,0x01EC,0x01EC,0x01EC,0x01EC,0x01EC,0x01EC,0x01EC,0x01EC,0x01EC,0x01EC,0x01EC,0x01EC,
  0x0291,0x0291,0x0291,0x0291,0x0291,0x0291,0x0291,0x0291,0x0291,0x0291,0x0291,0x0291,0x0291,0x0291,0x0291,0x0291,
  0x0291,0x0291,0x0291,0x0291,0x0291,0x0291,0x0291,0x0291,0x0291,0x0291,0x0291,0x0291,0x0291,0x0291,0x0291,0x0291,
  0x0291,0x0291,0x0291,0x0291,0x0291,0x0291,0x0291,0x0291,0x0291,0x0291,0x0291,0x0291,0x0291,0x0291,0x0291,0x0291,
  0x0291,0x0291,0x0291,0x0291,0x0291,0x0291,0x0291,0x0291,0x0291,0x0291,0x0291,0x0291,0x0291,0x0291,0x0291,0x0291,
  0x0291,0x0291,0x0291,0x0291,0x0291,0x0291,0x0291,0x0291,0x0291,0x0291,0x0291,0x0291,0x0291,0x0291,0x0291,0x0291,
  0x0336,0x0336,0x0336,0x0336,0x0336,0x0336,0x0336,0x0336,0x0336,0x0336,0x0336,0x0336,0x0336,0x0336,0x0336,0x0336,
  0x0336,0x0336,0x0336,0x0336,0x0336,0x0336,0x0336,0x0336,0x0336,0x0336,0x0336,0x0336,0x0336,0x0336,0x0336,0x0336,
  0x0336,0x0336,0x0336,0x0336,0x0336,0x0336,0x0336,0x0336,0x0336,0x0336,0x0336,0x0336,0x0336,0x0336,0x0336,0x0336,
  0x0336,0x0336,0x0336,0x0336,0x0336,0x0336,0x0336,0x0336,0x0336,0x0336,0x0336,0x0336,0x0336,0x0336,0x0336,0x0336,
  0x0336,0x0336,0x0336,0x0336,0x0336,0x0336,0x0336,0x0336,0x0336,0x0336,0x0336,0x0336,0x0336,0x0336,0x0336,0x0336,
  
};

const uint16_t THEME_SAKURA[] PROGMEM = {
  0xFEFC,0xFEFC,0xFEFC,0xFEFC,0xFEFC,0xFEFC,0xFEFC,0xFEFC,0xFEFC,0xFEFC,0xFEFC,0xFEFC,0xFEFC,0xFEFC,0xFEFC,0xFEFC,
  0xFEFC,0xFEFC,0xFEFC,0xFEFC,0xFEFC,0xFEFC,0xFEFC,0xFEFC,0xFEFC,0xFEFC,0xFEFC,0xFEFC,0xFEFC,0xFEFC,0xFEFC,0xFEFC,
  0xFEFC,0xFEFC,0xFEFC,0xFEFC,0xFEFC,0xFEFC,0xFEFC,0xFEFC,0xFEFC,0xFEFC,0xFEFC,0xFEFC,0xFEFC,0xFEFC,0xFEFC,0xFEFC,
  0xFEFC,0xFEFC,0xFEFC,0xFEFC,0xFEFC,0xFEFC,0xFEFC,0xFEFC,0xFEFC,0xFEFC,0xFEFC,0xFEFC,0xFEFC,0xFEFC,0xFEFC,0xFEFC,
  0xFEFC,0xFEFC,0xFEFC,0xFEFC,0xFEFC,0xFEFC,0xFEFC,0xFEFC,0xFEFC,0xFEFC,0xFEFC,0xFEFC,0xFEFC,0xFEFC,0xFEFC,0xFEFC,
  0xFEDC,0xFEDC,0xFEDC,0xFEDC,0xFEDC,0xFEDC,0xFEDC,0xFEDC,0xFEDC,0xFEDC,0xFEDC,0xFEDC,0xFEDC,0xFEDC,0xFEDC,0xFEDC,
  0xFEDC,0xFEDC,0xFEDC,0xFEDC,0xFEDC,0xFEDC,0xFEDC,0xFEDC,0xFEDC,0xFEDC,0xFEDC,0xFEDC,0xFEDC,0xFEDC,0xFEDC,0xFEDC,
  0xFEDC,0xFEDC,0xFEDC,0xFEDC,0xFEDC,0xFEDC,0xFEDC,0xFEDC,0xFEDC,0xFEDC,0xFEDC,0xFEDC,0xFEDC,0xFEDC,0xFEDC,0xFEDC,
  0xFEDC,0xFEDC,0xFEDC,0xFEDC,0xFEDC,0xFEDC,0xFEDC,0xFEDC,0xFEDC,0xFEDC,0xFEDC,0xFEDC,0xFEDC,0xFEDC,0xFEDC,0xFEDC,
  0xFEDC,0xFEDC,0xFEDC,0xFEDC,0xFEDC,0xFEDC,0xFEDC,0xFEDC,0xFEDC,0xFEDC,0xFEDC,0xFEDC,0xFEDC,0xFEDC,0xFEDC,0xFEDC,
  0xFEDC,0xFEDC,0xFEDC,0xFEDC,0xFEDC,0xFEDC,0xFEDC,0xFEDC,0xFEDC,0xFEDC,0xFEDC,0xFEDC,0xFEDC,0xFEDC,0xFEDC,0xFEDC,
  0xFEDC,0xFEDC,0xFEDC,0xFEDC,0xFEDC,0xFEDC,0xFEDC,0xFEDC,0xFEDC,0xFEDC,0xFEDC,0xFEDC,0xFEDC,0xFEDC,0xFEDC,0xFEDC,
  0xFEDC,0xFEDC,0xFEDC,0xFEDC,0xFEDC,0xFEDC,0xFEDC,0xFEDC,0xFEDC,0xFEDC,0xFEDC,0xFEDC,0xFEDC,0xFEDC,0xFEDC,0xFEDC,
  0xFEDC,0xFEDC,0xFEDC,0xFEDC,0xFEDC,0xFEDC,0xFEDC,0xFEDC,0xFEDC,0xFEDC,0xFEDC,0xFEDC,0xFEDC,0xFEDC,0xFEDC,0xFEDC,
  0xFEDC,0xFEDC,0xFEDC,0xFEDC,0xFEDC,0xFEDC,0xFEDC,0xFEDC,0xFEDC,0xFEDC,0xFEDC,0xFEDC,0xFEDC,0xFEDC,0xFEDC,0xFEDC,
  0xFEDC,0xFEDC,0xFEDC,0xFEDC,0xFEDC,0xFEDC,0xFEDC,0xFEDC,0xFEDC,0xFEDC,0xFEDC,0xFEDC,0xFEDC,0xFEDC,0xFEDC,0xFEDC,
  0xFEDC,0xFEDC,0xFEDC,0xFEDC,0xFEDC,0xFEDC,0xFEDC,0xFEDC,0xFEDC,0xFEDC,0xFEDC,0xFEDC,0xFEDC,0xFEDC,0xFEDC,0xFEDC,
  0xFEDC,0xFEDC,0xFEDC,0xFEDC,0xFEDC,0xFEDC,0xFEDC,0xFEDC,0xFEDC,0xFEDC,0xFEDC,0xFEDC,0xFEDC,0xFEDC,0xFEDC,0xFEDC,
  0xFEDC,0xFEDC,0xFEDC,0xFEDC,0xFEDC,0xFEDC,0xFEDC,0xFEDC,0xFEDC,0xFEDC,0xFEDC,0xFEDC,0xFEDC,0xFEDC,0xFEDC,0xFEDC,
  0xFEDC,0xFEDC,0xFEDC,0xFEDC,0xFEDC,0xFEDC,0xFEDC,0xFEDC,0xFEDC,0xFEDC,0xFEDC,0xFEDC,0xFEDC,0xFEDC,0xFEDC,0xFEDC,
  0xFEDC,0xFEDC,0xFEDC,0xFEDC,0xFEDC,0xFEDC,0xFEDC,0xFEDC,0xFEDC,0xFEDC,0xFEDC,0xFEDC,0xFEDC,0xFEDC,0xFEDC,0xFEDC,
  0xFEDC,0xFEDC,0xFEDC,0xFEDC,0xFEDC,0xFEDC,0xFEDC,0xFEDC,0xFEDC,0xFEDC,0xFEDC,0xFEDC,0xFEDC,0xFEDC,0xFEDC,0xFEDC,
  0xFEDC,0xFEDC,0xFEDC,0xFEDC,0xFEDC,0xFEDC,0xFEDC,0xFEDC,0xFEDC,0xFEDC,0xFEDC,0xFEDC,0xFEDC,0xFEDC,0xFEDC,0xFEDC,
  0xFEDC,0xFEDC,0xFEDC,0xFEDC,0xFEDC,0xFEDC,0xFEDC,0xFEDC,0xFEDC,0xFEDC,0xFEDC,0xFEDC,0xFEDC,0xFEDC,0xFEDC,0xFEDC,
  0xFEDC,0xFEDC,0xFEDC,0xFEDC,0xFEDC,0xFEDC,0xFEDC,0xFEDC,0xFEDC,0xFEDC,0xFEDC,0xFEDC,0xFEDC,0xFEDC,0xFEDC,0xFEDC,
  0xFEDC,0xFEDC,0xFEDC,0xFEDC,0xFEDC,0xFEDC,0xFEDC,0xFEDC,0xFEDC,0xFEDC,0xFEDC,0xFEDC,0xFEDC,0xFEDC,0xFEDC,0xFEDC,
  0xFEDC,0xFEDC,0xFEDC,0xFEDC,0xFEDC,0xFEDC,0xFEDC,0xFEDC,0xFEDC,0xFEDC,0xFEDC,0xFEDC,0xFEDC,0xFEDC,0xFEDC,0xFEDC,
  0xFEDC,0xFEDC,0xFEDC,0xFEDC,0xFEDC,0xFEDC,0xFEDC,0xFEDC,0xFEDC,0xFEDC,0xFEDC,0xFEDC,0xFEDC,0xFEDC,0xFEDC,0xFEDC,
  0xFEDC,0xFEDC,0xFEDC,0xFEDC,0xFEDC,0xFEDC,0xFEDC,0xFEDC,0xFEDC,0xFEDC,0xFEDC,0xFEDC,0xFEDC,0xFEDC,0xFEDC,0xFEDC,
  0xFEDC,0xFEDC,0xFEDC,0xFEDC,0xFEDC,0xFEDC,0xFEDC,0xFEDC,0xFEDC,0xFEDC,0xFEDC,0xFEDC,0xFEDC,0xFEDC,0xFEDC,0xFEDC,
  0xFEDC,0xFEDC,0xFEDC,0xFEDC,0xFEDC,0xFEDC,0xFEDC,0xFEDC,0xFEDC,0xFEDC,0xFEDC,0xFEDC,0xFEDC,0xFEDC,0xFEDC,0xFEDC,
  0xFEDC,0xFEDC,0xFEDC,0xFEDC,0xFEDC,0xFEDC,0xFEDC,0xFEDC,0xFEDC,0xFEDC,0xFEDC,0xFEDC,0xFEDC,0xFEDC,0xFEDC,0xFEDC,
  0xFEDC,0xFEDC,0xFEDC,0xFEDC,0xFEDC,0xFEDC,0xFEDC,0xFEDC,0xFEDC,0xFEDC,0xFEDC,0xFEDC,0xFEDC,0xFEDC,0xFEDC,0xFEDC,
  0xFEDC,0xFEDC,0xFEDC,0xFEDC,0xFEDC,0xFEDC,0xFEDC,0xFEDC,0xFEDC,0xFEDC,0xFEDC,0xFEDC,0xFEDC,0xFEDC,0xFEDC,0xFEDC,
  0xFEDC,0xFEDC,0xFEDC,0xFEDC,0xFEDC,0xFEDC,0xFEDC,0xFEDC,0xFEDC,0xFEDC,0xFEDC,0xFEDC,0xFEDC,0xFEDC,0xFEDC,0xFEDC,
  0xFEDC,0xFEDC,0xFEDC,0xFEDC,0xFEDC,0xFEDC,0xFEDC,0xFEDC,0xFEDC,0xFEDC,0xFEDC,0xFEDC,0xFEDC,0xFEDC,0xFEDC,0xFEDC,
  0xFEDC,0xFEDC,0xFEDC,0xFEDC,0xFEDC,0xFEDC,0xFEDC,0xFEDC,0xFEDC,0xFEDC,0xFEDC,0xFEDC,0xFEDC,0xFEDC,0xFEDC,0xFEDC,
  0xFEDC,0xFEDC,0xFEDC,0xFEDC,0xFEDC,0xFEDC,0xFEDC,0xFEDC,0xFEDC,0xFEDC,0xFEDC,0xFEDC,0xFEDC,0xFEDC,0xFEDC,0xFEDC,
  0xFEDC,0xFEDC,0xFEDC,0xFEDC,0xFEDC,0xFEDC,0xFEDC,0xFEDC,0xFEDC,0xFEDC,0xFEDC,0xFEDC,0xFEDC,0xFEDC,0xFEDC,0xFEDC,
  0xFEDC,0xFEDC,0xFEDC,0xFEDC,0xFEDC,0xFEDC,0xFEDC,0xFEDC,0xFEDC,0xFEDC,0xFEDC,0xFEDC,0xFEDC,0xFEDC,0xFEDC,0xFEDC,
  0xFEDC,0xFEDC,0xFEDC,0xFEDC,0xFEDC,0xFEDC,0xFEDC,0xFEDC,0xFEDC,0xFEDC,0xFEDC,0xFEDC,0xFEDC,0xFEDC,0xFEDC,0xFEDC,
  0xFEDC,0xFEDC,0xFEDC,0xFEDC,0xFEDC,0xFEDC,0xFEDC,0xFEDC,0xFEDC,0xFEDC,0xFEDC,0xFEDC,0xFEDC,0xFEDC,0xFEDC,0xFEDC,
  0xFEDC,0xFEDC,0xFEDC,0xFEDC,0xFEDC,0xFEDC,0xFEDC,0xFEDC,0xFEDC,0xFEDC,0xFEDC,0xFEDC,0xFEDC,0xFEDC,0xFEDC,0xFEDC,
  0xFEDC,0xFEDC,0xFEDC,0xFEDC,0xFEDC,0xFEDC,0xFEDC,0xFEDC,0xFEDC,0xFEDC,0xFEDC,0xFEDC,0xFEDC,0xFEDC,0xFEDC,0xFEDC,
  0xFEDC,0xFEDC,0xFEDC,0xFEDC,0xFEDC,0xFEDC,0xFEDC,0xFEDC,0xFEDC,0xFEDC,0xFEDC,0xFEDC,0xFEDC,0xFEDC,0xFEDC,0xFEDC,
  0xFEDC,0xFEDC,0xFEDC,0xFEDC,0xFEDC,0xFEDC,0xFEDC,0xFEDC,0xFEDC,0xFEDC,0xFEDC,0xFEDC,0xFEDC,0xFEDC,0xFEDC,0xFEDC,
  0xFEDC,0xFEDC,0xFEDC,0xFEDC,0xFEDC,0xFEDC,0xFEDC,0xFEDC,0xFEDC,0xFEDC,0xFEDC,0xFEDC,0xFEDC,0xFEDC,0xFEDC,0xFEDC,
  0xFEDC,0xFEDC,0xFEDC,0xFEDC,0xFEDC,0xFEDC,0xFEDC,0xFEDC,0xFEDC,0xFEDC,0xFEDC,0xFEDC,0xFEDC,0xFEDC,0xFEDC,0xFEDC,
  0xFEDC,0xFEDC,0xFEDC,0xFEDC,0xFEDC,0xFEDC,0xFEDC,0xFEDC,0xFEDC,0xFEDC,0xFEDC,0xFEDC,0xFEDC,0xFEDC,0xFEDC,0xFEDC,
  0xFEDC,0xFEDC,0xFEDC,0xFEDC,0xFEDC,0xFEDC,0xFEDC,0xFEDC,0xFEDC,0xFEDC,0xFEDC,0xFEDC,0xFEDC,0xFEDC,0xFEDC,0xFEDC,
  0xFEDC,0xFEDC,0xFEDC,0xFEDC,0xFEDC,0xFEDC,0xFEDC,0xFEDC,0xFEDC,0xFEDC,0xFEDC,0xFEDC,0xFEDC,0xFEDC,0xFEDC,0xFEDC,
  0xFEDC,0xFEDC,0xFEDC,0xFEDC,0xFEDC,0xFEDC,0xFEDC,0xFEDC,0xFEDC,0xFEDC,0xFEDC,0xFEDC,0xFEDC,0xFEDC,0xFEDC,0xFEDC,
  0xFEDC,0xFEDC,0xFEDC,0xFEDC,0xFEDC,0xFEDC,0xFEDC,0xFEDC,0xFEDC,0xFEDC,0xFEDC,0xFEDC,0xFEDC,0xFEDC,0xFEDC,0xFEDC,
  0xFEDC,0xFEDC,0xFEDC,0xFEDC,0xFEDC,0xFEDC,0xFEDC,0xFEDC,0xFEDC,0xFEDC,0xFEDC,0xFEDC,0xFEDC,0xFEDC,0xFEDC,0xFEDC,
  0xFEDC,0xFEDC,0xFEDC,0xFEDC,0xFEDC,0xFEDC,0xFEDC,0xFEDC,0xFEDC,0xFEDC,0xFEDC,0xFEDC,0xFEDC,0xFEDC,0xFEDC,0xFEDC,
  0xFEBC,0xFEBC,0xFEBC,0xFEBC,0xFEBC,0xFEBC,0xFEBC,0xFEBC,0xFEBC,0xFEBC,0xFEBC,0xFEBC,0xFEBC,0xFEBC,0xFEBC,0xFEBC,
  0xFEBC,0xFEBC,0xFEBC,0xFEBC,0xFEBC,0xFEBC,0xFEBC,0xFEBC,0xFEBC,0xFEBC,0xFEBC,0xFEBC,0xFEBC,0xFEBC,0xFEBC,0xFEBC,
  0xFEBC,0xFEBC,0xFEBC,0xFEBC,0xFEBC,0xFEBC,0xFEBC,0xFEBC,0xFEBC,0xFEBC,0xFEBC,0xFEBC,0xFEBC,0xFEBC,0xFEBC,0xFEBC,
  0xFEBC,0xFEBC,0xFEBC,0xFEBC,0xFEBC,0xFEBC,0xFEBC,0xFEBC,0xFEBC,0xFEBC,0xFEBC,0xFEBC,0xFEBC,0xFEBC,0xFEBC,0xFEBC,
  0xFEBC,0xFEBC,0xFEBC,0xFEBC,0xFEBC,0xFEBC,0xFEBC,0xFEBC,0xFEBC,0xFEBC,0xFEBC,0xFEBC,0xFEBC,0xFEBC,0xFEBC,0xFEBC,
  0xFEBC,0xFEBC,0xFEBC,0xFEBC,0xFEBC,0xFEBC,0xFEBC,0xFEBC,0xFEBC,0xFEBC,0xFEBC,0xFEBC,0xFEBC,0xFEBC,0xFEBC,0xFEBC,
  0xFEBC,0xFEBC,0xFEBC,0xFEBC,0xFEBC,0xFEBC,0xFEBC,0xFEBC,0xFEBC,0xFEBC,0xFEBC,0xFEBC,0xFEBC,0xFEBC,0xFEBC,0xFEBC,
  0xFEBC,0xFEBC,0xFEBC,0xFEBC,0xFEBC,0xFEBC,0xFEBC,0xFEBC,0xFEBC,0xFEBC,0xFEBC,0xFEBC,0xFEBC,0xFEBC,0xFEBC,0xFEBC,
  0xFEBC,0xFEBC,0xFEBC,0xFEBC,0xFEBC,0xFEBC,0xFEBC,0xFEBC,0xFEBC,0xFEBC,0xFEBC,0xFEBC,0xFEBC,0xFEBC,0xFEBC,0xFEBC,
  0xFEBC,0xFEBC,0xFEBC,0xFEBC,0xFEBC,0xFEBC,0xFEBC,0xFEBC,0xFEBC,0xFEBC,0xFEBC,0xFEBC,0xFEBC,0xFEBC,0xFEBC,0xFEBC,
  0xFEBC,0xFEBC,0xFEBC,0xFEBC,0xFEBC,0xFEBC,0xFEBC,0xFEBC,0xFEBC,0xFEBC,0xFEBC,0xFEBC,0xFEBC,0xFEBC,0xFEBC,0xFEBC,
  0xFEBC,0xFEBC,0xFEBC,0xFEBC,0xFEBC,0xFEBC,0xFEBC,0xFEBC,0xFEBC,0xFEBC,0xFEBC,0xFEBC,0xFEBC,0xFEBC,0xFEBC,0xFEBC,
  0xFEBC,0xFEBC,0xFEBC,0xFEBC,0xFEBC,0xFEBC,0xFEBC,0xFEBC,0xFEBC,0xFEBC,0xFEBC,0xFEBC,0xFEBC,0xFEBC,0xFEBC,0xFEBC,
  0xFEBC,0xFEBC,0xFEBC,0xFEBC,0xFEBC,0xFEBC,0xFEBC,0xFEBC,0xFEBC,0xFEBC,0xFEBC,0xFEBC,0xFEBC,0xFEBC,0xFEBC,0xFEBC,
  0xFEBC,0xFEBC,0xFEBC,0xFEBC,0xFEBC,0xFEBC,0xFEBC,0xFEBC,0xFEBC,0xFEBC,0xFEBC,0xFEBC,0xFEBC,0xFEBC,0xFEBC,0xFEBC,
  0xFEBC,0xFEBC,0xFEBC,0xFEBC,0xFEBC,0xFEBC,0xFEBC,0xFEBC,0xFEBC,0xFEBC,0xFEBC,0xFEBC,0xFEBC,0xFEBC,0xFEBC,0xFEBC,
  0xFEBC,0xFEBC,0xFEBC,0xFEBC,0xFEBC,0xFEBC,0xFEBC,0xFEBC,0xFEBC,0xFEBC,0xFEBC,0xFEBC,0xFEBC,0xFEBC,0xFEBC,0xFEBC,
  0xFEBC,0xFEBC,0xFEBC,0xFEBC,0xFEBC,0xFEBC,0xFEBC,0xFEBC,0xFEBC,0xFEBC,0xFEBC,0xFEBC,0xFEBC,0xFEBC,0xFEBC,0xFEBC,
  0xFEBC,0xFEBC,0xFEBC,0xFEBC,0xFEBC,0xFEBC,0xFEBC,0xFEBC,0xFEBC,0xFEBC,0xFEBC,0xFEBC,0xFEBC,0xFEBC,0xFEBC,0xFEBC,
  0xFEBC,0xFEBC,0xFEBC,0xFEBC,0xFEBC,0xFEBC,0xFEBC,0xFEBC,0xFEBC,0xFEBC,0xFEBC,0xFEBC,0xFEBC,0xFEBC,0xFEBC,0xFEBC,
  0xFEBC,0xFEBC,0xFEBC,0xFEBC,0xFEBC,0xFEBC,0xFEBC,0xFEBC,0xFEBC,0xFEBC,0xFEBC,0xFEBC,0xFEBC,0xFEBC,0xFEBC,0xFEBC,
  0xFEBC,0xFEBC,0xFEBC,0xFEBC,0xFEBC,0xFEBC,0xFEBC,0xFEBC,0xFEBC,0xFEBC,0xFEBC,0xFEBC,0xFEBC,0xFEBC,0xFEBC,0xFEBC,
  0xFEBC,0xFEBC,0xFEBC,0xFEBC,0xFEBC,0xFEBC,0xFEBC,0xFEBC,0xFEBC,0xFEBC,0xFEBC,0xFEBC,0xFEBC,0xFEBC,0xFEBC,0xFEBC,
  0xFEBC,0xFEBC,0xFEBC,0xFEBC,0xFEBC,0xFEBC,0xFEBC,0xFEBC,0xFEBC,0xFEBC,0xFEBC,0xFEBC,0xFEBC,0xFEBC,0xFEBC,0xFEBC,
  0xFEBC,0xFEBC,0xFEBC,0xFEBC,0xFEBC,0xFEBC,0xFEBC,0xFEBC,0xFEBC,0xFEBC,0xFEBC,0xFEBC,0xFEBC,0xFEBC,0xFEBC,0xFEBC,
  0xFEBC,0xFEBC,0xFEBC,0xFEBC,0xFEBC,0xFEBC,0xFEBC,0xFEBC,0xFEBC,0xFEBC,0xFEBC,0xFEBC,0xFEBC,0xFEBC,0xFEBC,0xFEBC,
  0xFEBC,0xFEBC,0xFEBC,0xFEBC,0xFEBC,0xFEBC,0xFEBC,0xFEBC,0xFEBC,0xFEBC,0xFEBC,0xFEBC,0xFEBC,0xFEBC,0xFEBC,0xFEBC,
  0xFEBC,0xFEBC,0xFEBC,0xFEBC,0xFEBC,0xFEBC,0xFEBC,0xFEBC,0xFEBC,0xFEBC,0xFEBC,0xFEBC,0xFEBC,0xFEBC,0xFEBC,0xFEBC,
  0xFEBC,0xFEBC,0xFEBC,0xFEBC,0xFEBC,0xFEBC,0xFEBC,0xFEBC,0xFEBC,0xFEBC,0xFEBC,0xFEBC,0xFEBC,0xFEBC,0xFEBC,0xFEBC,
  0xFEBC,0xFEBC,0xFEBC,0xFEBC,0xFEBC,0xFEBC,0xFEBC,0xFEBC,0xFEBC,0xFEBC,0xFEBC,0xFEBC,0xFEBC,0xFEBC,0xFEBC,0xFEBC,
  0xFEBC,0xFEBC,0xFEBC,0xFEBC,0xFEBC,0xFEBC,0xFEBC,0xFEBC,0xFEBC,0xFEBC,0xFEBC,0xFEBC,0xFEBC,0xFEBC,0xFEBC,0xFEBC,
  0xFEBC,0xFEBC,0xFEBC,0xFEBC,0xFEBC,0xFEBC,0xFEBC,0xFEBC,0xFEBC,0xFEBC,0xFEBC,0xFEBC,0xFEBC,0xFEBC,0xFEBC,0xFEBC,
  0xFEBC,0xFEBC,0xFEBC,0xFEBC,0xFEBC,0xFEBC,0xFEBC,0xFEBC,0xFEBC,0xFEBC,0xFEBC,0xFEBC,0xFEBC,0xFEBC,0xFEBC,0xFEBC,
  0xFEBC,0xFEBC,0xFEBC,0xFEBC,0xFEBC,0xFEBC,0xFEBC,0xFEBC,0xFEBC,0xFEBC,0xFEBC,0xFEBC,0xFEBC,0xFEBC,0xFEBC,0xFEBC,
  0xFEBC,0xFEBC,0xFEBC,0xFEBC,0xFEBC,0xFEBC,0xFEBC,0xFEBC,0xFEBC,0xFEBC,0xFEBC,0xFEBC,0xFEBC,0xFEBC,0xFEBC,0xFEBC,
  0xFEBC,0xFEBC,0xFEBC,0xFEBC,0xFEBC,0xFEBC,0xFEBC,0xFEBC,0xFEBC,0xFEBC,0xFEBC,0xFEBC,0xFEBC,0xFEBC,0xFEBC,0xFEBC,
  0xFEBC,0xFEBC,0xFEBC,0xFEBC,0xFEBC,0xFEBC,0xFEBC,0xFEBC,0xFEBC,0xFEBC,0xFEBC,0xFEBC,0xFEBC,0xFEBC,0xFEBC,0xFEBC,
  0xFEBC,0xFEBC,0xFEBC,0xFEBC,0xFEBC,0xFEBC,0xFEBC,0xFEBC,0xFEBC,0xFEBC,0xFEBC,0xFEBC,0xFEBC,0xFEBC,0xFEBC,0xFEBC,
  0xFEBC,0xFEBC,0xFEBC,0xFEBC,0xFEBC,0xFEBC,0xFEBC,0xFEBC,0xFEBC,0xFEBC,0xFEBC,0xFEBC,0xFEBC,0xFEBC,0xFEBC,0xFEBC,
  0xFEBC,0xFEBC,0xFEBC,0xFEBC,0xFEBC,0xFEBC,0xFEBC,0xFEBC,0xFEBC,0xFEBC,0xFEBC,0xFEBC,0xFEBC,0xFEBC,0xFEBC,0xFEBC,
  0xFEBC,0xFEBC,0xFEBC,0xFEBC,0xFEBC,0xFEBC,0xFEBC,0xFEBC,0xFEBC,0xFEBC,0xFEBC,0xFEBC,0xFEBC,0xFEBC,0xFEBC,0xFEBC,
  0xFEBC,0xFEBC,0xFEBC,0xFEBC,0xFEBC,0xFEBC,0xFEBC,0xFEBC,0xFEBC,0xFEBC,0xFEBC,0xFEBC,0xFEBC,0xFEBC,0xFEBC,0xFEBC,
  0xFEBC,0xFEBC,0xFEBC,0xFEBC,0xFEBC,0xFEBC,0xFEBC,0xFEBC,0xFEBC,0xFEBC,0xFEBC,0xFEBC,0xFEBC,0xFEBC,0xFEBC,0xFEBC,
  0xFEBC,0xFEBC,0xFEBC,0xFEBC,0xFEBC,0xFEBC,0xFEBC,0xFEBC,0xFEBC,0xFEBC,0xFEBC,0xFEBC,0xFEBC,0xFEBC,0xFEBC,0xFEBC,
  0xFEBC,0xFEBC,0xFEBC,0xFEBC,0xFEBC,0xFEBC,0xFEBC,0xFEBC,0xFEBC,0xFEBC,0xFEBC,0xFEBC,0xFEBC,0xFEBC,0xFEBC,0xFEBC,
  0xFEBB,0xFEBB,0xFEBB,0xFEBB,0xFEBB,0xFEBB,0xFEBB,0xFEBB,0xFEBB,0xFEBB,0xFEBB,0xFEBB,0xFEBB,0xFEBB,0xFEBB,0xFEBB,
  0xFEBB,0xFEBB,0xFEBB,0xFEBB,0xFEBB,0xFEBB,0xFEBB,0xFEBB,0xFEBB,0xFEBB,0xFEBB,0xFEBB,0xFEBB,0xFEBB,0xFEBB,0xFEBB,
  0xFEBB,0xFEBB,0xFEBB,0xFEBB,0xFEBB,0xFEBB,0xFEBB,0xFEBB,0xFEBB,0xFEBB,0xFEBB,0xFEBB,0xFEBB,0xFEBB,0xFEBB,0xFEBB,
  0xFEBB,0xFEBB,0xFEBB,0xFEBB,0xFEBB,0xFEBB,0xFEBB,0xFEBB,0xFEBB,0xFEBB,0xFEBB,0xFEBB,0xFEBB,0xFEBB,0xFEBB,0xFEBB,
  0xFEBB,0xFEBB,0xFEBB,0xFEBB,0xFEBB,0xFEBB,0xFEBB,0xFEBB,0xFEBB,0xFEBB,0xFEBB,0xFEBB,0xFEBB,0xFEBB,0xFEBB,0xFEBB,
  0xFEBB,0xFEBB,0xFEBB,0xFEBB,0xFEBB,0xFEBB,0xFEBB,0xFEBB,0xFEBB,0xFEBB,0xFEBB,0xFEBB,0xFEBB,0xFEBB,0xFEBB,0xFEBB,
  0xFEBB,0xFEBB,0xFEBB,0xFEBB,0xFEBB,0xFEBB,0xFEBB,0xFEBB,0xFEBB,0xFEBB,0xFEBB,0xFEBB,0xFEBB,0xFEBB,0xFEBB,0xFEBB,
  0xFEBB,0xFEBB,0xFEBB,0xFEBB,0xFEBB,0xFEBB,0xFEBB,0xFEBB,0xFEBB,0xFEBB,0xFEBB,0xFEBB,0xFEBB,0xFEBB,0xFEBB,0xFEBB,
  0xFEBB,0xFEBB,0xFEBB,0xFEBB,0xFEBB,0xFEBB,0xFEBB,0xFEBB,0xFEBB,0xFEBB,0xFEBB,0xFEBB,0xFEBB,0xFEBB,0xFEBB,0xFEBB,
  0xFEBB,0xFEBB,0xFEBB,0xFEBB,0xFEBB,0xFEBB,0xFEBB,0xFEBB,0xFEBB,0xFEBB,0xFEBB,0xFEBB,0xFEBB,0xFEBB,0xFEBB,0xFEBB,
  0xFE9B,0xFE9B,0xFE9B,0xFE9B,0xFE9B,0xFE9B,0xFE9B,0xFE9B,0xFE9B,0xFE9B,0xFE9B,0xFE9B,0xFE9B,0xFE9B,0xFE9B,0xFE9B,
  0xFE9B,0xFE9B,0xFE9B,0xFE9B,0xFE9B,0xFE9B,0xFE9B,0xFE9B,0xFE9B,0xFE9B,0xFE9B,0xFE9B,0xFE9B,0xFE9B,0xFE9B,0xFE9B,
  0xFE9B,0xFE9B,0xFE9B,0xFE9B,0xFE9B,0xFE9B,0xFE9B,0xFE9B,0xFE9B,0xFE9B,0xFE9B,0xFE9B,0xFE9B,0xFE9B,0xFE9B,0xFE9B,
  0xFE9B,0xFE9B,0xFE9B,0xFE9B,0xFE9B,0xFE9B,0xFE9B,0xFE9B,0xFE9B,0xFE9B,0xFE9B,0xFE9B,0xFE9B,0xFE9B,0xFE9B,0xFE9B,
  0xFE9B,0xFE9B,0xFE9B,0xFE9B,0xFE9B,0xFE9B,0xFE9B,0xFE9B,0xFE9B,0xFE9B,0xFE9B,0xFE9B,0xFE9B,0xFE9B,0xFE9B,0xFE9B,
  0xFE9B,0xFE9B,0xFE9B,0xFE9B,0xFE9B,0xFE9B,0xFE9B,0xFE9B,0xFE9B,0xFE9B,0xFE9B,0xFE9B,0xFE9B,0xFE9B,0xFE9B,0xFE9B,
  0xFE9B,0xFE9B,0xFE9B,0xFE9B,0xFE9B,0xFE9B,0xFE9B,0xFE9B,0xFE9B,0xFE9B,0xFE9B,0xFE9B,0xFE9B,0xFE9B,0xFE9B,0xFE9B,
  0xFE9B,0xFE9B,0xFE9B,0xFE9B,0xFE9B,0xFE9B,0xFE9B,0xFE9B,0xFE9B,0xFE9B,0xFE9B,0xFE9B,0xFE9B,0xFE9B,0xFE9B,0xFE9B,
  0xFE9B,0xFE5A,0xFE5A,0xFE5A,0xFE9B,0xFE9B,0xFE9B,0xFE9B,0xFE9B,0xFE9B,0xFE9B,0xFE9B,0xFE9B,0xFE9B,0xFE9B,0xFE9B,
  0xFE9B,0xFE9B,0xFE9B,0xFE9B,0xFE9B,0xFE9B,0xFE9B,0xFE9B,0xFE9B,0xFE9B,0xFE9B,0xFE9B,0xFE9B,0xFE9B,0xFE9B,0xFE9B,
  0xFE9B,0xFE9B,0xFE9B,0xFE9B,0xFE9B,0xFE9B,0xFE9B,0xFE9B,0xFE9B,0xFE9B,0xFE9B,0xFE9B,0xFE9B,0xFE9B,0xFE9B,0xFE9B,
  0xFE9B,0xFE9B,0xFE9B,0xFE9B,0xFE9B,0xFE9B,0xFE9B,0xFE9B,0xFE9B,0xFE9B,0xFE9B,0xFE9B,0xFE9B,0xFE9B,0xFE9B,0xFE9B,
  0xFE9B,0xFE9B,0xFE9B,0xFE9B,0xFE9B,0xFE9B,0xFE9B,0xFE9B,0xFE9B,0xFE9B,0xFE9B,0xFE9B,0xFE9B,0xFE9B,0xFE9B,0xFE9B,
  0xFE5A,0xFE5A,0xFE5A,0xFE5A,0xFE5A,0xFE9B,0xFE9B,0xFE9B,0xFE9B,0xFE9B,0xFE9B,0xFE9B,0xFE9B,0xFE9B,0xFE9B,0xFE9B,
  0xFE9B,0xFE9B,0xFE9B,0xFE9B,0xFE9B,0xFE9B,0xFE9B,0xFE9B,0xFE9B,0xFE9B,0xFE9B,0xFE9B,0xFE9B,0xFE9B,0xFE9B,0xFE9B,
  0xFE9B,0xFE9B,0xFE9B,0xFE9B,0xFE9B,0xFE9B,0xFE9B,0xFE9B,0xFE9B,0xFE9B,0xFE9B,0xFE9B,0xFE9B,0xFE9B,0xFE9B,0xFE9B,
  0xFE9B,0xFE9B,0xFE9B,0xFE9B,0xFE9B,0xFE9B,0xFE9B,0xFE9B,0xFE9B,0xFE9B,0xFE9B,0xFE9B,0xFE9B,0xFE9B,0xFE9B,0xFE9B,
  0xFE9B,0xFE9B,0xFE9B,0xFE9B,0xFE9B,0xFE9B,0xFE9B,0xFE9B,0xFE9B,0xFE9B,0xFE9B,0xFE9B,0xFE9B,0xFE9B,0xFE9B,0xFE9B,
  0xFE5A,0xFE5A,0xFE5A,0xFE5A,0xFE5A,0xFE9B,0xFE9B,0xFE9B,0xFE9B,0xFE9B,0xFE9B,0xFE9B,0xFE9B,0xFE9B,0xFE9B,0xFE9B,
  0xFE9B,0xFE9B,0xFE9B,0xFE9B,0xFE9B,0xFE9B,0xFE9B,0xFE9B,0xFE9B,0xFE9B,0xFE9B,0xFE9B,0xFE9B,0xFE9B,0xFE9B,0xFE9B,
  0xFE9B,0xFE9B,0xFE9B,0xFE9B,0xFE9B,0xFE9B,0xFE9B,0xFE9B,0xFE9B,0xFE9B,0xFE9B,0xFE9B,0xFE9B,0xFE9B,0xFE9B,0xFE9B,
  0xFE9B,0xFE9B,0xFE9B,0xFE9B,0xFE9B,0xFE9B,0xFE9B,0xFE9B,0xFE9B,0xFE9B,0xFE9B,0xFE9B,0xFE9B,0xFE9B,0xFE9B,0xFE9B,
  0xFE9B,0xFE9B,0xFE9B,0xFE9B,0xFE9B,0xFE9B,0xFE9B,0xFE9B,0xFE9B,0xFE9B,0xFE9B,0xFE9B,0xFE9B,0xFE9B,0xFE9B,0xFE9B,
  0xFE5A,0xFE5A,0xFE5A,0xFE5A,0xFE5A,0xFE9B,0xFE9B,0xFE9B,0xFE9B,0xFE9B,0xFE9B,0xFE9B,0xFE9B,0xFE9B,0xFE9B,0xFE9B,
  0xFE9B,0xFE9B,0xFE9B,0xFE9B,0xFE9B,0xFE9B,0xFE9B,0xFE9B,0xFE9B,0xFE9B,0xFE9B,0xFE9B,0xFE9B,0xFE9B,0xFE9B,0xFE9B,
  0xFE9B,0xFE9B,0xFE9B,0xFE9B,0xFE9B,0xFE9B,0xFE9B,0xFE9B,0xFE9B,0xFE9B,0xFE9B,0xFE9B,0xFE9B,0xFE9B,0xFE9B,0xFE9B,
  0xFE9B,0xFE9B,0xFE9B,0xFE9B,0xFE9B,0xFE9B,0xFE9B,0xFE9B,0xFE9B,0xFE9B,0xFE9B,0xFE9B,0xFE9B,0xFE9B,0xFE9B,0xFE9B,
  0xFE9B,0xFE9B,0xFE9B,0xFE9B,0xFE9B,0xFE9B,0xFE9B,0xFE9B,0xFE9B,0xFE9B,0xFE9B,0xFE9B,0xFE9B,0xFE9B,0xFE9B,0xFE9B,
  0xFE9B,0xFE5A,0xFE5A,0xFE5A,0xFE9B,0xFE9B,0xFE9B,0xFE9B,0xFE9B,0xFE9B,0xFE9B,0xFE9B,0xFE9B,0xFE9B,0xFE9B,0xFE9B,
  0xFE9B,0xFE9B,0xFE9B,0xFE9B,0xFE9B,0xFE9B,0xFE9B,0xFE9B,0xFE9B,0xFE9B,0xFE9B,0xFE9B,0xFE9B,0xFE9B,0xFE9B,0xFE9B,
  0xFE9B,0xFE9B,0xFE9B,0xFE9B,0xFE9B,0xFE9B,0xFE9B,0xFE9B,0xFE9B,0xFE5A,0xFE5A,0xFE5A,0xFE9B,0xFE9B,0xFE9B,0xFE9B,
  0xFE9B,0xFE9B,0xFE9B,0xFE9B,0xFE9B,0xFE9B,0xFE9B,0xFE9B,0xFE9B,0xFE9B,0xFE9B,0xFE9B,0xFE9B,0xFE9B,0xFE9B,0xFE9B,
  0xFE9B,0xFE9B,0xFE9B,0xFE9B,0xFE9B,0xFE9B,0xFE9B,0xFE9B,0xFE9B,0xFE9B,0xFE9B,0xFE9B,0xFE9B,0xFE9B,0xFE9B,0xFE9B,
  0xFE9B,0xFE9B,0xFE9B,0xFE9B,0xFE9B,0xFE9B,0xFE9B,0xFE9B,0xFE9B,0xFE9B,0xFE9B,0xFE9B,0xFE9B,0xFE9B,0xFE9B,0xFE9B,
  0xFE9B,0xFE9B,0xFE9B,0xFE9B,0xFE9B,0xFE9B,0xFE9B,0xFE9B,0xFE9B,0xFE9B,0xFE9B,0xFE9B,0xFE9B,0xFE9B,0xFE9B,0xFE9B,
  0xFE9B,0xFE9B,0xFE9B,0xFE9B,0xFE9B,0xFE9B,0xFE9B,0xFE9B,0xFE5A,0xFE5A,0xFE5A,0xFE5A,0xFE5A,0xFE9B,0xFE9B,0xFE9B,
  0xFE9B,0xFE9B,0xFE9B,0xFE9B,0xFE9B,0xFE9B,0xFE9B,0xFE9B,0xFE9B,0xFE9B,0xFE9B,0xFE9B,0xFE9B,0xFE9B,0xFE9B,0xFE9B,
  0xFE9B,0xFE9B,0xFE9B,0xFE9B,0xFE9B,0xFE9B,0xFE9B,0xFE9B,0xFE9B,0xFE9B,0xFE9B,0xFE9B,0xFE9B,0xFE9B,0xFE9B,0xFE9B,
  0xFE9B,0xFE9B,0xFE9B,0xFE9B,0xFE9B,0xFE9B,0xFE9B,0xFE9B,0xFE9B,0xFE9B,0xFE9B,0xFE9B,0xFE9B,0xFE9B,0xFE9B,0xFE9B,
  0xFE9B,0xFE9B,0xFE9B,0xFE9B,0xFE9B,0xFE9B,0xFE9B,0xFE9B,0xFE9B,0xFE9B,0xFE9B,0xFE9B,0xFE9B,0xFE9B,0xFE9B,0xFE9B,
  0xFE9B,0xFE9B,0xFE9B,0xFE9B,0xFE9B,0xFE9B,0xFE9B,0xFE9B,0xFE5A,0xFE5A,0xFE5A,0xFE5A,0xFE5A,0xFE9B,0xFE9B,0xFE9B,
  0xFE9B,0xFE9B,0xFE9B,0xFE9B,0xFE9B,0xFE9B,0xFE9B,0xFE9B,0xFE9B,0xFE9B,0xFE9B,0xFE9B,0xFE9B,0xFE9B,0xFE9B,0xFE9B,
  0xFE9B,0xFE9B,0xFE9B,0xFE9B,0xFE9B,0xFE9B,0xFE9B,0xFE9B,0xFE9B,0xFE9B,0xFE9B,0xFE9B,0xFE9B,0xFE9B,0xFE9B,0xFE9B,
  0xFE9B,0xFE9B,0xFE9B,0xFE9B,0xFE9B,0xFE9B,0xFE9B,0xFE9B,0xFE9B,0xFE9B,0xFE9B,0xFE9B,0xFE9B,0xFE9B,0xFE9B,0xFE9B,
  0xFE9B,0xFE9B,0xFE9B,0xFE9B,0xFE9B,0xFE9B,0xFE9B,0xFE9B,0xFE9B,0xFE9B,0xFE9B,0xFE9B,0xFE9B,0xFE9B,0xFE9B,0xFE9B,
  0xFE9B,0xFE9B,0xFE9B,0xFE9B,0xFE9B,0xFE9B,0xFE9B,0xFE9B,0xFE5A,0xFE5A,0xFE5A,0xFE5A,0xFE5A,0xFE9B,0xFE9B,0xFE9B,
  0xFE9B,0xFE9B,0xFE9B,0xFE9B,0xFE9B,0xFE9B,0xFE9B,0xFE9B,0xFE9B,0xFE9B,0xFE9B,0xFE9B,0xFE9B,0xFE9B,0xFE9B,0xFE9B,
  0xFE9B,0xFE9B,0xFE9B,0xFE9B,0xFE9B,0xFE9B,0xFE9B,0xFE9B,0xFE9B,0xFE9B,0xFE9B,0xFE9B,0xFE9B,0xFE9B,0xFE9B,0xFE9B,
  0xFE9B,0xFE9B,0xFE9B,0xFE9B,0xFE9B,0xFE9B,0xFE9B,0xFE9B,0xFE9B,0xFE9B,0xFE9B,0xFE9B,0xFE9B,0xFE9B,0xFE9B,0xFE9B,
  0xFE9B,0xFE9B,0xFE9B,0xFE9B,0xFE9B,0xFE9B,0xFE9B,0xFE9B,0xFE9B,0xFE9B,0xFE9B,0xFE9B,0xFE9B,0xFE9B,0xFE9B,0xFE9B,
  0xFE9B,0xFE9B,0xFE9B,0xFE9B,0xFE9B,0xFE9B,0xFE9B,0xFE9B,0xFE9B,0xFE5A,0xFE5A,0xFE5A,0xFE9B,0xFE9B,0xFE9B,0xFE9B,
  0xFE9B,0xFE9B,0xFE9B,0xFE9B,0xFE9B,0xFE9B,0xFE9B,0xFE9B,0xFE9B,0xFE9B,0xFE9B,0xFE9B,0xFE9B,0xFE9B,0xFE9B,0xFE9B,
  0xFE9B,0xFE9B,0xFE9B,0xFE9B,0xFE9B,0xFE9B,0xFE9B,0xFE9B,0xFE9B,0xFE9B,0xFE9B,0xFE9B,0xFE9B,0xFE9B,0xFE9B,0xFE9B,
  0xFE9B,0xFE9B,0xFE9B,0xFE9B,0xFE9B,0xFE9B,0xFE9B,0xFE9B,0xFE9B,0xFE9B,0xFE9B,0xFE9B,0xFE9B,0xFE9B,0xFE9B,0xFE9B,
  0xFE9B,0xFE9B,0xFE9B,0xFE9B,0xFE9B,0xFE9B,0xFE9B,0xFE9B,0xFE9B,0xFE9B,0xFE9B,0xFE9B,0xFE9B,0xFE9B,0xFE9B,0xFE9B,
  0xFE7B,0xFE7B,0xFE7B,0xFE7B,0xFE7B,0xFE7B,0xFE7B,0xFE7B,0xFE7B,0xFE7B,0xFE7B,0xFE7B,0xFE7B,0xFE7B,0xFE7B,0xFE7B,
  0xFE7B,0xFE7B,0xFE7B,0xFE7B,0xFE7B,0xFE7B,0xFE7B,0xFE7B,0xFE7B,0xFE7B,0xFE7B,0xFE7B,0xFE7B,0xFE7B,0xFE7B,0xFE7B,
  0xFE7B,0xFE7B,0xFE5A,0xFE5A,0xFE5A,0xFE7B,0xFE7B,0xFE7B,0xFE7B,0xFE7B,0xFE7B,0xFE7B,0xFE7B,0xFE7B,0xFE7B,0xFE7B,
  0xFE7B,0xFE7B,0xFE7B,0xFE7B,0xFE7B,0xFE7B,0xFE7B,0xFE7B,0xFE7B,0xFE7B,0xFE7B,0xFE7B,0xFE7B,0xFE7B,0xFE7B,0xFE7B,
  0xFE7B,0xFE7B,0xFE7B,0xFE7B,0xFE7B,0xFE7B,0xFE7B,0xFE7B,0xFE7B,0xFE7B,0xFE7B,0xFE7B,0xFE7B,0xFE7B,0xFE7B,0xFE7B,
  0xFE7B,0xFE7B,0xFE7B,0xFE7B,0xFE7B,0xFE7B,0xFE7B,0xFE7B,0xFE7B,0xFE7B,0xFE7B,0xFE7B,0xFE7B,0xFE7B,0xFE7B,0xFE7B,
  0xFE7B,0xFE7B,0xFE7B,0xFE7B,0xFE7B,0xFE7B,0xFE7B,0xFE7B,0xFE7B,0xFE7B,0xFE7B,0xFE7B,0xFE7B,0xFE7B,0xFE7B,0xFE7B,
  0xFE7B,0xFE5A,0xFE5A,0xFE5A,0xFE5A,0xFE5A,0xFE7B,0xFE7B,0xFE7B,0xFE7B,0xFE7B,0xFE7B,0xFE7B,0xFE7B,0xFE7B,0xFE7B,
  0xFE7B,0xFE7B,0xFE7B,0xFE7B,0xFE7B,0xFE7B,0xFE7B,0xFE7B,0xFE7B,0xFE7B,0xFE7B,0xFE7B,0xFE7B,0xFE7B,0xFE7B,0xFE7B,
  0xFE7B,0xFE7B,0xFE7B,0xFE7B,0xFE7B,0xFE7B,0xFE7B,0xFE7B,0xFE7B,0xFE7B,0xFE7B,0xFE7B,0xFE7B,0xFE7B,0xFE7B,0xFE7B,
  0xFE7B,0xFE7B,0xFE7B,0xFE7B,0xFE7B,0xFE7B,0xFE7B,0xFE7B,0xFE7B,0xFE7B,0xFE7B,0xFE7B,0xFE7B,0xFE7B,0xFE7B,0xFE7B,
  0xFE7B,0xFE7B,0xFE7B,0xFE7B,0xFE7B,0xFE7B,0xFE7B,0xFE7B,0xFE7B,0xFE7B,0xFE7B,0xFE7B,0xFE7B,0xFE7B,0xFE7B,0xFE7B,
  0xFE7B,0xFE5A,0xFE5A,0xFE5A,0xFE5A,0xFE5A,0xFE7B,0xFE7B,0xFE7B,0xFE7B,0xFE7B,0xFE7B,0xFE7B,0xFE7B,0xFE7B,0xFE7B,
  0xFE7B,0xFE7B,0xFE7B,0xFE7B,0xFE7B,0xFE5B,0xFE5B,0xFE5B,0xFE7B,0xFE7B,0xFE7B,0xFE7B,0xFE7B,0xFE7B,0xFE7B,0xFE7B,
  0xFE7B,0xFE7B,0xFE7B,0xFE7B,0xFE7B,0xFE7B,0xFE7B,0xFE7B,0xFE7B,0xFE7B,0xFE7B,0xFE7B,0xFE7B,0xFE7B,0xFE7B,0xFE7B,
  0xFE7B,0xFE7B,0xFE7B,0xFE7B,0xFE7B,0xFE7B,0xFE7B,0xFE7B,0xFE7B,0xFE7B,0xFE7B,0xFE7B,0xFE7B,0xFE7B,0xFE7B,0xFE7B,
  0xFE7B,0xFE7B,0xFE7B,0xFE7B,0xFE7B,0xFE7B,0xFE7B,0xFE7B,0xFE7B,0xFE7B,0xFE7B,0xFE7B,0xFE7B,0xFE7B,0xFE7B,0xFE7B,
  0xFE7B,0xFE5A,0xFE5A,0xFE5A,0xFE5A,0xFE5A,0xFE7B,0xFE7B,0xFE7B,0xFE7B,0xFE7B,0xFE7B,0xFE7B,0xFE7B,0xFE7B,0xFE7B,
  0xFE7B,0xFE7B,0xFE7B,0xFE7B,0xFE5A,0xFDF8,0xFDD8,0xFDF8,0xFE5A,0xFE7B,0xFE7B,0xFE7B,0xFE7B,0xFE7B,0xFE7B,0xFE7B,
  0xFE7B,0xFE7B,0xFE7B,0xFE7B,0xFE7B,0xFE7B,0xFE7B,0xFE7B,0xFE7B,0xFE7B,0xFE7B,0xFE7B,0xFE7B,0xFE7B,0xFE7B,0xFE7B,
  0xFE7B,0xFE7B,0xFE7B,0xFE7B,0xFE7B,0xFE7B,0xFE7B,0xFE7B,0xFE7B,0xFE7B,0xFE7B,0xFE7B,0xFE7B,0xFE7B,0xFE7B,0xFE7B,
  0xFE7B,0xFE7B,0xFE7B,0xFE7B,0xFE7B,0xFE7B,0xFE7B,0xFE7B,0xFE7B,0xFE7B,0xFE7B,0xFE7B,0xFE7B,0xFE7B,0xFE7B,0xFE7B,
  0xFE7B,0xFE7B,0xFE5A,0xFE5A,0xFE5A,0xFE7B,0xFE7B,0xFE7B,0xFE7B,0xFE7B,0xFE7B,0xFE7B,0xFE7B,0xFE7B,0xFE7B,0xFE5A,
  0xFE5A,0xFE5A,0xFE7B,0xFE5A,0xFDD8,0xFDB8,0xFDB8,0xFDB8,0xFDD8,0xFE5A,0xFE7B,0xFE7B,0xFE7B,0xFE7B,0xFE7B,0xFE7B,
  0xFE7B,0xFE7B,0xFE7B,0xFE7B,0xFE7B,0xFE7B,0xFE7B,0xFE7B,0xFE7B,0xFE7B,0xFE7B,0xFE7B,0xFE7B,0xFE7B,0xFE7B,0xFE7B,
  0xFE7B,0xFE7B,0xFE7B,0xFE7B,0xFE7B,0xFE7B,0xFE7B,0xFE7B,0xFE7B,0xFE7B,0xFE7B,0xFE7B,0xFE7B,0xFE7B,0xFE7B,0xFE7B,
  0xFE7B,0xFE7B,0xFE7B,0xFE7B,0xFE7B,0xFE7B,0xFE7B,0xFE7B,0xFE7B,0xFE7B,0xFE7B,0xFE7B,0xFE7B,0xFE7B,0xFE7B,0xFE7B,
  0xFE7B,0xFE7B,0xFE7B,0xFE7B,0xFE7B,0xFE7B,0xFE7B,0xFE7B,0xFE7B,0xFE7B,0xFE7B,0xFE7B,0xFE7B,0xFE7B,0xFE5A,0xFDF8,
  0xFDD8,0xFDF8,0xFE3A,0xFDD8,0xFDB8,0xFDB8,0xFDB8,0xFDB8,0xFDB8,0xFDF8,0xFE5A,0xFE7B,0xFE7B,0xFE7B,0xFE7B,0xFE7B,
  0xFE7B,0xFE7B,0xFE7B,0xFE7B,0xFE7B,0xFE7B,0xFE7B,0xFE7B,0xFE7B,0xFE7B,0xFE7B,0xFE7B,0xFE7B,0xFE7B,0xFE7B,0xFE7B,
  0xFE7B,0xFE7B,0xFE7B,0xFE7B,0xFE7B,0xFE7B,0xFE7B,0xFE7B,0xFE7B,0xFE7B,0xFE7B,0xFE7B,0xFE7B,0xFE7B,0xFE7B,0xFE7B,
  0xFE7B,0xFE7B,0xFE7B,0xFE7B,0xFE7B,0xFE7B,0xFE7B,0xFE7B,0xFE7B,0xFE7B,0xFE7B,0xFE7B,0xFE7B,0xFE7B,0xFE7B,0xFE7B,
  0xFE7B,0xFE7B,0xFE7B,0xFE7B,0xFE7B,0xFE7B,0xFE7B,0xFE7B,0xFE7B,0xFE7B,0xFE7B,0xFE7B,0xFE7B,0xFE5A,0xFDD8,0xFDB8,
  0xFDB8,0xFDB8,0xFDD8,0xFDB8,0xFDB8,0xFDB8,0xFDB8,0xFDB8,0xFDB8,0xFDD8,0xFE5A,0xFE7B,0xFE7B,0xFE7B,0xFE7B,0xFE7B,
  0xFE7B,0xFE7B,0xFE7B,0xFE7B,0xFE7B,0xFE7B,0xFE7B,0xFE7B,0xFE7B,0xFE7B,0xFE7B,0xFE7B,0xFE7B,0xFE7B,0xFE7B,0xFE7B,
  0xFE7B,0xFE7B,0xFE7B,0xFE7B,0xFE7B,0xFE7B,0xFE7B,0xFE7B,0xFE7B,0xFE7B,0xFE7B,0xFE7B,0xFE7B,0xFE7B,0xFE7B,0xFE7B,
  0xFE7B,0xFE7B,0xFE7B,0xFE7B,0xFE7B,0xFE7B,0xFE7B,0xFE7B,0xFE7B,0xFE7B,0xFE7B,0xFE7B,0xFE7B,0xFE7B,0xFE7B,0xFE7B,
  0xFE7B,0xFE7B,0xFE7B,0xFE7B,0xFE7B,0xFE7B,0xFE7B,0xFE7B,0xFE7B,0xFE7B,0xFE7B,0xFE7B,0xFE5A,0xFDF8,0xFDB8,0xFDB8,
  0xFDB8,0xFDB8,0xFDB8,0xFDB8,0xFDB8,0xFDB8,0xFDB8,0xFDB8,0xFDB8,0xFDD8,0xFE5A,0xFE7B,0xFE7B,0xFE7B,0xFE7B,0xFE7B,
  0xFE7B,0xFE7B,0xFE7B,0xFE7B,0xFE7B,0xFE7B,0xFE7B,0xFE7B,0xFE7B,0xFE7B,0xFE7B,0xFE7B,0xFE7B,0xFE7B,0xFE7B,0xFE7B,
  0xFE7B,0xFE7B,0xFE7B,0xFE7B,0xFE7B,0xFE7B,0xFE7B,0xFE7B,0xFE7B,0xFE7B,0xFE7B,0xFE7B,0xFE7B,0xFE7B,0xFE7B,0xFE7B,
  0xFE7B,0xFE7B,0xFE7B,0xFE7B,0xFE7B,0xFE7B,0xFE7B,0xFE7B,0xFE7B,0xFE7B,0xFE7B,0xFE7B,0xFE7B,0xFE7B,0xFE7B,0xFE7B,
  0xFE7B,0xFE7B,0xFE7B,0xFE7B,0xFE7B,0xFE7B,0xFE7B,0xFE7B,0xFE7B,0xFE7B,0xFE7B,0xFE7B,0xFE5A,0xFDD8,0xFDB8,0xFDB8,
  0xFDB8,0xFDB8,0xFDB8,0xFDB8,0xFDD8,0xFDB8,0xFDB8,0xFDB8,0xFDD8,0xFE3A,0xFE5A,0xFE5A,0xFE5A,0xFE7B,0xFE7B,0xFE7B,
  0xFE7B,0xFE7B,0xFE7B,0xFE7B,0xFE7B,0xFE7B,0xFE7B,0xFE7B,0xFE7B,0xFE7B,0xFE7B,0xFE7B,0xFE7B,0xFE7B,0xFE7B,0xFE7B,
  0xFE7B,0xFE7B,0xFE7B,0xFE7B,0xFE7B,0xFE7B,0xFE7B,0xFE7B,0xFE7B,0xFE7B,0xFE7B,0xFE7B,0xFE7B,0xFE7B,0xFE7B,0xFE7B,
  0xFE7B,0xFE7B,0xFE7B,0xFE7B,0xFE7B,0xFE7B,0xFE7B,0xFE7B,0xFE7B,0xFE7B,0xFE7B,0xFE7B,0xFE7B,0xFE7B,0xFE7B,0xFE7B,
  0xFE7B,0xFE7B,0xFE7B,0xFE7B,0xFE7B,0xFE7B,0xFE7B,0xFE7B,0xFE7B,0xFE7B,0xFE7B,0xFE7B,0xFE5A,0xFDD8,0xFDB8,0xFDB8,
  0xFDB8,0xFDB8,0xFDB8,0xFDD8,0xFE3A,0xFDF8,0xFDD8,0xFDD8,0xFE3A,0xFE3A,0xFDD8,0xFDD8,0xFDD8,0xFE5A,0xFE7B,0xFE7B,
  0xFE7B,0xFE7B,0xFE7B,0xFE7B,0xFE7B,0xFE7B,0xFE7B,0xFE7B,0xFE7B,0xFE7B,0xFE7B,0xFE7B,0xFE7B,0xFE7B,0xFE7B,0xFE7B,
  0xFE5B,0xFE5B,0xFE5B,0xFE5B,0xFE5B,0xFE5B,0xFE5B,0xFE5B,0xFE5B,0xFE5B,0xFE5B,0xFE5B,0xFE5B,0xFE5B,0xFE5B,0xFE5B,
  0xFE5B,0xFE5B,0xFE5B,0xFE5B,0xFE5B,0xFE5B,0xFE5B,0xFE5B,0xFE5B,0xFE5B,0xFE5B,0xFE5B,0xFE5B,0xFE5B,0xFE5B,0xFE5B,
  0xFE5B,0xFE5B,0xFE5B,0xFE5B,0xFE5B,0xFE5B,0xFE5B,0xFE5B,0xFE5B,0xFE5B,0xFE5B,0xFE5B,0xFE5B,0xFE3A,0xFDD8,0xFDB8,
  0xFDB8,0xFDB8,0xFDD8,0xFE5A,0xFE9B,0xFEBA,0xFE9A,0xFE5A,0xFE3A,0xFDD8,0xFDB8,0xFDB8,0xFDB8,0xFDD8,0xFE5A,0xFE5B,
  0xFE5A,0xFE5A,0xFE5A,0xFE5B,0xFE5B,0xFE5B,0xFE5B,0xFE5B,0xFE5B,0xFE5B,0xFE5B,0xFE5B,0xFE5B,0xFE5B,0xFE5B,0xFE5B,
  0xFE5B,0xFE5B,0xFE5B,0xFE5B,0xFE5B,0xFE5B,0xFE5B,0xFE5B,0xFE5B,0xFE5B,0xFE5B,0xFE5B,0xFE5B,0xFE5B,0xFE5B,0xFE5B,
  0xFE5B,0xFE5B,0xFE5B,0xFE5B,0xFE5B,0xFE5B,0xFE5B,0xFE5B,0xFE5B,0xFE5B,0xFE5B,0xFE5B,0xFE5B,0xFE5B,0xFE5B,0xFE5B,
  0xFE5B,0xFE5B,0xFE5B,0xFE5B,0xFE5B,0xFE5B,0xFE5A,0xFE5A,0xFE5A,0xFE5B,0xFE5B,0xFE5B,0xFE5B,0xFE5B,0xFE3A,0xFDD8,
  0xFDB8,0xFDD8,0xFE5A,0xFE9A,0xFDF8,0xFDD8,0xFDF8,0xFE9A,0xFDD8,0xFDB8,0xFDB8,0xFDB8,0xFDB8,0xFDB8,0xFDD8,0xFE3A,
  0xFE5A,0xFE5A,0xFE5A,0xFE5A,0xFE5B,0xFE5B,0xFE5B,0xFE5B,0xFE5B,0xFE5B,0xFE5B,0xFE5B,0xFE5B,0xFE5B,0xFE5B,0xFE5B,
  0xFE5A,0xFE5A,0xFE5A,0xFE5A,0xFE5A,0xFE5A,0xFE5A,0xFE5A,0xFE5A,0xFE5A,0xFE5A,0xFE5A,0xFE5A,0xFE5A,0xFE5A,0xFE5A,
  0xFE5A,0xFE5A,0xFE5A,0xFE5A,0xFE5A,0xFE5A,0xFE5A,0xFE5A,0xFE5A,0xFE5A,0xFE5A,0xFE5A,0xFE5A,0xFE5A,0xFE5A,0xFE5A,
  0xFE5A,0xFE5A,0xFE5A,0xFE5A,0xFE5A,0xFE3A,0xFDD8,0xFDD8,0xFDD8,0xFE3A,0xFE5A,0xFE5A,0xFE5A,0xFE5A,0xFE3A,0xFDD8,
  0xFDB8,0xFDD8,0xFE3A,0xFDF8,0xFDB8,0xFDB8,0xFDB8,0xFDD8,0xFDB8,0xFDB8,0xFDB8,0xFDB8,0xFDB8,0xFDB8,0xFDD8,0xFE3A,
  0xFE5A,0xFE5A,0xFE5A,0xFE5A,0xFE5A,0xFE5A,0xFE5A,0xFE5A,0xFE5A,0xFE5A,0xFE5A,0xFE5A,0xFE5A,0xFE5A,0xFE5A,0xFE5A,
  0xFE5A,0xFE5A,0xFE5A,0xFE5A,0xFE5A,0xFE5A,0xFE5A,0xFE5A,0xFE5A,0xFE5A,0xFE5A,0xFE5A,0xFE5A,0xFE5A,0xFE5A,0xFE5A,
  0xFE5A,0xFE5A,0xFE5A,0xFE5A,0xFE5A,0xFE5A,0xFE5A,0xFE5A,0xFE5A,0xFE5A,0xFE5A,0xFE5A,0xFE5A,0xFE5A,0xFE5A,0xFE3A,
  0xFE5A,0xFE5A,0xFE5A,0xFE5A,0xFE3A,0xFDD8,0xFDB8,0xFDB8,0xFDB8,0xFDD8,0xFE3A,0xFE5A,0xFE5A,0xFE3A,0xFDD8,0xFDB8,
  0xFDB8,0xFDB8,0xFDD8,0xFDB8,0xFDB8,0xFDB8,0xFDB8,0xFDB8,0xFDB8,0xFDB8,0xFDB8,0xFDB8,0xFDB8,0xFDB8,0xFDD8,0xFE39,
  0xFE5A,0xFE5A,0xFE5A,0xFE5A,0xFE5A,0xFE5A,0xFE5A,0xFE5A,0xFE5A,0xFE5A,0xFE5A,0xFE5A,0xFE5A,0xFE5A,0xFE5A,0xFE5A,
  0xFE5A,0xFE5A,0xFE5A,0xFE5A,0xFE5A,0xFE5A,0xFE5A,0xFE5A,0xFE5A,0xFE5A,0xFE5A,0xFE5A,0xFE5A,0xFE5A,0xFE5A,0xFE5A,
  0xFE5A,0xFE5A,0xFE5A,0xFE5A,0xFE5A,0xFE5A,0xFE5A,0xFE5A,0xFE5A,0xFE5A,0xFE5A,0xFE5A,0xFE5A,0xFE3A,0xFDD8,0xFDD8,
  0xFDD8,0xFE3A,0xFE5A,0xFE3A,0xFDD8,0xFDB8,0xFDB8,0xFDB8,0xFDB8,0xFDB8,0xFDD8,0xFE3A,0xFE3A,0xFDD8,0xFDB8,0xFDB8,
  0xFDB8,0xFDB8,0xFDB8,0xFDB8,0xFDB8,0xFDB8,0xFDB8,0xFDB8,0xFDB8,0xFDD8,0xFDD8,0xFDD8,0xFDB8,0xFDB8,0xFDB8,0xFDD8,
  0xFE39,0xFE3A,0xFE5A,0xFE5A,0xFE5A,0xFE5A,0xFE5A,0xFE5A,0xFE5A,0xFE5A,0xFE5A,0xFE5A,0xFE5A,0xFE5A,0xFE5A,0xFE5A,
  0xFE5A,0xFE5A,0xFE5A,0xFE5A,0xFE5A,0xFE5A,0xFE5A,0xFE5A,0xFE5A,0xFE5A,0xFE5A,0xFE5A,0xFE5A,0xFE5A,0xFE5A,0xFE5A,
  0xFE5A,0xFE5A,0xFE5A,0xFE5A,0xFE5A,0xFE5A,0xFE5A,0xFE5A,0xFE5A,0xFE5A,0xFE5A,0xFE5A,0xFE3A,0xFDD8,0xFDB8,0xFDB8,
  0xFDB8,0xFDD8,0xFE3A,0xFE3A,0xFDD8,0xFDB8,0xFDB8,0xFDB8,0xFDB8,0xFDB8,0xFDD8,0xFE3A,0xFE3A,0xFDD8,0xFDB8,0xFDB8,
  0xFDB8,0xFDB8,0xFDB8,0xFDB8,0xFDB8,0xFDB8,0xFDB8,0xFDB8,0xFDF8,0xFEBA,0xFEDB,0xFEBA,0xFDF8,0xFDB8,0xFDB8,0xFDB8,
  0xFDD8,0xFDD8,0xFE3A,0xFE5A,0xFE5A,0xFE5A,0xFE5A,0xFE5A,0xFE5A,0xFE5A,0xFE5A,0xFE5A,0xFE5A,0xFE5A,0xFE5A,0xFE5A,
  0xFE5A,0xFE5A,0xFE5A,0xFE5A,0xFE5A,0xFE5A,0xFE5A,0xFE5A,0xFE5A,0xFE5A,0xFE5A,0xFE5A,0xFE5A,0xFE5A,0xFE5A,0xFE5A,
  0xFE5A,0xFE5A,0xFE5A,0xFE5A,0xFE5A,0xFE5A,0xFE5A,0xFE5A,0xFE5A,0xFE5A,0xFE5A,0xFE3A,0xFDD8,0xFDB8,0xFDB8,0xFDB8,
  0xFDB8,0xFDB8,0xFDD8,0xFE3A,0xFDD8,0xFDB8,0xFDB8,0xFDB8,0xFDB8,0xFDB8,0xFDD8,0xFE3A,0xFE3A,0xFDD8,0xFDB8,0xFDB8,
  0xFDB8,0xFDB8,0xFDB8,0xFDB8,0xFDB8,0xFDB8,0xFDB8,0xFDD8,0xFEBA,0xFEFB,0xFEFB,0xFEFB,0xFEBA,0xFDD8,0xFDB8,0xFDB8,
  0xFDB8,0xFDB8,0xFDD8,0xFE3A,0xFE5A,0xFE5A,0xFE5A,0xFE5A,0xFE5A,0xFE5A,0xFE5A,0xFE5A,0xFE5A,0xFE5A,0xFE5A,0xFE5A,
  0xFE5A,0xFE5A,0xFE5A,0xFE5A,0xFE5A,0xFE5A,0xFE5A,0xFE5A,0xFE5A,0xFE5A,0xFE5A,0xFE5A,0xFE5A,0xFE5A,0xFE5A,0xFE5A,
  0xFE5A,0xFE5A,0xFE5A,0xFE5A,0xFE5A,0xFE5A,0xFE5A,0xFE5A,0xFE5A,0xFE5A,0xFE5A,0xFE3A,0xFDD8,0xFDB8,0xFDB8,0xFDB8,
  0xFDB8,0xFDB8,0xFDD8,0xFE3A,0xFE3A,0xFDD8,0xFDB8,0xFDB8,0xFDB8,0xFDD8,0xFE3A,0xFE5A,0xFE5A,0xFE3A,0xFDD8,0xFDB8,
  0xFDB8,0xFDB8,0xFDB8,0xFDB8,0xFDB8,0xFDB8,0xFDB8,0xFDD8,0xFEDB,0xFEFB,0xFEFB,0xFEFB,0xFEDB,0xFDD8,0xFDB8,0xFDB8,
  0xFDB8,0xFDB8,0xFDD8,0xFE3A,0xFE5A,0xFE5A,0xFE5A,0xFE5A,0xFE5A,0xFE5A,0xFE5A,0xFE5A,0xFE5A,0xFE5A,0xFE5A,0xFE5A,
  0xFE5A,0xFE5A,0xFE5A,0xFE5A,0xFE5A,0xFE5A,0xFE5A,0xFE5A,0xFE5A,0xFE5A,0xFE5A,0xFE5A,0xFE5A,0xFE5A,0xFE5A,0xFE5A,
  0xFE5A,0xFE5A,0xFE5A,0xFE5A,0xFE5A,0xFE5A,0xFE5A,0xFE5A,0xFE5A,0xFE5A,0xFE5A,0xFE3A,0xFDD8,0xFDB8,0xFDB8,0xFDB8,
  0xFDB8,0xFDB8,0xFDD8,0xFE3A,0xFE5A,0xFE3A,0xFDD8,0xFDD8,0xFDD8,0xFE3A,0xFE5A,0xFE3A,0xFE3A,0xFE3A,0xFE3A,0xFDD8,
  0xFDD8,0xFDD8,0xFDB8,0xFDB8,0xFDB8,0xFDB8,0xFDB8,0xFDD8,0xFEBA,0xFEFB,0xFEFB,0xFEFB,0xFEBA,0xFDD8,0xFDB8,0xFDB8,
  0xFDB8,0xFDB8,0xFDD8,0xFE3A,0xFE5A,0xFE5A,0xFE5A,0xFE5A,0xFE5A,0xFE5A,0xFE5A,0xFE5A,0xFE5A,0xFE5A,0xFE5A,0xFE5A,
  0xFE5A,0xFE5A,0xFE5A,0xFE5A,0xFE5A,0xFE5A,0xFE5A,0xFE5A,0xFE5A,0xFE5A,0xFE5A,0xFE5A,0xFE5A,0xFE5A,0xFE5A,0xFE5A,
  0xFE5A,0xFE5A,0xFE5A,0xFE5A,0xFE5A,0xFE5A,0xFE5A,0xFE5A,0xFE5A,0xFE5A,0xFE5A,0xFE5A,0xFE3A,0xFDD8,0xFDB8,0xFDB8,
  0xFDB8,0xFDD8,0xFE3A,0xFE5A,0xFE5A,0xFE5A,0xFE5A,0xFE3A,0xFE3A,0xFE5A,0xFE3A,0xFDD8,0xFDD8,0xFDD8,0xFE3A,0xFE3A,
  0xFE3A,0xFE1A,0xFDD8,0xFDB8,0xFDB8,0xFDB8,0xFDB8,0xFDB8,0xFDF8,0xFEBA,0xFEDB,0xFEBA,0xFDF8,0xFDB8,0xFDB8,0xFDB8,
  0xFDB8,0xFDD8,0xFE19,0xFE5A,0xFE5A,0xFE5A,0xFE5A,0xFE5A,0xFE5A,0xFE5A,0xFE5A,0xFE5A,0xFE5A,0xFE5A,0xFE5A,0xFE5A,
  0xFE5A,0xFE5A,0xFE5A,0xFE5A,0xFE5A,0xFE5A,0xFE5A,0xFE5A,0xFE5A,0xFE5A,0xFE5A,0xFE5A,0xFE5A,0xFE5A,0xFE5A,0xFE5A,
  0xFE5A,0xFE5A,0xFE5A,0xFE5A,0xFE5A,0xFE5A,0xFE5A,0xFE5A,0xFE5A,0xFE5A,0xFE5A,0xFE5A,0xFE5A,0xFE3A,0xFDD8,0xFDD8,
  0xFDD8,0xFE3A,0xFE5A,0xFE5A,0xFEDB,0xFEDB,0xFEBB,0xFE5A,0xFE5A,0xFE3A,0xFDD8,0xFDB8,0xFDB8,0xFDB8,0xFDD8,0xFE3A,
  0xFE5A,0xFE3A,0xFDD8,0xFDB8,0xFDB8,0xFDB8,0xFDB8,0xFDB8,0xFDB8,0xFDD8,0xFDD8,0xFDD8,0xFDB8,0xFDB8,0xFDB8,0xFDB8,
  0xFDB8,0xFDB8,0xFDD8,0xFE3A,0xFE5A,0xFE5A,0xFE5A,0xFE5A,0xFE5A,0xFE5A,0xFE5A,0xFE5A,0xFE5A,0xFE5A,0xFE5A,0xFE5A,
  0xFE3A,0xFE3A,0xFE3A,0xFE3A,0xFE3A,0xFE3A,0xFE3A,0xFE3A,0xFE3A,0xFE3A,0xFE3A,0xFE3A,0xFE3A,0xFE3A,0xFE3A,0xFE3A,
  0xFE3A,0xFE3A,0xFE3A,0xFE3A,0xFE3A,0xFE3A,0xFE3A,0xFE3A,0xFE3A,0xFE3A,0xFE3A,0xFE3A,0xFE3A,0xFE3A,0xFE3A,0xFE3A,
  0xFE3A,0xFE3A,0xFE5A,0xFEBB,0xFEFB,0xFEFB,0xFEFB,0xFEBB,0xFE3A,0xFDD8,0xFDB8,0xFDB8,0xFDB8,0xFDB8,0xFDB8,0xFDD8,
  0xFE3A,0xFE3A,0xFE3A,0xFDD8,0xFDB8,0xFDB8,0xFDB8,0xFDB8,0xFDB8,0xFDB8,0xFDB8,0xFDB8,0xFDB8,0xFDB8,0xFDB8,0xFDB8,
  0xFDB8,0xFDB8,0xFDD8,0xFE3A,0xFE3A,0xFE3A,0xFE3A,0xFE3A,0xFE3A,0xFE3A,0xFE3A,0xFE3A,0xFE3A,0xFE3A,0xFE3A,0xFE3A,
  0xFE3A,0xFE3A,0xFE3A,0xFE3A,0xFE3A,0xFE3A,0xFE3A,0xFE3A,0xFE3A,0xFE3A,0xFE3A,0xFE3A,0xFE3A,0xFE3A,0xFE3A,0xFE3A,
  0xFE3A,0xFE3A,0xFE3A,0xFE3A,0xFE3A,0xFE3A,0xFE3A,0xFE3A,0xFE3A,0xFE3A,0xFE3A,0xFE3A,0xFE3A,0xFE3A,0xFE3A,0xFE3A,
  0xFE3A,0xFE3A,0xFE5A,0xFEDB,0xFEFB,0xFEFB,0xFEFB,0xFEDB,0xFE3A,0xFDD8,0xFDB8,0xFDB8,0xFDB8,0xFDB8,0xFDB8,0xFDD8,
  0xFE3A,0xFE3A,0xFE3A,0xFE3A,0xFDD8,0xFDD8,0xFDB8,0xFDB8,0xFDB8,0xFDB8,0xFDB8,0xFDB8,0xFDB8,0xFDB8,0xFDB8,0xFDB8,
  0xFDB8,0xFDB8,0xFDD8,0xFE3A,0xFE3A,0xFE3A,0xFE3A,0xFE3A,0xFE3A,0xFE3A,0xFE3A,0xFE3A,0xFE3A,0xFE3A,0xFE3A,0xFE3A,
  0xFE3A,0xFE3A,0xFE3A,0xFE3A,0xFE3A,0xFE3A,0xFE3A,0xFE3A,0xFE3A,0xFE3A,0xFE3A,0xFE3A,0xFE3A,0xFE3A,0xFE3A,0xFE3A,
  0xFE3A,0xFE3A,0xFE3A,0xFE3A,0xFE3A,0xFE3A,0xFE3A,0xFE3A,0xFE3A,0xFE3A,0xFE3A,0xFE3A,0xFE3A,0xFE3A,0xFDD8,0xFDD8,
  0xFDD8,0xFE3A,0xFE5A,0xFEBB,0xFEFB,0xFEFB,0xFEFB,0xFEBB,0xFE3A,0xFDD8,0xFDB8,0xFDB8,0xFDB8,0xFDB8,0xFDB8,0xFDD8,
  0xFE3A,0xFE3A,0xFE3A,0xFE3A,0xFE3A,0xFE19,0xFDD8,0xFDB8,0xFDB8,0xFDB8,0xFDB8,0xFDB8,0xFDB8,0xFDB8,0xFDB8,0xFDB8,
  0xFDB8,0xFDD8,0xFE19,0xFE3A,0xFE3A,0xFE3A,0xFE3A,0xFE3A,0xFE3A,0xFE3A,0xFE3A,0xFE3A,0xFE3A,0xFE3A,0xFE3A,0xFE3A,
  0xF63A,0xF63A,0xF63A,0xF63A,0xF63A,0xF63A,0xF63A,0xF63A,0xF63A,0xF63A,0xF63A,0xF63A,0xF63A,0xF63A,0xF63A,0xF63A,
  0xF63A,0xF63A,0xF63A,0xF63A,0xF63A,0xF63A,0xFDD8,0xFDD8,0xFDD8,0xF63A,0xF63A,0xF63A,0xF63A,0xFDD8,0xFDB8,0xFDB8,
  0xFDB8,0xFDD8,0xF619,0xEDF9,0xFEBB,0xFEDB,0xFEBB,0xFE5A,0xF63A,0xF619,0xFDD8,0xFDB8,0xFDB8,0xFDB8,0xFDD8,0xF63A,
  0xF63A,0xF63A,0xF63A,0xF63A,0xF63A,0xF63A,0xFDD8,0xFDB8,0xFDB8,0xFDB8,0xFDB8,0xFDB8,0xFDD8,0xFE1A,0xFDD8,0xFDD8,
  0xFDD8,0xF619,0xF619,0xFDD8,0xFDD8,0xFDD8,0xF63A,0xF63A,0xF63A,0xF63A,0xF63A,0xF63A,0xF63A,0xF63A,0xF63A,0xF63A,
  0xF63A,0xF63A,0xF63A,0xF63A,0xF63A,0xF63A,0xF63A,0xF63A,0xF63A,0xF63A,0xF63A,0xF63A,0xF63A,0xF63A,0xF63A,0xF63A,
  0xF63A,0xF63A,0xF63A,0xF63A,0xF63A,0xFDD8,0xFDB8,0xFDB8,0xFDB8,0xFDD8,0xF61A,0xF61A,0xFDD8,0xFDB8,0xFDB8,0xFDB8,
  0xFDB8,0xFDB8,0xF577,0xAB8F,0xE597,0xF619,0xFDD8,0xFDD8,0xFDD8,0xF619,0xF619,0xFDD8,0xFDD8,0xFDD8,0xF63A,0xF63A,
  0xF63A,0xF63A,0xF63A,0xF63A,0xF63A,0xF63A,0xF63A,0xFDD8,0xFDB8,0xFDB8,0xFDB8,0xFDD8,0xFE3A,0xFEBB,0xFEDB,0xFEBB,
  0xFE5A,0xF639,0xFDD8,0xFDB8,0xFDB8,0xFDB8,0xFDD8,0xF63A,0xF63A,0xF63A,0xF63A,0xF63A,0xF63A,0xF61A,0xEDD8,0xEDB8,
  0xF63A,0xF63A,0xF63A,0xF63A,0xF63A,0xF63A,0xF63A,0xF63A,0xF63A,0xF63A,0xF63A,0xF63A,0xF63A,0xF63A,0xF63A,0xF61A,
  0xFDD8,0xFDD8,0xFDD8,0xFE19,0xFDD8,0xFDB8,0xFDB8,0xFDB8,0xFDB8,0xFDB8,0xFDD8,0xFE19,0xFDD8,0xFDB8,0xFDB8,0xFDB8,
  0xFDB8,0xFDB8,0xFDB8,0xE577,0xAB6F,0xF577,0xFDB8,0xFDB8,0xFDB8,0xFDD8,0xF619,0xF61A,0xF61A,0xF63A,0xF63A,0xF63A,
  0xF63A,0xF63A,0xF63A,0xF63A,0xF63A,0xF63A,0xF63A,0xF619,0xFDD8,0xFDB8,0xFDD8,0xFE3A,0xFEBB,0xFEFB,0xFEFB,0xFEFB,
  0xFEBB,0xFDD8,0xFDB8,0xFDB8,0xFDB8,0xFDB8,0xFDB8,0xFDD8,0xF61A,0xF63A,0xF61A,0xEDD8,0xEDB8,0xE577,0x9B2E,0x92CC,
  0xF63A,0xF63A,0xF63A,0xF63A,0xF63A,0xF63A,0xF63A,0xF63A,0xF63A,0xF63A,0xF63A,0xF63A,0xF63A,0xF63A,0xF61A,0xFDD8,
  0xFDB8,0xFDB8,0xFDB8,0xFDB8,0xFDB8,0xFDB8,0xFDB8,0xFDB8,0xFDB8,0xFDB8,0xFDD8,0xFE19,0xFDD8,0xFDB8,0xFDB8,0xFDB8,
  0xFDB8,0xFDB8,0xFDD8,0xF5F9,0xF577,0xFDB8,0xFDB8,0xFDB8,0xFDB8,0xFDB8,0xFDD8,0xF61A,0xF63A,0xF63A,0xF63A,0xF63A,
  0xF63A,0xF63A,0xF63A,0xF63A,0xF63A,0xF63A,0xF63A,0xF619,0xFDD8,0xFDB8,0xFDD8,0xFE3A,0xFEDB,0xFEFB,0xFEFB,0xFEFB,
  0xFEDB,0xFDD8,0xFDB8,0xFDB8,0xFDB8,0xFDB8,0xFDB8,0xFDB8,0xEDB8,0xEDB8,0xDD56,0x92CC,0x92CC,0x9B2E,0xE577,0xEDB8,
  0xF63A,0xF63A,0xF63A,0xF63A,0xF63A,0xF63A,0xF63A,0xF63A,0xF63A,0xF63A,0xF63A,0xF61A,0xF63A,0xF61A,0xFDD8,0xFDB8,
  0xFDB8,0xFDB8,0xFDB8,0xFDB8,0xFDB8,0xFDB8,0xFDB8,0xFDB8,0xFDB8,0xFDB8,0xFDD8,0xF619,0xF619,0xFDD8,0xFDB8,0xFDB8,
  0xFDB8,0xFDD8,0xF619,0xF619,0xFDD8,0xFDB8,0xFDB8,0xFDB8,0xFDB8,0xFDB8,0xFDD8,0xF61A,0xF63A,0xF63A,0xF63A,0xF63A,
  0xF63A,0xF63A,0xF63A,0xF63A,0xF63A,0xF63A,0xF61A,0xFDD8,0xFDB8,0xFDB8,0xFDB8,0xFDD8,0xFEBA,0xFEFB,0xFEFB,0xFEFB,
  0xFEBA,0xFDD8,0xFDB8,0xFDB8,0xFDB8,0xFDB8,0xFDB8,0xE515,0x92AC,0x92CC,0x92CC,0x92CC,0xDD56,0xEDD8,0xF619,0xF63A,
  0xF63A,0xF63A,0xF63A,0xF63A,0xF63A,0xF63A,0xF63A,0xF63A,0xF63A,0xF61A,0xFDD8,0xFDD8,0xFDD8,0xFE19,0xFDB8,0xFDB8,
  0xFDB8,0xFDB8,0xFDB8,0xFDB8,0xFDB8,0xFDB8,0xFDB8,0xFDB8,0xFDB8,0xFDB8,0xF619,0xF619,0xF619,0xFE19,0xFDB8,0xFDB8,
  0xFDD8,0xF61A,0xF63A,0xF61A,0xFDD8,0xFDB8,0xFDB8,0xFDB8,0xFDB8,0xFDB8,0xFDD8,0xF61A,0xF63A,0xF63A,0xF63A,0xF63A,
  0xF63A,0xF63A,0xF63A,0xF63A,0xF63A,0xF61A,0xFDD8,0xFDB8,0xFDB8,0xFDB8,0xFDB8,0xFDB8,0xFDF8,0xFEBA,0xFEDB,0xFEBA,
  0xFDF8,0xFDF9,0xF577,0xFDB8,0xFDB8,0xFDB8,0xF577,0xA30D,0x92CC,0xDD56,0xEDB8,0xEDB8,0xF619,0xF63A,0xF63A,0xF63A,
  0xF63A,0xF63A,0xF63A,0xF63A,0xF63A,0xF63A,0xF63A,0xF63A,0xF61A,0xFDB8,0xFDB8,0xFDB8,0xFDB8,0xFDB8,0xFDB8,0xFDB8,
  0xFDB8,0xFDB8,0xFDB8,0xFDB8,0xFDB8,0xFE19,0xFDD8,0xFDD8,0xFDD8,0xF619,0xF619,0xFDD8,0xFDB8,0xFDB8,0xFE19,0xF619,
  0xF61A,0xF63A,0xF63A,0xF63A,0xF61A,0xFDB8,0xFDB8,0xFDB8,0xFDB8,0xFDB8,0xF61A,0xF63A,0xF61A,0xF61A,0xF61A,0xF63A,
  0xF63A,0xF63A,0xF63A,0xF63A,0xF63A,0xF61A,0xFDB8,0xFDB8,0xFDB8,0xFDB8,0xFDB8,0xFDB8,0xFDB8,0xFDD8,0xFDD8,0xFDD8,
  0xFDB8,0xF577,0xAB6E,0xF577,0xFDB8,0xFDD8,0xF619,0xEDB8,0xEDB8,0xF619,0xF63A,0xF63A,0xF63A,0xF63A,0xF63A,0xF63A,
  0xF63A,0xF63A,0xF63A,0xF63A,0xF63A,0xF63A,0xF63A,0xF61A,0xFDD8,0xFDB8,0xFDB8,0xFDB8,0xFDB8,0xFDB8,0xFDB8,0xFDB8,
  0xFDB8,0xFDB8,0xFDB8,0xFDB8,0xFDD8,0xFE9A,0xFEBA,0xFEBB,0xFE3A,0xF619,0xFDB8,0xFDB8,0xFDB8,0xFDB8,0xFDB8,0xF619,
  0xF63A,0xF63A,0xF63A,0xF63A,0xF63A,0xF619,0xFDB8,0xF576,0xFDB8,0xF619,0xF63A,0xF61A,0xFDD8,0xFDB8,0xFDD8,0xF61A,
  0xF63A,0xF63A,0xF63A,0xF63A,0xF63A,0xF61A,0xFDB8,0xFDB8,0xFDB8,0xFDB8,0xFDB8,0xFDB8,0xFDB8,0xFDB8,0xFDB8,0xFDB8,
  0xFDB8,0xFDB8,0xF577,0xF619,0xF619,0xF61A,0xF63A,0xF63A,0xF63A,0xF63A,0xF63A,0xF63A,0xF63A,0xF63A,0xF63A,0xF63A,
  0xF61A,0xF61A,0xF61A,0xF61A,0xF61A,0xF61A,0xF61A,0xF619,0xFDB8,0xFDB8,0xFDB8,0xFDB8,0xFDB8,0xFDB8,0xFDB8,0xFDD8,
  0xFDD8,0xFDD8,0xFDB8,0xFDB8,0xFDB8,0xFDD8,0xFDF8,0xFEBA,0xFEBB,0xFDD8,0xFDB8,0xFDB8,0xFDB8,0xFDB8,0xFDB8,0xFDD8,
  0xF619,0xF61A,0xF61A,0xF61A,0xF61A,0xF61A,0xEDB8,0xAB6F,0xEDB8,0xF61A,0xF619,0xFDB8,0xFDB8,0xFDB8,0xFDB8,0xFDB8,
  0xF619,0xF61A,0xF61A,0xF61A,0xF61A,0xF61A,0xF619,0xFDB8,0xFDB8,0xFDB8,0xFD97,0xF576,0xFDB8,0xFDB8,0xFDB8,0xFDB8,
  0xFDB8,0xFDB8,0xFDB8,0xF619,0xF61A,0xF61A,0xF61A,0xF61A,0xF61A,0xF61A,0xF61A,0xF61A,0xF61A,0xF61A,0xF61A,0xF61A,
  0xF61A,0xF61A,0xF61A,0xF61A,0xF61A,0xF61A,0xF61A,0xF619,0xFDB8,0xFDB8,0xFDB8,0xFDB8,0xFDB8,0xFDB8,0xFDF8,0xFEBA,
  0xFEDB,0xFEBA,0xFDF8,0xFDB8,0xFDB8,0xFDB8,0xFDB8,0xFDF8,0xFE9A,0xFDD8,0xFDB8,0xFDB8,0xFDB8,0xFDB8,0xFDB8,0xFDB8,
  0xF619,0xF61A,0xF61A,0xF61A,0xF61A,0xF619,0xFDB8,0xF576,0xFDB8,0xFE19,0xFDB8,0xFDB8,0xFDB8,0xFDB8,0xFDB8,0xFDB8,
  0xFDB8,0xF619,0xF61A,0xF61A,0xF61A,0xF61A,0xF61A,0xF5F9,0xF556,0xF556,0xE515,0xAB6E,0xF577,0xFDB8,0xFDB8,0xFDB8,
  0xFDB8,0xFDB8,0xFDB8,0xF619,0xF61A,0xF61A,0xF61A,0xF61A,0xF61A,0xF61A,0xF61A,0xF61A,0xF61A,0xF61A,0xF61A,0xF61A,
  0xF61A,0xF61A,0xF61A,0xF61A,0xF61A,0xF61A,0xF61A,0xF61A,0xF619,0xFDB8,0xFDB8,0xFDB8,0xFDB8,0xFDD8,0xFEBA,0xFEFB,
  0xFEFB,0xFEFB,0xFEBA,0xFDD8,0xFDB8,0xFDB8,0xFDB8,0xFDB8,0xFDD8,0xFDB8,0xFDB8,0xFDB8,0xFDB8,0xFDB8,0xFDB8,0xFDB8,
  0xF619,0xF61A,0xF61A,0xF61A,0xF619,0xFDB8,0xFDB8,0xFDB8,0xFDB8,0xFDB8,0xFDB8,0xFDB8,0xFDB8,0xFDB8,0xFDB8,0xFDB8,
  0xFDB8,0xF619,0xF61A,0xF61A,0xF61A,0xF61A,0xF5F9,0xDD56,0x92AC,0x8A6B,0x9B0D,0xE557,0xF5F9,0xFDB8,0xFDB8,0xFDB8,
  0xFDB8,0xFDB8,0xF619,0xF61A,0xF61A,0xF61A,0xF61A,0xF61A,0xF61A,0xF61A,0xF61A,0xF61A,0xF61A,0xF61A,0xF61A,0xF61A,
  0xF61A,0xF61A,0xF61A,0xF61A,0xF61A,0xF61A,0xF61A,0xF61A,0xF619,0xFDB8,0xFDB8,0xFDB8,0xFDB8,0xFDD8,0xFEDB,0xFEFB,
  0xFEFB,0xFEFB,0xFEDB,0xFDD8,0xFDB8,0xFDB8,0xFDB8,0xFDB8,0xFDB8,0xFDF9,0xFDB8,0xFDB8,0xFDB8,0xFDB8,0xFDB8,0xF619,
  0xF61A,0xF61A,0xF61A,0xF619,0xFDB8,0xFDB8,0xFDB8,0xFDB8,0xFDB8,0xFDB8,0xFDB8,0xFDB8,0xFDB8,0xFDB8,0xFDB8,0xFDB8,
  0xFDB8,0xF619,0xF619,0xF61A,0xF5F9,0xEDB8,0xDD56,0x92AC,0x826B,0x92AC,0xDD56,0xF5F9,0xF61A,0xF619,0xFDB8,0xFDB8,
  0xFDB8,0xF619,0xF61A,0xF61A,0xF61A,0xFE5A,0xFE5A,0xFE5A,0xF61A,0xF61A,0xF61A,0xF61A,0xF61A,0xF61A,0xF61A,0xF61A,
  0xF61A,0xF61A,0xF61A,0xF61A,0xF61A,0xF61A,0xF61A,0xF619,0xFDB8,0xFDB8,0xFDB8,0xFDB8,0xFDB8,0xFDD8,0xFEBA,0xFEFB,
  0xFEFB,0xFEFB,0xFEBA,0xFDD8,0xFDB8,0xFDB8,0xFDB8,0xFDB8,0xFDB8,0xFDB8,0xFDF9,0xFDB8,0xFDB8,0xFDB8,0xF619,0xF61A,
  0xF61A,0xF61A,0xF61A,0xF619,0xFDB8,0xFDB8,0xFDB8,0xFDB8,0xFDB8,0xFDB8,0xFDB8,0xFDD8,0xFDD8,0xFDD8,0xFDB8,0xFDB8,
  0xFDB8,0xFDB8,0xFDB8,0xF5F9,0xE556,0x92AC,0x826B,0x92AC,0xDD56,0xEDB8,0xF5F9,0xF61A,0xF61A,0xF61A,0xF619,0xF619,
  0xF619,0xF61A,0xF61A,0xF61A,0xFE5A,0xFE5A,0xFE5A,0xFE5A,0xFE5A,0xF61A,0xF61A,0xF61A,0xF61A,0xF61A,0xF61A,0xF61A,
  0xF61A,0xF61A,0xF61A,0xF61A,0xF61A,0xF61A,0xF61A,0xF619,0xFDB8,0xFDB8,0xFDB8,0xFDB8,0xFDB8,0xFDB8,0xFDF8,0xFEBA,
  0xFEDB,0xFEBA,0xFDF8,0xFDB8,0xFDB8,0xFDB8,0xFDB8,0xFDB8,0xFDB8,0xFDB8,0xFDB8,0xF619,0xF619,0xF619,0xF61A,0xF61A,
  0xF61A,0xF61A,0xF61A,0xF619,0xFDB8,0xFDB8,0xFDB8,0xFDB8,0xFDB8,0xFDB8,0xFDF8,0xFEBA,0xFEDB,0xFEBA,0xFDF8,0xFDB8,
  0xFDB8,0xFDB8,0xFDB8,0xF576,0x9B0D,0x8A6B,0x92AC,0xDD56,0xF5F9,0xF61A,0xF61A,0xF61A,0xF61A,0xF61A,0xF61A,0xF61A,
  0xF61A,0xF61A,0xF61A,0xF61A,0xFE5A,0xFE5A,0xFE5A,0xFE5A,0xFE5A,0xF61A,0xF61A,0xF61A,0xF61A,0xF61A,0xF61A,0xF61A,
  0xF619,0xF619,0xF619,0xF619,0xF619,0xF619,0xF619,0xF619,0xFDB8,0xFDB8,0xFDB8,0xFDB8,0xFDB8,0xFDB8,0xFDB8,0xFDD8,
  0xFDD8,0xFDD8,0xFDB8,0xFDB8,0xFDB8,0xFDB8,0xFDB8,0xFDB8,0xFDB8,0xFDB8,0xFDB8,0xF619,0xF619,0xF619,0xF619,0xF619,
  0xF619,0xF619,0xF619,0xF619,0xF619,0xFDB8,0xFDB8,0xFDB8,0xFDB8,0xFDD8,0xFEBA,0xFEFB,0xFEFB,0xFEFB,0xFEBA,0xFDD8,
  0xFDB8,0xFDB8,0xFDB8,0xFDB8,0xF556,0xED97,0xEDB8,0xF5F9,0xF619,0xF619,0xF619,0xF619,0xF619,0xF619,0xF619,0xF619,
  0xF619,0xF619,0xF619,0xF619,0xFE5A,0xFE5A,0xFE5A,0xFE5A,0xFE5A,0xF619,0xF619,0xF619,0xF619,0xF619,0xF619,0xF619,
  0xF619,0xF619,0xF619,0xF619,0xF619,0xF619,0xF619,0xF619,0xF619,0xFDB8,0xFDB8,0xFDB8,0xFDB8,0xFDB8,0xFDB8,0xFDB8,
  0xFDB8,0xFDB8,0xFDB8,0xFDB8,0xFDB8,0xFDB8,0xFDB8,0xFDB8,0xFDB8,0xFDB8,0xFDB8,0xF619,0xF619,0xF619,0xF619,0xF619,
  0xF619,0xF619,0xF619,0xF619,0xF619,0xFDB8,0xFDB8,0xFDB8,0xFDB8,0xFDD8,0xFEDB,0xFEFB,0xFEFB,0xFEFB,0xFEDB,0xFDD8,
  0xFDB8,0xFDB8,0xFDB8,0xFDB8,0xFDB8,0xF619,0xF619,0xF619,0xF619,0xF619,0xF619,0xF619,0xF619,0xF619,0xF619,0xF619,
  0xF619,0xF619,0xF619,0xF619,0xF619,0xFE5A,0xFE5A,0xFE5A,0xF619,0xF619,0xF619,0xF619,0xF619,0xF619,0xF619,0xF619,
  0xF619,0xF619,0xF619,0xF619,0xF619,0xF619,0xF619,0xF619,0xF619,0xF619,0xFDB8,0xFDB8,0xFDB8,0xFDF9,0xFDB8,0xFDB8,
  0xFDB8,0xFDB8,0xFDB8,0xFDB8,0xFDB8,0xFDB8,0xFDB8,0xFDB8,0xFDB8,0xFDB8,0xF619,0xF619,0xF619,0xF619,0xF619,0xF619,
  0xF619,0xF619,0xF619,0xF619,0xFDB8,0xFDB8,0xFDB8,0xFDB8,0xFDB8,0xFDD8,0xFEBA,0xFEFB,0xFEFB,0xFEFB,0xFEBA,0xFDD8,
  0xFDB8,0xFDB8,0xFDB8,0xFDB8,0xFDB8,0xF619,0xF619,0xF619,0xF619,0xF619,0xF619,0xF619,0xF619,0xF619,0xF619,0xF619,
  0xF619,0xF619,0xF619,0xF619,0xF619,0xF619,0xF619,0xF619,0xF619,0xF619,0xF619,0xF619,0xF619,0xF619,0xF619,0xF619,
  0xF619,0xF619,0xF619,0xF619,0xF619,0xF619,0xF619,0xF619,0xF619,0xF619,0xF619,0xF619,0xF619,0xF619,0xF619,0xFDB8,
  0xFDB8,0xFDB8,0xFDB8,0xFDB8,0xF619,0xF619,0xFDB8,0xF576,0xFDB8,0xF619,0xF619,0xF619,0xF619,0xF619,0xF619,0xF619,
  0xF619,0xF619,0xF619,0xF619,0xFDB8,0xFDB8,0xFDB8,0xFDB8,0xFDB8,0xFDB8,0xFDF8,0xFEBA,0xFEDB,0xFEBA,0xFDF8,0xFDB8,
  0xFDB8,0xFDB8,0xFDB8,0xFDB8,0xF619,0xF619,0xF619,0xF619,0xF619,0xF619,0xF619,0xF619,0xF619,0xF619,0xF619,0xF619,
  0xF619,0xF619,0xF619,0xF619,0xF619,0xF619,0xF619,0xF619,0xF619,0xF619,0xF619,0xF619,0xF619,0xF619,0xF619,0xF619,
  0xF5F9,0xF5F9,0xF5F9,0xF5F9,0xF5F9,0xF5F9,0xF5F9,0xF5F9,0xF5F9,0xF5F9,0xF5F9,0xF5F9,0xF5F9,0xF5F9,0xF5F9,0xF5F9,
  0xFDB8,0xFDB8,0xFDB8,0xF5F9,0xF5F9,0xF5F9,0xEDB8,0xAB6F,0xED97,0xF5F9,0xF5F9,0xF5F9,0xFDB8,0xFDB8,0xFDB8,0xF5F9,
  0xF5F9,0xF5F9,0xF5F9,0xF5F9,0xFDB8,0xFDB8,0xFDB8,0xFDB8,0xFDB8,0xFDB8,0xFDB8,0xFDD8,0xFDD8,0xFDD8,0xFDB8,0xFDB8,
  0xFDB8,0xFDB8,0xFDB8,0xF5F9,0xF5F9,0xF5F9,0xF5F9,0xF5F9,0xF5F9,0xF5F9,0xF5F9,0xF5F9,0xF5F9,0xF5F9,0xF5F9,0xF5F9,
  0xF5F9,0xF5F9,0xF5F9,0xF5F9,0xF5F9,0xF5F9,0xF5F9,0xF5F9,0xF5F9,0xF5F9,0xF5F9,0xF5F9,0xF5F9,0xF5F9,0xF5F9,0xF5F9,
  0xF5F9,0xF5F9,0xF5F9,0xF5F9,0xF5F9,0xF5F9,0xF5F9,0xF5F9,0xF5F9,0xF5F9,0xF5F9,0xF5F9,0xF5F9,0xF5F9,0xF5F9,0xF5F9,
  0xF5F9,0xF5F9,0xF5F9,0xF5F9,0xF5F9,0xF5F9,0xF5F9,0xF577,0xFDB8,0xFDB8,0xFDF9,0xFDB8,0xFDB8,0xFDB8,0xFDB8,0xFDB8,
  0xF5F9,0xF5F9,0xF5F9,0xF5F9,0xF5F9,0xFDB8,0xFDB8,0xFDB8,0xFD97,0xF556,0xFD97,0xFDB8,0xFDB8,0xFDB8,0xFDB8,0xFDB8,
  0xFDB8,0xF5F9,0xF5F9,0xF5F9,0xF5F9,0xF5F9,0xF5F9,0xF5F9,0xF5F9,0xF5F9,0xF5F9,0xF5F9,0xF5F9,0xF5F9,0xF5F9,0xF5F9,
  0xF5F9,0xF5F9,0xF5F9,0xF5F9,0xF5F9,0xF5F9,0xF5F9,0xF5F9,0xF5F9,0xF5F9,0xF5F9,0xF5F9,0xF5F9,0xF5F9,0xF5F9,0xF5F9,
  0xF5F9,0xF5F9,0xF5F9,0xF5F9,0xF5F9,0xF5F9,0xF5F9,0xF5F9,0xF5F9,0xF5F9,0xF5F9,0xF5F9,0xF5F9,0xF5F9,0xF5F9,0xF5F9,
  0xF5F9,0xF5F9,0xF5F9,0xF5F9,0xF5F9,0xF5F9,0xFDB8,0xFDB8,0xFDB8,0xFDB8,0xFDB8,0xFDB8,0xFDB8,0xFDB8,0xFDB8,0xFDB8,
  0xFDB8,0xF5F9,0xF5F9,0xF5F9,0xF5F9,0xF5F9,0xFDB8,0xFDB8,0xE515,0x9B0D,0xE515,0xFDB8,0xFDB8,0xFDB8,0xFDB8,0xFDB8,
  0xFDB8,0xF5F9,0xF5F9,0xF5F9,0xF5F9,0xF5F9,0xF5F9,0xF5F9,0xF5F9,0xF5F9,0xF5F9,0xF5F9,0xF5F9,0xF5F9,0xF5F9,0xF5F9,
  0xF5F9,0xF5F9,0xF5F9,0xF5F9,0xF5F9,0xF5F9,0xF5F9,0xF5F9,0xF5F9,0xF5F9,0xF5F9,0xF5F9,0xF5F9,0xF5F9,0xF5F9,0xF5F9,
  0xF5F9,0xF5F9,0xF5F9,0xF5F9,0xF5F9,0xF5F9,0xF5F9,0xF5F9,0xF5F9,0xF5F9,0xF5F9,0xF5F9,0xF5F9,0xF5F9,0xF5F9,0xF5F9,
  0xF5F9,0xF5F9,0xF5F9,0xF5F9,0xF5F9,0xFDB8,0xFDB8,0xFDB8,0xFDB8,0xFDB8,0xFDB8,0xFDB8,0xFDB8,0xFDB8,0xFDB8,0xFDB8,
  0xFDB8,0xF5F9,0xF5F9,0xF5F9,0xF5F9,0xF5D9,0xED97,0xDD36,0x92AC,0x8A6B,0x9B0D,0xF576,0xFDB8,0xFDB8,0xFDB8,0xFDB8,
  0xF5F9,0xF5F9,0xF5F9,0xF5F9,0xF5F9,0xF5F9,0xFE5A,0xFE5A,0xFE5A,0xF5F9,0xF5F9,0xF5F9,0xF5F9,0xF5F9,0xF5F9,0xF5F9,
  0xF5F9,0xF5F9,0xF5F9,0xF5F9,0xF5F9,0xF5F9,0xF5F9,0xF5F9,0xF5F9,0xF5F9,0xF5F9,0xF5F9,0xF5F9,0xF5F9,0xF5F9,0xF5F9,
  0xF5F9,0xF5F9,0xF5F9,0xF5F9,0xF5F9,0xF5F9,0xF5F9,0xF5F9,0xF5F9,0xF5F9,0xF5F9,0xF5F9,0xF5F9,0xF5F9,0xF5F9,0xF5F9,
  0xF5F9,0xF5F9,0xF5F9,0xF5F9,0xF5F9,0xFDB8,0xFDB8,0xFDB8,0xFDB8,0xFDB8,0xFDB8,0xFDD8,0xFDD8,0xFDD8,0xFDB8,0xFDB8,
  0xFDB8,0xFDB8,0xF5F9,0xF5F9,0xF5D9,0xDD36,0x92AC,0x824A,0x92AC,0xDD36,0xED97,0xF5D9,0xFDB8,0xFDB8,0xFDB8,0xF5F9,
  0xF5F9,0xF5F9,0xF5F9,0xF5F9,0xF5F9,0xFE5A,0xFE5A,0xFE5A,0xFE5A,0xFE5A,0xF5F9,0xF5F9,0xF5F9,0xF5F9,0xF5F9,0xF5F9,
  0xF5F9,0xF5F9,0xF5F9,0xF5F9,0xF5F9,0xF5F9,0xF5F9,0xF5F9,0xF5F9,0xF5F9,0xF5F9,0xF5F9,0xF5F9,0xF5F9,0xF5F9,0xF5F9,
  0xF5F9,0xF5F9,0xF5F9,0xF5F9,0xF5F9,0xF5F9,0xF5F9,0xF5F9,0xF5F9,0xF5F9,0xF5F9,0xF5F9,0xF5F9,0xF5F9,0xF5F9,0xF5F9,
  0xF5F9,0xF5F9,0xF5F9,0xF5F9,0xF5F9,0xFDB8,0xFDB8,0xFDB8,0xFDB8,0xFDB8,0xFDF8,0xFEBA,0xFEDB,0xFEBA,0xFDF8,0xFDB8,
  0xFDB8,0xFDB8,0xFDB8,0xF5D8,0xDD36,0x92AC,0x824A,0x92AC,0xDD36,0xF5D9,0xF5F9,0xF5F9,0xF5F9,0xF5F9,0xF5F9,0xF5F9,
  0xF5F9,0xF5F9,0xF5F9,0xF5F9,0xF5F9,0xFE5A,0xFE5A,0xFE5A,0xFE5A,0xFE5A,0xF5F9,0xF5F9,0xF5F9,0xF5F9,0xF5F9,0xF5F9,
  0xF5F9,0xF5F9,0xF5F9,0xF5F9,0xF5F9,0xF5F9,0xF5F9,0xF5F9,0xF5F9,0xF5F9,0xF5F9,0xF5F9,0xF5F9,0xF5F9,0xF5F9,0xF5F9,
  0xF5F9,0xF5F9,0xF5F9,0xF5F9,0xF5F9,0xF5F9,0xF5F9,0xF5F9,0xF5F9,0xF5F9,0xF5F9,0xF5F9,0xF5F9,0xF5F9,0xF5F9,0xF5F9,
  0xF5F9,0xF5F9,0xF5F9,0xF5F9,0xF5F9,0xF5F9,0xFDB8,0xFDB8,0xFDB8,0xFDD8,0xFEBA,0xFEFB,0xFEFB,0xFEFB,0xFEBA,0xFDD8,
  0xFDB8,0xFDB8,0xFDB8,0xF576,0x92AC,0x92AC,0xDD36,0xE597,0xF5D9,0xF5F9,0xF5F9,0xF5F9,0xF5F9,0xF5F9,0xF5F9,0xF5F9,
  0xF5F9,0xF5F9,0xF5F9,0xF5F9,0xF5F9,0xFE5A,0xFE5A,0xFE5A,0xFE5A,0xFE5A,0xF5F9,0xF5F9,0xF5F9,0xF5F9,0xF5F9,0xF5F9,
  0xF5F9,0xF5F9,0xF5F9,0xF5F9,0xF5F9,0xF5F9,0xF5F9,0xF5F9,0xF5F9,0xF5F9,0xF5F9,0xF5F9,0xF5F9,0xF5F9,0xF5F9,0xF5F9,
  0xF5F9,0xF5F9,0xF5F9,0xF5F9,0xF5F9,0xF5F9,0xF5F9,0xF5F9,0xF5F9,0xF5F9,0xF5F9,0xF5F9,0xF5F9,0xF5F9,0xF5F9,0xF5F9,
  0xF5F9,0xF5F9,0xF5F9,0xF5F9,0xF5F9,0xF5F9,0xFDB8,0xFDB8,0xFDB8,0xFDD8,0xFEDB,0xFEFB,0xFEFB,0xFEFB,0xFEDB,0xFDD8,
  0xFDB8,0xFDB8,0xFDB8,0xF556,0x9B0D,0xDD36,0xF5D9,0xF5F9,0xF5F9,0xF5F9,0xF5F9,0xF5F9,0xF5F9,0xF5F9,0xF5F9,0xF5F9,
  0xF5F9,0xF5F9,0xF5F9,0xF5F9,0xF5F9,0xF5F9,0xFE3A,0xFE3A,0xFE3A,0xF5F9,0xF5F9,0xF5F9,0xF5F9,0xF5F9,0xF5F9,0xF5F9,
  0xF5F9,0xF5F9,0xF5F9,0xF5F9,0xF5F9,0xF5F9,0xF5F9,0xF5F9,0xF5F9,0xF5F9,0xF5F9,0xF5F9,0xF5F9,0xF5F9,0xF5F9,0xF5F9,
  0xF5F9,0xF5F9,0xF5F9,0xF5F9,0xF5F9,0xF5F9,0xF5F9,0xF5F9,0xF5F9,0xF5F9,0xF5F9,0xF5F9,0xF5F9,0xF5F9,0xF5F9,0xF5F9,
  0xF5F9,0xF5F9,0xF5F9,0xF5F9,0xF5F9,0xFDB8,0xFDB8,0xFDB8,0xFDB8,0xFDD8,0xFEBA,0xFEFB,0xFEFB,0xFEFB,0xFEBA,0xFDD8,
  0xFDB8,0xFDB8,0xFDB8,0xFDB8,0xED98,0xF5D9,0xF5F9,0xF5F9,0xF5F9,0xF5F9,0xF5F9,0xF5F9,0xF5F9,0xF5F9,0xF5F9,0xF5F9,
  0xF5F9,0xF5F9,0xF5F9,0xF5F9,0xF5F9,0xF5F9,0xF5F9,0xF5F9,0xF5F9,0xF5F9,0xF5F9,0xF5F9,0xF5F9,0xF5F9,0xF5F9,0xF5F9,
  0xF5F9,0xF5F9,0xF5F9,0xF5F9,0xF5F9,0xF5F9,0xF5F9,0xF5F9,0xF5F9,0xF5F9,0xF5F9,0xF5F9,0xF5F9,0xF5F9,0xF5F9,0xF5F9,
  0xF5F9,0xF5F9,0xF5F9,0xF5F9,0xF5F9,0xF5F9,0xF5F9,0xF5F9,0xF5F9,0xF5F9,0xF5F9,0xF5F9,0xF5F9,0xF5F9,0xF5F9,0xF5F9,
  0xF5F9,0xF5F9,0xF5F9,0xF5F9,0xF5F9,0xFDB8,0xFDB8,0xFDB8,0xFDB8,0xFDB8,0xFDF8,0xFEBA,0xFEDB,0xFEBA,0xFDF8,0xFDB8,
  0xFDB8,0xFDB8,0xFDB8,0xF5F9,0xF5F9,0xF5F9,0xF5F9,0xF5F9,0xF5F9,0xF5F9,0xF5F9,0xF5F9,0xF5F9,0xF5F9,0xF5F9,0xF5F9,
  0xF5F9,0xF5F9,0xF5F9,0xF5F9,0xF5F9,0xF5F9,0xF5F9,0xF5F9,0xF5F9,0xF5F9,0xF5F9,0xF5F9,0xF5F9,0xF5F9,0xF5F9,0xF5F9,
  0xF5F9,0xF5F9,0xF5F9,0xF5F9,0xF5F9,0xF5F9,0xF5F9,0xF5F9,0xF5F9,0xF5F9,0xF5F9,0xF5F9,0xF5F9,0xF5F9,0xF5F9,0xF5F9,
  0xF5F9,0xF5F9,0xF5F9,0xF5F9,0xF5F9,0xF5F9,0xF5F9,0xF5F9,0xF5F9,0xF5F9,0xF5F9,0xF5F9,0xF5F9,0xF5F9,0xF5F9,0xF5F9,
  0xF5F9,0xF5F9,0xF5F9,0xF5F9,0xF5F9,0xFDB8,0xFDB8,0xFDB8,0xFDB8,0xFDB8,0xFDB8,0xFDD8,0xFDD8,0xFDD8,0xFDB8,0xFDB8,
  0xFDB8,0xFDB8,0xF5F9,0xF5F9,0xF5F9,0xF5F9,0xF5F9,0xF5F9,0xF5F9,0xF5F9,0xF5F9,0xF5F9,0xF5F9,0xF5F9,0xF5F9,0xF5F9,
  0xF5F9,0xF5F9,0xF5F9,0xF5F9,0xF5F9,0xF5F9,0xF5F9,0xF5F9,0xF5F9,0xF5F9,0xF5F9,0xF5F9,0xF5F9,0xF5F9,0xF5F9,0xF5F9,
  0xF5F9,0xF5F9,0xF5F9,0xF5F9,0xF5F9,0xF5F9,0xF5F9,0xF5F9,0xF5F9,0xF5F9,0xF5F9,0xF5F9,0xF5F9,0xF5F9,0xF5F9,0xF5F9,
  0xF5D9,0xF5D9,0xF5D9,0xF5D9,0xF5D9,0xF5D9,0xF5D9,0xF5D9,0xF5D9,0xF5D9,0xF5D9,0xF5D9,0xF5D9,0xF5D9,0xF5D9,0xF5D9,
  0xF5D9,0xF5D9,0xF5D9,0xF5D9,0xF5D9,0xF5D9,0xFDB8,0xFDB8,0xFDB8,0xFDB8,0xFDB8,0xFDB8,0xFDB8,0xFDB8,0xFDB8,0xFDB8,
  0xFDB8,0xF5D9,0xF5D9,0xF5D9,0xF5D9,0xF5D9,0xF5D9,0xF5D9,0xF5D9,0xF5D9,0xF5D9,0xF5D9,0xF5D9,0xF5D9,0xF5D9,0xF5D9,
  0xF5D9,0xF5D9,0xF5D9,0xF5D9,0xF5D9,0xF5D9,0xF5D9,0xF5D9,0xF5D9,0xF5D9,0xF5D9,0xF5D9,0xF5D9,0xF5D9,0xF5D9,0xF5D9,
  0xF5D9,0xF5D9,0xF5D9,0xF5D9,0xF5D9,0xF5D9,0xF5D9,0xF5D9,0xF5D9,0xF5D9,0xF5D9,0xF5D9,0xF5D9,0xF5D9,0xF5D9,0xF5D9,
  0xF5D9,0xF5D9,0xF5D9,0xF5D9,0xF5D9,0xF5D9,0xF5D9,0xF5D9,0xF5D9,0xF5D9,0xF5D9,0xF5D9,0xF5D9,0xF5D9,0xF5F9,0xF5F9,
  0xF5F9,0xF5D9,0xF5D9,0xF5D9,0xF5D9,0xF5D9,0xF5D9,0xFDB8,0xFDB8,0xFDB8,0xED77,0xF556,0xFDB8,0xFDB8,0xFDB8,0xFDB8,
  0xF5D9,0xF5D9,0xF5D9,0xF5D9,0xF5D9,0xF5D9,0xF5D9,0xF5D9,0xF5D9,0xF5D9,0xF5D9,0xF5D9,0xF5D9,0xF5D9,0xF5D9,0xF5D9,
  0xF5D9,0xF5D9,0xF5D9,0xF5D9,0xF5D9,0xF5D9,0xF5D9,0xF5D9,0xF5D9,0xF5D9,0xF5D9,0xF5D9,0xF5D9,0xF5D9,0xF5D9,0xF5D9,
  0xF5D9,0xF5D9,0xF5D9,0xF5D9,0xF5D9,0xF5D9,0xF5D9,0xF5D9,0xF5D9,0xF5D9,0xF5D9,0xF5D9,0xF5D9,0xF5D9,0xF5D9,0xF5D9,
  0xF5D9,0xF5D9,0xF5D9,0xF5D9,0xF5D9,0xF5D9,0xF5D9,0xF5D9,0xF5D9,0xF5D9,0xF5D9,0xF5D9,0xF5D9,0xF5F9,0xFE3A,0xFE3A,
  0xFE3A,0xF5F9,0xF5D9,0xF5D9,0xF5D9,0xF5D9,0xF5D9,0xF5D9,0xF5D8,0xDD16,0x92AC,0x92AC,0xF556,0xFDB8,0xFDB8,0xF5D9,
  0xF5D9,0xF5D9,0xF5D9,0xF5D9,0xF5D9,0xF5D9,0xF5D9,0xF5D9,0xF5D9,0xF5D9,0xF5D9,0xF5D9,0xF5D9,0xF5D9,0xF5D9,0xF5D9,
  0xF5D9,0xF5D9,0xF5D9,0xF5D9,0xF5D9,0xF5D9,0xF5D9,0xF5D9,0xF5D9,0xF5D9,0xF5D9,0xF5D9,0xF5D9,0xF5D9,0xF5D9,0xF5D9,
  0xF5D9,0xF5D9,0xF5D9,0xF5D9,0xF5D9,0xF5D9,0xF5D9,0xF5D9,0xF5D9,0xF5D9,0xF5D9,0xF5D9,0xF5D9,0xF5D9,0xF5D9,0xF5D9,
  0xF5D9,0xF5D9,0xF5D9,0xF5D9,0xF5D9,0xF5D9,0xF5D9,0xF5D9,0xF5D9,0xF5D9,0xF5D9,0xF5D9,0xF5D9,0xFE3A,0xFE5A,0xFE5A,
  0xFE5A,0xFE3A,0xF5D9,0xF5D9,0xF5D9,0xF5D9,0xF5D9,0xF5B8,0xDD16,0x8AAB,0x7A09,0x92AC,0xED77,0xF5D9,0xF5D9,0xF5D9,
  0xF5D9,0xF5D9,0xF5D9,0xF5D9,0xF5D9,0xF5D9,0xF5D9,0xF5D9,0xF5D9,0xF5D9,0xF5D9,0xF5D9,0xF5D9,0xF5D9,0xF5D9,0xF5D9,
  0xF5D9,0xF5D9,0xF5D9,0xF5D9,0xF5D9,0xF5D9,0xF5D9,0xF5D9,0xF5D9,0xF5D9,0xF5D9,0xF5D9,0xF5D9,0xF5D9,0xF5D9,0xF5D9,
  0xF5D9,0xF5D9,0xF5D9,0xF5D9,0xF5D9,0xF5D9,0xF5D9,0xF5D9,0xF5D9,0xF5D9,0xF5D9,0xF5D9,0xF5D9,0xF5D9,0xF5D9,0xF5D9,
  0xF5D9,0xF5D9,0xF5D9,0xF5D9,0xF5D9,0xF5D9,0xF5D9,0xF5D9,0xF5D9,0xF5D9,0xF5D9,0xF5D9,0xF5D9,0xFE3A,0xFE5A,0xFE5A,
  0xFE5A,0xFE3A,0xF5D9,0xF5D9,0xF5D9,0xF5D9,0xF5B8,0xDD16,0x8AAB,0x7A09,0x8AAB,0xDD16,0xF5D8,0xF5D9,0xF5D9,0xF5D9,
  0xF5D9,0xF5D9,0xF5D9,0xF5D9,0xF5D9,0xF5D9,0xF5D9,0xF5D9,0xF5D9,0xF5D9,0xF5D9,0xF5D9,0xF5D9,0xF5D9,0xF5D9,0xF5D9,
  0xF5D9,0xF5D9,0xF5D9,0xF5D9,0xF5D9,0xF5D9,0xF5D9,0xF5D9,0xF5D9,0xF5D9,0xF5D9,0xF5D9,0xF5D9,0xF5D9,0xF5D9,0xF5D9,
  0xF5D9,0xF5D9,0xF5D9,0xF5D9,0xF5D9,0xF5D9,0xF5D9,0xF5D9,0xF5D9,0xF5D9,0xF5D9,0xF5D9,0xF5D9,0xF5D9,0xF5D9,0xF5D9,
  0xF5D9,0xF5D9,0xF5D9,0xF5D9,0xF5D9,0xF5D9,0xF5D9,0xF5D9,0xF5D9,0xF5D9,0xF5D9,0xF5D9,0xF5D9,0xFE3A,0xFE5A,0xFE5A,
  0xFE5A,0xFE3A,0xF5D9,0xF5D9,0xF5D9,0xF5B8,0xDD16,0x8AAB,0x7A09,0x8AAB,0xDD16,0xF5B8,0xF5D9,0xF5D9,0xF5D9,0xF5D9,
  0xF5D9,0xF5D9,0xF5D9,0xF5D9,0xF5D9,0xF5D9,0xF5D9,0xF5D9,0xF5D9,0xF5D9,0xF5D9,0xF5D9,0xF5D9,0xF5D9,0xF5D9,0xF5D9,
  0xF5D9,0xF5D9,0xF5D9,0xF5D9,0xF5D9,0xF5D9,0xF5D9,0xF5D9,0xF5D9,0xF5D9,0xF5D9,0xF5D9,0xF5D9,0xF5D9,0xF5D9,0xF5D9,
  0xF5D9,0xF5D9,0xF5D9,0xF5D9,0xF5D9,0xF5D9,0xF5D9,0xF5D9,0xF5D9,0xF5D9,0xF5D9,0xF5D9,0xF5D9,0xF5D9,0xF5D9,0xF5D9,
  0xF5D9,0xF5D9,0xF5D9,0xF5D9,0xF5D9,0xF5D9,0xF5D9,0xF5D9,0xF5D9,0xF5D9,0xF5D9,0xF5D9,0xF5D9,0xF5D9,0xFE3A,0xFE3A,
  0xFE3A,0xF5D9,0xF5D9,0xF5D9,0xF5B8,0xDD16,0x8AAB,0x7A09,0x8AAB,0xDD16,0xF5B8,0xF5D9,0xF5D9,0xF5D9,0xF5D9,0xF5D9,
  0xF5D9,0xF5D9,0xF5D9,0xF5D9,0xF5D9,0xF5D9,0xF5D9,0xF5D9,0xF5D9,0xF5D9,0xF5D9,0xF5D9,0xF5D9,0xF5D9,0xF5D9,0xF5D9,
  0xF5D9,0xF5D9,0xF5D9,0xF5D9,0xF5D9,0xF5D9,0xF5D9,0xF5D9,0xF5D9,0xF5D9,0xF5D9,0xF5D9,0xF5D9,0xF5D9,0xF5D9,0xF5D9,
  0xF5D9,0xF5D9,0xF5D9,0xF5D9,0xF5D9,0xF5D9,0xF5D9,0xF5D9,0xF5D9,0xF5D9,0xF5D9,0xF5D9,0xF5D9,0xF5D9,0xF5D9,0xF5D9,
  0xF5D9,0xF5D9,0xF5D9,0xF5D9,0xF5D9,0xF5D9,0xF5D9,0xF5D9,0xF5D9,0xF5D9,0xF5D9,0xF5D9,0xF5D9,0xF5D9,0xF5D9,0xF5D9,
  0xF5D9,0xF5D9,0xF5D9,0xF5B8,0xDD16,0x8AAB,0x7A09,0x8A8B,0xDD16,0xF5B8,0xF5D9,0xF5D9,0xF5D9,0xF5D9,0xF5D9,0xF5D9,
  0xF5D9,0xF5D9,0xF5D9,0xF5D9,0xF5D9,0xF5D9,0xF5D9,0xF5D9,0xF5D9,0xF5D9,0xF5D9,0xF5D9,0xF5D9,0xF5D9,0xF5D9,0xF5D9,
  0xF5D9,0xF5D9,0xF5D9,0xF5D9,0xF5D9,0xF5D9,0xF5D9,0xF5D9,0xF5D9,0xF5D9,0xF5D9,0xF5D9,0xF5D9,0xF5D9,0xF5D9,0xF5D9,
  0xF5D9,0xF5D9,0xF5D9,0xF5D9,0xF5D9,0xF5D9,0xF5D9,0xF5D9,0xF5D9,0xF5D9,0xF5D9,0xF5D9,0xF5D9,0xF5D9,0xF5D9,0xF5D9,
  0xF5D9,0xF5D9,0xF5D9,0xF5D9,0xF5D9,0xF5D9,0xF5D9,0xF5D9,0xF5D9,0xF5D9,0xF5D9,0xF5D9,0xF5D9,0xF5D9,0xF5D9,0xF5D9,
  0xF5D9,0xF5D9,0xF5B8,0xDD16,0x8AAB,0x7A09,0x8A8B,0xDD16,0xF5B8,0xF5D9,0xF5D9,0xF5D9,0xF5D9,0xF5D9,0xF5D9,0xF5D9,
  0xF5D9,0xF5D9,0xF5D9,0xF5D9,0xF5D9,0xF5D9,0xF5D9,0xF5D9,0xF5D9,0xF5D9,0xF5D9,0xF5D9,0xF5D9,0xF5D9,0xF5D9,0xF5D9,
  0xF5D9,0xF5D9,0xF5D9,0xF5D9,0xF5D9,0xF5D9,0xF5D9,0xF5D9,0xF5D9,0xF5D9,0xF5D9,0xF5D9,0xF5D9,0xF5D9,0xF5D9,0xF5D9,
  0xF5D9,0xF5D9,0xF5D9,0xF5D9,0xF5D9,0xF5D9,0xF5D9,0xF5D9,0xF5D9,0xF5D9,0xF5D9,0xF5D9,0xF5D9,0xF5D9,0xF5D9,0xF5D9,
  0xF5D9,0xF5D9,0xF5D9,0xF5D9,0xF5D9,0xF5D9,0xF5D9,0xF5D9,0xF5D9,0xF5D9,0xF5D9,0xF5D9,0xF5D9,0xF5D9,0xF5D9,0xF5D9,
  0xF5D9,0xF5B8,0xDD16,0x8A8B,0x7A09,0x8A8B,0xDD16,0xF5B8,0xF5D9,0xF5D9,0xF5D9,0xF5D9,0xF5D9,0xF5D9,0xF5D9,0xF5D9,
  0xF5D9,0xF5D9,0xF5D9,0xF5D9,0xF5D9,0xF5D9,0xF5D9,0xF5D9,0xF5D9,0xF5D9,0xF5D9,0xF5D9,0xF5D9,0xF5D9,0xF5D9,0xF5D9,
  0xF5D9,0xF5D9,0xF5D9,0xF5D9,0xF5D9,0xF5D9,0xF5D9,0xF5D9,0xF5D9,0xF5D9,0xF5D9,0xF5D9,0xF5D9,0xF5D9,0xF5D9,0xF5D9,
  0xF5D9,0xF5D9,0xF5D9,0xF5D9,0xF5D9,0xF5D9,0xF5D9,0xF5D9,0xF5D9,0xF5D9,0xF5D9,0xF5D9,0xF5D9,0xF5D9,0xF5D9,0xF5D9,
  0xF5D9,0xF5D9,0xF5D9,0xF5D9,0xF5D9,0xF5D9,0xF5D9,0xF5D9,0xF5D9,0xF5D9,0xF5D9,0xF5D9,0xF5D9,0xF5D9,0xF5D9,0xF5D9,
  0xF5B8,0xDD16,0x8A8B,0x7A09,0x8A8B,0xDD16,0xF5B8,0xF5D9,0xF5D9,0xF5D9,0xF5D9,0xF5D9,0xF5D9,0xF5D9,0xF5D9,0xF5D9,
  0xF5D9,0xF5D9,0xF5D9,0xF5D9,0xF5D9,0xF5D9,0xF5D9,0xF5D9,0xF5D9,0xF5D9,0xF5D9,0xF5D9,0xF5D9,0xF5D9,0xF5D9,0xF5D9,
  0xF5D9,0xF5D9,0xF5D9,0xF5D9,0xF5D9,0xF5D9,0xF5D9,0xF5D9,0xF5D9,0xF5D9,0xF5D9,0xF5D9,0xF5D9,0xF5D9,0xF5D9,0xF5D9,
  0xF5D9,0xF5D9,0xF5D9,0xF5D9,0xF5D9,0xF5D9,0xF5D9,0xF5D9,0xF5D9,0xF5D9,0xF5D9,0xF5D9,0xF5D9,0xF5D9,0xF5D9,0xF5D9,
  0xF5B8,0xF5B8,0xF5B8,0xF5B8,0xF5B8,0xF5B8,0xF5B8,0xF5B8,0xF5B8,0xF5B8,0xF5B8,0xF5B8,0xF5B8,0xF5B8,0xF5B8,0xEDB8,
  0xDD15,0x8A8B,0x7A09,0x8A8B,0xDD15,0xEDB8,0xF5B8,0xF5B8,0xF5B8,0xF5B8,0xF5B8,0xF5B8,0xF5B8,0xF5B8,0xF5B8,0xF5B8,
  0xF5B8,0xF5B8,0xF5B8,0xF5B8,0xF5B8,0xF5B8,0xF5B8,0xF5B8,0xF5B8,0xF5B8,0xF5B8,0xF5B8,0xF5B8,0xF5B8,0xF5B8,0xF5B8,
  0xF5B8,0xF5B8,0xF5B8,0xF5B8,0xF5B8,0xF5B8,0xF5B8,0xF5B8,0xF5B8,0xF5B8,0xF5B8,0xF5B8,0xF5B8,0xF5B8,0xF5B8,0xF5B8,
  0xF5B8,0xF5B8,0xF5B8,0xF5B8,0xF5B8,0xF5B8,0xF5B8,0xF5B8,0xF5B8,0xF5B8,0xF5B8,0xF5B8,0xF5B8,0xF5B8,0xF5B8,0xF5B8,
  0xF5B8,0xF5B8,0xF5B8,0xF5B8,0xF5B8,0xF5B8,0xF5B8,0xF5B8,0xF5B8,0xF5B8,0xF5B8,0xF5B8,0xF5B8,0xF5B8,0xEDB8,0xDD15,
  0x8A8B,0x7A09,0x8A8B,0xDD15,0xEDB8,0xF5B8,0xF5B8,0xF5B8,0xF5B8,0xF5B8,0xF5B8,0xF5B8,0xF5B8,0xF5B8,0xF5B8,0xF5B8,
  0xF5B8,0xF5B8,0xF5B8,0xF5B8,0xF5B8,0xF5B8,0xF5B8,0xF5B8,0xF5B8,0xF5B8,0xF5B8,0xF5B8,0xF5B8,0xF5B8,0xF5B8,0xF5B8,
  0xF5B8,0xF5B8,0xF5B8,0xF5B8,0xF5B8,0xF5B8,0xF5B8,0xF5B8,0xF5B8,0xF5B8,0xF5B8,0xF5B8,0xF5B8,0xF5B8,0xF5B8,0xF5B8,
  0xF5B8,0xF5B8,0xF5B8,0xF5B8,0xF5B8,0xF5B8,0xF5B8,0xF5B8,0xF5B8,0xF5B8,0xF5B8,0xF5B8,0xF5B8,0xF5B8,0xF5B8,0xF5B8,
  0xF5B8,0xF5B8,0xF5B8,0xF5B8,0xF5B8,0xF5B8,0xF5B8,0xF5B8,0xF5B8,0xF5B8,0xF5B8,0xF5B8,0xF5B8,0xED98,0xDD15,0x8A8B,
  0x7A09,0x8A8B,0xDD15,0xED98,0xF5B8,0xF5B8,0xF5B8,0xF5B8,0xF5B8,0xF5B8,0xF5B8,0xF5B8,0xF5B8,0xF5B8,0xF5B8,0xF5B8,
  0xF5B8,0xF5B8,0xF5B8,0xF5B8,0xF5B8,0xF5B8,0xF5B8,0xF5B8,0xF5B8,0xF5B8,0xF5B8,0xF5B8,0xF5B8,0xF5B8,0xF5B8,0xF5B8,
  0xF5B8,0xF5B8,0xF5B8,0xF5B8,0xF5B8,0xF5B8,0xF5B8,0xF5B8,0xF5B8,0xF5B8,0xF5B8,0xF5B8,0xF5B8,0xF5B8,0xF5B8,0xF5B8,
  0xF5B8,0xF5B8,0xF5B8,0xF5B8,0xF5B8,0xF5B8,0xF5B8,0xF5B8,0xF5B8,0xF5B8,0xF5B8,0xF5B8,0xF5B8,0xF5B8,0xF5B8,0xF5B8,
  0xF5B8,0xF5B8,0xF5B8,0xF5B8,0xF5B8,0xF5B8,0xF5B8,0xF5B8,0xF5B8,0xF5B8,0xF5B8,0xF5B8,0xF5B8,0xDD15,0x8A8B,0x7A09,
  0x8A8B,0xDD15,0xED98,0xF5B8,0xF5B8,0xF5B8,0xF5B8,0xF5B8,0xF5B8,0xF5B8,0xF5B8,0xF5B8,0xF5B8,0xF5B8,0xF5B8,0xF5B8,
  0xF5B8,0xF5B8,0xF5B8,0xF5B8,0xF5B8,0xF5B8,0xF5B8,0xF5B8,0xF5B8,0xF5B8,0xF5B8,0xF5B8,0xF5B8,0xF5B8,0xF5B8,0xF5B8,
  0xF5B8,0xF5B8,0xF5B8,0xF5B8,0xF5B8,0xF5B8,0xF5B8,0xF5B8,0xF5B8,0xF5B8,0xF5B8,0xF5B8,0xF5B8,0xF5B8,0xF5B8,0xF5B8,
  0xF5B8,0xF5B8,0xF5B8,0xF5B8,0xF5B8,0xF5B8,0xF5B8,0xF5B8,0xF5B8,0xF5B8,0xF5B8,0xF5B8,0xF5B8,0xF5B8,0xF5B8,0xF5B8,
  0xF5B8,0xF5B8,0xF5B8,0xF5B8,0xF5B8,0xF5B8,0xF5B8,0xF5B8,0xF5B8,0xF5B8,0xF5B8,0xF5B8,0xE557,0x92AB,0x7A09,0x8A8B,
  0xDCF5,0xED98,0xF5B8,0xF5B8,0xF5B8,0xF5B8,0xF5B8,0xF5B8,0xF5B8,0xF5B8,0xF5B8,0xF5B8,0xF5B8,0xF5B8,0xF5B8,0xF5B8,
  0xF5B8,0xF5B8,0xF5B8,0xF5B8,0xF5B8,0xF5B8,0xF5B8,0xF5B8,0xF5B8,0xF5B8,0xF5B8,0xF5B8,0xF5B8,0xF5B8,0xF5B8,0xF5B8,
  0xF5B8,0xF5B8,0xF5B8,0xF5B8,0xF5B8,0xF5B8,0xF5B8,0xF5B8,0xF5B8,0xF5B8,0xF5B8,0xF5B8,0xF5B8,0xF5B8,0xF5B8,0xF5B8,
  0xF5B8,0xF5B8,0xF5B8,0xF5B8,0xF5B8,0xF5B8,0xF5B8,0xF5B8,0xF5B8,0xF5B8,0xF5B8,0xF5B8,0xF5B8,0xF5B8,0xF5B8,0xF5B8,
  0xF5B8,0xF5B8,0xF5B8,0xF5B8,0xF5B8,0xF5B8,0xF5B8,0xF5B8,0xF5B8,0xF5B8,0xF5B8,0xED98,0xDCF5,0x824A,0x8A8B,0xDCF5,
  0xED98,0xF5B8,0xF5B8,0xF5B8,0xF5B8,0xF5B8,0xF5B8,0xF5B8,0xF5B8,0xF5B8,0xF5B8,0xF5B8,0xF5B8,0xF5B8,0xF5B8,0xF5B8,
  0xF5B8,0xF5B8,0xF5B8,0xF5B8,0xF5B8,0xF5B8,0xF5B8,0xF5B8,0xF5B8,0xF5B8,0xF5B8,0xF5B8,0xF5B8,0xF5B8,0xF5B8,0xF5B8,
  0xF5B8,0xF5B8,0xF5B8,0xF5B8,0xF5B8,0xF5B8,0xF5B8,0xF5B8,0xF5B8,0xF5B8,0xF5B8,0xF5B8,0xF5B8,0xF5B8,0xF5B8,0xF5B8,
  0xF5B8,0xF5B8,0xF5B8,0xF5B8,0xF5B8,0xF5B8,0xF5B8,0xF5B8,0xF5B8,0xF5B8,0xF5B8,0xF5B8,0xF5B8,0xF5B8,0xF5B8,0xF5B8,
  0xF5B8,0xF5B8,0xF5B8,0xF5B8,0xF5B8,0xF5B8,0xF5B8,0xF5B8,0xF5B8,0xF5B8,0xED98,0xDCF5,0x8A8B,0x824A,0xDCF5,0xED98,
  0xF5B8,0xF5B8,0xF5B8,0xF5B8,0xF5B8,0xF5B8,0xF5B8,0xF5B8,0xF5B8,0xF5B8,0xF5B8,0xF5B8,0xF5B8,0xF5B8,0xF5B8,0xF5B8,
  0xF5B8,0xF5B8,0xF5B8,0xF5B8,0xF5B8,0xF5B8,0xF5B8,0xF5B8,0xF5B8,0xF5B8,0xF5B8,0xF5B8,0xF5B8,0xF5B8,0xF5B8,0xF5B8,
  0xF5B8,0xF5B8,0xF5B8,0xF5B8,0xF5B8,0xF5B8,0xF5B8,0xF5B8,0xF5B8,0xF5B8,0xF5B8,0xF5B8,0xF5B8,0xF5B8,0xF5B8,0xF5B8,
  0xF5B8,0xF5B8,0xF5B8,0xF5B8,0xF5B8,0xF5B8,0xF5B8,0xF5B8,0xF5B8,0xF5B8,0xF5B8,0xF5B8,0xF5B8,0xF5B8,0xF5B8,0xF5B8,
  0xF5B8,0xF5B8,0xF5B8,0xF5B8,0xF5B8,0xF5B8,0xF5B8,0xF5B8,0xF5B8,0xF5B8,0xDCF5,0x8A8B,0x7A09,0x92AB,0xE557,0xF5B8,
  0xF5B8,0xF5B8,0xF5B8,0xF5B8,0xF5B8,0xF5B8,0xF5B8,0xF5B8,0xF5B8,0xF5B8,0xF5B8,0xF5B8,0xF5B8,0xF5B8,0xF5B8,0xF5B8,
  0xF5B8,0xF5B8,0xF5B8,0xF5B8,0xF5B8,0xF5B8,0xF5B8,0xF5B8,0xF5B8,0xF5B8,0xF5B8,0xF5B8,0xF5B8,0xF5B8,0xF5B8,0xF5B8,
  0xF5B8,0xF5B8,0xF5B8,0xF5B8,0xF5B8,0xF5B8,0xF5B8,0xF5B8,0xF5B8,0xF5B8,0xF5B8,0xF5B8,0xF5B8,0xF5B8,0xF5B8,0xF5B8,
  0xF5B8,0xF5B8,0xF5B8,0xF5B8,0xF5B8,0xF5B8,0xF5B8,0xF5B8,0xF5B8,0xF5B8,0xF5B8,0xF5B8,0xF5B8,0xF5B8,0xF5B8,0xF5B8,
  0xF5B8,0xF5B8,0xF5B8,0xF5B8,0xF5B8,0xF5B8,0xF5B8,0xF5B8,0xF5B8,0xE557,0x92AB,0x7A09,0x8A8B,0xDCF5,0xF598,0xF5B8,
  0xF5B8,0xF5B8,0xF5B8,0xF5B8,0xF5B8,0xF5B8,0xF5B8,0xF5B8,0xF5B8,0xF5B8,0xF5B8,0xF5B8,0xF5B8,0xF5B8,0xF5B8,0xF5B8,
  0xF5B8,0xF5B8,0xF5B8,0xF5B8,0xF5B8,0xF5B8,0xF5B8,0xF5B8,0xF5B8,0xF5B8,0xF5B8,0xF5B8,0xF5B8,0xF5B8,0xF5B8,0xF5B8,
  0xF5B8,0xF5B8,0xF5B8,0xF5B8,0xF5B8,0xF5B8,0xF5B8,0xF5B8,0xF5B8,0xF5B8,0xF5B8,0xF5B8,0xF5B8,0xF5B8,0xF5B8,0xF5B8,
  0xF5B8,0xF5B8,0xF5B8,0xF5B8,0xF5B8,0xF5B8,0xF5B8,0xF5B8,0xF5B8,0xF5B8,0xF5B8,0xF5B8,0xF5B8,0xF5B8,0xF5B8,0xF5B8,
  0xF5B8,0xF5B8,0xF5B8,0xF5B8,0xF5B8,0xF5B8,0xF5B8,0xF5B8,0xED98,0xDCF5,0x824A,0x8A8B,0xDCF5,0xED98,0xF5B8,0xF5B8,
  0xF5B8,0xF5B8,0xF5B8,0xF5B8,0xF5B8,0xF5B8,0xF5B8,0xF5B8,0xF5B8,0xF5B8,0xF5B8,0xF5B8,0xF5B8,0xF5B8,0xF5B8,0xF5B8,
  0xF5B8,0xF5B8,0xF5B8,0xF5B8,0xF5B8,0xF5B8,0xF5B8,0xF5B8,0xF5B8,0xF5B8,0xF5B8,0xF5B8,0xF5B8,0xF5B8,0xF5B8,0xF5B8,
  0xF5B8,0xF5B8,0xF5B8,0xF5B8,0xF5B8,0xF5B8,0xF5B8,0xF5B8,0xF5B8,0xF5B8,0xF5B8,0xF5B8,0xF5B8,0xF5B8,0xF5B8,0xF5B8,
  0xF5B8,0xF5B8,0xF5B8,0xF5B8,0xF5B8,0xF5B8,0xF5B8,0xF5B8,0xF5B8,0xF5B8,0xF5B8,0xF5B8,0xF5B8,0xF5B8,0xF5B8,0xF5B8,
  0xF598,0xF598,0xF598,0xF598,0xF598,0xF598,0xF598,0xED98,0xDCF5,0x8A8B,0x824A,0xDCF5,0xED98,0xF598,0xF598,0xF598,
  0xF598,0xF598,0xF598,0xF598,0xF598,0xF598,0xF598,0xF598,0xF598,0xF598,0xF598,0xF598,0xF598,0xF598,0xF598,0xF598,
  0xF598,0xF598,0xF598,0xF598,0xF598,0xF598,0xF598,0xF598,0xF598,0xF598,0xF598,0xF598,0xF598,0xF598,0xF598,0xF598,
  0xF598,0xF598,0xF598,0xF598,0xF598,0xF598,0xF598,0xF598,0xF598,0xF598,0xF598,0xF598,0xF598,0xF598,0xF598,0xF598,
  0xF598,0xF598,0xF598,0xF598,0xF598,0xF598,0xF598,0xF598,0xF598,0xF598,0xF598,0xF598,0xF598,0xF598,0xF598,0xF598,
  0xF598,0xF598,0xF598,0xF598,0xF598,0xF598,0xF598,0xDCF5,0x8A8B,0x7A09,0x928B,0xE536,0xF598,0xF598,0xF598,0xF598,
  0xF598,0xF598,0xF598,0xF598,0xF598,0xF598,0xF598,0xF598,0xF598,0xF598,0xF598,0xF598,0xF598,0xF598,0xF598,0xF598,
  0xF598,0xF598,0xF598,0xF598,0xF598,0xF598,0xF598,0xF598,0xF598,0xF598,0xF598,0xF598,0xF598,0xF598,0xF598,0xF598,
  0xF598,0xF598,0xF598,0xF598,0xF598,0xF598,0xF598,0xF598,0xF598,0xF598,0xF598,0xF598,0xF598,0xF598,0xF598,0xF598,
  0xF598,0xF598,0xF598,0xF598,0xF598,0xF598,0xF598,0xF598,0xF598,0xF598,0xF598,0xF598,0xF598,0xF598,0xF598,0xF598,
  0xF598,0xF598,0xF598,0xF598,0xF598,0xF598,0xE536,0x928B,0x7A09,0x8A8B,0xDCF5,0xF598,0xF598,0xF598,0xF598,0xF598,
  0xF598,0xF598,0xF598,0xF598,0xF598,0xF598,0xF598,0xF598,0xF598,0xF598,0xF598,0xF598,0xF598,0xF598,0xF598,0xF598,
  0xF598,0xF598,0xF598,0xF598,0xF598,0xF598,0xF598,0xF598,0xF598,0xF598,0xF598,0xF598,0xF598,0xF598,0xF598,0xF598,
  0xF598,0xF598,0xF598,0xF598,0xF598,0xF598,0xF598,0xF598,0xF598,0xF598,0xF598,0xF598,0xF598,0xF598,0xF598,0xF598,
  0xF598,0xF598,0xF598,0xF598,0xF598,0xF598,0xF598,0xF598,0xF598,0xF598,0xF598,0xF598,0xF598,0xF598,0xF598,0xF598,
  0xF598,0xF598,0xF598,0xF598,0xF598,0xED78,0xDCD5,0x824A,0x8A8B,0xDCF5,0xED78,0xF598,0xF598,0xF598,0xF598,0xF598,
  0xF598,0xF598,0xF598,0xF598,0xF598,0xF598,0xF598,0xF598,0xF598,0xF598,0xF598,0xF598,0xF598,0xF598,0xF598,0xF598,
  0xF598,0xF598,0xF598,0xF598,0xF598,0xF598,0xF598,0xF598,0xF598,0xF598,0xF598,0xF598,0xF598,0xF598,0xF598,0xF598,
  0xF598,0xF598,0xF598,0xF598,0xF598,0xF598,0xF598,0xF598,0xF598,0xF598,0xF598,0xF598,0xF598,0xF598,0xF598,0xF598,
  0xF598,0xF598,0xF598,0xF598,0xF598,0xF598,0xF598,0xF598,0xF598,0xF598,0xF598,0xF598,0xF598,0xF598,0xF598,0xF598,
  0xF598,0xF598,0xF598,0xF598,0xED78,0xDCF5,0x8A8B,0x824A,0xDCD5,0xED78,0xF598,0xF598,0xF598,0xF598,0xF598,0xF598,
  0xF598,0xF598,0xF598,0xF598,0xF598,0xF598,0xF598,0xF598,0xF598,0xF598,0xF598,0xF598,0xF598,0xF598,0xF598,0xF598,
  0xF598,0xF598,0xF598,0xF598,0xF598,0xF598,0xF598,0xF598,0xF598,0xF598,0xF598,0xF598,0xF598,0xF598,0xF598,0xF598,
  0xF598,0xF598,0xF598,0xF598,0xF598,0xF598,0xF598,0xF598,0xF598,0xF598,0xF598,0xF598,0xF598,0xF598,0xF598,0xF598,
  0xF598,0xF598,0xF598,0xF598,0xF598,0xF598,0xF598,0xF598,0xF598,0xF598,0xF598,0xF598,0xF598,0xF598,0xF598,0xF598,
  0xF598,0xF598,0xF598,0xF598,0xDCF5,0x8A8B,0x7A09,0x928B,0xE536,0xF598,0xF598,0xF598,0xF598,0xF598,0xF598,0xF598,
  0xF598,0xF598,0xF598,0xF598,0xF598,0xF598,0xF598,0xF598,0xF598,0xF598,0xF598,0xF598,0xF598,0xF598,0xF598,0xF598,
  0xF598,0xF598,0xF598,0xF598,0xF598,0xF598,0xF598,0xF598,0xF598,0xF598,0xF598,0xF598,0xF598,0xF598,0xF598,0xF598,
  0xF598,0xF598,0xF598,0xF598,0xF598,0xF598,0xF598,0xF598,0xF598,0xF598,0xF598,0xF598,0xF598,0xF598,0xF598,0xF598,
  0xF598,0xF598,0xF598,0xF598,0xF598,0xF598,0xF598,0xF598,0xF598,0xF598,0xF598,0xF598,0xF598,0xF598,0xF598,0xF598,
  0xF598,0xF598,0xF598,0xE536,0x928B,0x7A09,0x8A8B,0xDCD5,0xED98,0xF598,0xF598,0xF598,0xF598,0xF598,0xF598,0xF598,
  0xF598,0xF598,0xF598,0xF598,0xF598,0xF598,0xF598,0xF598,0xF598,0xF598,0xF598,0xF598,0xF598,0xF598,0xF598,0xF598,
  0xF598,0xF598,0xF598,0xF598,0xF598,0xF598,0xF598,0xF598,0xF598,0xF598,0xF598,0xF598,0xF598,0xF598,0xF598,0xF598,
  0xF598,0xF598,0xF598,0xF598,0xF598,0xF598,0xF598,0xF598,0xF598,0xF598,0xF598,0xF598,0xF598,0xF598,0xF598,0xF598,
  0xF598,0xF598,0xF598,0xF598,0xF598,0xF598,0xF598,0xF598,0xF598,0xF598,0xF598,0xF598,0xF598,0xF598,0xF598,0xF598,
  0xF598,0xF598,0xED77,0xDCD5,0x824A,0x8A8B,0xDCD5,0xED77,0xF598,0xF598,0xF598,0xF598,0xF598,0xF598,0xF598,0xF598,
  0xF598,0xF598,0xF598,0xF598,0xF598,0xF598,0xF598,0xF598,0xF598,0xF598,0xF598,0xF598,0xF598,0xF598,0xF598,0xF598,
  0xF598,0xF598,0xF598,0xF598,0xF598,0xF598,0xF598,0xF598,0xF598,0xF598,0xF598,0xF598,0xF598,0xF598,0xF598,0xF598,
  0xF598,0xF598,0xF598,0xF598,0xF598,0xF598,0xF598,0xF598,0xF598,0xF598,0xF598,0xF598,0xF598,0xF598,0xF598,0xF598,
  0xF598,0xF598,0xF598,0xF598,0xF598,0xF598,0xF598,0xF598,0xF598,0xF598,0xF598,0xF598,0xF598,0xF598,0xF598,0xF598,
  0xF598,0xED77,0xDCD5,0x8A8B,0x824A,0xDCD5,0xED77,0xF598,0xF598,0xF598,0xF598,0xF598,0xF598,0xF598,0xF598,0xF598,
  0xF598,0xF598,0xF598,0xF598,0xF598,0xF598,0xF598,0xF598,0xF598,0xF598,0xF598,0xF598,0xF598,0xF598,0xF598,0xF598,
  0xF598,0xF598,0xF598,0xF598,0xF598,0xF598,0xF598,0xF598,0xF598,0xF598,0xF598,0xF598,0xF598,0xF598,0xF598,0xF598,
  0xF598,0xF598,0xF598,0xF598,0xF598,0xF598,0xF598,0xF598,0xF598,0xF598,0xF598,0xF598,0xF598,0xF598,0xF598,0xF598,
  0xF598,0xF598,0xF598,0xF598,0xF598,0xF598,0xF598,0xF598,0xF598,0xF598,0xF598,0xF598,0xF598,0xF598,0xF598,0xF598,
  0xED78,0xDCD5,0x8A8B,0x7A09,0x928B,0xE536,0xF598,0xF598,0xF598,0xF598,0xF598,0xF598,0xF598,0xF598,0xF598,0xF598,
  0xF598,0xF598,0xF598,0xF598,0xF598,0xF598,0xF598,0xF598,0xF598,0xF598,0xF598,0xF598,0xF598,0xF598,0xF598,0xF598,
  0xF598,0xF598,0xF598,0xF598,0xF598,0xF598,0xF598,0xF598,0xF598,0xF598,0xF598,0xF598,0xF598,0xF598,0xF598,0xF598,
  0xF598,0xF598,0xF598,0xF598,0xF598,0xF598,0xF598,0xF598,0xF598,0xF598,0xF598,0xF598,0xF598,0xF598,0xF598,0xF598,
  0xF598,0xF598,0xF598,0xF598,0xF598,0xF598,0xF598,0xF598,0xF598,0xF598,0xF598,0xF598,0xF598,0xF598,0xF598,0xF598,
  0xE536,0x928B,0x7A09,0x8A8B,0xDCD5,0xED78,0xF598,0xF598,0xF598,0xF598,0xF598,0xF598,0xF598,0xF598,0xF598,0xF598,
  0xF598,0xF598,0xF598,0xF598,0xF598,0xF598,0xF598,0xF598,0xF598,0xF598,0xF598,0xF598,0xF598,0xF598,0xF598,0xF598,
  0xF598,0xF598,0xF598,0xF598,0xF598,0xF598,0xF598,0xF598,0xF598,0xF598,0xF598,0xF598,0xF598,0xF598,0xF598,0xF598,
  0xF598,0xF598,0xF598,0xF598,0xF598,0xF598,0xF598,0xF598,0xF598,0xF598,0xF598,0xF598,0xF598,0xF598,0xF598,0xF598,
  0xF598,0xF598,0xF598,0xF598,0xF598,0xF598,0xF598,0xF598,0xF598,0xF598,0xF598,0xF598,0xF598,0xF598,0xF598,0xF598,
  0xD4B4,0x824A,0x8A8B,0xDCD5,0xED77,0xF578,0xF578,0xF578,0xF578,0xF578,0xF578,0xF578,0xF578,0xF578,0xF578,0xF578,
  0xF578,0xF578,0xF578,0xF578,0xF578,0xF578,0xF578,0xF578,0xF578,0xF578,0xF578,0xF578,0xF578,0xF578,0xF578,0xF578,
  0xF578,0xF578,0xF578,0xF578,0xF578,0xF578,0xF578,0xF578,0xF578,0xF578,0xF578,0xF578,0xF578,0xF578,0xF578,0xF578,
  0xF578,0xF578,0xF578,0xF578,0xF578,0xF578,0xF578,0xF578,0xF578,0xF578,0xF578,0xF578,0xF578,0xF578,0xF578,0xF578,
  0xF578,0xF578,0xF578,0xF578,0xF578,0xF578,0xF578,0xF578,0xF578,0xF578,0xF578,0xF578,0xF578,0xF578,0xF578,0xF578,
  0x822A,0x824A,0xDCD5,0xED77,0xF578,0xF578,0xF578,0xF578,0xF578,0xF578,0xF578,0xF578,0xF578,0xF578,0xF578,0xF578,
  0xF578,0xF578,0xF578,0xF578,0xF578,0xF578,0xF578,0xF578,0xF578,0xF578,0xF578,0xF578,0xF578,0xF578,0xF578,0xF578,
  0xF578,0xF578,0xF578,0xF578,0xF578,0xF578,0xF578,0xF578,0xF578,0xF578,0xF578,0xF578,0xF578,0xF578,0xF578,0xF578,
  0xF578,0xF578,0xF578,0xF578,0xF578,0xF578,0xF578,0xF578,0xF578,0xF578,0xF578,0xF578,0xF578,0xF578,0xF578,0xF578,
  0xF578,0xF578,0xF578,0xF578,0xF578,0xF578,0xF578,0xF578,0xF578,0xF578,0xF578,0xF578,0xF578,0xF578,0xF578,0xF578,
  0x79E9,0x8A8B,0xE516,0xF578,0xF578,0xF578,0xF578,0xF578,0xF578,0xF578,0xF578,0xF578,0xF578,0xF578,0xF578,0xF578,
  0xF578,0xF578,0xF578,0xF578,0xF578,0xF578,0xF578,0xF578,0xF578,0xF578,0xF578,0xF578,0xF578,0xF578,0xF578,0xF578,
  0xF578,0xF578,0xF578,0xF578,0xF578,0xF578,0xF578,0xF578,0xF578,0xF578,0xF578,0xF578,0xF578,0xF578,0xF578,0xF578,
  0xF578,0xF578,0xF578,0xF578,0xF578,0xF578,0xF578,0xF578,0xF578,0xF578,0xF578,0xF578,0xF578,0xF578,0xF578,0xF578,
  0xF578,0xF578,0xF578,0xF578,0xF578,0xF578,0xF578,0xF578,0xF578,0xF578,0xF578,0xF578,0xF578,0xF578,0xF578,0xF578,
  0x928B,0xDCD5,0xED77,0xED78,0xED78,0xED78,0xED78,0xED78,0xED78,0xED78,0xED78,0xED78,0xED78,0xED78,0xED78,0xED78,
  0xED78,0xED78,0xED78,0xED78,0xED78,0xED78,0xED78,0xED78,0xED78,0xED78,0xED78,0xED78,0xED78,0xED78,0xED78,0xED78,
  0xED78,0xED78,0xED78,0xED78,0xED78,0xED78,0xED78,0xED78,0xED78,0xED78,0xED78,0xED78,0xED78,0xED78,0xED78,0xED78,
  0xED78,0xED78,0xED78,0xED78,0xED78,0xED78,0xED78,0xED78,0xED78,0xED78,0xED78,0xED78,0xED78,0xED78,0xED78,0xED78,
  0xED78,0xED78,0xED78,0xED78,0xED78,0xED78,0xED78,0xED78,0xED78,0xED78,0xED78,0xED78,0xED78,0xED78,0xED78,0xED78,
  0xE516,0xED57,0xED77,0xED77,0xED77,0xED77,0xED77,0xED77,0xED77,0xED77,0xED77,0xED77,0xED77,0xED77,0xED77,0xED77,
  0xED77,0xED77,0xED77,0xED77,0xED77,0xED77,0xED77,0xED77,0xED77,0xED77,0xED77,0xED77,0xED77,0xED77,0xED77,0xED77,
  0xED77,0xED77,0xED77,0xED77,0xED77,0xED77,0xED77,0xED77,0xED77,0xED77,0xED77,0xED77,0xED77,0xED77,0xED77,0xED77,
  0xED77,0xED77,0xED77,0xED77,0xED77,0xED77,0xED77,0xED77,0xED77,0xED77,0xED77,0xED77,0xED77,0xED77,0xED77,0xED77,
  0xED77,0xED77,0xED77,0xED77,0xED77,0xED77,0xED77,0xED77,0xED77,0xED77,0xED77,0xED77,0xED77,0xED77,0xED77,0xED77,
  0xED77,0xED77,0xED77,0xED77,0xED77,0xED77,0xED77,0xED77,0xED77,0xED77,0xED77,0xED77,0xED77,0xED77,0xED77,0xED77,
  0xED77,0xED77,0xED77,0xED77,0xED77,0xED77,0xED77,0xED77,0xED77,0xED77,0xED77,0xED77,0xED77,0xED77,0xED77,0xED77,
  0xED77,0xED77,0xED77,0xED77,0xED77,0xED77,0xED77,0xED77,0xED77,0xED77,0xED77,0xED77,0xED77,0xED77,0xED77,0xED77,
  0xED77,0xED77,0xED77,0xED77,0xED77,0xED77,0xED77,0xED77,0xED77,0xED77,0xED77,0xED77,0xED77,0xED77,0xED77,0xED77,
  0xED77,0xED77,0xED77,0xED77,0xED77,0xED77,0xED77,0xED77,0xED77,0xED77,0xED77,0xED77,0xED77,0xED77,0xED77,0xED77,
  0xED77,0xED77,0xED77,0xED77,0xED77,0xED77,0xED77,0xED77,0xED77,0xED77,0xED77,0xED77,0xED77,0xED77,0xED77,0xED77,
  0xED77,0xED77,0xED77,0xED77,0xED77,0xED77,0xED77,0xED77,0xED77,0xED77,0xED77,0xED77,0xED77,0xED77,0xED77,0xED77,
  0xED77,0xED77,0xED77,0xED77,0xED77,0xED77,0xED77,0xED77,0xED77,0xED77,0xED77,0xED77,0xED77,0xED77,0xED77,0xED77,
  0xED77,0xED77,0xED77,0xED77,0xED77,0xED77,0xED77,0xED77,0xED77,0xED77,0xED77,0xED77,0xED77,0xED77,0xED77,0xED77,
  0xED77,0xED77,0xED77,0xED77,0xED77,0xED77,0xED77,0xED77,0xED77,0xED77,0xED77,0xED77,0xED77,0xED77,0xED77,0xED77,
  0xED77,0xED77,0xED77,0xED77,0xED77,0xED77,0xED77,0xED77,0xED77,0xED77,0xED77,0xED77,0xED77,0xED77,0xED77,0xED77,
  0xED77,0xED77,0xED77,0xED77,0xED77,0xED77,0xED77,0xED77,0xED77,0xED77,0xED77,0xED77,0xED77,0xED77,0xED77,0xED77,
  0xED77,0xED77,0xED77,0xED77,0xED77,0xED77,0xED77,0xED77,0xED77,0xED77,0xED77,0xED77,0xED77,0xED77,0xED77,0xED77,
  0xED77,0xED77,0xED77,0xED77,0xED77,0xED77,0xED77,0xED77,0xED77,0xED77,0xED77,0xED77,0xED77,0xED77,0xED77,0xED77,
  0xED77,0xED77,0xED77,0xED77,0xED77,0xED77,0xED77,0xED77,0xED77,0xED77,0xED77,0xED77,0xED77,0xED77,0xED77,0xED77,
  0xED77,0xED77,0xED77,0xED77,0xED77,0xED77,0xED77,0xED77,0xED77,0xED77,0xED77,0xED77,0xED77,0xED77,0xED77,0xED77,
  0xED77,0xED77,0xED77,0xED77,0xED77,0xED77,0xED77,0xED77,0xED77,0xED77,0xED77,0xED77,0xED77,0xED77,0xED77,0xED77,
  0xED77,0xED77,0xED77,0xED77,0xED77,0xED77,0xED77,0xED77,0xED77,0xED77,0xED77,0xED77,0xED77,0xED77,0xED77,0xED77,
  0xED77,0xED77,0xED77,0xED77,0xED77,0xED77,0xED77,0xED77,0xED77,0xED77,0xED77,0xED77,0xED77,0xED77,0xED77,0xED77,
  0xED77,0xED77,0xED77,0xED77,0xED77,0xED77,0xED77,0xED77,0xED77,0xED77,0xED77,0xED77,0xED77,0xED77,0xED77,0xED77,
  0xED77,0xED77,0xED77,0xED77,0xED77,0xED77,0xED77,0xED77,0xED77,0xED77,0xED77,0xED77,0xED77,0xED77,0xED77,0xED77,
  0xED77,0xED77,0xED77,0xED77,0xED77,0xED77,0xED77,0xED77,0xED77,0xED77,0xED77,0xED77,0xED77,0xED77,0xED77,0xED77,
  0xED77,0xED77,0xED77,0xED77,0xED77,0xED77,0xED77,0xED77,0xED77,0xED77,0xED77,0xED77,0xED77,0xED77,0xED77,0xED77,
  0xED77,0xED77,0xED77,0xED77,0xED77,0xED77,0xED77,0xED77,0xED77,0xED77,0xED77,0xED77,0xED77,0xED77,0xED77,0xED77,
  0xED77,0xED77,0xED77,0xED77,0xED77,0xED77,0xED77,0xED77,0xED77,0xED77,0xED77,0xED77,0xED77,0xED77,0xED77,0xED77,
  0xED77,0xED77,0xED77,0xED77,0xED77,0xED77,0xED77,0xED77,0xED77,0xED77,0xED77,0xED77,0xED77,0xED77,0xED77,0xED77,
  0xED77,0xED77,0xED77,0xED77,0xED77,0xED77,0xED77,0xED77,0xED77,0xED77,0xED77,0xED77,0xED77,0xED77,0xED77,0xED77,
  0xED77,0xED77,0xED77,0xED77,0xED77,0xED77,0xED77,0xED77,0xED77,0xED77,0xED77,0xED77,0xED77,0xED77,0xED77,0xED77,
  0xED77,0xED77,0xED77,0xED77,0xED77,0xED77,0xED77,0xED77,0xED77,0xED77,0xED77,0xED77,0xED77,0xED77,0xED77,0xED77,
  0xED77,0xED77,0xED77,0xED77,0xED77,0xED77,0xED77,0xED77,0xED77,0xED77,0xED77,0xED77,0xED77,0xED77,0xED77,0xED77,
  0xED57,0xED57,0xED57,0xED57,0xED57,0xED57,0xED57,0xED57,0xED57,0xED57,0xED57,0xED57,0xED57,0xED57,0xED57,0xED57,
  0xED57,0xED57,0xED57,0xED57,0xED57,0xED57,0xED57,0xED57,0xED57,0xED57,0xED57,0xED57,0xED57,0xED57,0xED57,0xED57,
  0xED57,0xED57,0xED57,0xED57,0xED57,0xED57,0xED57,0xED57,0xED57,0xED57,0xED57,0xED57,0xED57,0xED57,0xED57,0xED57,
  0xED57,0xED57,0xED57,0xED57,0xED57,0xED57,0xED57,0xED57,0xED57,0xED57,0xED57,0xED57,0xED57,0xED57,0xED57,0xED57,
  0xED57,0xED57,0xED57,0xED57,0xED57,0xED57,0xED57,0xED57,0xED57,0xED57,0xED57,0xED57,0xED57,0xED57,0xED57,0xED57,
  0xED57,0xED57,0xED57,0xED57,0xED57,0xED57,0xED57,0xED57,0xED57,0xED57,0xED57,0xED57,0xED57,0xED57,0xED57,0xED57,
  0xED57,0xED57,0xED57,0xED57,0xED57,0xED57,0xED57,0xED57,0xED57,0xED57,0xED57,0xED57,0xED57,0xED57,0xED57,0xED57,
  0xED57,0xED57,0xED57,0xED57,0xED57,0xED57,0xED57,0xED57,0xED57,0xED57,0xED57,0xED57,0xED57,0xED57,0xED57,0xED57,
  0xED57,0xED57,0xED57,0xED57,0xED57,0xED57,0xED57,0xED57,0xED57,0xED57,0xED57,0xED57,0xED57,0xED57,0xED57,0xED57,
  0xED57,0xED57,0xED57,0xED57,0xED57,0xED57,0xED57,0xED57,0xED57,0xED57,0xED57,0xED57,0xED57,0xED57,0xED57,0xED57,
  0xED57,0xED57,0xED57,0xED57,0xED57,0xED57,0xED57,0xED57,0xED57,0xED57,0xED57,0xED57,0xED57,0xED57,0xED57,0xED57,
  0xED57,0xED57,0xED57,0xED57,0xED57,0xED57,0xED57,0xED57,0xED57,0xED57,0xED57,0xED57,0xED57,0xED57,0xED57,0xED57,
  0xED57,0xED57,0xED57,0xED57,0xED57,0xED57,0xED57,0xED57,0xED57,0xED57,0xED57,0xED57,0xED57,0xED57,0xED57,0xED57,
  0xED57,0xED57,0xED57,0xED57,0xED57,0xED57,0xED57,0xED57,0xED57,0xED57,0xED57,0xED57,0xED57,0xED57,0xED57,0xED57,
  0xED57,0xED57,0xED57,0xED57,0xED57,0xED57,0xED57,0xED57,0xED57,0xED57,0xED57,0xED57,0xED57,0xED57,0xED57,0xED57,
  0xED57,0xED57,0xED57,0xED57,0xED57,0xED57,0xED57,0xED57,0xED57,0xED57,0xED57,0xED57,0xED57,0xED57,0xED57,0xED57,
  0xED57,0xED57,0xED57,0xED57,0xED57,0xED57,0xED57,0xED57,0xED57,0xED57,0xED57,0xED57,0xED57,0xED57,0xED57,0xED57,
  0xED57,0xED57,0xED57,0xED57,0xED57,0xED57,0xED57,0xED57,0xED57,0xED57,0xED57,0xED57,0xED57,0xED57,0xED57,0xED57,
  0xED57,0xED57,0xED57,0xED57,0xED57,0xED57,0xED57,0xED57,0xED57,0xED57,0xED57,0xED57,0xED57,0xED57,0xED57,0xED57,
  0xED57,0xED57,0xED57,0xED57,0xED57,0xED57,0xED57,0xED57,0xED57,0xED57,0xED57,0xED57,0xED57,0xED57,0xED57,0xED57,
  0xED57,0xED57,0xED57,0xED57,0xED57,0xED57,0xED57,0xED57,0xED57,0xED57,0xED57,0xED57,0xED57,0xED57,0xED57,0xED57,
  0xED57,0xED57,0xED57,0xED57,0xED57,0xED57,0xED57,0xED57,0xED57,0xED57,0xED57,0xED57,0xED57,0xED57,0xED57,0xED57,
  0xED57,0xED57,0xED57,0xED57,0xED57,0xED57,0xED57,0xED57,0xED57,0xED57,0xED57,0xED57,0xED57,0xED57,0xED57,0xED57,
  0xED57,0xED57,0xED57,0xED57,0xED57,0xED57,0xED57,0xED57,0xED57,0xED57,0xED57,0xED57,0xED57,0xED57,0xED57,0xED57,
  0xED57,0xED57,0xED57,0xED57,0xED57,0xED57,0xED57,0xED57,0xED57,0xED57,0xED57,0xED57,0xED57,0xED57,0xED57,0xED57,
  0xED57,0xED57,0xED57,0xED57,0xED57,0xED57,0xED57,0xED57,0xED57,0xED57,0xED57,0xED57,0xED57,0xED57,0xED57,0xED57,
  0xED57,0xED57,0xED57,0xED57,0xED57,0xED57,0xED57,0xED57,0xED57,0xED57,0xED57,0xED57,0xED57,0xED57,0xED57,0xED57,
  0xED57,0xED57,0xED57,0xED57,0xED57,0xED57,0xED57,0xED57,0xED57,0xED57,0xED57,0xED57,0xED57,0xED57,0xED57,0xED57,
  0xED57,0xED57,0xED57,0xED57,0xED57,0xED57,0xED57,0xED57,0xED57,0xED57,0xED57,0xED57,0xED57,0xED57,0xED57,0xED57,
  0xED57,0xED57,0xED57,0xED57,0xED57,0xED57,0xED57,0xED57,0xED57,0xED57,0xED57,0xED57,0xED57,0xED57,0xED57,0xED57,
  0xED57,0xED57,0xED57,0xED57,0xED57,0xED57,0xED57,0xED57,0xED57,0xED57,0xED57,0xED57,0xED57,0xED57,0xED57,0xED57,
  0xED57,0xED57,0xED57,0xED57,0xED57,0xED57,0xED57,0xED57,0xED57,0xED57,0xED57,0xED57,0xED57,0xED57,0xED57,0xED57,
  0xED57,0xED57,0xED57,0xED57,0xED57,0xED57,0xED57,0xED57,0xED57,0xED57,0xED57,0xED57,0xED57,0xED57,0xED57,0xED57,
  0xED57,0xED57,0xED57,0xED57,0xED57,0xED57,0xED57,0xED57,0xED57,0xED57,0xED57,0xED57,0xED57,0xED57,0xED57,0xED57,
  0xED57,0xED57,0xED57,0xED57,0xED57,0xED57,0xED57,0xED57,0xED57,0xED57,0xED57,0xED57,0xED57,0xED57,0xED57,0xED57,
  0xED57,0xED57,0xED57,0xED57,0xED57,0xED57,0xED57,0xED57,0xED57,0xED57,0xED57,0xED57,0xED57,0xED57,0xED57,0xED57,
  0xED57,0xED57,0xED57,0xED57,0xED57,0xED57,0xED57,0xED57,0xED57,0xED57,0xED57,0xED57,0xED57,0xED57,0xED57,0xED57,
  0xED57,0xED57,0xED57,0xED57,0xED57,0xED57,0xED57,0xED57,0xED57,0xED57,0xED57,0xED57,0xED57,0xED57,0xED57,0xED57,
  0xED57,0xED57,0xED57,0xED57,0xED57,0xED57,0xED57,0xED57,0xED57,0xED57,0xED57,0xED57,0xED57,0xED57,0xED57,0xED57,
  0xED57,0xED57,0xED57,0xED57,0xED57,0xED57,0xED57,0xED57,0xED57,0xED57,0xED57,0xED57,0xED57,0xED57,0xED57,0xED57,
  0xED57,0xED57,0xED57,0xED57,0xED57,0xED57,0xED57,0xED57,0xED57,0xED57,0xED57,0xED57,0xED57,0xED57,0xED57,0xED57,
  0xED57,0xED57,0xED57,0xED57,0xED57,0xED57,0xED57,0xED57,0xED57,0xED57,0xED57,0xED57,0xED57,0xED57,0xED57,0xED57,
  0xED57,0xED57,0xED57,0xED57,0xED57,0xED57,0xED57,0xED57,0xED57,0xED57,0xED57,0xED57,0xED57,0xED57,0xED57,0xED57,
  0xED57,0xED57,0xED57,0xED57,0xED57,0xED57,0xED57,0xED57,0xED57,0xED57,0xED57,0xED57,0xED57,0xED57,0xED57,0xED57,
  0xED57,0xED57,0xED57,0xED57,0xED57,0xED57,0xED57,0xED57,0xED57,0xED57,0xED57,0xED57,0xED57,0xED57,0xED57,0xED57,
  0xED57,0xED57,0xED57,0xED57,0xED57,0xED57,0xED57,0xED57,0xED57,0xED57,0xED57,0xED57,0xED57,0xED57,0xED57,0xED57,
  0xED57,0xED57,0xED57,0xED57,0xED57,0xED57,0xED57,0xED57,0xED57,0xED57,0xED57,0xED57,0xED57,0xED57,0xED57,0xED57,
  0xED57,0xED57,0xED57,0xED57,0xED57,0xED57,0xED57,0xED57,0xED57,0xED57,0xED57,0xED57,0xED57,0xED57,0xED57,0xED57,
  0xED57,0xED57,0xED57,0xED57,0xED57,0xED57,0xED57,0xED57,0xED57,0xED57,0xED57,0xED57,0xED57,0xED57,0xED57,0xED57,
  0xED57,0xED57,0xED57,0xED57,0xED57,0xED57,0xED57,0xED57,0xED57,0xED57,0xED57,0xED57,0xED57,0xED57,0xED57,0xED57,
  0xED37,0xED37,0xED37,0xED37,0xED37,0xED37,0xED37,0xED37,0xED37,0xED37,0xED37,0xED37,0xED37,0xED37,0xED37,0xED37,
  0xED37,0xED37,0xED37,0xED37,0xED37,0xED37,0xED37,0xED37,0xED37,0xED37,0xED37,0xED37,0xED37,0xED37,0xED37,0xED37,
  0xED37,0xED37,0xED37,0xED37,0xED37,0xED37,0xED37,0xED37,0xED37,0xED37,0xED37,0xED37,0xED37,0xED37,0xED37,0xED37,
  0xED37,0xED37,0xED37,0xED37,0xED37,0xED37,0xED37,0xED37,0xED37,0xED37,0xED37,0xED37,0xED37,0xED37,0xED37,0xED37,
  0xED37,0xED37,0xED37,0xED37,0xED37,0xED37,0xED37,0xED37,0xED37,0xED37,0xED37,0xED37,0xED37,0xED37,0xED37,0xED37,
  0xED37,0xED37,0xED37,0xED37,0xED37,0xED37,0xED37,0xED37,0xED37,0xED37,0xED37,0xED37,0xED37,0xED37,0xED37,0xED37,
  0xED37,0xED37,0xED37,0xED37,0xED37,0xED37,0xED37,0xED37,0xED37,0xED37,0xED37,0xED37,0xED37,0xED37,0xED37,0xED37,
  0xED37,0xED37,0xED37,0xED37,0xED37,0xED37,0xED37,0xED37,0xED37,0xED37,0xED37,0xED37,0xED37,0xED37,0xED37,0xED37,
  0xED37,0xED37,0xED37,0xED37,0xED37,0xED37,0xED37,0xED37,0xED37,0xED37,0xED37,0xED37,0xED37,0xED37,0xED37,0xED37,
  0xED37,0xED37,0xED37,0xED37,0xED37,0xED37,0xED37,0xED37,0xED37,0xED37,0xED37,0xED37,0xED37,0xED37,0xED37,0xED37,
  0xED37,0xED37,0xED37,0xED37,0xED37,0xED37,0xED37,0xED37,0xED37,0xED37,0xED37,0xED37,0xED37,0xED37,0xED37,0xED37,
  0xED37,0xED37,0xED37,0xED37,0xED37,0xED37,0xED37,0xED37,0xED37,0xED37,0xED37,0xED37,0xED37,0xED37,0xED37,0xED37,
  0xED37,0xED37,0xED37,0xED37,0xED37,0xED37,0xED37,0xED37,0xED37,0xED37,0xED37,0xED37,0xED37,0xED37,0xED37,0xED37,
  0xED37,0xED37,0xED37,0xED37,0xED37,0xED37,0xED37,0xED37,0xED37,0xED37,0xED37,0xED37,0xED37,0xED37,0xED37,0xED37,
  0xED37,0xED37,0xED37,0xED37,0xED37,0xED37,0xED37,0xED37,0xED37,0xED37,0xED37,0xED37,0xED37,0xED37,0xED37,0xED37,
  0xED37,0xED37,0xED37,0xED37,0xED37,0xED37,0xED37,0xED37,0xED37,0xED37,0xED37,0xED37,0xED37,0xED37,0xED37,0xED37,
  0xED37,0xED37,0xED37,0xED37,0xED37,0xED37,0xED37,0xED37,0xED37,0xED37,0xED37,0xED37,0xED37,0xED37,0xED37,0xED37,
  0xED37,0xED37,0xED37,0xED37,0xED37,0xED37,0xED37,0xED37,0xED37,0xED37,0xED37,0xED37,0xED37,0xED37,0xED37,0xED37,
  0xED37,0xED37,0xED37,0xED37,0xED37,0xED37,0xED37,0xED37,0xED37,0xED37,0xED37,0xED37,0xED37,0xED37,0xED37,0xED37,
  0xED37,0xED37,0xED37,0xED37,0xED37,0xED37,0xED37,0xED37,0xED37,0xED37,0xED37,0xED37,0xED37,0xED37,0xED37,0xED37,
  0xED37,0xED37,0xED37,0xED37,0xED37,0xED37,0xED37,0xED37,0xED37,0xED37,0xED37,0xED37,0xED37,0xED37,0xED37,0xED37,
  0xED37,0xED37,0xED37,0xED37,0xED37,0xED37,0xED37,0xED37,0xED37,0xED37,0xED37,0xED37,0xED37,0xED37,0xED37,0xED37,
  0xED37,0xED37,0xED37,0xED37,0xED37,0xED37,0xED37,0xED37,0xED37,0xED37,0xED37,0xED37,0xED37,0xED37,0xED37,0xED37,
  0xED37,0xED37,0xED37,0xED37,0xED37,0xED37,0xED37,0xED37,0xED37,0xED37,0xED37,0xED37,0xED37,0xED37,0xED37,0xED37,
  0xED37,0xED37,0xED37,0xED37,0xED37,0xED37,0xED37,0xED37,0xED37,0xED37,0xED37,0xED37,0xED37,0xED37,0xED37,0xED37,
  0xED37,0xED37,0xED37,0xED37,0xED37,0xED37,0xED37,0xED37,0xED37,0xED37,0xED37,0xED37,0xED37,0xED37,0xED37,0xED37,
  0xED37,0xED37,0xED37,0xED37,0xED37,0xED37,0xED37,0xED37,0xED37,0xED37,0xED37,0xED37,0xED37,0xED37,0xED37,0xED37,
  0xED37,0xED37,0xED37,0xED37,0xED37,0xED37,0xED37,0xED37,0xED37,0xED37,0xED37,0xED37,0xED37,0xED37,0xED37,0xED37,
  0xED37,0xED37,0xED37,0xED37,0xED37,0xED37,0xED37,0xED37,0xED37,0xED37,0xED37,0xED37,0xED37,0xED37,0xED37,0xED37,
  0xED37,0xED37,0xED37,0xED37,0xED37,0xED37,0xED37,0xED37,0xED37,0xED37,0xED37,0xED37,0xED37,0xED37,0xED37,0xED37,
  0xED37,0xED37,0xED37,0xED37,0xED37,0xED37,0xED37,0xED37,0xED37,0xED37,0xED37,0xED37,0xED37,0xED37,0xED37,0xED37,
  0xED37,0xED37,0xED37,0xED37,0xED37,0xED37,0xED37,0xED37,0xED37,0xED37,0xED37,0xED37,0xED37,0xED37,0xED37,0xED37,
  0xED37,0xED37,0xED37,0xED37,0xED37,0xED37,0xED37,0xED37,0xED37,0xED37,0xED37,0xED37,0xED37,0xED37,0xED37,0xED37,
  0xED37,0xED37,0xED37,0xED37,0xED37,0xED37,0xED37,0xED37,0xED37,0xED37,0xED37,0xED37,0xED37,0xED37,0xED37,0xED37,
  0xED37,0xED37,0xED37,0xED37,0xED37,0xED37,0xED37,0xED37,0xED37,0xED37,0xED37,0xED37,0xED37,0xED37,0xED37,0xED37,
  0xED37,0xED37,0xED37,0xED37,0xED37,0xED37,0xED37,0xED37,0xED37,0xED37,0xED37,0xED37,0xED37,0xED37,0xED37,0xED37,
  0xED37,0xED37,0xED37,0xED37,0xED37,0xED37,0xED37,0xED37,0xED37,0xED37,0xED37,0xED37,0xED37,0xED37,0xED37,0xED37,
  0xED37,0xED37,0xED37,0xED37,0xED37,0xED37,0xED37,0xED37,0xED37,0xED37,0xED37,0xED37,0xED37,0xED37,0xED37,0xED37,
  0xED37,0xED37,0xED37,0xED37,0xED37,0xED37,0xED37,0xED37,0xED37,0xED37,0xED37,0xED37,0xED37,0xED37,0xED37,0xED37,
  0xED37,0xED37,0xED37,0xED37,0xED37,0xED37,0xED37,0xED37,0xED37,0xED37,0xED37,0xED37,0xED37,0xED37,0xED37,0xED37,
  0xED37,0xED37,0xED37,0xED37,0xED37,0xED37,0xED37,0xED37,0xED37,0xED37,0xED37,0xED37,0xED37,0xED37,0xED37,0xED37,
  0xED37,0xED37,0xED37,0xED37,0xED37,0xED37,0xED37,0xED37,0xED37,0xED37,0xED37,0xED37,0xED37,0xED37,0xED37,0xED37,
  0xED37,0xED37,0xED37,0xED37,0xED37,0xED37,0xED37,0xED37,0xED37,0xED37,0xED37,0xED37,0xED37,0xED37,0xED37,0xED37,
  0xED37,0xED37,0xED37,0xED37,0xED37,0xED37,0xED37,0xED37,0xED37,0xED37,0xED37,0xED37,0xED37,0xED37,0xED37,0xED37,
  0xED37,0xED37,0xED37,0xED37,0xED37,0xED37,0xED37,0xED37,0xED37,0xED37,0xED37,0xED37,0xED37,0xED37,0xED37,0xED37,
  0xED36,0xED36,0xED36,0xED36,0xED36,0xED36,0xED36,0xED36,0xED36,0xED36,0xED36,0xED36,0xED36,0xED36,0xED36,0xED36,
  0xED36,0xED36,0xED36,0xED36,0xED36,0xED36,0xED36,0xED36,0xED36,0xED36,0xED36,0xED36,0xED36,0xED36,0xED36,0xED36,
  0xED36,0xED36,0xED36,0xED36,0xED36,0xED36,0xED36,0xED36,0xED36,0xED36,0xED36,0xED36,0xED36,0xED36,0xED36,0xED36,
  0xED36,0xED36,0xED36,0xED36,0xED36,0xED36,0xED36,0xED36,0xED36,0xED36,0xED36,0xED36,0xED36,0xED36,0xED36,0xED36,
  0xED36,0xED36,0xED36,0xED36,0xED36,0xED36,0xED36,0xED36,0xED36,0xED36,0xED36,0xED36,0xED36,0xED36,0xED36,0xED36,
  0xED36,0xED36,0xED36,0xED36,0xED36,0xED36,0xED36,0xED36,0xED36,0xED36,0xED36,0xED36,0xED36,0xED36,0xED36,0xED36,
  0xED36,0xED36,0xED36,0xED36,0xED36,0xED36,0xED36,0xED36,0xED36,0xED36,0xED36,0xED36,0xED36,0xED36,0xED36,0xED36,
  0xED36,0xED36,0xED36,0xED36,0xED36,0xED36,0xED36,0xED36,0xED36,0xED36,0xED36,0xED36,0xED36,0xED36,0xED36,0xED36,
  0xED36,0xED36,0xED36,0xED36,0xED36,0xED36,0xED36,0xED36,0xED36,0xED36,0xED36,0xED36,0xED36,0xED36,0xED36,0xED36,
  0xED36,0xED36,0xED36,0xED36,0xED36,0xED36,0xED36,0xED36,0xED36,0xED36,0xED36,0xED36,0xED36,0xED36,0xED36,0xED36,
  0xED16,0xED16,0xED16,0xED16,0xED16,0xED16,0xED16,0xED16,0xED16,0xED16,0xED16,0xED16,0xED16,0xED16,0xED16,0xED16,
  0xED16,0xED16,0xED16,0xED16,0xED16,0xED16,0xED16,0xED16,0xED16,0xED16,0xED16,0xED16,0xED16,0xED16,0xED16,0xED16,
  0xED16,0xED16,0xED16,0xED16,0xED16,0xED16,0xED16,0xED16,0xED16,0xED16,0xED16,0xED16,0xED16,0xED16,0xED16,0xED16,
  0xED16,0xED16,0xED16,0xED16,0xED16,0xED16,0xED16,0xED16,0xED16,0xED16,0xED16,0xED16,0xED16,0xED16,0xED16,0xED16,
  0xED16,0xED16,0xED16,0xED16,0xED16,0xED16,0xED16,0xED16,0xED16,0xED16,0xED16,0xED16,0xED16,0xED16,0xED16,0xED16,
  0xED16,0xED16,0xED16,0xED16,0xED16,0xED16,0xED16,0xED16,0xED16,0xED16,0xED16,0xED16,0xED16,0xED16,0xED16,0xED16,
  0xED16,0xED16,0xED16,0xED16,0xED16,0xED16,0xED16,0xED16,0xED16,0xED16,0xED16,0xED16,0xED16,0xED16,0xED16,0xED16,
  0xED16,0xED16,0xED16,0xED16,0xED16,0xED16,0xED16,0xED16,0xED16,0xED16,0xED16,0xED16,0xED16,0xED16,0xED16,0xED16,
  0xED16,0xED16,0xED16,0xED16,0xED16,0xED16,0xED16,0xED16,0xED16,0xED16,0xED16,0xED16,0xED16,0xED16,0xED16,0xED16,
  0xED16,0xED16,0xED16,0xED16,0xED16,0xED16,0xED16,0xED16,0xED16,0xED16,0xED16,0xED16,0xED16,0xED16,0xED16,0xED16,
  0xED16,0xED16,0xED16,0xED16,0xED16,0xED16,0xED16,0xED16,0xED16,0xED16,0xED16,0xED16,0xED16,0xED16,0xED16,0xED16,
  0xED16,0xED16,0xED16,0xED16,0xED16,0xED16,0xED16,0xED16,0xED16,0xED16,0xED16,0xED16,0xED16,0xED16,0xED16,0xED16,
  0xED16,0xED16,0xED16,0xED16,0xED16,0xED16,0xED16,0xED16,0xED16,0xED16,0xED16,0xED16,0xED16,0xED16,0xED16,0xED16,
  0xED16,0xED16,0xED16,0xED16,0xED16,0xED16,0xED16,0xED16,0xED16,0xED16,0xED16,0xED16,0xED16,0xED16,0xED16,0xED16,
  0xED16,0xED16,0xED16,0xED16,0xED16,0xED16,0xED16,0xED16,0xED16,0xED16,0xED16,0xED16,0xED16,0xED16,0xED16,0xED16,
  0xED16,0xED16,0xED16,0xED16,0xED16,0xED16,0xED16,0xED16,0xED16,0xED16,0xED16,0xED16,0xED16,0xED16,0xED16,0xED16,
  0xED16,0xED16,0xED16,0xED16,0xED16,0xED16,0xED16,0xED16,0xED16,0xED16,0xED16,0xED16,0xED16,0xED16,0xED16,0xED16,
  0xED16,0xED16,0xED16,0xED16,0xED16,0xED16,0xED16,0xED16,0xED16,0xED16,0xED16,0xED16,0xED16,0xED16,0xED16,0xED16,
  0xED16,0xED16,0xED16,0xED16,0xED16,0xED16,0xED16,0xED16,0xED16,0xED16,0xED16,0xED16,0xED16,0xED16,0xED16,0xED16,
  0xED16,0xED16,0xED16,0xED16,0xED16,0xED16,0xED16,0xED16,0xED16,0xED16,0xED16,0xED16,0xED16,0xED16,0xED16,0xED16,
  0xED16,0xED16,0xED16,0xED16,0xED16,0xED16,0xED16,0xED16,0xED16,0xED16,0xED16,0xED16,0xED16,0xED16,0xED16,0xED16,
  0xED16,0xED16,0xED16,0xED16,0xED16,0xED16,0xED16,0xED16,0xED16,0xED16,0xED16,0xED16,0xED16,0xED16,0xED16,0xED16,
  0xED16,0xED16,0xED16,0xED16,0xED16,0xED16,0xED16,0xED16,0xED16,0xED16,0xED16,0xED16,0xED16,0xED16,0xED16,0xED16,
  0xED16,0xED16,0xED16,0xED16,0xED16,0xED16,0xED16,0xED16,0xED16,0xED16,0xED16,0xED16,0xED16,0xED16,0xED16,0xED16,
  0xED16,0xED16,0xED16,0xED16,0xED16,0xED16,0xED16,0xED16,0xED16,0xED16,0xED16,0xED16,0xED16,0xED16,0xED16,0xED16,
  0xED16,0xED16,0xED16,0xED16,0xED16,0xED16,0xED16,0xED16,0xED16,0xED16,0xED16,0xED16,0xED16,0xED16,0xED16,0xED16,
  0xED16,0xED16,0xED16,0xED16,0xED16,0xED16,0xED16,0xED16,0xED16,0xED16,0xED16,0xED16,0xED16,0xED16,0xED16,0xED16,
  0xED16,0xED16,0xED16,0xED16,0xED16,0xED16,0xED16,0xED16,0xED16,0xED16,0xED16,0xED16,0xED16,0xED16,0xED16,0xED16,
  0xED16,0xED16,0xED16,0xED16,0xED16,0xED16,0xED16,0xED16,0xED16,0xED16,0xED16,0xED16,0xED16,0xED16,0xED16,0xED16,
  0xED16,0xED16,0xED16,0xED16,0xED16,0xED16,0xED16,0xED16,0xED16,0xED16,0xED16,0xED16,0xED16,0xED16,0xED16,0xED16,
  0xED16,0xED16,0xED16,0xED16,0xED16,0xED16,0xED16,0xED16,0xED16,0xED16,0xED16,0xED16,0xED16,0xED16,0xED16,0xED16,
  0xED16,0xED16,0xED16,0xED16,0xED16,0xED16,0xED16,0xED16,0xED16,0xED16,0xED16,0xED16,0xED16,0xED16,0xED16,0xED16,
  0xED16,0xED16,0xED16,0xED16,0xED16,0xED16,0xED16,0xED16,0xED16,0xED16,0xED16,0xED16,0xED16,0xED16,0xED16,0xED16,
  0xED16,0xED16,0xED16,0xED16,0xED16,0xED16,0xED16,0xED16,0xED16,0xED16,0xED16,0xED16,0xED16,0xED16,0xED16,0xED16,
  0xED16,0xED16,0xED16,0xED16,0xED16,0xED16,0xED16,0xED16,0xED16,0xED16,0xED16,0xED16,0xED16,0xED16,0xED16,0xED16,
  0xED16,0xED16,0xED16,0xED16,0xED16,0xED16,0xED16,0xED16,0xED16,0xED16,0xED16,0xED16,0xED16,0xED16,0xED16,0xED16,
  0xED16,0xED16,0xED16,0xED16,0xED16,0xED16,0xED16,0xED16,0xED16,0xED16,0xED16,0xED16,0xED16,0xED16,0xED16,0xED16,
  0xED16,0xED16,0xED16,0xED16,0xED16,0xED16,0xED16,0xED16,0xED16,0xED16,0xED16,0xED16,0xED16,0xED16,0xED16,0xED16,
  0xED16,0xED16,0xED16,0xED16,0xED16,0xED16,0xED16,0xED16,0xED16,0xED16,0xED16,0xED16,0xED16,0xED16,0xED16,0xED16,
  0xED16,0xED16,0xED16,0xED16,0xED16,0xED16,0xED16,0xED16,0xED16,0xED16,0xED16,0xED16,0xED16,0xED16,0xED16,0xED16,
  0xED16,0xED16,0xED16,0xED16,0xED16,0xED16,0xED16,0xED16,0xED16,0xED16,0xED16,0xED16,0xED16,0xED16,0xED16,0xED16,
  0xED16,0xED16,0xED16,0xED16,0xED16,0xED16,0xED16,0xED16,0xED16,0xED16,0xED16,0xED16,0xED16,0xED16,0xED16,0xED16,
  0xED16,0xED16,0xED16,0xED16,0xED16,0xED16,0xED16,0xED16,0xED16,0xED16,0xED16,0xED16,0xED16,0xED16,0xED16,0xED16,
  0xED16,0xED16,0xED16,0xED16,0xED16,0xED16,0xED16,0xED16,0xED16,0xED16,0xED16,0xED16,0xED16,0xED16,0xED16,0xED16,
  0xED16,0xED16,0xED16,0xED16,0xED16,0xED16,0xED16,0xED16,0xED16,0xED16,0xED16,0xED16,0xED16,0xED16,0xED16,0xED16,
  0xED16,0xED16,0xED16,0xED16,0xED16,0xED16,0xED16,0xED16,0xED16,0xED16,0xED16,0xED16,0xED16,0xED16,0xED16,0xED16,
  0xED16,0xED16,0xED16,0xED16,0xED16,0xED16,0xED16,0xED16,0xED16,0xED16,0xED16,0xED16,0xED16,0xED16,0xED16,0xED16,
  0xED16,0xED16,0xED16,0xED16,0xED16,0xED16,0xED16,0xED16,0xED16,0xED16,0xED16,0xED16,0xED16,0xED16,0xED16,0xED16,
  0xED16,0xED16,0xED16,0xED16,0xED16,0xED16,0xED16,0xED16,0xED16,0xED16,0xED16,0xED16,0xED16,0xED16,0xED16,0xED16,
  0xED16,0xED16,0xED16,0xED16,0xED16,0xED16,0xED16,0xED16,0xED16,0xED16,0xED16,0xED16,0xED16,0xED16,0xED16,0xED16,
  
};

const uint16_t THEME_COSMOS[] PROGMEM = {
  0x094A,0x096A,0x116A,0x118B,0x11AB,0x11AB,0x11AB,0x118B,0x116A,0x11EC,0x11EC,0x11EC,0x1A0D,0x1A0D,0x1A0D,0x11EC,
  0x11EC,0x11CB,0x0044,0x0022,0x0022,0x0022,0x0022,0x0022,0x0022,0x0823,0x204B,0x284C,0x288D,0x284C,0x204B,0x0823,
  0x0022,0x1084,0x9492,0x1084,0x0022,0x0022,0x0022,0x0022,0x0022,0x0022,0x0022,0x0022,0x0022,0x0022,0x0022,0x0022,
  0x0022,0x0022,0x0823,0x38AA,0x38AB,0x40CC,0x40EC,0x40EC,0x40EC,0x40CC,0x38AB,0x38AB,0x512F,0x512F,0x510F,0x5970,
  0xD67B,0xE73D,0xD67B,0x5970,0x510F,0x510F,0x510F,0x50EF,0x48CE,0x1044,0x0022,0x0022,0x0022,0x0022,0x0022,0x0022,
  0x094A,0x096A,0x116A,0x118B,0x118B,0x11AB,0x118B,0x118B,0x11EC,0x11EC,0x11EC,0x1A0D,0x1A2D,0x1A2D,0x1A2D,0x1A0D,
  0x11EC,0x11EC,0x11AB,0x0043,0x0022,0x0022,0x0022,0x0022,0x0022,0x0823,0x204B,0x288D,0x288D,0x288D,0x204B,0x0823,
  0x0022,0x0022,0x1083,0x1084,0x0022,0x0022,0x0022,0x0022,0x0022,0x0022,0x0022,0x0022,0x0022,0x0022,0x0022,0x0022,
  0x0022,0x0022,0x0823,0x30AA,0x38AB,0x40CC,0x40CC,0x40EC,0x40CC,0x40CC,0x38AB,0x40AC,0x512F,0x512F,0x510F,0x50EF,
  0x61D0,0xCE1A,0x69F1,0x510F,0x510F,0x510F,0x510F,0x510F,0x50EF,0x40CD,0x0844,0x0022,0x0022,0x0022,0x0022,0x0022,
  0x094A,0x094A,0x096A,0x116A,0x118B,0x118B,0x118B,0x116A,0x11EC,0x11EC,0x1A0D,0x1A2D,0x1A2D,0x224E,0x1A2D,0x1A2D,
  0x1A0D,0x11EC,0x11CB,0x0043,0x0022,0x0022,0x0022,0x0022,0x0022,0x0823,0x204B,0x284C,0x288D,0x284C,0x204B,0x0823,
  0x0022,0x0022,0x1084,0xA514,0x1083,0x0022,0x0022,0x0022,0x0022,0x0022,0x0022,0x0022,0x0022,0x0022,0x0022,0x0022,
  0x0022,0x0022,0x0022,0x0844,0x38AA,0x38AB,0x40CC,0x40CC,0x40CC,0x38AB,0x38AB,0x512F,0x512F,0x510F,0x50EF,0x50EF,
  0x510F,0x5970,0x512F,0x512F,0x512F,0x512F,0x510F,0x510F,0x510F,0x50EF,0x40CD,0x0843,0x0022,0x0022,0x0022,0x0022,
  0x0929,0x094A,0x096A,0x096A,0x116A,0x116A,0x116A,0x096A,0x11EC,0x11EC,0x1A0D,0x1A2D,0x224E,0x224E,0x224E,0x1A2D,
  0x1A0D,0x11EC,0x11CB,0x0043,0x0022,0x0022,0x0022,0x0022,0x0022,0x0022,0x0823,0x204B,0x204B,0x204B,0x0823,0x0022,
  0x0022,0x0022,0x0022,0x1084,0x0022,0x0022,0x0022,0x0022,0x0022,0x0022,0x0022,0x0022,0x0022,0x0022,0x0022,0x0022,
  0x0022,0x0022,0x0823,0x30AA,0x38AB,0x38AB,0x38AB,0x38AB,0x38AB,0x38AB,0x38AC,0x510E,0x40AC,0x510E,0x50EF,0x510F,
  0x510F,0x512F,0x512F,0x5930,0x5930,0x5930,0x512F,0x512F,0x492F,0x490F,0x48EE,0x1044,0x0022,0x0022,0x0022,0x0022,
  0x0043,0x0909,0x094A,0x094A,0x096A,0x096A,0x096A,0x096A,0x11EC,0x11EC,0x1A0D,0x1A2D,0x1A2D,0x224E,0x1A2D,0x1A2D,
  0x1A0D,0x11EC,0x11EC,0x0929,0x0043,0x0022,0x0022,0x0022,0x0022,0x0022,0x0022,0x0823,0x0823,0x0823,0x0022,0x0022,
  0x0022,0x0022,0x0022,0x0022,0x0022,0x0022,0x0022,0x0022,0x0022,0x0022,0x0022,0x0022,0x0022,0x0022,0x0022,0x0022,
  0x0022,0x0823,0x30AA,0x40CB,0x40CB,0x40CB,0x38AB,0x38AB,0x38AB,0x490E,0x490E,0x40AC,0x38AB,0x40AC,0x510E,0x510F,
  0x510F,0x512F,0x5930,0x5950,0x5950,0x5950,0x514F,0x19CD,0x19CC,0x19AC,0x490E,0x40ED,0x0843,0x0022,0x0022,0x0022,
  0x0022,0x0043,0x0909,0x094A,0x094A,0x094A,0x094A,0x094A,0x11CB,0x11EC,0x11EC,0x1A0D,0x1A2D,0x1A2D,0x226E,0x2A6E,
  0x1A0C,0x11EC,0x11CC,0x0949,0x0043,0x0022,0x0022,0x0022,0x0022,0x0022,0x0022,0x0022,0x0022,0x0022,0x0022,0x0022,
  0x0022,0x0022,0x0022,0x0022,0x0022,0x0022,0x0022,0x0022,0x0022,0x0022,0x0022,0x0022,0x0022,0x0022,0x0022,0x0022,
  0x0823,0x30AA,0x40CB,0x40CB,0x40EC,0x40CB,0x40CB,0x38AB,0x48CD,0x48EE,0x48EE,0x48CD,0x38AB,0x48EE,0x510F,0x510F,
  0x512F,0x5930,0x5950,0x5950,0x5950,0x514F,0x19CD,0x11EC,0x1A0D,0x11EC,0x19AC,0x40ED,0x0843,0x0022,0x0022,0x0022,
  0x0022,0x0022,0x0043,0x0909,0x0929,0x0929,0x0929,0x0909,0x0064,0x11CB,0x11EC,0x11EC,0x1A0D,0x224D,0x9D14,0xC67A,
  0x328E,0x11EC,0x094A,0x0929,0x0843,0x0022,0x0022,0x0022,0x0022,0x0022,0x0022,0x0022,0x0022,0x0022,0x0022,0x0022,
  0x0823,0x0843,0x0823,0x0022,0x0022,0x0022,0x0022,0x0022,0x0022,0x0022,0x0022,0x0022,0x0022,0x0022,0x0022,0x0022,
  0x0823,0x38AA,0x40CB,0x40EC,0x40EC,0x40EC,0x40CB,0x38AA,0x0844,0x0843,0x0843,0x0843,0x0844,0x48EE,0x510F,0x510F,
  0x512F,0x5930,0x5950,0x5950,0x5950,0x5150,0x19EC,0x1A0D,0x1A0D,0x1A0D,0x19CC,0x40ED,0x0843,0x0022,0x0022,0x0022,
  0x0022,0x0022,0x0022,0x0042,0x0043,0x1084,0x0043,0x0042,0x0043,0x0949,0x11CC,0x11EC,0x11EC,0x224D,0xC65A,0xE71C,
  0xC619,0x414D,0x112A,0x38AB,0x30AA,0x0823,0x0022,0x0022,0x0022,0x0022,0x0022,0x0022,0x0022,0x0022,0x0022,0x0844,
  0x40CD,0x48EE,0x40CD,0x0844,0x0022,0x0022,0x0022,0x0022,0x0022,0x0022,0x0022,0x0022,0x0022,0x0022,0x0022,0x0022,
  0x0823,0x30AA,0x40CB,0x40CB,0x40EC,0x40CB,0x40CB,0x30AA,0x0823,0x0022,0x0022,0x0022,0x0843,0x48EE,0x510F,0x594F,
  0x512F,0x5930,0x5950,0x5950,0x5950,0x514F,0x19CD,0x11EC,0x1A0D,0x11EC,0x19AC,0x40ED,0x0843,0x0022,0x0022,0x0022,
  0x0022,0x0022,0x0022,0x0022,0x18E5,0x9CD3,0x18E5,0x0022,0x0043,0x0909,0x094A,0x11CC,0x11CC,0x19CC,0x328E,0xC619,
  0x59AE,0x40EC,0x38CC,0x38AB,0x38AB,0x30AA,0x0823,0x0022,0x0022,0x0022,0x0022,0x0022,0x0022,0x0022,0x0843,0x40CD,
  0x50EF,0x512F,0x50EF,0x40CD,0x0843,0x0022,0x0022,0x0022,0x0022,0x0022,0x0022,0x0022,0x0022,0x0022,0x0022,0x0022,
  0x0022,0x0823,0x30AA,0x40CB,0x40CB,0x40CB,0x30AA,0x0823,0x0022,0x0022,0x0022,0x0022,0x0843,0x40ED,0x5990,0x9473,
  0x5990,0x512F,0x5930,0x5950,0x5950,0x6191,0x514F,0x19CD,0x19CC,0x19AC,0x492E,0x40EE,0x0844,0x0043,0x0043,0x0022,
  0x0022,0x0022,0x0022,0x1083,0x9CD3,0xB5B7,0x9CD3,0x0863,0x0022,0x0043,0x0909,0x30CB,0x38CB,0x38EC,0x410C,0x494D,
  0x490C,0x40EC,0x40EC,0x40CC,0x38AB,0x38AA,0x0823,0x0022,0x0022,0x0022,0x0022,0x0022,0x0022,0x0022,0x0843,0x48EE,
  0x512F,0x512F,0x512F,0x48EE,0x0843,0x0022,0x0022,0x0022,0x0022,0x0022,0x0022,0x0022,0x0022,0x0022,0x0022,0x0022,
  0x0022,0x0022,0x0823,0x30AA,0x40EC,0x30AA,0x0823,0x0022,0x0022,0x0022,0x0022,0x0022,0x0022,0x1084,0x9452,0xA514,
  0x9473,0x5970,0x512F,0x5930,0x6190,0xBD99,0x5970,0x512F,0x492E,0x490E,0x410E,0x19AC,0x11CB,0x11CB,0x11AB,0x0043,
  0x0022,0x0022,0x0022,0x1083,0x18E5,0x9CD3,0x18E5,0x0022,0x0022,0x0022,0x0843,0x38AA,0x38AB,0x40CC,0x40EC,0x490C,
  0x490C,0x490C,0x40EC,0x40CC,0x38AB,0x38AA,0x0823,0x0022,0x0022,0x0022,0x0022,0x0022,0x0022,0x0823,0x1044,0x48CE,
  0x50EF,0x512F,0x50EF,0x40CD,0x0843,0x0022,0x0022,0x0022,0x0022,0x0022,0x0022,0x0022,0x0022,0x0022,0x0022,0x0022,
  0x0022,0x0022,0x0022,0x20E5,0x9CD4,0x20E6,0x0843,0x0843,0x0843,0x0843,0x0823,0x0823,0x0823,0x0843,0x516E,0x9453,
  0x5990,0x510F,0x510F,0x512F,0x512F,0x5970,0x510F,0x490E,0x114A,0x114A,0x114A,0x11CC,0x11EC,0x11EC,0x11EC,0x11CB,
  0x0022,0x0022,0x18E5,0x8C72,0x1084,0x1083,0x0022,0x0022,0x0022,0x0022,0x0823,0x38AA,0x38AB,0x40CC,0x40EC,0x40EC,
  0x490C,0x40EC,0x40EC,0x40CC,0x38AB,0x38AA,0x0823,0x0022,0x0022,0x0022,0x0022,0x0823,0x1044,0x40CD,0x48EE,0x50EF,
  0x50EF,0x50EF,0x48CE,0x1045,0x0022,0x0022,0x0022,0x0022,0x0022,0x0022,0x0022,0x0022,0x0022,0x0022,0x0022,0x0022,
  0x0022,0x0022,0x1083,0x9CD3,0xBDD7,0xA4F5,0x512E,0x48EE,0x48EE,0x48EE,0x284C,0x204B,0x204B,0x0824,0x1044,0x490D,
  0x50EF,0x510F,0x510F,0x510F,0x510F,0x510F,0x490E,0x114A,0x096A,0x096A,0x096A,0x096A,0x19EC,0x1A0D,0x1A0D,0x11EC,
  0x0022,0x10A4,0xBDD7,0x2105,0x0022,0x0022,0x0022,0x0022,0x0022,0x0022,0x0823,0x30AA,0x38AB,0x38AB,0x40CC,0x40EC,
  0x40EC,0x40EC,0x40CC,0x38AB,0x38AB,0x30AA,0x0823,0x0022,0x0022,0x0022,0x0844,0x40CD,0x48EE,0x50EF,0x50EF,0x50EF,
  0x50EF,0x50EF,0x50EF,0x40CD,0x0844,0x0022,0x0022,0x0022,0x0022,0x0022,0x0022,0x0823,0x0823,0x0823,0x0022,0x0022,
  0x0022,0x0022,0x0022,0x20E6,0xA4F5,0x61B0,0x510F,0x510F,0x510F,0x510F,0x48EE,0x308D,0x284C,0x204B,0x0823,0x1044,
  0x40CE,0x48EF,0x510F,0x510F,0x510F,0x490E,0x114A,0x096A,0x096A,0x118B,0x096A,0x096A,0x096A,0x19EC,0x1A0D,0x1A0D,
  0x0022,0x0022,0x10A4,0x0022,0x0022,0x0022,0x0022,0x0022,0x0022,0x0022,0x0022,0x0823,0x30AA,0x38AB,0x38AB,0x40CC,
  0x40CC,0x40CC,0x38AB,0x38AB,0x30AA,0x0823,0x0022,0x0022,0x0022,0x0844,0x40ED,0x50EF,0x50EF,0x510F,0x510F,0x510F,
  0x510F,0x510F,0x50EF,0x50EF,0x40ED,0x0844,0x0022,0x0022,0x0022,0x0823,0x0823,0x30AA,0x38AA,0x30AA,0x0823,0x0823,
  0x0022,0x0022,0x0844,0x40ED,0x594F,0x510F,0x490F,0x490F,0x490F,0x490E,0x490E,0x48EF,0x308D,0x204B,0x0844,0x204B,
  0x286C,0x306D,0x48EF,0x48EF,0x48EF,0x48EE,0x114A,0x096A,0x118B,0x118B,0x118B,0x096A,0x094A,0x1A0D,0x1A0D,0x1A0D,
  0x0022,0x0022,0x0022,0x0022,0x0022,0x0022,0x0022,0x0022,0x0022,0x0863,0x0022,0x0022,0x0823,0x30AA,0x38AB,0x38AB,
  0x38AB,0x38AB,0x38AB,0x30AA,0x0823,0x0022,0x0022,0x0022,0x0844,0x40ED,0x50EF,0x510F,0x5970,0x512F,0x510F,0x510F,
  0x510F,0x510F,0x510F,0x50EF,0x50EF,0x40ED,0x0844,0x0022,0x0823,0x30A9,0x38AA,0x38AB,0x38AB,0x38AB,0x38AA,0x30A9,
  0x0823,0x0844,0x40ED,0x510F,0x510F,0x490E,0x114A,0x114A,0x114A,0x114A,0x114A,0x490E,0x48EE,0x286C,0x090A,0x206C,
  0x286C,0x286D,0x308D,0x30AD,0x30AD,0x30AD,0x114A,0x096A,0x096A,0x118B,0x096A,0x096A,0x096A,0x1A0D,0x1A2D,0x226E,
  0x0022,0x0022,0x0022,0x0022,0x0823,0x0823,0x0823,0x0823,0x1084,0x7BF0,0x0863,0x0022,0x0022,0x0823,0x30AA,0x38AA,
  0x38AA,0x38AA,0x30AA,0x0823,0x0022,0x0022,0x0022,0x0843,0x40CD,0x510F,0x5970,0x61D1,0xCDFA,0x69F1,0x512F,0x512F,
  0x512F,0x510F,0x510F,0x510F,0x50EF,0x50EF,0x40CD,0x0843,0x0823,0x38AA,0x38AB,0x40CC,0x40CC,0x40CC,0x38AB,0x38AA,
  0x1044,0x40ED,0x510F,0x510F,0x490E,0x114A,0x094A,0x094A,0x094A,0x094A,0x094A,0x114A,0x490E,0x48EE,0x114B,0x206C,
  0x286C,0x286D,0x288D,0x30AD,0x30AE,0x30AE,0x28AD,0x114A,0x096A,0x096A,0x096A,0x114A,0x1A0D,0x1A2D,0x2A6E,0xBE19,
  0x0022,0x0022,0x0823,0x0823,0x30AA,0x38AA,0x38AA,0x38AA,0x30AA,0x1084,0x0843,0x0022,0x0022,0x0022,0x0823,0x0823,
  0x0823,0x0823,0x0823,0x0022,0x0022,0x0022,0x0022,0x1044,0x48EE,0x61D1,0xE6DC,0xDEDC,0xE71C,0xCDFA,0x6191,0x5930,
  0x5930,0x512F,0x512F,0x510F,0x510F,0x50EF,0x48EE,0x1044,0x30AA,0x38AB,0x40CC,0x40CC,0x40EC,0x40CC,0x40CC,0x38AB,
  0x38AB,0x50EE,0x510F,0x490E,0x114A,0x094A,0x094A,0x116A,0x116A,0x116A,0x094A,0x094A,0x114A,0x410D,0x196B,0x286C,
  0x286C,0x286D,0x288D,0x30AD,0x30AD,0x30AE,0x30AD,0x28AD,0x112A,0x092A,0x112A,0x208C,0x222E,0x224E,0x1A2D,0x2A6E,
  0x0043,0x0843,0x30A9,0x30AA,0x38AB,0x38AB,0x38AB,0x38AB,0x38AB,0x38AA,0x30AA,0x0823,0x0022,0x0022,0x0022,0x0022,
  0x0022,0x0022,0x0022,0x0022,0x1083,0x0022,0x0843,0x40CD,0x596F,0xD67B,0xF79E,0xEF3D,0xCE5A,0x494F,0x5930,0x5950,
  0x5950,0x5930,0x512F,0x510F,0x510F,0x510F,0x50EF,0x40ED,0x38AB,0x38AB,0x40CC,0x40EC,0x40EC,0x40EC,0x40CC,0x38AB,
  0x38AB,0x48EE,0x490E,0x114A,0x094A,0x094A,0x116A,0x118B,0x118B,0x118B,0x116A,0x094A,0x094A,0x094A,0x116B,0x208C,
  0x286C,0x286C,0x286D,0x288D,0x30AD,0x30AD,0x30AD,0x288D,0x288C,0x206C,0x206C,0x288C,0x220E,0x1A2D,0x1A2D,0x1A2D,
  0x0929,0x0929,0x094A,0x094A,0x114A,0x38CB,0x40CB,0x40CB,0x40CB,0x38AB,0x38AB,0x30AA,0x0823,0x0022,0x0022,0x0022,
  0x0022,0x0022,0x0022,0x1083,0x94B3,0x1083,0x0843,0x48EE,0x50EF,0x61F1,0xD67B,0x69F1,0x410E,0x5130,0x5950,0x5950,
  0x5950,0x5950,0x5930,0x512F,0x510F,0x510F,0x490F,0x218C,0x30CB,0x38AB,0x40CC,0x40CC,0x40EC,0x40CC,0x40CC,0x38AB,
  0x38AB,0x48EE,0x490E,0x114A,0x094A,0x116A,0x118B,0x118B,0x11AB,0x118B,0x118B,0x116A,0x094A,0x094A,0x118B,0x112A,
  0x206C,0x286C,0x286D,0x286D,0x288D,0x288D,0x30CD,0x286D,0x286D,0x286C,0x288C,0x19ED,0x1A2D,0x1A2D,0x1A2D,0x1A0D,
  0x094A,0x094A,0x094A,0x094A,0x094A,0x114A,0x38CC,0x40CC,0x40CB,0x40CB,0x38AB,0x38AB,0x30AA,0x0823,0x0022,0x0022,
  0x0022,0x0022,0x0022,0x0022,0x1083,0x0022,0x0843,0x48EE,0x50EF,0x510F,0x5990,0x512F,0x512F,0x5950,0x5950,0x5950,
  0x5950,0x5950,0x5930,0x512F,0x510F,0x510F,0x50EF,0x490E,0x198B,0x38AB,0x38AB,0x40CC,0x40CC,0x40CC,0x38AB,0x38AA,
  0x1044,0x40ED,0x490E,0x114A,0x094A,0x116A,0x118B,0x11AB,0x11AB,0x11AB,0x118B,0x116A,0x094A,0x094A,0x096A,0x096A,
  0x090A,0x206B,0x286C,0x286C,0x286D,0x30AD,0x8412,0x30AD,0x286C,0x288C,0x19ED,0x1A2D,0x1A2D,0x1A2D,0x1A0D,0x1A0D,
  0x094A,0x116A,0x116A,0x116A,0x094A,0x094A,0x114A,0x38EC,0x40CC,0x40CC,0x40CB,0x38AB,0x38AA,0x0823,0x0022,0x0022,
  0x0022,0x0022,0x0022,0x0022,0x0022,0x0022,0x0843,0x48EE,0x50EF,0x510F,0x510F,0x512F,0x5930,0x5950,0x5950,0x5950,
  0x5950,0x5950,0x5930,0x512F,0x510F,0x510F,0x50EF,0x48EE,0x0844,0x30AA,0x38AA,0x38AB,0x38AB,0x38AB,0x38AA,0x30A9,
  0x0823,0x0844,0x40ED,0x094A,0x094A,0x116A,0x118B,0x118B,0x11AB,0x118B,0x118B,0x116A,0x094A,0x094A,0x0929,0x0909,
  0x0043,0x0823,0x204B,0x286C,0x286C,0x286C,0x30AD,0x286C,0x288C,0x19CD,0x1A0D,0x1A0D,0x1A0D,0x1A0D,0x1A0D,0x1A0D,
  0x116A,0x118B,0x118B,0x118B,0x116A,0x094A,0x094A,0x114A,0x40EC,0x40CC,0x40CB,0x40CB,0x38AB,0x30AA,0x0823,0x0022,
  0x0022,0x0022,0x0022,0x0022,0x0022,0x0022,0x0843,0x48ED,0x50EF,0x510F,0x510F,0x510F,0x512F,0x5930,0x5950,0x5950,
  0x5950,0x5930,0x512F,0x510F,0x510F,0x510F,0x50EF,0x40CD,0x0843,0x0823,0x0823,0x30AA,0x38AA,0x30AA,0x18A5,0x0843,
  0x0022,0x0022,0x0843,0x0909,0x094A,0x094A,0x116A,0x118B,0x118B,0x118B,0x116A,0x094A,0x094A,0x0909,0x0043,0x0042,
  0x0022,0x0022,0x0823,0x204B,0x204B,0x204B,0x204B,0x206B,0x11AC,0x11EC,0x1A0D,0x1A0D,0x1A0D,0x1A0D,0x1A0D,0x11EC,
  0x118B,0x118B,0x11AB,0x118B,0x118B,0x116A,0x094A,0x094A,0x40EC,0x40EC,0x40CC,0x40CB,0x38AB,0x38AA,0x1084,0x0022,
  0x0022,0x0022,0x0022,0x0022,0x0022,0x0022,0x0823,0x38AB,0x48EE,0x50EF,0x510F,0x510F,0x512F,0x512F,0x5930,0x5930,
  0x5930,0x512F,0x512F,0x510F,0x510F,0x50EE,0x48EE,0x1044,0x0022,0x0022,0x0022,0x0823,0x0843,0x2926,0xCE59,0x2126,
  0x0022,0x0022,0x0022,0x0043,0x0909,0x094A,0x094A,0x116A,0x116A,0x116A,0x094A,0x094A,0x0909,0x0043,0x1084,0x0022,
  0x0022,0x0022,0x0022,0x0823,0x0823,0x0823,0x0823,0x0843,0x11AB,0x11CB,0x11EC,0x11EC,0x11EC,0x11EC,0x11EC,0x11CB,
  0x118B,0x11AB,0x11AB,0x11AB,0x118B,0x116A,0x094A,0x094A,0x40EC,0x40EC,0x40CC,0x40CB,0x38AB,0x494C,0x9493,0x18E5,
  0x0022,0x0022,0x0022,0x0022,0x0022,0x0823,0x30AA,0x38AB,0x50EE,0x50EF,0x50EF,0x510F,0x510F,0x510F,0x512F,0x512F,
  0x512F,0x510F,0x510F,0x510F,0x50EE,0x40AC,0x38AB,0x30AA,0x0823,0x0022,0x0022,0x0022,0x10A4,0xCE59,0xF7BE,0xCE59,
  0x10A4,0x0022,0x0022,0x0022,0x0843,0x118A,0x094A,0x094A,0x094A,0x094A,0x094A,0x0909,0x0043,0x1084,0x9CD3,0x1083,
  0x0022,0x0022,0x0022,0x0022,0x0022,0x0022,0x0022,0x0022,0x0043,0x0043,0x11AB,0x11CB,0x11CB,0x11CB,0x11AB,0x0043,
  0x118B,0x118B,0x11AB,0x118B,0x118B,0x116A,0x094A,0x094A,0x40EC,0x40EC,0x40CC,0x40CB,0x40EC,0x9CB4,0xB596,0x9493,
  0x1084,0x0022,0x0022,0x0022,0x10A3,0x0823,0x38AA,0x38AB,0x40CC,0x50EE,0x50EF,0x50EF,0x510F,0x510F,0x510F,0x510F,
  0x510F,0x510F,0x510F,0x50EE,0x40AC,0x40CB,0x40CB,0x40CB,0x30AA,0x0823,0x0022,0x0022,0x0022,0x2126,0xDEDB,0x2126,
  0x0022,0x0022,0x0022,0x0022,0x1905,0xAD76,0x21EC,0x19AB,0x0949,0x0929,0x0909,0x0043,0x0022,0x0022,0x1083,0x0022,
  0x0022,0x0022,0x0022,0x0022,0x0022,0x0022,0x0022,0x0022,0x0022,0x0022,0x0043,0x0043,0x0043,0x0043,0x0043,0x0022,
  0x116A,0x118B,0x118B,0x118B,0x116A,0x094A,0x094A,0x094A,0x40EC,0x40CC,0x40CB,0x40CB,0x38AB,0x494C,0x9CB4,0x496D,
  0x30AA,0x0823,0x0022,0x10A3,0xCE52,0x18A4,0x38AA,0x38AB,0x40CB,0x40CC,0x50EE,0x50EF,0x50EF,0x510F,0x510F,0x510F,
  0x510F,0x510F,0x50EE,0x38AC,0x40CB,0x40CB,0x40EC,0x40CC,0x40CB,0x30AA,0x0824,0x0022,0x0022,0x10A4,0xBDF7,0x10A4,
  0x0022,0x0022,0x0022,0x1083,0xAD55,0xCE7A,0xBDF8,0xC639,0x10A5,0x0043,0x0042,0x0022,0x0022,0x0022,0x0022,0x0022,
  0x0022,0x0022,0x0022,0x0022,0x0022,0x0022,0x0022,0x0022,0x0022,0x0022,0x0022,0x0022,0x0823,0x0823,0x0823,0x0022,
  0x094A,0x116A,0x116A,0x116A,0x094A,0x094A,0x094A,0x094A,0x38CC,0x40CC,0x40CB,0x38AB,0x38AB,0x40CB,0x492D,0x40CB,
  0x40CB,0x30AA,0x0823,0x10A3,0xDED3,0x18C4,0x38AA,0x38AB,0x40CB,0x40CC,0x40EC,0x50EE,0x50EE,0x50EF,0x50EF,0x50EF,
  0x50EF,0x50EF,0x48EE,0x38AB,0x40CB,0x40EC,0x50EE,0x50EE,0x50EE,0x48EE,0x40CD,0x0844,0x0022,0x0022,0x1084,0x0022,
  0x0022,0x0022,0x0022,0x0022,0x18E5,0xAD55,0x2105,0x10A4,0x0022,0x0022,0x0022,0x0022,0x0022,0x0022,0x0022,0x0022,
  0x0022,0x0022,0x0022,0x0022,0x0022,0x0022,0x0022,0x0022,0x0022,0x0022,0x0022,0x0823,0x30AA,0x38AA,0x30AA,0x0823,
  0x094A,0x094A,0x094A,0x094A,0x094A,0x094A,0x094A,0x094A,0x38CB,0x40CB,0x38AB,0x38AB,0x38AB,0x40EC,0x40EC,0x40EC,
  0x40CB,0x38AA,0x0843,0x2125,0xDEF3,0x2946,0x30AA,0x38AB,0x40CB,0x40CB,0x40CC,0x40EC,0x40EC,0x50EE,0x50EE,0x50EE,
  0x50EE,0x50EE,0x40CC,0x38AB,0x40CC,0x50EE,0x50EF,0x510F,0x510F,0x510F,0x50EF,0x40CD,0x0844,0x0022,0x0022,0x0022,
  0x0043,0x0043,0x0043,0x0043,0x0843,0x1084,0x0022,0x0022,0x0022,0x0022,0x0022,0x0022,0x0022,0x0022,0x0022,0x0022,
  0x0022,0x0022,0x0022,0x0022,0x0022,0x0022,0x0022,0x0022,0x0022,0x0022,0x0823,0x30AA,0x40CB,0x40CB,0x40CB,0x38AA,
  0x094A,0x094A,0x094A,0x094A,0x094A,0x096A,0x094A,0x094A,0x38CB,0x38AB,0x38AB,0x38AA,0x40CB,0x40CB,0x40EC,0x40CB,
  0x40CB,0x30AA,0x2926,0xDEF7,0xFFD6,0xDEF8,0x2947,0x38AB,0x38AB,0x40CB,0x40CC,0x40CC,0x492D,0x40EC,0x40EC,0x40CC,
  0x40CC,0x40CB,0x38AB,0x38AB,0x50EE,0x510F,0x510F,0x512F,0x512F,0x512F,0x510F,0x510F,0x40ED,0x0844,0x0022,0x0043,
  0x11AB,0x11CB,0x11CB,0x11CB,0x11AB,0x0044,0x0022,0x0022,0x0022,0x0022,0x0022,0x0022,0x0022,0x0022,0x0022,0x0022,
  0x0022,0x0022,0x0022,0x0022,0x0022,0x0022,0x0022,0x0022,0x0022,0x0823,0x30AA,0x40CB,0x40CB,0x40EC,0x40CB,0x40CB,
  0x118B,0x118B,0x118B,0x116A,0x096A,0x096A,0x094A,0x112A,0x38AB,0x38AA,0x30AA,0x1044,0x30AA,0x40CB,0x40CB,0x494C,
  0x412B,0x2946,0xDEF8,0xFFFA,0xFFF7,0xFFFA,0xE718,0x518D,0x492C,0x492C,0x40CB,0x490C,0xACF6,0x492D,0x40CC,0x40CB,
  0x40CB,0x38AB,0x38AB,0x48EE,0x50EF,0x510F,0x512F,0x5930,0x5930,0x5930,0x512F,0x510F,0x50EF,0x40ED,0x0864,0x11AB,
  0x11EC,0x11EC,0x11EC,0x11EC,0x11EC,0x11AB,0x0043,0x0022,0x0022,0x0022,0x0022,0x0022,0x0022,0x0022,0x0022,0x0022,
  0x0022,0x0022,0x0022,0x0022,0x0022,0x0022,0x0022,0x0022,0x0022,0x0823,0x38AA,0x40CB,0x40EC,0x40EC,0x40EC,0x40CB,
  0x118B,0x118B,0x116A,0x116A,0x096A,0x094A,0x094A,0x30AA,0x30AA,0x0823,0x0823,0x0022,0x0823,0x30AA,0x410B,0xD673,
  0xDED4,0xDEF3,0xFFF6,0xFFF7,0xFFF6,0xFFF7,0xFFF6,0xE6F4,0xDED4,0xD674,0x492C,0x40CB,0x490C,0x40CB,0x40CB,0x492D,
  0x40CB,0x38AB,0x38AC,0x50EE,0x510F,0x512F,0x5930,0x5930,0x5950,0x5930,0x5930,0x512F,0x510F,0x490F,0x19AC,0x11EC,
  0x11EC,0x1A0D,0x1A0D,0x1A0D,0x11EC,0x11EC,0x11AB,0x0043,0x0022,0x0022,0x0022,0x0022,0x0022,0x0022,0x0022,0x0022,
  0x0022,0x0022,0x0022,0x0022,0x0022,0x0022,0x0022,0x0022,0x0022,0x0823,0x30AA,0x40CB,0x40CB,0x40EC,0x40CB,0x40CB,
  0x116A,0x116A,0x096A,0x096A,0x094A,0x094A,0x0909,0x0843,0x0823,0x0043,0x0043,0x0042,0x0022,0x0823,0x0843,0x10A3,
  0x10A3,0x2945,0xDEF7,0xFFFA,0xFFF7,0xFFFA,0xDEF7,0x2945,0x18C4,0x410A,0x38AA,0x38AB,0x38AB,0x38AB,0x518E,0xD67B,
  0x61D0,0x50EF,0x48EE,0x50EF,0x510F,0x512F,0x5930,0x5950,0x5950,0x5950,0x5930,0x512F,0x510F,0x490F,0x19CC,0x11EC,
  0x1A0D,0x1A2D,0x1A2D,0x1A2D,0x1A0D,0x11EC,0x11EC,0x11AB,0x0043,0x0043,0x0043,0x0043,0x0022,0x0022,0x0022,0x0022,
  0x0022,0x0022,0x0022,0x0022,0x0022,0x0022,0x0022,0x0022,0x0022,0x0022,0x0823,0x30AA,0x40CB,0x40CB,0x40CB,0x38AA,
  0x096A,0x096A,0x096A,0x094A,0x094A,0x0909,0x0043,0x0022,0x0043,0x0909,0x0929,0x0909,0x0043,0x0022,0x0022,0x0022,
  0x0022,0x0842,0x2125,0xDEF7,0xFFD6,0xDEF7,0x2125,0x0842,0x0022,0x0823,0x0824,0x38AA,0x38AB,0x490C,0xD67B,0xF79E,
  0xDE7C,0x5970,0x50EF,0x50EF,0x510F,0x512F,0x5930,0x5930,0x5950,0x5930,0x5930,0x512F,0x510F,0x490F,0x220D,0x1A0D,
  0x1A2D,0x1A2D,0x224E,0x1A2D,0x1A2D,0x1A0D,0x11EC,0x11EC,0x11CB,0x11CB,0x11CB,0x11AB,0x0043,0x0043,0x0022,0x0022,
  0x0022,0x0022,0x0022,0x0022,0x0022,0x0022,0x0022,0x0022,0x0022,0x0022,0x0022,0x0823,0x30AA,0x38AA,0x30AA,0x0823,
  0x094A,0x094A,0x094A,0x094A,0x0909,0x0043,0x0022,0x0043,0x0929,0x096A,0x096A,0x096A,0x0929,0x0043,0x0022,0x0022,
  0x0022,0x0022,0x0842,0x2125,0xDEF3,0x2125,0x0842,0x0022,0x0022,0x0022,0x0844,0x48CD,0x50EE,0x50EF,0x61D1,0xDE7C,
  0x61D1,0x50EF,0x50EF,0x50EF,0x50EF,0x510F,0x512F,0x5930,0x5930,0x5930,0x512F,0x510F,0x50EF,0x512F,0x8432,0x224D,
  0x1A2D,0x224E,0x224E,0x224E,0x1A2D,0x11EC,0x11EC,0x11EC,0x11EC,0x11EC,0x11EC,0x11EC,0x11CB,0x11AB,0x0043,0x0022,
  0x0022,0x0863,0x0022,0x0022,0x0022,0x0022,0x0022,0x0022,0x0022,0x0022,0x0022,0x0022,0x0823,0x0823,0x0823,0x0022,
  0x0929,0x0929,0x0929,0x28A9,0x0843,0x0022,0x0043,0x0909,0x096A,0x096A,0x118B,0x096A,0x096A,0x0909,0x0043,0x0022,
  0x0022,0x0022,0x0022,0x10A3,0xDED3,0x10A3,0x0022,0x0022,0x0022,0x0843,0x40CD,0x50EF,0x512F,0x50EF,0x510F,0x5970,
  0x510F,0x50EF,0x50EF,0x50EF,0x50EF,0x510F,0x510F,0x512F,0x512F,0x512F,0x510F,0x510F,0x48EE,0x19CC,0x1A2D,0x1A0D,
  0x1A0D,0x1A0D,0x222E,0x1A2D,0x11EC,0x11EC,0x11EC,0x11EC,0x11EC,0x11EC,0x11EC,0x11EC,0x11EC,0x11EC,0x11AB,0x0063,
  0x0863,0x73AF,0x0863,0x0022,0x0022,0x0022,0x0022,0x0022,0x0022,0x0022,0x0022,0x0022,0x0022,0x0022,0x0022,0x0022,
  0x0043,0x0043,0x0043,0x0823,0x0022,0x0022,0x0043,0x0929,0x096A,0x118B,0x118B,0x118B,0x096A,0x0929,0x0043,0x0043,
  0x0022,0x0022,0x0022,0x10A3,0xCE52,0x10A3,0x0022,0x0022,0x0022,0x0843,0x48EE,0x512F,0x50EF,0x50EF,0x50EF,0x510F,
  0x510F,0x510F,0x510F,0x510F,0x50EF,0x50EF,0x50EF,0x510F,0x510F,0x510F,0x5970,0x48EE,0x1064,0x11AB,0x11CC,0x19CC,
  0x288C,0x286C,0x208C,0x19AC,0x11CC,0x11EC,0x11EC,0x1A0D,0x1A0D,0x1A0D,0x1A0D,0x1A0D,0x11EC,0x11EC,0x11EC,0x11AB,
  0x0864,0x0863,0x0022,0x0022,0x0022,0x0022,0x0022,0x0022,0x0022,0x0022,0x0022,0x0022,0x0022,0x0022,0x0022,0x0022,
  0x0022,0x0022,0x0022,0x0022,0x0022,0x0022,0x0043,0x0909,0x096A,0x096A,0x118B,0x096A,0x096A,0x094A,0x11CB,0x11AB,
  0x0043,0x0022,0x0022,0x0022,0x10A3,0x0022,0x0022,0x0022,0x0022,0x0844,0x198C,0x490E,0x50EF,0x50EF,0x510F,0x510F,
  0x510F,0x510F,0x510F,0x510F,0x510F,0x50EF,0x50EF,0x50EF,0x50EF,0x61D1,0xDE7C,0x61D0,0x0843,0x0844,0x206B,0x286C,
  0x286C,0x286C,0x286C,0x286C,0x208C,0x19EC,0x1A0D,0x1A0D,0x1A0D,0x1A0D,0x1A0D,0x1A0D,0x1A0D,0x11EC,0x11EC,0x11EC,
  0x11AB,0x0043,0x0022,0x0022,0x0022,0x0022,0x0022,0x0022,0x0022,0x0022,0x0022,0x0022,0x0022,0x0022,0x0022,0x0022,
  0x0022,0x0022,0x0022,0x0022,0x0022,0x0022,0x0022,0x0043,0x0929,0x096A,0x096A,0x096A,0x096A,0x19EC,0x1A0D,0x1A0D,
  0x11AB,0x0043,0x0022,0x0022,0x0022,0x0022,0x0022,0x0022,0x0043,0x118B,0x490E,0x50EF,0x514F,0x510F,0x510F,0x510F,
  0x512F,0x512F,0x512F,0x510F,0x510F,0x510F,0x50EF,0x50EF,0x5950,0xDE7C,0xF79E,0xD67B,0x18A5,0x0824,0x204B,0x286C,
  0x288D,0x288D,0x288D,0x286C,0x286C,0x19CD,0x1A0D,0x1A0D,0x1A2D,0x1A2D,0x1A2D,0x1A0D,0x1A0D,0x1A0D,0x11EC,0x11EC,
  0x11CB,0x0043,0x0022,0x0022,0x0022,0x0022,0x0022,0x0022,0x0022,0x0022,0x0022,0x0022,0x0022,0x0022,0x0022,0x0022,
  0x0022,0x0022,0x0022,0x0022,0x0022,0x0022,0x0022,0x0823,0x28A9,0x112A,0x0929,0x094A,0x19EC,0x1A0D,0x1A2D,0x1A0D,
  0x1A0D,0x11AB,0x0043,0x0022,0x0022,0x0022,0x0022,0x0043,0x11AB,0x19AC,0x490E,0x594F,0x9C74,0x5970,0x5970,0x512F,
  0x5930,0x5930,0x5930,0x512F,0x512F,0x510F,0x510F,0x50EF,0x50EF,0x69F1,0xDE7C,0x61F1,0x48EE,0x286C,0x286C,0x288D,
  0x288D,0x30AD,0x288D,0x288D,0x286C,0x288C,0x1A0D,0x1A2D,0x1A2D,0x1A2D,0x1A2D,0x1A2D,0x1A0D,0x1A0D,0x1A0D,0x11EC,
  0x11EC,0x11AB,0x0043,0x0823,0x0022,0x0022,0x0022,0x0022,0x0022,0x0022,0x0022,0x0022,0x0042,0x0043,0x0042,0x0022,
  0x0022,0x0022,0x0022,0x0022,0x0022,0x0022,0x0022,0x0022,0x0823,0x28A9,0x10C5,0x11CB,0x1A0D,0x1A2D,0x1A2D,0x1A2D,
  0x1A0D,0x11CB,0x0043,0x0022,0x0022,0x0022,0x0043,0x0044,0x11AC,0x490E,0x50EF,0x510F,0x5970,0x61D0,0xACF6,0x61D1,
  0x5950,0x5950,0x5950,0x5930,0x512F,0x510F,0x510F,0x510F,0x50EF,0x510F,0x5970,0x510F,0x48EE,0x286C,0x286C,0x288D,
  0x30AD,0x30AD,0x30AD,0x288D,0x286C,0x286C,0x1A0D,0x1A2D,0x1A2D,0x224E,0x1A2D,0x1A2D,0x1A2D,0x1A0D,0x1A0D,0x11EC,
  0x11EC,0x11CB,0x0864,0x40CC,0x0844,0x0022,0x0022,0x0022,0x0022,0x0022,0x0042,0x0043,0x0909,0x0929,0x0909,0x0043,
  0x0022,0x0022,0x0022,0x0022,0x0022,0x0022,0x0022,0x0022,0x0022,0x1084,0x8451,0x19EC,0x1A0D,0x1A0D,0x1A2D,0x1A0D,
  0x1A0D,0x11AB,0x0043,0x0022,0x0042,0x0043,0x0929,0x11CB,0x19CC,0x490F,0x50EF,0x510F,0x5970,0xACF6,0xBDD7,0xACF6,
  0x6190,0x5950,0x5950,0x5950,0x5930,0x512F,0x510F,0x510F,0x50EF,0x50EF,0x510F,0x50EF,0x48EE,0x286C,0x286C,0x288D,
  0x288D,0x30AD,0x288D,0x288D,0x286C,0x288C,0x1A0D,0x1A2D,0x224E,0x224E,0x224E,0x1A2D,0x1A2D,0x1A0D,0x1A0D,0x11EC,
  0x11EC,0x19CC,0x40ED,0x48EE,0x40CC,0x0843,0x0022,0x0022,0x0022,0x0043,0x0909,0x0929,0x094A,0x094A,0x094A,0x0929,
  0x0022,0x0022,0x0022,0x0022,0x0022,0x0022,0x0022,0x0022,0x0022,0x0022,0x1083,0x0864,0x11AB,0x1A0D,0x1A0D,0x1A0D,
  0x11AB,0x0043,0x0022,0x0043,0x0909,0x0929,0x094A,0x11CC,0x19CC,0x490F,0x50EF,0x510F,0x510F,0x61D0,0xACF6,0x69F1,
  0x5950,0x5950,0x5950,0x5950,0x5930,0x512F,0x510F,0x510F,0x50EF,0x50EF,0x510F,0x50EF,0x48EE,0x1044,0x204B,0x286C,
  0x288D,0x288D,0x288D,0x286C,0x286C,0x19ED,0x1A2D,0x1A2D,0x2A8E,0x224E,0x1A2D,0x1A2D,0x1A2D,0x1A0D,0x1A0D,0x11EC,
  0x11EC,0x11CB,0x0864,0x40CC,0x0844,0x0022,0x0022,0x0022,0x0022,0x0043,0x0929,0x094A,0x116A,0x116A,0x116A,0x094A,
  0x0022,0x0022,0x0022,0x0022,0x0022,0x0022,0x0022,0x0022,0x0022,0x0022,0x0022,0x0022,0x0044,0x11AB,0x11CC,0x11AB,
  0x0844,0x0823,0x0043,0x0909,0x094A,0x094A,0x094A,0x11EC,0x19CC,0x490F,0x50EE,0x510F,0x510F,0x512F,0x5970,0x5950,
  0x5950,0x5950,0x5950,0x5950,0x5930,0x512F,0x510F,0x510F,0x50EF,0x50EF,0x510F,0x50EF,0x40CD,0x0844,0x204B,0x204B,
  0x286C,0x286C,0x286C,0x286C,0x288C,0x19ED,0x1A0D,0x2A6E,0xB619,0x2A8F,0x1A2D,0x1A2D,0x1A0D,0x1A0D,0x1A0D,0x11EC,
  0x11EC,0x11AB,0x0043,0x0843,0x0043,0x0042,0x0022,0x0823,0x0843,0x0909,0x094A,0x116A,0x116A,0x118B,0x116A,0x116A,
  0x0022,0x0022,0x1083,0x0022,0x0022,0x0022,0x0022,0x0022,0x0022,0x0022,0x0022,0x0022,0x0824,0x206B,0x286C,0x286C,
  0x204B,0x206B,0x0909,0x094A,0x094A,0x094A,0x096A,0x11EC,0x19CC,0x490E,0x38AC,0x38AB,0x38AB,0x38AB,0x40AC,0x512F,
  0x5950,0x5950,0x5950,0x5930,0x512F,0x510F,0x510F,0x510F,0x50EF,0x50EF,0x50EF,0x48EE,0x1044,0x0022,0x0823,0x0823,
  0x204B,0x286C,0x208C,0x11AC,0x11EC,0x1A0D,0x1A0D,0x1A0D,0x2A6E,0x1A2D,0x1A2D,0x1A0D,0x1A0D,0x1A0D,0x11EC,0x11EC,
  0x11CB,0x0064,0x0043,0x0909,0x0929,0x0909,0x0844,0x206B,0x204B,0x206C,0x206C,0x208C,0x116B,0x118B,0x118B,0x116A,
  0x0022,0x0863,0x8431,0x0863,0x0022,0x0022,0x0022,0x0022,0x0022,0x0823,0x0823,0x0824,0x204B,0x286C,0x286C,0x286C,
  0x286C,0x286C,0x206C,0x092A,0x094A,0x096A,0x096A,0x19AC,0x30CB,0x38AB,0x38AB,0x38AB,0x38AB,0x38AB,0x38AB,0x38AB,
  0x40AC,0x512F,0x5950,0x6190,0x512F,0x510F,0x510F,0x50EF,0x50EF,0x50EF,0x50EF,0x40CD,0x0843,0x0022,0x0022,0x0022,
  0x0844,0x11AB,0x11CC,0x11EC,0x11EC,0x11EC,0x1A0D,0x1A0D,0x1A0D,0x1A0D,0x1A0D,0x1A0D,0x1A0D,0x11EC,0x11EC,0x11EC,
  0x11CB,0x0929,0x0929,0x094A,0x094A,0x094A,0x198A,0x112A,0x206C,0x286C,0x286C,0x284C,0x208C,0x116B,0x116A,0x116A,
  0x0022,0x0022,0x1083,0x0022,0x0022,0x0022,0x0022,0x0022,0x0844,0x40CD,0x40CD,0x286C,0x286C,0x286C,0x286D,0x286D,
  0x286D,0x286C,0x286C,0x206C,0x112A,0x116A,0x114A,0x30CB,0x38AB,0x38AB,0x38AB,0x38AB,0x38AB,0x38AB,0x38AB,0x38AB,
  0x38AB,0x40CC,0x61F1,0xC5D9,0x61D1,0x510F,0x50EF,0x50EF,0x50EF,0x50EF,0x40ED,0x0844,0x0022,0x0022,0x0022,0x0022,
  0x0043,0x11CB,0x11EC,0x11EC,0x11EC,0x11EC,0x11EC,0x1A0D,0x1A0D,0x1A0D,0x1A0D,0x1A0D,0x11EC,0x11EC,0x11EC,0x11AB,
  0x0084,0x0929,0x094A,0x116A,0x116A,0x21EB,0xCE94,0x19AB,0x30ED,0x288D,0x288D,0x286C,0x286C,0x208C,0x114A,0x094A,
  0x0022,0x0022,0x0022,0x0022,0x0022,0x0022,0x0022,0x0843,0x40CD,0x48EE,0x286C,0x286C,0x286D,0x286D,0x288D,0x288D,
  0x288D,0x286D,0x286D,0x286C,0x208C,0x112A,0x30CB,0x38AB,0x38AB,0x38AB,0x40CB,0x40CB,0x40CB,0x40CB,0x40CB,0x38AB,
  0x38AB,0x490C,0xC5D9,0xDEBB,0xC5D9,0x5950,0x50EF,0x50EF,0x50EF,0x40ED,0x0844,0x0022,0x0022,0x0022,0x0022,0x0022,
  0x0043,0x11CB,0x11EC,0x1A0D,0x11EC,0x11EC,0x11EC,0x11EC,0x11EC,0x11EC,0x11EC,0x11EC,0x11EC,0x11EC,0x11AB,0x0865,
  0x0909,0x094A,0x116A,0x116A,0x118B,0x21EB,0xDF14,0x2A0C,0x8432,0x38EE,0x308D,0x288D,0x286C,0x284C,0x208C,0x0909,
  0x0022,0x0022,0x0022,0x0022,0x0022,0x0022,0x0042,0x0843,0x40CD,0x286C,0x286C,0x286C,0x286D,0x288D,0x30AD,0x30AD,
  0x30AD,0x288D,0x286D,0x286C,0x286C,0x286C,0x38AB,0x38AB,0x38AB,0x40CB,0x40CB,0x40CC,0x40CC,0x40CC,0x40CB,0x40CB,
  0x38AB,0x38CB,0x51AD,0x9CD4,0x61F0,0x510F,0x50EF,0x48EE,0x40CD,0x0844,0x0022,0x0823,0x0823,0x0823,0x0823,0x0823,
  0x0043,0x11CB,0x11EC,0x1A0D,0x1A2D,0x11EC,0x11EC,0x11EC,0x11EC,0x11EC,0x11EC,0x11EC,0x11CC,0x19AC,0x208C,0x206B,
  0x092A,0x094A,0x116A,0x118B,0x11AB,0x326D,0xDF34,0x2A4C,0x198B,0x30AD,0x308D,0x308D,0x288D,0x286C,0x204B,0x0843,
  0x0022,0x0022,0x0022,0x0022,0x0022,0x0043,0x0909,0x0929,0x40EE,0x286C,0x286C,0x286D,0x288D,0x30AD,0x30AD,0x30AE,
  0x30AD,0x30AD,0x288D,0x286D,0x286C,0x284C,0x38AB,0x38AB,0x40CB,0x40CC,0x40CC,0x40EC,0x40EC,0x40EC,0x40CC,0x40CC,
  0x40CB,0x410C,0x9452,0xA514,0x9453,0x512E,0x40CD,0x1044,0x0823,0x0022,0x0823,0x204B,0x204B,0x204B,0x204B,0x204B,
  0x0844,0x11AB,0x11EC,0x11EC,0x1A0D,0x1A2D,0x1A2D,0x11EC,0x11CC,0x11CC,0x11CC,0x19AC,0x30CB,0x38AB,0x38AB,0x38AB,
  0x112A,0x094A,0x116A,0x118A,0x326D,0xE739,0xFFD7,0xDF18,0x2A0C,0x30CD,0x30AE,0x308D,0x288D,0x286C,0x204B,0x0823,
  0x0022,0x0022,0x0022,0x0022,0x0043,0x0909,0x094A,0x094A,0x112A,0x206C,0x286C,0x286D,0x288D,0x30AD,0x30AE,0x30AE,
  0x30AE,0x30AD,0x288D,0x286D,0x286C,0x284C,0x38AB,0x40CB,0x40CB,0x40CC,0x40EC,0x40EC,0x40EC,0x40EC,0x40EC,0x40CC,
  0x40CB,0x40CB,0x494C,0x8C52,0x412B,0x0844,0x0823,0x0022,0x0022,0x0823,0x204B,0x284C,0x286C,0x286C,0x286C,0x284C,
  0x204B,0x0865,0x11AB,0x11EC,0x11EC,0x1A0D,0x1A0D,0x19ED,0x208C,0x286C,0x286C,0x38AB,0x38AB,0x38AB,0x38AB,0x38AB,
  0x38CB,0x19AA,0x19CB,0x324C,0xE719,0xFFFA,0xFFF7,0xFFFA,0xE719,0x51AF,0x412E,0x390E,0x288D,0x286C,0x204B,0x0823,
  0x0022,0x0022,0x0022,0x0043,0x0909,0x094A,0x094A,0x096A,0x114A,0x206C,0x286C,0x286D,0x288D,0x30AD,0x30AD,0x30AE,
  0x30AD,0x30AD,0x288D,0x286D,0x286C,0x284C,0x38AB,0x40CB,0x40CC,0x40EC,0x40EC,0x40EC,0x490C,0x40EC,0x40EC,0x48EE,
  0x40CC,0x40CB,0x38AB,0x40EC,0x38AA,0x0823,0x0022,0x0022,0x0823,0x204B,0x286C,0x286C,0x288D,0x288D,0x288D,0x286C,
  0x286C,0x204B,0x0865,0x11AB,0x11EC,0x11EC,0x11CC,0x288C,0x284C,0x286C,0x38AB,0x38AB,0x38AB,0x40CB,0x40CB,0x40CB,
  0x492C,0xD694,0xDEF4,0xDF14,0xFFF7,0xFFF7,0xFFF6,0xFFF7,0xFFF7,0xE6F5,0xE6D5,0xD674,0x30CD,0x284C,0x204B,0x0823,
  0x0022,0x0022,0x0043,0x0909,0x094A,0x096A,0x096A,0x116A,0x116A,0x208C,0x286C,0x286C,0x286D,0x288D,0x30AD,0x30AD,
  0x30AD,0x288D,0x286D,0x286C,0x286C,0x284C,0x38AB,0x40CB,0x40CC,0x40EC,0x40EC,0x490C,0x490C,0x490C,0x50EE,0x50EF,
  0x48EE,0x40CC,0x38AB,0x38AB,0x38AA,0x0823,0x0022,0x0823,0x204B,0x284C,0x286C,0x288D,0x308D,0x308D,0x308D,0x288D,
  0x286C,0x284C,0x204B,0x0864,0x11AB,0x11CB,0x11AC,0x286C,0x286C,0x38AB,0x38AB,0x40CB,0x40CB,0x40CC,0x40CC,0x40CC,
  0x40CB,0x494C,0x494C,0x320C,0xE719,0xFFFA,0xFFF7,0xFFFA,0xE719,0x496E,0x390D,0x38ED,0x286C,0x204B,0x0823,0x0022,
  0x0022,0x0043,0x0909,0x094A,0x094A,0x096A,0x116A,0x116B,0x116B,0x194B,0x286C,0x30CD,0x288D,0x286D,0x288D,0x288D,
  0x288D,0x286D,0x286D,0x286C,0x284C,0x38AB,0x38AB,0x40CB,0x40CC,0x40EC,0x40EC,0x40EC,0x490C,0x40EC,0x40EC,0x48EE,
  0x40CC,0x40CB,0x38AB,0x38AB,0x38AA,0x0823,0x0022,0x0823,0x204B,0x286C,0x288D,0x308D,0x308D,0x30AE,0x308D,0x308D,
  0x288D,0x286C,0x204B,0x0823,0x0043,0x0844,0x206B,0x286C,0x38AB,0x38AB,0x38AB,0x40CB,0x40CC,0x40EC,0x40EC,0x40EC,
  0x40CC,0x40CB,0x38AB,0x38CB,0x518D,0xE718,0xFFD7,0xE6F9,0x416E,0x286C,0x286C,0x284C,0x204B,0x0823,0x0022,0x0022,
  0x0022,0x0043,0x0929,0x094A,0x114A,0x114A,0x208C,0x286C,0x286C,0x286C,0x412E,0xC5D9,0x414E,0x286C,0x286D,0x286D,
  0x286D,0x286C,0x286C,0x206C,0x30AB,0x38AB,0x38AB,0x40CB,0x40CB,0x40CC,0x40EC,0x40EC,0x40EC,0x40EC,0x40EC,0x40CC,
  0x40CB,0x40CB,0x38AB,0x38AB,0x30AA,0x0824,0x0823,0x0824,0x204B,0x286C,0x288D,0x308D,0x30AE,0x30AE,0x30AE,0x308D,
  0x288D,0x286C,0x204B,0x0823,0x0022,0x0823,0x204B,0x286C,0x38AB,0x38AB,0x40CB,0x40CC,0x40EC,0x40EC,0x490C,0x40EC,
  0x40EC,0x40CC,0x40CB,0x38AB,0x38CB,0x324D,0xE714,0x416E,0x286C,0x206C,0x204B,0x204B,0x0823,0x0022,0x0022,0x0022,
  0x0022,0x0843,0x0929,0x112A,0x208C,0x206C,0x286C,0x286C,0x286C,0x30CD,0xC5F9,0xE71C,0xC5F9,0x30CD,0x286C,0x286C,
  0x286C,0x286C,0x206C,0x110A,0x112A,0x38AB,0x38AB,0x38AB,0x40CB,0x40CC,0x40CC,0x40EC,0x40EC,0x40EC,0x40CC,0x40CC,
  0x40CB,0x38AB,0x38AB,0x38AA,0x1045,0x40CD,0x284B,0x204B,0x284C,0x286C,0x288D,0x308D,0x308D,0x30AE,0x308D,0x308D,
  0x288D,0x286C,0x204B,0x0823,0x0022,0x0823,0x204B,0x286C,0x38AB,0x38AB,0x40CB,0x40CC,0x40EC,0x490C,0x490C,0x490C,
  0x40EC,0x40CC,0x40CB,0x38AB,0x38AB,0x2A0C,0xDF14,0x21CB,0x092A,0x0909,0x0843,0x0823,0x0022,0x0022,0x0022,0x0022,
  0x0823,0x206B,0x110A,0x206C,0x284C,0x286C,0x286D,0x286D,0x286D,0x286D,0x414F,0xC5F9,0x412E,0x284C,0x284C,0x284C,
  0x284C,0x284C,0x30AE,0x28AD,0x112A,0x38AB,0x38AB,0x38AB,0x38AB,0x40CB,0x40CB,0x40CC,0x40CC,0x40CC,0x40CB,0x40CB,
  0x38AB,0x38AB,0x38AB,0x38AA,0x204B,0x284C,0x286C,0x286C,0x286C,0x284C,0x284C,0x288D,0x308D,0x308D,0x308D,0x288D,
  0x286C,0x284C,0x204B,0x0823,0x0022,0x0823,0x204B,0x286C,0x38AB,0x38AB,0x40CB,0x40CC,0x40EC,0x40EC,0x490C,0x40EC,
  0x40EC,0x40CC,0x40CB,0x38AB,0x38AB,0x21EB,0xCEB4,0x21CB,0x094A,0x0929,0x0043,0x0022,0x0022,0x0022,0x0022,0x0022,
  0x204B,0x284C,0x206C,0x284C,0x284C,0x284C,0x284C,0x284C,0x284C,0x288D,0x286D,0x38EE,0x286C,0x284C,0x284C,0x286D,
  0x288D,0x30AD,0x28AD,0x30AD,0x28AD,0x30AD,0x38AB,0x38AB,0x38AB,0x38AB,0x40CB,0x40CB,0x40CB,0x40CB,0x40CB,0x38AB,
  0x38AB,0x38AB,0x30AA,0x1025,0x204B,0x286C,0x288D,0x288D,0x288D,0x286C,0x284C,0x286C,0x288D,0x288D,0x288D,0x286C,
  0x286C,0x284C,0x0844,0x0843,0x0843,0x0824,0x204B,0x286C,0x38AB,0x38AB,0x38AB,0x40CB,0x40CC,0x40EC,0x40EC,0x40EC,
  0x40CC,0x40CB,0x38AB,0x38AB,0x30CB,0x116B,0x19CB,0x094A,0x094A,0x0909,0x0043,0x0022,0x0022,0x0022,0x0022,0x0022,
  0x284C,0x286C,0x284C,0x284C,0x284C,0x284C,0x284C,0x284C,0x286C,0x30AD,0x286C,0x288D,0x286D,0x286C,0x284C,0x286C,
  0x286D,0x28AD,0x112A,0x094A,0x112A,0x28AD,0x286D,0x38AB,0x38AB,0x38AB,0x38AB,0x38AB,0x38AB,0x38AB,0x38AB,0x38AB,
  0x38AB,0x38AB,0x1045,0x204B,0x286C,0x288D,0x288D,0x30AD,0x288D,0x288D,0x286C,0x284C,0x286C,0x286C,0x286C,0x284C,
  0x286C,0x48EE,0x48EE,0x48EE,0x48EE,0x40CD,0x1045,0x204B,0x286C,0x38AB,0x38AB,0x40CB,0x40CB,0x40CC,0x40CC,0x40CC,
  0x40CB,0x40CB,0x38AB,0x30AB,0x114A,0x116A,0x094A,0x094A,0x0909,0x0043,0x0022,0x0022,0x0022,0x0022,0x0022,0x0022,
  0x284C,0x284C,0x284C,0x284C,0x286C,0x286C,0x286C,0x286C,0x390E,0x9CB4,0x390D,0x284C,0x286D,0x30CD,0x286C,0x284C,
  0x208C,0x114A,0x11CC,0x11EC,0x11CC,0x114A,0x208C,0x286C,0x38AB,0x38AB,0x38AB,0x38AB,0x38AB,0x38AB,0x38AC,0x48EE,
  0x50EE,0x48EE,0x48EE,0x48EE,0x306D,0x288D,0x30AD,0x30AD,0x30AD,0x288D,0x286C,0x284C,0x204B,0x204B,0x204B,0x284C,
  0x48EE,0x50EF,0x510F,0x510F,0x510F,0x50EF,0x48EE,0x284C,0x284C,0x286C,0x38AB,0x38AB,0x38AB,0x40CB,0x40CB,0x40CB,
  0x38AB,0x38AB,0x30AB,0x114A,0x094A,0x094A,0x094A,0x0909,0x0043,0x0022,0x0022,0x0022,0x0022,0x0022,0x0022,0x0022,
  0x284C,0x284C,0x284C,0x286C,0x286D,0x286D,0x286D,0x30CD,0x9CB4,0xB596,0x9CB4,0x30AD,0x30AD,0xA4D6,0x30AD,0x206C,
  0x114A,0x11EC,0x1A0D,0x1A0D,0x1A0D,0x11EC,0x114A,0x286C,0x38AB,0x38AB,0x38AB,0x38AB,0x38AB,0x38AB,0x48EE,0x50EF,
  0x510F,0x510F,0x510F,0x50EF,0x48EF,0x308D,0x288D,0x30AD,0x288D,0x288D,0x286C,0x204B,0x0824,0x1084,0x1045,0x40EE,
  0x510F,0x510F,0x512F,0x512F,0x512F,0x510F,0x510F,0x48EE,0x284C,0x284C,0x286C,0x38AB,0x38AB,0x38AB,0x38AB,0x38AB,
  0x38AB,0x38AB,0x112A,0x114A,0x114A,0x114A,0x0929,0x0043,0x0022,0x0022,0x0022,0x0022,0x0022,0x0022,0x0022,0x0022,
  0x284C,0x284C,0x286C,0x286D,0x286D,0x288D,0x288D,0x288D,0x392E,0x9CB5,0x390E,0x284C,0x284C,0x30AD,0x286C,0x286C,
  0x11CC,0x1A0D,0x224E,0x1A2D,0x1A0D,0x1A0D,0x11CC,0x38AB,0x38AB,0x38AB,0x38AB,0x38AB,0x38AB,0x48EE,0x510F,0x510F,
  0x512F,0x512F,0x512F,0x510F,0x510F,0x48EF,0x308D,0x288D,0x288D,0x286C,0x204B,0x0824,0x1084,0xAD35,0x514E,0x50EF,
  0x510F,0x512F,0x5930,0x5930,0x5930,0x512F,0x510F,0x50EF,0x48EE,0x286C,0x204B,0x286C,0x410C,0x38AB,0x38AB,0x38AB,
  0x38AB,0x288C,0x48EE,0x48EE,0x48EE,0x48EE,0x40ED,0x0844,0x0043,0x0022,0x0022,0x0022,0x0022,0x0022,0x0022,0x0022,
  0x284C,0x286C,0x286D,0x288D,0x288D,0x308D,0x308D,0x308D,0x288D,0x38CE,0x286D,0x286C,0x284C,0x284C,0x286C,0x286C,
  0x11CC,0x32AE,0xB5D8,0x32CF,0x1A2D,0x1A0D,0x11CC,0x38CB,0x38AB,0x38AB,0x38CB,0x38CC,0x48EE,0x490E,0x490F,0x512F,
  0x5930,0x5930,0x5930,0x512F,0x510F,0x50EF,0x48EF,0x286C,0x286C,0x204B,0x204B,0x0823,0x0022,0x18A5,0x48EE,0x510F,
  0x512F,0x5930,0x5930,0x5950,0x5930,0x5930,0x512F,0x510F,0x48EE,0x110A,0x0844,0x390D,0xB557,0x392E,0x286B,0x286C,
  0x48EE,0x48EF,0x510F,0x510F,0x510F,0x490F,0x19AC,0x11CB,0x11AB,0x0043,0x0043,0x0043,0x0043,0x0042,0x0022,0x0022,
  0x286C,0x286D,0x286D,0x288D,0x308D,0x30AD,0x30AD,0x30AD,0x308D,0x288D,0x286D,0x286D,0x286C,0x284C,0x284C,0x286C,
  0x21EC,0xB5D8,0xD6BA,0xB5D8,0x226E,0x1A0D,0x19AC,0x38CB,0x38EB,0x38EB,0x19AC,0x11CC,0x19CC,0x19CC,0x19CC,0x494F,
  0x514F,0x5950,0x5930,0x5930,0x512F,0x510F,0x48EF,0x284B,0x204B,0x0823,0x0823,0x0022,0x0022,0x0843,0x48EE,0x510F,
  0x512F,0x5930,0x5950,0x5950,0x5950,0x5930,0x512F,0x510F,0x48EE,0x1129,0x1084,0xAD55,0xCE59,0xAD56,0x18A6,0x48EE,
  0x50EF,0x510F,0x510F,0x510F,0x492F,0x19CD,0x11EC,0x1A0D,0x11CC,0x0929,0x0929,0x0929,0x0929,0x0909,0x0043,0x0022,
  0x286C,0x286D,0x288D,0x308D,0x30AD,0x30AD,0x30AE,0x30AD,0x30AD,0x308D,0x288D,0x286D,0x286C,0x284C,0x284C,0x40CD,
  0x1085,0x2A4D,0xB5D8,0x32AE,0x1A0D,0x19AC,0x38EB,0x38EB,0x19AC,0x11CC,0x11EC,0x11EC,0x11EC,0x11EC,0x11EC,0x19EC,
  0x19CD,0x514F,0x5950,0x5930,0x512F,0x510F,0x48EE,0x0844,0x0823,0x0022,0x0022,0x0022,0x0022,0x0843,0x48EE,0x510F,
  0x512F,0x5930,0x5930,0x5950,0x5930,0x5930,0x512F,0x510F,0x48EE,0x0929,0x0043,0x18E5,0xAD35,0x2106,0x48ED,0x50EF,
  0x510F,0x510F,0x510F,0x512F,0x512F,0x2A2E,0x1A0D,0x1A0D,0x094A,0x094A,0x094A,0x094A,0x094A,0x118A,0x0929,0x10A4,
  0x286C,0x286D,0x288D,0x308D,0x30AD,0x30AE,0x30AE,0x30AE,0x30AD,0x308D,0x288D,0x286D,0x286C,0x284C,0x206C,0x112A,
  0x38EC,0x1085,0x220C,0x19CC,0x19AC,0x38EB,0x38EB,0x19AC,0x11EC,0x11EC,0x1A0D,0x1A0D,0x1A0D,0x1A0D,0x1A0D,0x11EC,
  0x11EC,0x19CD,0x514F,0x5930,0x512F,0x510F,0x48EE,0x0843,0x0022,0x0022,0x0022,0x0022,0x0022,0x0843,0x40CD,0x50EF,
  0x510F,0x512F,0x5930,0x5930,0x5930,0x512F,0x510F,0x50EF,0x40EE,0x0929,0x10A4,0x0843,0x1084,0x0844,0x40EE,0x48EF,
  0x510F,0x512F,0x512F,0x5930,0x6190,0xC63A,0x222D,0x096A,0x094A,0x094A,0x096A,0x096A,0x11AB,0x73D0,0x21EB,0xBE18,
  0x286C,0x286D,0x288D,0x308D,0x30AD,0x30AD,0x30AE,0x30AD,0x30AD,0x308D,0x288D,0x286D,0x286C,0x284C,0x206C,0x092A,
  0x114A,0x40ED,0x38AB,0x38CB,0x38CB,0x38EB,0x19AC,0x11EC,0x11EC,0x1A0D,0x1A0D,0x1A0D,0x1A0D,0x1A0D,0x1A0D,0x1A0D,
  0x11EC,0x11EC,0x19CD,0x512F,0x510F,0x50EF,0x40CD,0x0843,0x0022,0x0823,0x0843,0x0843,0x0843,0x0843,0x1044,0x40ED,
  0x510F,0x510F,0x512F,0x512F,0x512F,0x510F,0x510F,0x48EE,0x114A,0x118A,0xB577,0x30AC,0x204B,0x204B,0x284C,0x286C,
  0x490F,0x512F,0x5930,0x5950,0x5950,0x59B0,0x114A,0x094A,0x096A,0x096A,0x116A,0x116A,0x116A,0x19AB,0x116A,0x19AB,
  0x286C,0x30EE,0x286D,0x288D,0x308D,0x30AD,0x30AD,0x30AD,0x308D,0x288D,0x286D,0x286D,0x286C,0x284C,0x208C,0x092A,
  0x094A,0x112A,0x30AB,0x38AB,0x38AB,0x38EB,0x11CC,0x11EC,0x1A0D,0x1A0D,0x1A0D,0x1A2D,0x1A2D,0x1A2D,0x1A0D,0x1A0D,
  0x1A0D,0x11EC,0x19CC,0x492F,0x510F,0x40ED,0x0844,0x0022,0x0844,0x40CD,0x48EE,0x48EE,0x48EE,0x40CD,0x1044,0x1044,
  0x40CD,0x50EF,0x510F,0x510F,0x510F,0x50EF,0x48EE,0x114A,0x0909,0x0844,0x30CC,0x284C,0x286C,0x286C,0x286C,0x284C,
  0x286C,0x510F,0x5950,0x5950,0x5150,0x114A,0x094A,0x094A,0x096A,0x116A,0x118B,0x118B,0x118B,0x116A,0x096A,0x094A,
  0x30CD,0xAD17,0x30CE,0x288D,0x288D,0x308D,0x308D,0x308D,0x288D,0x288D,0x286D,0x286C,0x284C,0x206C,0x112A,0x094A,
  0x094A,0x094A,0x112A,0x38CB,0x38CB,0x19AC,0x11EC,0x1A0D,0x1A0D,0x1A0D,0x226E,0x1A2D,0x1A2D,0x1A2D,0x1A2D,0x1A0D,
  0x1A0D,0x1A0D,0x11EC,0x19AC,0x40ED,0x0844,0x0022,0x0844,0x40CD,0x50EF,0x510F,0x510F,0x510F,0x50EF,0x40CD,0x1044,
  0x1044,0x40CD,0x490E,0x594F,0x490E,0x40EE,0x114A,0x0909,0x0844,0x204B,0x286C,0x286C,0x288D,0x288D,0x288D,0x286C,
  0x286C,0x38CD,0x512F,0x5950,0x5150,0x114A,0x094A,0x096A,0x116A,0x118B,0x118B,0x11AB,0x118B,0x118B,0x116A,0x096A,
  0x286C,0x30CD,0x286C,0x286D,0x286D,0x288D,0x288D,0x288D,0x286D,0x286D,0x286C,0x284C,0x284C,0x208C,0x116A,0x096A,
  0x094A,0x094A,0x094A,0x30CB,0x38CB,0x11CC,0x11EC,0x1A0D,0x1A0D,0x226E,0xAD97,0x2A8E,0x224E,0x1A2D,0x1A2D,0x1A2D,
  0x1A0D,0x1A0D,0x11EC,0x11CB,0x0844,0x0022,0x0844,0x40ED,0x510F,0x510F,0x512F,0x512F,0x512F,0x510F,0x510F,0x40ED,
  0x1044,0x0844,0x29CC,0xB597,0x29EC,0x112A,0x0909,0x0844,0x204B,0x284C,0x286C,0x288D,0x308D,0x308D,0x308D,0x288D,
  0x390E,0xAD36,0x412E,0x512F,0x5150,0x114A,0x094A,0x096A,0x116A,0x118B,0x11AB,0x11AB,0x11AB,0x118B,0x116A,0x096A,
  0x30AD,0x284C,0x284C,0x286C,0x286D,0x286D,0x286D,0x286D,0x286D,0x286C,0x284C,0x284C,0x208C,0x114B,0x116A,0x112A,
  0x208C,0x112A,0x094A,0x114A,0x38CB,0x11CC,0x11EC,0x1A0D,0x1A0D,0x1A2D,0x2A6E,0x224E,0x224E,0x224E,0x1A2D,0x1A2D,
  0x1A0D,0x1A0D,0x11EC,0x11CB,0x0043,0x0843,0x40CD,0x50EF,0x510F,0x512F,0x5930,0x5930,0x5930,0x512F,0x510F,0x50EF,
  0x40CD,0x1084,0xAD76,0xCE9A,0xAD76,0x10A4,0x0042,0x0823,0x204B,0x286C,0x288D,0x308D,0x308D,0x30AE,0x308D,0x38CE,
  0x9473,0xC638,0xAD37,0x5990,0x514F,0x114A,0x094A,0x096A,0x116A,0x118B,0x118B,0x11AB,0x118B,0x118B,0x116A,0x096A,
  0x8C32,0x288C,0x284C,0x284C,0x286C,0x286C,0x286C,0x286C,0x286C,0x284C,0x284C,0x288C,0x116B,0x118B,0x116B,0x208C,
  0x284C,0x208C,0x092A,0x094A,0x30CB,0x11CC,0x11EC,0x19ED,0x19ED,0x1A0D,0x1A2D,0x1A2D,0x224E,0x1A2D,0x1A2D,0x1A2D,
  0x1A0D,0x1A0D,0x11EC,0x11CC,0x10A5,0x0843,0x48EE,0x510F,0x512F,0x5930,0x5930,0x5950,0x5930,0x5930,0x512F,0x510F,
  0x48EE,0x0843,0x20E5,0xAD76,0x2946,0x0842,0x0022,0x0823,0x204B,0x286C,0x288D,0x308D,0x30AE,0x30AE,0x30AE,0x308D,
  0x412E,0xAD36,0x412E,0x512F,0x512F,0x114A,0x094A,0x096A,0x096A,0x116A,0x118B,0x118B,0x118B,0x116A,0x096A,0x094A,
  0x1084,0x0844,0x206B,0x206C,0x284C,0x284C,0x284C,0x284C,0x284C,0x286C,0x288C,0x116B,0x11AB,0x118B,0x118B,0x114A,
  0x208C,0x112A,0x094A,0x094A,0x30CB,0x19AC,0x19CC,0x30CB,0x38AB,0x30CB,0x21ED,0x220D,0x1A2D,0x1A2D,0x1A2D,0x1A0D,
  0x1A0D,0x1A0D,0x11EC,0x328E,0xC639,0x2927,0x48EE,0x510F,0x512F,0x5930,0x5950,0x5950,0x5950,0x5930,0x512F,0x510F,
  0x48EE,0x0843,0x0022,0x18E5,0x738E,0x0863,0x0022,0x0823,0x204B,0x286C,0x288D,0x390E,0x30AD,0x30AE,0x308D,0x308D,
  0x288D,0x30CD,0x286C,0x510F,0x492F,0x19CC,0x11EC,0x11EC,0x096A,0x096A,0x116A,0x116A,0x116A,0x096A,0x096A,0x094A,
  0x0929,0x0929,0x092A,0x090A,0x208C,0x206C,0x206C,0x206C,0x208C,0x116B,0x118B,0x11AB,0x118B,0x118B,0x118B,0x116A,
  0x114A,0x094A,0x094A,0x092A,0x30AB,0x38AB,0x38AB,0x38AB,0x38AB,0x38AB,0x38AB,0x30CB,0x1A0D,0x1A2D,0x224D,0x1A0D,
  0x19EC,0x11EC,0x222D,0xC65A,0xEF5D,0xC619,0x594F,0x510F,0x512F,0x5930,0x5930,0x5950,0x5930,0x5930,0x512F,0x510F,
  0x48EE,0x0843,0x0022,0x0022,0x0863,0x0022,0x0022,0x0823,0x204B,0x284C,0x414F,0xC61A,0x498F,0x308D,0x308D,0x288D,
  0x286C,0x284C,0x286C,0x410E,0x19CD,0x1A0D,0x1A0D,0x1A0D,0x11EC,0x096A,0x096A,0x096A,0x096A,0x094A,0x094A,0x0929,
  0x094A,0x094A,0x094A,0x094A,0x092A,0x114A,0x114A,0x114A,0x116A,0x118B,0x118B,0x118B,0x118B,0x118B,0x116A,0x096A,
  0x096A,0x094A,0x094A,0x094A,0x112A,0x38AB,0x38AB,0x40CC,0x40CC,0x40CC,0x38AB,0x38AB,0x21ED,0x224E,0x8CB3,0x1A0D,
  0x094A,0x094A,0x094A,0x220C,0xC639,0x3168,0x48ED,0x50EF,0x510F,0x512F,0x5930,0x5930,0x5930,0x512F,0x510F,0x50EF,
  0x40CD,0x0843,0x0022,0x0022,0x0022,0x0022,0x0022,0x0022,0x0823,0x30AC,0xC5FA,0xE73D,0xCE5A,0x38EE,0x288D,0x286C,
  0x286C,0x286C,0x40EE,0x19AC,0x1A0D,0x1A0D,0x1A2D,0x1A0D,0x1A0D,0x11EC,0x094A,0x094A,0x094A,0x094A,0x0929,0x0043,
  0x116A,0x116A,0x094A,0x094A,0x094A,0x094A,0x094A,0x096A,0x116A,0x116A,0x118B,0x118B,0x118B,0x116A,0x116A,0x096A,
  0x094A,0x094A,0x094A,0x114A,0x30AB,0x38AB,0x40CC,0x40CC,0x40EC,0x40CC,0x40CC,0x38AB,0x30CB,0x19ED,0x220D,0x096A,
  0x094A,0x094A,0x094A,0x096A,0x2A0C,0x7BF0,0x20E6,0x48ED,0x510F,0x510F,0x512F,0x512F,0x512F,0x510F,0x510F,0x48EE,
  0x1044,0x0823,0x0022,0x0022,0x0022,0x0022,0x0022,0x10A3,0x0822,0x0824,0x392D,0xCE5A,0x9493,0x412E,0x286C,0x284C,
  0x204B,0x1045,0x40ED,0x19CC,0x1A0D,0x1A2D,0x1A2D,0x1A0D,0x19EC,0x11CC,0x114A,0x19AB,0x114A,0x114A,0x40ED,0x1044,
  0x118B,0x118B,0x116A,0x094A,0x094A,0x094A,0x094A,0x094A,0x096A,0x096A,0x116A,0x116A,0x116A,0x096A,0x096A,0x094A,
  0x094A,0x094A,0x094A,0x114A,0x38AB,0x38AB,0x40CC,0x40EC,0x40EC,0x40EC,0x40CC,0x38AB,0x38AB,0x19CC,0x096A,0x094A,
  0x094A,0x116A,0x116A,0x19AB,0x7C11,0x94B2,0x7BF0,0x18A5,0x40ED,0x50EF,0x510F,0x510F,0x510F,0x50EF,0x48EF,0x306C,
  0x204B,0x204B,0x0823,0x0022,0x0022,0x0022,0x10A3,0xCE52,0x10A3,0x0022,0x0844,0x30CC,0x390D,0xBDB8,0x30CC,0x204B,
  0x0844,0x40CD,0x490E,0x19CC,0x1A0D,0x1A0D,0x1A0D,0x096A,0x094A,0x114A,0x59F0,0xC619,0x61D0,0x510F,0x510F,0x48EE,
  0x11AB,0x118B,0x118B,0x116A,0x094A,0x094A,0x094A,0x094A,0x094A,0x096A,0x096A,0x096A,0x096A,0x096A,0x094A,0x094A,
  0x094A,0x094A,0x116A,0x114A,0x30CB,0x38AC,0x48EE,0x40CC,0x40EC,0x40CC,0x40CC,0x38AB,0x30AB,0x094A,0x094A,0x094A,
  0x116A,0x118B,0x118B,0x118B,0x21EB,0x7C11,0x19AB,0x0929,0x0844,0x40CD,0x48EE,0x48EF,0x48EF,0x48EF,0x308D,0x288D,
  0x286C,0x204B,0x0823,0x0022,0x0022,0x0022,0x10A3,0xDED3,0x18C4,0x0043,0x0043,0x0844,0x0844,0x10A4,0x0823,0x0823,
  0x0843,0x48EE,0x510F,0x492F,0x19CD,0x19EC,0x096A,0x094A,0x116A,0x19AB,0xC619,0xE71C,0xCE1A,0x5970,0x510F,0x50EF,
  0x11AB,0x11AB,0x118B,0x116A,0x094A,0x094A,0x094A,0x094A,0x094A,0x094A,0x094A,0x094A,0x094A,0x094A,0x094A,0x094A,
  0x094A,0x116A,0x096A,0x096A,0x114A,0x48EE,0x50EF,0x48EE,0x40CC,0x40CC,0x38AB,0x38AB,0x114A,0x094A,0x094A,0x116A,
  0x118B,0x118B,0x11AB,0x118B,0x118B,0x19AB,0x094A,0x0929,0x0043,0x0824,0x284C,0x286C,0x308D,0x308D,0x30AD,0x288D,
  0x288D,0x286C,0x204B,0x0823,0x0022,0x0842,0x2125,0xDF14,0x328D,0x11CB,0x11CB,0x11CB,0x11AB,0x0044,0x0022,0x0022,
  0x0843,0x48EE,0x510F,0x510F,0x414F,0x11CC,0x094A,0x116A,0x116A,0x116A,0x220C,0xC619,0x69F1,0x510F,0x510F,0x50EF,
  0x11AB,0x118B,0x118B,0x116A,0x094A,0x094A,0x38EB,0x114A,0x094A,0x094A,0x094A,0x094A,0x094A,0x094A,0x094A,0x094A,
  0x116A,0x116A,0x096A,0x094A,0x094A,0x30AB,0x48EE,0x38AC,0x38AB,0x38AB,0x38AB,0x30CB,0x116A,0x094A,0x094A,0x116A,
  0x118B,0x11AB,0x11AB,0x11AB,0x118B,0x116A,0x094A,0x0929,0x0043,0x0823,0x204B,0x286C,0x288D,0x30AD,0x30AD,0x30AD,
  0x288D,0x286C,0x204B,0x0823,0x0842,0x2125,0xDEF7,0xFFD6,0xE739,0x32AE,0x19EC,0x11EC,0x11EC,0x11AB,0x0043,0x0022,
  0x0843,0x48EE,0x510F,0x492F,0x19CC,0x11CC,0x094A,0x094A,0x116A,0x094A,0x114A,0x5990,0x512F,0x510F,0x510F,0x50EF,
  0x118B,0x118B,0x116A,0x094A,0x094A,0x114A,0x40EC,0x38EC,0x114A,0x094A,0x094A,0x094A,0x094A,0x094A,0x116A,0x116A,
  0x096A,0x096A,0x094A,0x094A,0x0909,0x0844,0x38AB,0x38AB,0x38AB,0x38AB,0x112A,0x114A,0x116A,0x094A,0x094A,0x116A,
  0x118B,0x118B,0x11AB,0x118B,0x118B,0x116A,0x094A,0x0929,0x0043,0x0823,0x204B,0x286C,0x288D,0x288D,0x30AD,0x30AD,
  0x38EE,0x288C,0x30CC,0x18A4,0x2945,0xDEF7,0xFFFA,0xFFF7,0xFFFA,0xE739,0x3ACE,0x2A6D,0x224D,0x11EC,0x11AB,0x0043,
  0x0843,0x40CD,0x492E,0x19CC,0x11EC,0x11EC,0x11EC,0x094A,0x094A,0x114A,0x494F,0x512F,0x510F,0x510F,0x510F,0x48EE,
  0x116A,0x116A,0x094A,0x094A,0x112A,0x390C,0x40EC,0x40EC,0x38CC,0x114A,0x094A,0x094A,0x096A,0x096A,0x096A,0x096A,
  0x096A,0x094A,0x094A,0x0909,0x0043,0x0823,0x38AA,0x38AB,0x40CC,0x40EC,0x114A,0x094A,0x116A,0x094A,0x094A,0x094A,
  0x19AB,0x118B,0x118B,0x118B,0x116A,0x094A,0x094A,0x0909,0x0043,0x0022,0x0823,0x204B,0x286C,0x288D,0x288D,0x416F,
  0xC5F9,0x49AF,0xD673,0xDED3,0xDF14,0xFFF6,0xFFF7,0xFFF6,0xFFF7,0xFFF7,0xE735,0xDF15,0xCEB4,0x226D,0x11EC,0x11AB,
  0x0044,0x0864,0x19CC,0x11EC,0x11EC,0x1A0D,0x1A0D,0x1A0D,0x11EC,0x11EC,0x19CD,0x492F,0x510F,0x510F,0x48EE,0x1044,
  0x094A,0x094A,0x114A,0x30AB,0x38AB,0x38AB,0x38AB,0x38AB,0x40CC,0x38CB,0x114A,0x094A,0x094A,0x094A,0x094A,0x094A,
  0x094A,0x0929,0x0909,0x0043,0x0022,0x0823,0x30AA,0x38AB,0x40CC,0x40CC,0x38EC,0x094A,0x094A,0x116B,0x114A,0x21CB,
  0x8472,0x21EC,0x116A,0x116A,0x094A,0x094A,0x0929,0x0844,0x0022,0x0022,0x0823,0x204B,0x204B,0x286C,0x30CD,0xC5D9,
  0xE6FC,0xBDD8,0x2125,0x18C4,0x328D,0xE739,0xFFFA,0xFFF7,0xFFFA,0xE739,0x3AEF,0x2A8E,0x2A8E,0x1A0D,0x11EC,0x11EC,
  0x11CB,0x11CB,0x11EC,0x1A0D,0x1A0D,0x1A0D,0x1A0D,0x1A0D,0x1A0D,0x1A0D,0x11EC,0x19CD,0x492F,0x50EF,0x40CD,0x0843,
  0x112A,0x30AB,0x38AB,0x38AB,0x38AB,0x38AB,0x38AB,0x38AB,0x38AB,0x38AB,0x412C,0x38CB,0x112A,0x114A,0x114A,0x094A,
  0x0909,0x0043,0x0042,0x0022,0x1084,0x0022,0x0823,0x38AA,0x38AB,0x40CC,0x38CC,0x114A,0x114A,0x48EE,0x514F,0x8C53,
  0xA514,0x8472,0x118B,0x094A,0x094A,0x114A,0x490E,0x40ED,0x0844,0x0022,0x0022,0x0823,0x0824,0x204B,0x284B,0x392D,
  0xBDD8,0x2106,0x0022,0x0043,0x11CB,0x32AE,0xE739,0xFFD7,0xE739,0x3AEF,0x224E,0x1A2D,0x1A2D,0x1A0D,0x1A0D,0x11EC,
  0x11EC,0x11EC,0x11EC,0x1A0D,0x1A0D,0x1A2D,0x1A2D,0x1A2D,0x1A0D,0x1A0D,0x11EC,0x1A2D,0x19CC,0x40ED,0x0844,0x0022,
  0x38AB,0x38AB,0x38AB,0x40CB,0x40CB,0x40CB,0x40CB,0x40CB,0x38AB,0x518D,0xCE1A,0x61B0,0x490E,0x48EE,0x48EE,0x40CD,
  0x1044,0x0843,0x0022,0x18E5,0xA514,0x18E5,0x0823,0x30A9,0x38AA,0x38AB,0x38AB,0x38AB,0x48EE,0x510F,0x510F,0x5990,
  0x9453,0x21CB,0x114A,0x114A,0x114A,0x490E,0x510F,0x510F,0x40CD,0x0843,0x0022,0x0022,0x1084,0x0843,0x0823,0x0843,
  0x1084,0x0042,0x0043,0x0044,0x11CB,0x19EC,0x32CE,0xE735,0x3AEF,0x224E,0x224E,0x224E,0x1A2D,0x1A0D,0x1A0D,0x11EC,
  0x11EC,0x11EC,0x1A0D,0x1A0D,0x1A2D,0x1A2D,0x224E,0x1A2D,0x1A2D,0x1A0D,0x2A6E,0x8472,0x222C,0x0844,0x0022,0x0022,
  0x38AB,0x38AB,0x40CB,0x40CB,0x40CC,0x40CC,0x40CC,0x40CB,0x492C,0xCE19,0xEF3D,0xCE1A,0x5970,0x510F,0x510F,0x510F,
  0x48EE,0x40CD,0x18A5,0xA514,0xC618,0xA514,0x1084,0x0823,0x0823,0x30AA,0x38AA,0x38AB,0x50EE,0x510F,0x510F,0x512F,
  0x5990,0x514F,0x5150,0x514F,0x514F,0x512F,0x510F,0x510F,0x48EE,0x0843,0x0022,0x2105,0xB596,0x2105,0x0022,0x0022,
  0x0022,0x0043,0x0949,0x11CB,0x1A2D,0x11EC,0x2A6D,0xDF15,0x2A8E,0x1A2D,0x224E,0x1A2D,0x1A2D,0x1A0D,0x1A0D,0x11EC,
  0x11EC,0x11EC,0x1A0D,0x1A0D,0x1A2D,0x224E,0x224E,0x224E,0x1A2D,0x224D,0x8473,0x9CF4,0x8452,0x1083,0x0022,0x0022,
  0x38AB,0x40CB,0x40CC,0x40CC,0x40EC,0x40EC,0x40EC,0x40CC,0x40CC,0x518E,0xCE1A,0x518D,0x510F,0x510F,0x510F,0x510F,
  0x510F,0x50EF,0x48ED,0x2907,0xA514,0x18E5,0x0022,0x0022,0x0022,0x0823,0x0823,0x0844,0x48EE,0x510F,0x510F,0x512F,
  0x5950,0x5950,0x5950,0x5950,0x5950,0x512F,0x510F,0x510F,0x48EE,0x0843,0x1084,0xB596,0xD6BA,0xB596,0x1084,0x0022,
  0x0043,0x0949,0x11EC,0x1A2D,0x94F5,0x328E,0x226D,0xD6B4,0x2A8E,0x1A2D,0x1A2D,0x1A2D,0x1A0D,0x1A0D,0x11EC,0x11EC,
  0x11EC,0x11EC,0x1A0D,0x1A0D,0x1A2D,0x1A2D,0x224E,0x1A2D,0x1A2D,0x1A0D,0x2A6E,0x8472,0x222C,0x0043,0x0022,0x0022,
  0x40CB,0x40CB,0x40CC,0x40EC,0x40EC,0x40EC,0x40EC,0x40EC,0x40CC,0x40CB,0x492C,0x38CB,0x40AC,0x512F,0x512F,0x510F,
  0x510F,0x510F,0x50EF,0x40CD,0x10A4,0x0022,0x0022,0x0022,0x0022,0x0022,0x0022,0x0843,0x48EE,0x510F,0x510F,0x512F,
  0x5950,0x5950,0x5950,0x5950,0x5950,0x512F,0x510F,0x510F,0x48EE,0x0843,0x0022,0x2105,0xB596,0x2105,0x0022,0x0022,
  0x0043,0x11CB,0x11EC,0x1A0C,0x4310,0xCEBB,0x32AF,0x2A6D,0x1A0D,0x1A0D,0x1A0D,0x1A0D,0x1A0D,0x1A0D,0x11EC,0x11CB,
  0x11CB,0x11EC,0x11EC,0x1A0D,0x1A0D,0x1A2D,0x1A2D,0x1A2D,0x1A0D,0x1A0D,0x11EC,0x1A2D,0x11AB,0x0043,0x0022,0x0022,
  0x40CB,0x40CC,0x40EC,0x40EC,0x40EC,0x490C,0x40EC,0x40EC,0x40EC,0x40CC,0x40CB,0x38AB,0x38AB,0x512F,0x5930,0x512F,
  0x512F,0x510F,0x510F,0x48EE,0x1044,0x0022,0x0022,0x0022,0x0022,0x0022,0x0022,0x0843,0x40CD,0x510F,0x510F,0x510F,
  0x512F,0x5950,0x5950,0x5950,0x512F,0x510F,0x510F,0x510F,0x40CD,0x0843,0x0022,0x0022,0x1084,0x0022,0x0022,0x0022,
  0x0043,0x11CB,0x11EC,0x224E,0xCEBB,0xF7BE,0xCEBB,0x224E,0x11EC,0x1A0D,0x1A0D,0x1A0D,0x11EC,0x11EC,0x11CB,0x0044,
  0x0043,0x11AB,0x11EC,0x1A0D,0x1A0D,0x1A0D,0x1A0D,0x1A0D,0x1A0D,0x1A0D,0x11EC,0x11AB,0x0043,0x0022,0x0022,0x0022,
  0x40CB,0x40CC,0x40EC,0x40EC,0x490C,0x490C,0x490C,0x40EC,0x40EC,0x40CC,0x40CB,0x38AB,0x38AB,0x512F,0x5950,0x5930,
  0x512F,0x510F,0x510F,0x510F,0x40CD,0x0843,0x0022,0x0022,0x0022,0x0022,0x0022,0x0022,0x0844,0x40ED,0x510F,0x510F,
  0x510F,0x512F,0x512F,0x512F,0x510F,0x510F,0x510F,0x40ED,0x0844,0x0022,0x0022,0x0022,0x0022,0x0022,0x0022,0x0043,
  0x11AB,0x11EC,0x11EC,0x1A0D,0x3ACF,0xCEBB,0x3AF0,0x1A0C,0x11EC,0x11EC,0x11EC,0x11EC,0x11EC,0x11EC,0x11CB,0x0043,
  0x0022,0x0043,0x11AB,0x11EC,0x11EC,0x1A0D,0x1A0D,0x1A0D,0x11EC,0x11EC,0x11CB,0x0064,0x0022,0x0022,0x0022,0x0022,
  0x40CB,0x40CC,0x40EC,0x40EC,0x40EC,0x490C,0x40EC,0x40EC,0x40EC,0x40CC,0x40CB,0x38AB,0x38AB,0x5950,0x5950,0x5950,
  0x5930,0x512F,0x510F,0x510F,0x48EE,0x0843,0x0022,0x0022,0x0022,0x0022,0x0022,0x0022,0x0022,0x0844,0x40ED,0x510F,
  0x510F,0x510F,0x510F,0x510F,0x510F,0x594F,0x40ED,0x0844,0x0022,0x0022,0x0022,0x0022,0x0022,0x0022,0x0022,0x0043,
  0x11CB,0x11EC,0x11EC,0x1A0D,0x1A0D,0x2A8E,0x222D,0x224E,0x11EC,0x11EC,0x11EC,0x11EC,0x11EC,0x11EC,0x11CB,0x0043,
  0x0022,0x0022,0x0044,0x11AB,0x11EC,0x1A2D,0x11EC,0x11EC,0x11EC,0x11EC,0x094A,0x0909,0x0043,0x1083,0x0022,0x0022,
  0x40CB,0x40CB,0x40CC,0x40EC,0x40EC,0x40EC,0x40EC,0x40EC,0x40CC,0x40CB,0x40CB,0x38AB,0x40AC,0x5950,0x5950,0x5950,
  0x5930,0x512F,0x510F,0x510F,0x48EE,0x0843,0x0022,0x0022,0x0022,0x0022,0x0022,0x0022,0x0022,0x0022,0x1044,0x48EE,
  0x510F,0x510F,0x490E,0x490E,0x61B0,0xAD15,0x2106,0x0822,0x0022,0x0022,0x0022,0x0022,0x0022,0x0022,0x0022,0x0043,
  0x11CB,0x11EC,0x11EC,0x11EC,0x1A0D,0x1A0D,0x1A2D,0x1A2D,0x1A2D,0x1A0D,0x1A0D,0x11EC,0x11EC,0x11EC,0x11CB,0x0043,
  0x0022,0x0022,0x1084,0x0864,0x222C,0x8452,0x224D,0x11EC,0x11EC,0x094A,0x094A,0x094A,0x116A,0x8431,0x1084,0x0022,
  0x38AB,0x40CB,0x40CC,0x40CC,0x40EC,0x40EC,0x40EC,0x40CC,0x40CC,0x40CB,0x38AB,0x38AB,0x512F,0x5950,0x5950,0x5950,
  0x5930,0x512F,0x510F,0x510F,0x48EE,0x0843,0x0022,0x0022,0x0022,0x0022,0x0022,0x0022,0x0022,0x0022,0x1044,0x48CE,
  0x50EF,0x48EE,0x194B,0x198B,0xA536,0xC618,0xA515,0x1084,0x0823,0x0022,0x0022,0x0022,0x0022,0x0022,0x0043,0x0929,
  0x11EC,0x11EC,0x11EC,0x11EC,0x1A0D,0x1A0D,0x1A0D,0x1A0D,0x1A0D,0x1A0D,0x1A0D,0x11EC,0x11EC,0x11EC,0x11CB,0x0043,
  0x0022,0x2105,0xBDD7,0x2947,0x8431,0x9CD3,0x8431,0x19AB,0x096A,0x096A,0x096A,0x096A,0x094A,0x118A,0x0929,0x0043,
  0x38AB,0x38AB,0x40CB,0x40CB,0x40CC,0x40CC,0x40CC,0x40CB,0x40CB,0x38AB,0x38AB,0x40AC,0x512F,0x5950,0x5950,0x5930,
  0x512F,0x510F,0x510F,0x510F,0x40CD,0x0843,0x0022,0x0022,0x0022,0x0022,0x0022,0x0022,0x0022,0x0844,0x40ED,0x510F,
  0x510F,0x510F,0x48EE,0x114B,0x21EC,0xA536,0x5990,0x48EE,0x40CD,0x1044,0x0823,0x0022,0x0022,0x0022,0x0043,0x0949,
  0x11EC,0x11EC,0x1A0D,0x11EC,0x11EC,0x11EC,0x1A0D,0x1A0D,0x1A0D,0x11EC,0x11EC,0x11EC,0x1A0D,0x11EC,0x11CB,0x0063,
  0x10A4,0xBDD7,0xDEFC,0xBDF8,0x2A0C,0x8431,0x21CB,0x096A,0x116A,0x116A,0x116A,0x096A,0x096A,0x094A,0x094A,0x0929,
  0x38AB,0x38AB,0x38AB,0x40CB,0x40CB,0x40CB,0x38CB,0x38CB,0x38AB,0x38AB,0x38AB,0x510F,0x5930,0x5930,0x5930,0x512F,
  0x512F,0x510F,0x510F,0x48EE,0x1044,0x0022,0x0022,0x0022,0x0022,0x0022,0x0022,0x0022,0x0843,0x40ED,0x510F,0x510F,
  0x5950,0x510F,0x510F,0x48EE,0x114A,0x198B,0x490E,0x510F,0x510F,0x48EE,0x40CD,0x0844,0x0022,0x0022,0x0043,0x0909,
  0x094A,0x11EC,0x11EC,0x1A0D,0x19CC,0x19CC,0x19CC,0x11EC,0x11EC,0x11EC,0x222D,0x1A0D,0x11EC,0x11EC,0x094A,0x0929,
  0x0949,0x220C,0xBDF8,0x220C,0x096A,0x118B,0x116A,0x116A,0x118B,0x118B,0x118B,0x116A,0x116A,0x096A,0x094A,0x094A,
  0x19AC,0x30CB,0x38AB,0x38AB,0x38AB,0x38AB,0x284C,0x284C,0x284C,0x286C,0x38ED,0x490F,0x510F,0x512F,0x512F,0x510F,
  0x510F,0x510F,0x50EF,0x40CD,0x0843,0x0022,0x0022,0x0022,0x0022,0x0022,0x0022,0x0043,0x0909,0x48EE,0x510F,0x5950,
  0x5950,0x5950,0x510F,0x48EE,0x116B,0x094A,0x114A,0x490E,0x510F,0x510F,0x50EF,0x40CD,0x0844,0x0022,0x0022,0x0043,
  0x0949,0x11CC,0x11EC,0x19CC,0x492F,0x490F,0x492E,0x19CC,0x11EC,0x224D,0xB5F8,0x224D,0x11EC,0x11CC,0x094A,0x094A,
  0x094A,0x094A,0x19AB,0x094A,0x096A,0x096A,0x116A,0x118B,0x118B,0x118B,0x118B,0x118B,0x116A,0x096A,0x096A,0x094A,
  0x11EC,0x19CC,0x19CD,0x38AB,0x284C,0x284C,0x284C,0x284C,0x284C,0x38ED,0xD654,0x38ED,0x286D,0x490F,0x510F,0x510F,
  0x510F,0x50EF,0x40CD,0x0844,0x0022,0x0043,0x0823,0x0823,0x0823,0x0823,0x0843,0x0909,0x114A,0x48EE,0x510F,0x510F,
  0x5950,0x510F,0x510F,0x48EE,0x116B,0x094A,0x094A,0x114A,0x490F,0x510F,0x510F,0x50EF,0x40CD,0x0843,0x0022,0x0043,
  0x0909,0x0949,0x19AC,0x492F,0x510F,0x510F,0x510F,0x492F,0x19CD,0x1A0D,0x224D,0x11EC,0x11EC,0x094A,0x094A,0x094A,
  0x094A,0x094A,0x094A,0x094A,0x096A,0x116A,0x118B,0x118B,0x118B,0x11AB,0x118B,0x118B,0x118B,0x116A,0x096A,0x094A,
  0x1A0D,0x1A0D,0x19ED,0x286C,0x284C,0x284C,0x286C,0x286C,0x286C,0x38ED,0xE6D5,0x38ED,0x284C,0x286C,0x48EF,0x510F,
  0x48EE,0x40CD,0x18A5,0x0842,0x0043,0x116B,0x30AA,0x38AA,0x38AA,0x38AA,0x30AA,0x112A,0x48EE,0x50EF,0x50EF,0x50EF,
  0x50EF,0x510F,0x490E,0x198C,0x116A,0x096A,0x094A,0x114A,0x512F,0x512F,0x510F,0x510F,0x48EE,0x1044,0x0022,0x0022,
  0x0043,0x0843,0x410E,0x510F,0x510F,0x5950,0x510F,0x510F,0x492F,0x19CC,0x11EC,0x11EC,0x096A,0x096A,0x096A,0x096A,
  0x096A,0x096A,0x094A,0x094A,0x096A,0x116A,0x118B,0x118B,0x11AB,0x11AB,0x220C,0x118B,0x118B,0x116A,0x096A,0x094A,
  0x1A0D,0x19ED,0x288C,0x284C,0x284C,0x286C,0x286D,0x286D,0x288D,0x496E,0xE6F5,0x416E,0x286C,0x284C,0x286C,0x40CD,
  0x1044,0x20E5,0x8C72,0x18E5,0x198B,0x30CB,0x38AB,0x38AB,0x38AB,0x38AB,0x48EE,0x48EE,0x50EF,0x50EF,0x50EF,0x50EF,
  0x50EF,0x50EF,0x48EE,0x198C,0x116A,0x096A,0x094A,0x114A,0x512F,0x512F,0x510F,0x510F,0x510F,0x40CD,0x0843,0x0022,
  0x1084,0x0843,0x48EE,0x510F,0x5950,0x5950,0x5950,0x510F,0x490F,0x11CC,0x094A,0x096A,0x096A,0x096A,0x116A,0x116A,
  0x116A,0x096A,0x094A,0x094A,0x096A,0x116A,0x118B,0x118B,0x118B,0x21EC,0xBE3A,0x21EC,0x118B,0x116A,0x096A,0x094A,
  0x19ED,0x288C,0x284C,0x284C,0x286C,0x286D,0x286D,0x308D,0x498F,0xE719,0xFFD7,0xE719,0x416E,0x286C,0x284C,0x286C,
  0x1084,0x9CD3,0xAD55,0x9473,0x410C,0x38AB,0x38AB,0x40CB,0x40CC,0x50EE,0x50EF,0x50EF,0x510F,0x510F,0x510F,0x510F,
  0x510F,0x50EF,0x50EF,0x48EE,0x196B,0x096A,0x094A,0x114A,0x514F,0x5930,0x512F,0x510F,0x510F,0x48EE,0x0843,0x1084,
  0xAD76,0x18A5,0x48EE,0x50EF,0x50EF,0x50EF,0x50EF,0x50EF,0x48EE,0x114A,0x094A,0x096A,0x116A,0x116A,0x094A,0x094A,
  0x094A,0x116A,0x094A,0x094A,0x096A,0x096A,0x116A,0x118B,0x118B,0x118B,0x21EC,0x118B,0x116A,0x096A,0x096A,0x094A,
  0x19ED,0x286C,0x284C,0x286C,0x286D,0x390E,0x390E,0x498F,0xE719,0xFFFA,0xFFF7,0xFFFA,0xE719,0x496E,0x38ED,0x30CC,
  0x18A5,0xAD76,0xA4D4,0x494C,0x38AB,0x40CB,0x40CB,0x40CC,0x50EE,0x50EF,0x50EF,0x510F,0x5990,0x512F,0x510F,0x510F,
  0x510F,0x510F,0x50EF,0x50EF,0x490E,0x114B,0x094A,0x114A,0x514F,0x5930,0x512F,0x510F,0x510F,0x48EE,0x0843,0x0022,
  0x1084,0x1044,0x48EE,0x510F,0x50EF,0x50EF,0x50EF,0x510F,0x48EE,0x114B,0x096A,0x096A,0x094A,0x094A,0x094A,0x094A,
  0x094A,0x094A,0x094A,0x094A,0x094A,0x096A,0x116A,0x116A,0x118B,0x118B,0x118B,0x116A,0x116A,0x096A,0x094A,0x094A,
  0x286C,0x284C,0x286C,0x286D,0x38ED,0xD674,0xE6D5,0xE6F5,0xFFF7,0xFFF7,0xFFF6,0xFFF7,0xFFF7,0xE6F5,0xE6D5,0xD654,
  0x30CB,0x18A5,0x40EB,0x38AB,0x38AB,0x40CB,0x40CC,0x50EE,0x50EF,0x50EF,0x510F,0x69F1,0xDE9C,0x6A11,0x512F,0x512F,
  0x510F,0x510F,0x510F,0x510F,0x5970,0x490E,0x194B,0x514F,0x5950,0x5930,0x512F,0x510F,0x510F,0x48EE,0x0843,0x0022,
  0x1044,0x40ED,0x510F,0x510F,0x510F,0x50EF,0x510F,0x510F,0x510F,0x48EE,0x116B,0x116A,0x094A,0x094A,0x116A,0x116A,
  0x116A,0x094A,0x094A,0x094A,0x094A,0x094A,0x096A,0x096A,0x116A,0x116A,0x116A,0x096A,0x096A,0x094A,0x094A,0x0929,
  0x284C,0x284C,0x286C,0x286D,0x288D,0x390E,0x412E,0x49AF,0xE719,0xFFFA,0xFFF7,0xFFFA,0xE719,0x496E,0x38ED,0x30CD,
  0x204B,0x0823,0x38AA,0x38AB,0x40CB,0x40CC,0x40EC,0x50EE,0x50EF,0x510F,0x5990,0xDE9C,0xFFBF,0xDE9C,0x61B1,0x5930,
  0x512F,0x512F,0x510F,0x69F1,0xDE9C,0x61F1,0x514F,0x5950,0x5930,0x512F,0x510F,0x510F,0x510F,0x40EE,0x0843,0x0844,
  0x40ED,0x510F,0x510F,0x510F,0x512F,0x512F,0x512F,0x510F,0x510F,0x510F,0x48EE,0x114A,0x094A,0x116A,0x116A,0x118B,
  0x116A,0x116A,0x094A,0x094A,0x094A,0x094A,0x094A,0x096A,0x096A,0x096A,0x096A,0x096A,0x094A,0x094A,0x0909,0x0043,
  0x284C,0x284C,0x286C,0x286D,0x288D,0x308D,0x30AD,0x30CE,0x51AF,0xE719,0xFFD7,0xE719,0x498F,0x288D,0x286C,0x284C,
  0x204B,0x0824,0x38AA,0x38AB,0x40CB,0x40CC,0x50EE,0x50EF,0x510F,0x510F,0x510F,0x6A11,0xDE9C,0x6A12,0x5950,0x5950,
  0x5930,0x512F,0x5990,0xDE9C,0xFFBF,0xDE9C,0x5970,0x5930,0x512F,0x512F,0x510F,0x510F,0x490E,0x198C,0x0844,0x40CD,
  0x510F,0x510F,0x510F,0x512F,0x5950,0x5950,0x5950,0x512F,0x510F,0x510F,0x510F,0x40EE,0x114A,0x116A,0x118B,0x118B,
  0x118B,0x116A,0x094A,0x094A,0x096A,0x094A,0x094A,0x094A,0x094A,0x094A,0x094A,0x094A,0x0929,0x0909,0x0043,0x0022,
  0x284C,0x284C,0x286C,0x286D,0x288D,0x308D,0x30AD,0x30AD,0x30CE,0x49AF,0xE6F5,0x498F,0x308D,0x286D,0x286C,0x284C,
  0x284C,0x38AA,0x410C,0x38AB,0x40CB,0x40CC,0x50EE,0x50EF,0x510F,0x510F,0x512F,0x5950,0x61B1,0x5950,0x5950,0x5950,
  0x5950,0x5930,0x512F,0x6A11,0xDE9C,0x69F1,0x512F,0x512F,0x510F,0x510F,0x510F,0x50EF,0x492E,0x11AC,0x0844,0x48EE,
  0x510F,0x510F,0x512F,0x5950,0x5950,0x5950,0x5950,0x5950,0x512F,0x510F,0x510F,0x48EE,0x114A,0x116A,0x116A,0x118B,
  0x116A,0x116A,0x094A,0x094A,0x096A,0x094A,0x094A,0x0929,0x0929,0x094A,0x114A,0x1129,0x0844,0x0843,0x0022,0x0022,
  0x204B,0x284C,0x286C,0x286D,0x286D,0x288D,0x308D,0x30AD,0x30AD,0x412E,0xE6D5,0x390E,0x286D,0x286D,0x286C,0x284C,
  0x284C,0x410C,0xBD78,0x490C,0x38AB,0x40CC,0x50EE,0x50EF,0x510F,0x510F,0x512F,0x5930,0x5950,0x5950,0x5950,0x5950,
  0x5950,0x5930,0x512F,0x512F,0x5970,0x514F,0x8BF2,0x30AD,0x48EF,0x510F,0x50EF,0x492F,0x19CC,0x11CC,0x208C,0x48EF,
  0x510F,0x510F,0x512F,0x5950,0x5950,0x5950,0x5950,0x5950,0x512F,0x510F,0x510F,0x492F,0x114A,0x094A,0x116A,0x116A,
  0x116A,0x094A,0x094A,0x096A,0x094A,0x094A,0x0929,0x0043,0x1044,0x40CD,0x48EE,0x48EE,0x48EE,0x40CD,0x0844,0x0022,
  0x0824,0x204B,0x284C,0x286C,0x286D,0x288D,0x288D,0x308D,0x308D,0x392E,0xD674,0x390E,0x286D,0x286C,0x284C,0x284C,
  0x38AB,0x40CB,0x492D,0x38AB,0x38AB,0x40CC,0x50EE,0x50EF,0x510F,0x510F,0x512F,0x5930,0x5950,0x5950,0x5950,0x5950,
  0x5950,0x5930,0x512F,0x510F,0x510F,0x50EF,0x512F,0x284C,0x286D,0x512F,0x492F,0x19CD,0x11EC,0x11CC,0x288C,0x48EF,
  0x510F,0x510F,0x512F,0x5950,0x5950,0x5950,0x5950,0x5950,0x512F,0x510F,0x514F,0x7BD1,0x118A,0x094A,0x094A,0x094A,
  0x094A,0x094A,0x094A,0x094A,0x094A,0x094A,0x0909,0x0844,0x40ED,0x50EF,0x510F,0x510F,0x510F,0x50EF,0x40CD,0x1044,
  0x0823,0x204B,0x284C,0x284C,0x286C,0x286D,0x286D,0x288D,0x288D,0x288D,0x38ED,0x286D,0x286C,0x284C,0x284C,0x284C,
  0x38AB,0x40CB,0x40CC,0x40EC,0x38AB,0x38AB,0x50EE,0x50EF,0x510F,0x5970,0x510F,0x512F,0x5930,0x5950,0x5950,0x5950,
  0x5930,0x512F,0x510F,0x510F,0x510F,0x50EF,0x48EF,0x286C,0x30AD,0x8C53,0x222D,0x11EC,0x11EC,0x19AC,0x288C,0x48EE,
  0x510E,0x510E,0x510F,0x512F,0x5950,0x5950,0x5950,0x512F,0x510F,0x490E,0x114A,0x116A,0x094A,0x094A,0x094A,0x094A,
  0x094A,0x096A,0x094A,0x094A,0x094A,0x198A,0x1065,0x40ED,0x510F,0x510F,0x512F,0x512F,0x512F,0x510F,0x510F,0x48EE,
  0x0022,0x0823,0x204B,0x284C,0x284C,0x286C,0x286D,0x286D,0x286D,0x286D,0x286D,0x286C,0x284C,0x284C,0x284C,0x38AB,
  0x38AB,0x40CC,0x40EC,0x40EC,0x490C,0x38AB,0x38AC,0x50EE,0x598F,0x9453,0x5990,0x512F,0x512F,0x5930,0x5930,0x5930,
  0x512F,0x512F,0x510F,0x510F,0x50EF,0x48EF,0x308D,0x286C,0x286C,0x222D,0x1A0D,0x11EC,0x19AC,0x28AD,0x38AB,0x38AB,
  0x38AB,0x38AB,0x40AC,0x510E,0x512F,0x512F,0x512F,0x510F,0x510F,0x490E,0x114A,0x094A,0x094A,0x094A,0x094A,0x094A,
  0x094A,0x094A,0x094A,0x094A,0x118A,0xAD56,0x514E,0x50EF,0x510F,0x512F,0x5930,0x5930,0x5930,0x512F,0x510F,0x50EF,
  0x0022,0x0022,0x0823,0x204B,0x284C,0x284C,0x286C,0x286C,0x286C,0x286C,0x286C,0x284C,0x284C,0x284C,0x38CB,0x38AB,
  0x38AB,0x40CC,0x40EC,0x490C,0x490C,0x490C,0x38AB,0x512E,0x9453,0xA514,0x9453,0x5970,0x510F,0x512F,0x512F,0x512F,
  0x510F,0x510F,0x510F,0x50EF,0x50EF,0x48EF,0x308D,0x286C,0x286C,0x11CC,0x11EC,0x19AC,0x30CB,0x38AB,0x38AB,0x38AB,
  0x38AB,0x38AB,0x38AB,0x38AB,0x40AC,0x510F,0x510F,0x510F,0x490E,0x114A,0x094A,0x094A,0x096A,0x096A,0x096A,0x094A,
  0x094A,0x094A,0x094A,0x0909,0x0043,0x18A5,0x48EE,0x510F,0x512F,0x5930,0x5930,0x5950,0x5930,0x5930,0x512F,0x510F,
  0x0022,0x0022,0x0022,0x0823,0x204B,0x30CD,0x284C,0x284C,0x284C,0x284C,0x284C,0x284C,0x284C,0x38CB,0x38AB,0x38AB,
  0x38AB,0x40CC,0x40EC,0x40EC,0x490C,0x40EC,0x40EC,0x40CC,0x596F,0x9453,0x598F,0x510F,0x510F,0x510F,0x510F,0x510F,
  0x510F,0x510F,0x50EF,0x50EF,0x48EF,0x308D,0x286C,0x284C,0x288C,0x11CC,0x19AC,0x30CB,0x38AB,0x38AB,0x38AB,0x38AB,
  0x38AB,0x38AB,0x38AB,0x38AB,0x38AB,0x38AC,0x490E,0x490E,0x114A,0x094A,0x096A,0x116A,0x116A,0x116A,0x116A,0x116A,
  0x116A,0x094A,0x0929,0x0064,0x0022,0x0843,0x48EE,0x510F,0x512F,0x5930,0x5950,0x5950,0x5950,0x5930,0x512F,0x510F,
  0x0022,0x0022,0x0022,0x0022,0x1084,0xBD98,0x30CD,0x284C,0x284C,0x284C,0x284C,0x38CC,0x38CB,0x40CB,0x38AB,0x38AB,
  0x38AB,0x40CB,0x40CC,0x40EC,0x40EC,0x40EC,0x40CC,0x40CB,0x40CC,0x512E,0x50EF,0x50EF,0x510F,0x510F,0x510F,0x510F,
  0x510F,0x50EF,0x50EF,0x48EF,0x38EE,0x286C,0x286C,0x28AC,0x198C,0x19AC,0x30CB,0x38AB,0x38AB,0x38AB,0x40CB,0x40CB,
  0x40CB,0x40CB,0x40CB,0x38AB,0x38AB,0x38AB,0x38AB,0x112A,0x094A,0x094A,0x116A,0x314C,0x394C,0x394C,0x394C,0x394C,
  0x394C,0x314C,0x114A,0x0909,0x0043,0x0843,0x48EE,0x510F,0x512F,0x5930,0x5930,0x5950,0x5930,0x5930,0x512F,0x510F,
  0x0022,0x0022,0x0022,0x0022,0x0022,0x1084,0x30AA,0x38AB,0x38AB,0x38CB,0x38CB,0x40CB,0x38AB,0x38AB,0x38AA,0x38AB,
  0x38CB,0x38EB,0x38EB,0x40EC,0x40CC,0x40CC,0x40CB,0x40CB,0x38AB,0x38AB,0x48ED,0x48EE,0x50EF,0x50EF,0x50EF,0x50EF,
  0x50EF,0x48EF,0x48EF,0x496F,0xCE1A,0x414E,0x38ED,0x83F1,0x390D,0x38AB,0x38AB,0x38AB,0x38AB,0x40CB,0x40CB,0x40CC,
  0x40CC,0x40CC,0x40CB,0x40CB,0x38AB,0x38AB,0x38AB,0x30AB,0x114A,0x314C,0x394C,0x394C,0x394C,0x394C,0x394C,0x394C,
  0x394C,0x394C,0x394C,0x312B,0x0843,0x0843,0x40CD,0x50EF,0x510F,0x512F,0x5930,0x5930,0x5930,0x512F,0x510F,0x50EF,
  0x0022,0x0022,0x0022,0x0022,0x0022,0x0022,0x0823,0x30AA,0x38AB,0x38AB,0x38AB,0x38AB,0x38AB,0x30AA,0x0865,0x11AB,
  0x11CC,0x11CC,0x19CC,0x220D,0x38EC,0x40CB,0x38AB,0x38AB,0x30AA,0x0823,0x0843,0x18A5,0x40EE,0x490E,0x490E,0x490E,
  0x490E,0x288D,0x30ED,0xC63A,0xEF5D,0xCE7A,0x8C72,0x94B2,0x83F1,0x40EB,0x38AB,0x38AB,0x40CB,0x40CC,0x40CC,0x40EC,
  0x40EC,0x40EC,0x40CC,0x40CC,0x40CB,0x38AB,0x38AB,0x38AB,0x392C,0x394C,0x394C,0x394D,0x49AF,0x49AF,0x49AF,0x49AF,
  0x49AF,0x394D,0x394C,0x394C,0x310B,0x0844,0x0844,0x40ED,0x510F,0x510F,0x512F,0x512F,0x512F,0x510F,0x510F,0x48EE,
  0x0022,0x0022,0x0022,0x0022,0x0022,0x0022,0x0022,0x0823,0x30AA,0x38AA,0x38AA,0x38AA,0x30AA,0x0865,0x11AB,0x11EC,
  0x11EC,0x11EC,0x2A8E,0xB5D8,0x326E,0x38EB,0x38AB,0x30AA,0x0823,0x0022,0x10A4,0x9CF4,0x220D,0x19CC,0x19CC,0x19CC,
  0x19CC,0x19ED,0x19ED,0x32AF,0xC67A,0x328E,0x1906,0x83F1,0x492C,0x38AB,0x38AB,0x40CB,0x40CB,0x40CC,0x40EC,0x40EC,
  0x40EC,0x40EC,0x40EC,0x40EC,0x492D,0x40CB,0x38CB,0x392C,0x394C,0x394D,0x49AF,0x49AF,0x51B0,0x51B0,0x51B0,0x51B0,
  0x51B0,0x49AF,0x49AF,0x394D,0x394C,0x310B,0x0844,0x0844,0x40CD,0x50EF,0x510F,0x510F,0x510F,0x50EF,0x48CE,0x1044,
  0x0022,0x0022,0x0022,0x0022,0x0022,0x0022,0x0022,0x0022,0x0823,0x0823,0x0823,0x0823,0x0864,0x11AB,0x11EC,0x11EC,
  0x19ED,0x222D,0xB5D8,0xD6BA,0xB5D8,0x220D,0x30CA,0x0823,0x0022,0x0043,0x11AB,0x1A2D,0x11EC,0x11EC,0x11EC,0x11EC,
  0x11EC,0x11EC,0x11EC,0x1A0D,0x224D,0x11EC,0x11AB,0x28AC,0x38AB,0x38AB,0x38AB,0x40CB,0x40CC,0x40EC,0x40EC,0x40EC,
  0x490C,0x40EC,0x40EC,0x59AE,0xCE1A,0x494D,0x394C,0x394C,0x394D,0x49AF,0x51B0,0x51B0,0x51B0,0x51B0,0x51B0,0x51B0,
  0x51B0,0x51B0,0x51B0,0x49AF,0x394D,0x394C,0x310B,0x0844,0x1044,0x48CE,0x50EF,0x50EF,0x50EF,0x50EF,0x48CE,0x1044,
  0x0022,0x0022,0x0022,0x0022,0x0863,0x0022,0x0022,0x0022,0x0022,0x0022,0x0022,0x0043,0x11AB,0x11EC,0x1A0D,0x19CD,
  0x288C,0x288C,0x392E,0xB5B8,0x328F,0x19CD,0x19AB,0x0844,0x0043,0x11AB,0x11EC,0x11EC,0x11EC,0x11EC,0x11EC,0x11EC,
  0x222D,0x11EC,0x11EC,0x11EC,0x1A0D,0x11EC,0x11CB,0x0844,0x38AA,0x38AB,0x38AB,0x40CB,0x40CC,0x40EC,0x40EC,0x490C,
  0x514D,0x490C,0x516D,0xCE3A,0xDEFC,0x49AD,0x394C,0x414D,0x51AF,0x51D0,0x51D0,0x51D0,0x51D0,0x51D0,0x51D0,0x51D0,
  0x51D0,0x51D0,0x51D0,0x51D0,0x51AF,0x414D,0x394C,0x312B,0x0864,0x48EE,0x50EF,0x510F,0x510F,0x510F,0x50EF,0x48EE,
  0x0022,0x0022,0x0022,0x0863,0x73AF,0x0863,0x0022,0x0022,0x0022,0x0022,0x0043,0x11AB,0x11EC,0x11EC,0x19CD,0x288C,
  0x286D,0x286D,0x288D,0x30CD,0x490E,0x490F,0x492E,0x19AB,0x11CB,0x11EC,0x11EC,0x11EC,0x1A0D,0x1A0D,0x1A0D,0x224D,
  0x94D4,0x224D,0x11EC,0x11EC,0x11EC,0x11EC,0x11CB,0x0843,0x38AA,0x38AB,0x38AB,0x40CB,0x40CC,0x40EC,0x40EC,0x514D,
  0x9C94,0x516D,0x492D,0x59EF,0xCE3A,0x51CE,0x6A32,0x7253,0x7273,0x7273,0x7273,0x7273,0x7273,0x7273,0x7273,0x7273,
  0x7273,0x7273,0x7273,0x7273,0x7273,0x7253,0x6A32,0x416D,0x21AC,0x512F,0x510F,0x5930,0x512F,0x512F,0x510F,0x510F,
  0x0022,0x0022,0x0022,0x0022,0x0863,0x0022,0x0022,0x0022,0x0022,0x0022,0x0043,0x11CB,0x11EC,0x19ED,0x288C,0x286D,
  0x286D,0x30AD,0x286D,0x286D,0x286C,0x510F,0x512F,0x19CC,0x11EC,0x11EC,0x11EC,0x1A0D,0x1A0D,0x2A6E,0x1A0D,0x1A0D,
  0x224D,0x1A0D,0x11EC,0x11EC,0x11EC,0x11EC,0x11CB,0x0843,0x30AA,0x38AB,0x38AB,0x40CB,0x40CB,0x40CC,0x490C,0x490D,
  0x516E,0x6A32,0x7252,0x7253,0x7AB4,0x6A52,0x416D,0x51D0,0x51D0,0x51D0,0x51D0,0x51D0,0x51D0,0x51D0,0x51D0,0x51D0,
  0x51D0,0x51D0,0x51D0,0x51D0,0x51D0,0x51D0,0x416D,0x6A32,0x6A52,0x6A53,0x6A53,0x6A52,0x5970,0x5950,0x5930,0x510F,
  0x0022,0x0022,0x0022,0x0022,0x0022,0x0022,0x0022,0x0022,0x0022,0x0022,0x0043,0x11CB,0x11EC,0x19ED,0x30CD,0x38EE,
  0x30AD,0x30AD,0x30AD,0x286D,0x286C,0x512F,0x492F,0x19CC,0x11EC,0x11EC,0x1A0D,0x1A0D,0x226E,0xB5D8,0x2A6E,0x1A2D,
  0x1A0D,0x1A0D,0x1A0D,0x11EC,0x11EC,0x11EC,0x11CB,0x0043,0x0823,0x38AA,0x38AB,0x38AB,0x40CB,0x490D,0x6A32,0x7252,
  0x6A32,0x490D,0x40EC,0x40EC,0x414D,0x414D,0x49AF,0x51B0,0x51B0,0x51B0,0x51B0,0x51B0,0x51B0,0x51B0,0x51B0,0x51B0,
  0x51B0,0x51B0,0x51B0,0x51B0,0x51B0,0x51B0,0x49AF,0x414D,0x396D,0x19ED,0x19ED,0x21ED,0x6A72,0x7253,0x7233,0x5950,
  0x0022,0x0042,0x0043,0x0043,0x0043,0x0042,0x0022,0x0022,0x0022,0x10A4,0x0043,0x11CB,0x11EC,0x222D,0x8C72,0xC5D9,
  0x38EE,0x30AD,0x286D,0x286D,0x286D,0x514F,0x19CD,0x11EC,0x11EC,0x1A0D,0x1A0D,0x1A0D,0x1A2D,0x2A8E,0x1A2D,0x1A2D,
  0x1A2D,0x1A0D,0x1A0D,0x1A0D,0x11EC,0x11EC,0x11CB,0x0043,0x0823,0x30AA,0x38AB,0x38AB,0x40EC,0x6A11,0x490C,0x40EC,
  0x40EC,0x40CC,0x40CB,0x40CB,0x394C,0x394C,0x49AF,0x51B0,0x51B0,0x51B0,0x51B0,0x51B0,0x51B0,0x51B0,0x51B0,0x51B0,
  0x51B0,0x51B0,0x51B0,0x51B0,0x51B0,0x51B0,0x49AF,0x394C,0x394C,0x19EC,0x11EC,0x11EC,0x21ED,0x5170,0x5970,0x7233,
  0x0043,0x0909,0x0929,0x0929,0x0929,0x0909,0x0043,0x0022,0x10A4,0xBDD7,0x10A4,0x11AB,0x11EC,0x11EC,0x222D,0x310D,
  0x286D,0x286D,0x286D,0x286D,0x490F,0x514F,0x19CC,0x11EC,0x11EC,0x1A0D,0x1A0D,0x1A2D,0x1A2D,0x1A2D,0x224E,0x1A2D,
  0x1A2D,0x1A2D,0x1A0D,0x1A0D,0x11EC,0x11EC,0x11CB,0x0043,0x0043,0x198B,0x30CB,0x40CC,0x6A11,0x490D,0x40CB,0x40CB,
  0x40CB,0x40CB,0x40CB,0x38CB,0x394C,0x394C,0x49AF,0x51B0,0x51B0,0x51B0,0x51B0,0x51B0,0x51B0,0x51B0,0x51B0,0x51B0,
  0x51B0,0x51B0,0x51B0,0x51B0,0x51B0,0x51B0,0x49AF,0x394C,0x394C,0x19EC,0x11EC,0x11EC,0x11EC,0x19CD,0x512F,0x5950,
  0x0929,0x094A,0x094A,0x094A,0x094A,0x094A,0x0909,0x0043,0x0022,0x10A4,0x0022,0x0043,0x11AB,0x11EC,0x1A0D,0x19CD,
  0x288C,0x286C,0x286C,0x40EE,0x510F,0x512F,0x19CC,0x11EC,0x11EC,0x1A0D,0x1A0D,0x1A2D,0x1A2D,0x224E,0x224E,0x224E,
  0x1A2D,0x1A2D,0x1A0D,0x1A0D,0x11EC,0x11EC,0x11CB,0x0043,0x0043,0x11CB,0x19CC,0x38CB,0x40EC,0x6A11,0x40EC,0x40CC,
  0x40CC,0x38AB,0x38AB,0x38AB,0x392C,0x394C,0x49AF,0x51B0,0x51B0,0x51B0,0x51B0,0x51B0,0x51B0,0x51B0,0x51B0,0x51B0,
  0x51B0,0x51B0,0x51B0,0x51B0,0x51B0,0x51B0,0x49AF,0x394C,0x394C,0x19ED,0x11EC,0x11EC,0x19ED,0x21ED,0x5170,0x7233,
  0x094A,0x094A,0x096A,0x096A,0x096A,0x094A,0x094A,0x0909,0x0043,0x0823,0x0823,0x0022,0x0043,0x11AB,0x11EC,0x11EC,
  0x19ED,0x19ED,0x19ED,0x19CD,0x490E,0x410E,0x19CC,0x11EC,0x11EC,0x1A0D,0x1A0D,0x1A2D,0x1A2D,0x1A2D,0x224E,0x1A2D,
  0x1A2D,0x1A2D,0x1A0D,0x1A0D,0x11EC,0x11EC,0x11CB,0x0043,0x0043,0x11CB,0x11EC,0x19CD,0x30CB,0x40EC,0x6A32,0x6A32,
  0x6A32,0x40EC,0x40CC,0x40CC,0x414D,0x414D,0x49AF,0x51B0,0x51B0,0x51B0,0x51B0,0x51B0,0x51B0,0x51B0,0x51B0,0x51B0,
  0x51B0,0x51B0,0x51B0,0x51B0,0x51B0,0x51B0,0x49AF,0x414D,0x396D,0x21ED,0x19ED,0x21ED,0x6272,0x6A53,0x6A33,0x512F,
  0x096A,0x096A,0x116A,0x116A,0x116A,0x096A,0x096A,0x094A,0x0909,0x206B,0x204B,0x0823,0x0022,0x0043,0x11AB,0x11EC,
  0x11EC,0x11EC,0x11EC,0x11EC,0x19AC,0x0865,0x11AB,0x11EC,0x11EC,0x1A0D,0x1A0D,0x1A0D,0x1A2D,0x1A2D,0x1A2D,0x1A2D,
  0x1A2D,0x1A0D,0x1A0D,0x1A0D,0x11EC,0x11EC,0x11AB,0x0043,0x0043,0x11AB,0x11EC,0x11EC,0x19ED,0x21ED,0x38EC,0x38EC,
  0x40EC,0x6A32,0x6A52,0x6A52,0x6A72,0x6A32,0x416D,0x51D0,0x51D0,0x51D0,0x51D0,0x51D0,0x51D0,0x51D0,0x51D0,0x51D0,
  0x51D0,0x51D0,0x51D0,0x51D0,0x51D0,0x51D0,0x416D,0x6A32,0x6A72,0x6A72,0x6A72,0x6272,0x21ED,0x512F,0x510F,0x510F,
  0x096A,0x116A,0x118B,0x118B,0x118B,0x116A,0x096A,0x094A,0x094A,0x090A,0x206C,0x204B,0x0823,0x0022,0x0043,0x11AB,
  0x11CB,0x11CB,0x11CC,0x11AC,0x208C,0x204B,0x208C,0x11CC,0x11EC,0x11EC,0x1A0D,0x1A0D,0x1A0D,0x1A2D,0x1A2D,0x1A2D,
  0x1A0D,0x1A0D,0x1A0D,0x224D,0x11EC,0x11CB,0x0043,0x0022,0x0823,0x208B,0x11AC,0x11EC,0x1A0D,0x1A0D,0x1A0D,0x1A0D,
  0x1A0D,0x1A0D,0x1A0D,0x19ED,0x19ED,0x416D,0x6A32,0x7253,0x7273,0x7273,0x7273,0x7273,0x7273,0x7273,0x7273,0x7273,
  0x7273,0x7273,0x7273,0x7273,0x7273,0x7253,0x6A32,0x418D,0x220D,0x220D,0x19ED,0x19ED,0x19CC,0x492F,0x510F,0x510F,
  0x116A,0x118B,0x118B,0x11AB,0x118B,0x118B,0x116A,0x096A,0x094A,0x092A,0x206C,0x286C,0x204B,0x0823,0x0022,0x0043,
  0x0043,0x0844,0x206B,0x286C,0x284C,0x284C,0x286C,0x11AC,0x11EC,0x11EC,0x11EC,0x1A0D,0x1A0D,0x1A0D,0x1A0D,0x1A0D,
  0x1A0D,0x1A0D,0x2A6D,0xCEB4,0x224D,0x11AB,0x0043,0x0823,0x204A,0x284C,0x208B,0x11AB,0x11EC,0x11EC,0x1A0D,0x1A0D,
  0x1A0D,0x11EC,0x11EC,0x11EC,0x1A0D,0x316C,0x394C,0x414D,0x51AF,0x51D0,0x51D0,0x51D0,0x51D0,0x51D0,0x51D0,0x51D0,
  0x51D0,0x51D0,0x51D0,0x51D0,0x51AF,0x414D,0x394C,0x396C,0x19ED,0x1A0D,0x11EC,0x11EC,0x19CD,0x512F,0x512F,0x512F,
  0x116A,0x118B,0x11AB,0x11AB,0x11AB,0x118B,0x116A,0x096A,0x094A,0x092A,0x288C,0x286D,0x286C,0x204B,0x0823,0x0022,
  0x0823,0x204B,0x284C,0x30CD,0x286C,0x286C,0x286C,0x288C,0x11AC,0x11EC,0x11EC,0x11EC,0x1A0D,0x1A0D,0x224E,0x1A0D,
  0x1A0D,0x11EC,0x224D,0xDF15,0x220C,0x0063,0x0022,0x0022,0x0823,0x204A,0x0823,0x0043,0x11AB,0x11EC,0x11EC,0x11EC,
  0x11EC,0x11EC,0x11CB,0x11CB,0x11EC,0x19ED,0x314C,0x394C,0x394D,0x49AF,0x51B0,0x51B0,0x51B0,0x51B0,0x51B0,0x51B0,
  0x51B0,0x51B0,0x51B0,0x49AF,0x394D,0x394C,0x314C,0x21ED,0x1A0D,0x11EC,0x11EC,0x19CC,0x494F,0x5970,0x5930,0x5930,
  0x116A,0x116B,0x116B,0x11AB,0x118B,0x118B,0x116A,0x096A,0x094A,0x092A,0x288D,0x286D,0x286C,0x286C,0x204B,0x0824,
  0x204B,0x284C,0x30CD,0xBD99,0x38EE,0x306D,0x306D,0x306D,0x28AD,0x19AC,0x11EC,0x11EC,0x11EC,0x224E,0xADB7,0x224E,
  0x11EC,0x11EC,0x32AE,0xDF14,0x2946,0x0842,0x0022,0x0022,0x0022,0x0823,0x0022,0x0022,0x0043,0x11AB,0x11CB,0x11CB,
  0x11CB,0x11AB,0x0043,0x0043,0x11AB,0x11CB,0x11AB,0x312B,0x394C,0x394D,0x49AF,0x49AF,0x51B0,0x51B0,0x51B0,0x51B0,
  0x51B0,0x49AF,0x49AF,0x394D,0x394C,0x314C,0x19ED,0x1A0D,0x11EC,0x11EC,0x11EC,0x19CD,0x5990,0xA495,0x6190,0x5950,
  0x206C,0x286C,0x208C,0x116B,0x116B,0x116A,0x096A,0x094A,0x094A,0x112A,0x28AD,0x288D,0x286D,0x286C,0x284C,0x204B,
  0x284C,0x284C,0x286C,0x38EE,0x48EF,0x48EF,0x48EF,0x48EF,0x48EF,0x28AD,0x19AC,0x11CC,0x11EC,0x11EC,0x222D,0x11EC,
  0x11EC,0x32AE,0xE739,0xFFD7,0xDEF8,0x2125,0x0842,0x0022,0x0022,0x0022,0x0022,0x0022,0x0022,0x0043,0x0043,0x0043,
  0x0043,0x0043,0x0022,0x0022,0x0043,0x0043,0x0043,0x0843,0x310B,0x394C,0x394C,0x394D,0x49AF,0x49AF,0x49AF,0x49AF,
  0x49AF,0x394D,0x394C,0x394C,0x314C,0x19ED,0x1A0D,0x11EC,0x11EC,0x11EC,0x19CD,0x514F,0x5950,0x6190,0x5950,0x5950,
  0x286C,0x286C,0x286C,0x286C,0x208C,0x114A,0x096A,0x094A,0x114A,0x28AD,0x30AD,0x288D,0x286D,0x286C,0x284C,0x284C,
  0x284C,0x286C,0x306D,0x48EF,0x50EF,0x510F,0x510F,0x510F,0x50EF,0x48EF,0x308D,0x288C,0x11AC,0x11CC,0x224D,0x224D,
  0x32AE,0xE739,0xFFFA,0xFFF7,0xFFFA,0xDEF7,0x2945,0x10A3,0x10A3,0x0022,0x0022,0x0022,0x0022,0x0022,0x0022,0x0022,
  0x0022,0x0022,0x0022,0x0022,0x0022,0x0022,0x0022,0x0022,0x0843,0x310B,0x392B,0x394C,0x394C,0x394C,0x394C,0x394C,
  0x394C,0x394C,0x394C,0x314C,0x19EC,0x11EC,0x11EC,0x11EC,0x11EC,0x19CC,0x492F,0x5930,0x5950,0x5950,0x5950,0x5950,
  0x288D,0x288D,0x288D,0x286C,0x206C,0x112A,0x094A,0x114A,0x28AD,0x30AD,0x30AD,0x288D,0x286D,0x286C,0x284C,0x284C,
  0x286C,0x306D,0x48EF,0x510F,0x510F,0x512F,0x512F,0x512F,0x510F,0x510F,0x48EF,0x306D,0x288C,0x30ED,0xD674,0xDEF4,
  0xDF14,0xFFF6,0xFFF7,0xFFF6,0xFFF7,0xFFF6,0xDEF3,0xDED3,0xCE52,0x10A3,0x0022,0x0022,0x0022,0x0022,0x0022,0x0022,
  0x0022,0x0823,0x0823,0x0823,0x0823,0x0823,0x0022,0x0022,0x0022,0x0843,0x0844,0x312B,0x41AD,0x392C,0x392B,0x392B,
  0x392B,0x312B,0x19CC,0x19CC,0x11EC,0x11EC,0x11EC,0x19CC,0x19CC,0x492F,0x512F,0x5930,0x5950,0x5950,0x5950,0x5950,
  0x288D,0x30AD,0x288D,0x288D,0x286C,0x206C,0x112A,0x28AD,0x30AD,0x30AD,0x288D,0x286D,0x286C,0x286C,0x284C,0x284C,
  0x286C,0x48EF,0x50EF,0x510F,0x512F,0x5930,0x5930,0x5930,0x512F,0x510F,0x50EF,0x48EF,0x286C,0x286C,0x30CC,0x18A4,
  0x2945,0xDEF7,0xFFFA,0xFFF7,0xFFFA,0xDEF7,0x2945,0x10A3,0x10A3,0x0022,0x0022,0x0022,0x0022,0x0022,0x0022,0x0022,
  0x0823,0x204B,0x204B,0x204B,0x204B,0x204B,0x0823,0x0022,0x0022,0x0022,0x0022,0x2126,0xC5F8,0x2126,0x0843,0x0843,
  0x0843,0x0843,0x11AB,0x11CB,0x11CB,0x11CB,0x11AB,0x410D,0x490E,0x510F,0x510F,0x512F,0x5930,0x5950,0x5950,0x5950,
  0x30AD,0x30AD,0x30AD,0x288D,0x286C,0x284C,0x288C,0x288D,0x288D,0x288D,0x286D,0x286D,0x286C,0x204B,0x284C,0x284C,
  0x286C,0x48EF,0x510F,0x512F,0x5930,0x5930,0x5950,0x5930,0x5930,0x512F,0x510F,0x48EF,0x286C,0x284C,0x204B,0x0823,
  0x0842,0x2125,0xDEF7,0xFFD6,0xDEF7,0x2125,0x0842,0x0022,0x0022,0x0022,0x0022,0x0022,0x0022,0x0022,0x0022,0x0823,
  0x204B,0x286C,0x286C,0x286C,0x286C,0x286C,0x204B,0x0823,0x0022,0x0022,0x1084,0xBDD7,0xE71C,0xBDD7,0x1084,0x0022,
  0x0022,0x0022,0x0043,0x0043,0x0043,0x0043,0x0043,0x1044,0x48EE,0x510F,0x510F,0x512F,0x512F,0x5930,0x5930,0x5930,
  0x288D,0x30AD,0x288D,0x288D,0x286C,0x284C,0x286C,0x286D,0x286D,0x286D,0x286C,0x286C,0x30AC,0x0824,0x204B,0x284C,
  0x286C,0x48EF,0x510F,0x512F,0x5930,0x5950,0x5950,0x5950,0x5930,0x512F,0x510F,0x48EF,0x286C,0x284C,0x204B,0x0823,
  0x0022,0x0842,0x2125,0xDEF3,0x2125,0x0842,0x0022,0x0022,0x0022,0x0022,0x0022,0x0022,0x0022,0x0022,0x0823,0x204B,
  0x286C,0x286C,0x286D,0x286D,0x286D,0x286C,0x286C,0x204B,0x0823,0x0022,0x0022,0x2106,0xBDF7,0x2105,0x0022,0x0022,
  0x0022,0x0022,0x0022,0x0022,0x0022,0x0022,0x0022,0x0843,0x40CD,0x50EF,0x510F,0x510F,0x510F,0x512F,0x512F,0x512F,
  0x288D,0x288D,0x288D,0x286C,0x284C,0x204B,0x286C,0x286C,0x286C,0x286C,0x286C,0x30AC,0x9CD4,0x18A5,0x284C,0x286C,
  0x306C,0x48EF,0x510F,0x512F,0x5930,0x5930,0x5950,0x5930,0x5930,0x512F,0x510F,0x48EF,0x286C,0x284C,0x206B,0x0843,
  0x0022,0x0022,0x10A3,0xDED3,0x10A3,0x0022,0x0022,0x0022,0x0022,0x0022,0x0022,0x0022,0x0022,0x0823,0x204B,0x286C,
  0x286D,0x286D,0x288D,0x288D,0x288D,0x286D,0x286D,0x286C,0x204B,0x0823,0x0043,0x0843,0x10A4,0x0022,0x0022,0x0022,
  0x0022,0x0022,0x0022,0x0022,0x0022,0x0022,0x0022,0x0022,0x0844,0x40CD,0x50EF,0x510F,0x510F,0x510F,0x510F,0x510F,
  0x286C,0x286C,0x286C,0x204B,0x204B,0x0824,0x204B,0x204B,0x284C,0x286C,0x286C,0x1044,0x18A5,0x40CD,0x48EE,0x48EF,
  0x48EF,0x50EF,0x50EF,0x510F,0x512F,0x5930,0x5930,0x5930,0x512F,0x510F,0x50EF,0x48EE,0x286C,0x206C,0x110A,0x0909,
  0x0043,0x0022,0x10A3,0xCE52,0x10A3,0x0022,0x0022,0x0022,0x0022,0x0022,0x0022,0x0022,0x0823,0x204B,0x286C,0x286C,
  0x286D,0x288D,0x30AD,0x30AD,0x30AD,0x288D,0x286D,0x286C,0x286C,0x206B,0x11AB,0x11AB,0x0044,0x0022,0x0022,0x0022,
  0x0022,0x0022,0x0022,0x0022,0x0022,0x0022,0x0022,0x0022,0x0022,0x0844,0x40CD,0x48EE,0x510F,0x510F,0x510F,0x510F,
  0x204B,0x204B,0x204B,0x0823,0x0823,0x0022,0x0823,0x1044,0x40CE,0x48EF,0x48EE,0x48CE,0x48EE,0x510F,0x510F,0x510F,
  0x594F,0x510F,0x50EF,0x50EF,0x510F,0x512F,0x512F,0x512F,0x510F,0x510F,0x48EF,0x286C,0x284C,0x208C,0x092A,0x0929,
  0x0043,0x0022,0x0022,0x10A3,0x0022,0x0022,0x0022,0x0022,0x0022,0x0022,0x0022,0x0022,0x0823,0x204B,0x286C,0x286D,
  0x288D,0x30AD,0x30AD,0x30AE,0x30AD,0x30AD,0x288D,0x286D,0x286C,0x286C,0x19ED,0x11CC,0x118B,0x0843,0x0022,0x0022,
  0x0022,0x0022,0x0022,0x0022,0x0022,0x0022,0x0022,0x0022,0x0022,0x0022,0x0843,0x1044,0x40CD,0x48EE,0x48EE,0x48EE,
  0x0823,0x0823,0x0823,0x0022,0x0022,0x0022,0x0844,0x40CD,0x50EF,0x510F,0x50EF,0x50EF,0x510F,0x510F,0x510F,0x61B0,
  0xAD16,0x61B0,0x510F,0x50EF,0x50EF,0x510F,0x510F,0x510F,0x50EF,0x48EE,0x286C,0x284C,0x208C,0x112A,0x096A,0x094A,
  0x0909,0x0043,0x0022,0x0022,0x0042,0x0043,0x0042,0x0022,0x0022,0x0022,0x0022,0x0022,0x0823,0x204B,0x286C,0x286D,
  0x288D,0x30AD,0x30AE,0x30AE,0x30AE,0x30AD,0x288D,0x286D,0x286C,0x286C,0x21CD,0x30CB,0x38AB,0x30AA,0x0823,0x0022,
  0x0022,0x0022,0x0022,0x0022,0x0022,0x0022,0x0022,0x0022,0x0022,0x0043,0x0043,0x0843,0x0843,0x0843,0x0843,0x0843,
  0x0022,0x0022,0x0022,0x0022,0x0022,0x0844,0x40ED,0x510F,0x510F,0x50EF,0x50EF,0x510F,0x510F,0x510F,0x5970,0xAD36,
  0xC618,0xAD36,0x5950,0x510F,0x50EF,0x50EF,0x48EF,0x48EF,0x48EE,0x286C,0x284C,0x208C,0x114B,0x116A,0x096A,0x094A,
  0x0929,0x0043,0x0022,0x0043,0x0909,0x0929,0x0909,0x0043,0x0022,0x0022,0x0022,0x0022,0x0823,0x204B,0x286C,0x286D,
  0x288D,0x30AD,0x30AD,0x30AE,0x30AD,0x30AD,0x288D,0x286D,0x286C,0x38AB,0x38AB,0x38AB,0x38AB,0x38AB,0x30AA,0x0823,
  0x0022,0x0022,0x0022,0x0022,0x0022,0x0022,0x0022,0x0022,0x0043,0x11AB,0x11CB,0x11AB,0x0043,0x0022,0x0022,0x0022,
  0x0022,0x0022,0x0022,0x0022,0x0843,0x40CD,0x50EF,0x510F,0x512F,0x50EF,0x510F,0x510F,0x512F,0x512F,0x5930,0x61D1,
  0xAD36,0x61D0,0x512F,0x510F,0x510F,0x48EF,0x306D,0x286C,0x286C,0x286C,0x208C,0x116B,0x118B,0x116A,0x096A,0x094A,
  0x0929,0x0043,0x0043,0x0929,0x096A,0x096A,0x096A,0x0929,0x0043,0x0022,0x0022,0x0022,0x0823,0x204B,0x286C,0x286C,
  0x286D,0x288D,0x30AD,0x30AD,0x30AD,0x288D,0x286D,0x38AB,0x38AB,0x38AB,0x38AB,0x38AB,0x38AB,0x38AB,0x38AB,0x30AA,
  0x0823,0x0022,0x0022,0x0022,0x0022,0x0022,0x0022,0x0043,0x11AB,0x1A0D,0x1A0D,0x1A0D,0x11AB,0x0043,0x0022,0x0022,
  0x0022,0x1083,0x0022,0x0022,0x1044,0x48EE,0x510F,0x512F,0x50EF,0x510F,0x510F,0x510F,0x512F,0x5930,0x5950,0x5950,
  0x6190,0x5930,0x512F,0x510F,0x510F,0x510F,0x48EE,0x286C,0x208C,0x116B,0x116B,0x118B,0x118B,0x116A,0x096A,0x094A,
  0x0929,0x0043,0x0909,0x096A,0x096A,0x118B,0x096A,0x096A,0x0909,0x0043,0x0022,0x0022,0x0022,0x0823,0x204B,0x286C,
  0x286D,0x286D,0x288D,0x288D,0x288D,0x286D,0x38AB,0x38AB,0x38AB,0x40CB,0x40CB,0x40CB,0x40CB,0x40CB,0x38AB,0x38AB,
  0x30AA,0x0823,0x0022,0x0022,0x0022,0x0022,0x0043,0x11AB,0x1A0D,0x1A0D,0x1A2D,0x1A0D,0x1A0D,0x11AB,0x0043,0x0022,
  0x1083,0x94B3,0x1084,0x1044,0x40CD,0x50EF,0x50EF,0x50EF,0x50EF,0x510F,0x510F,0x512F,0x5930,0x5950,0x5950,0x5950,
  0x5950,0x5950,0x5930,0x512F,0x510F,0x510F,0x48EE,0x116B,0x116B,0x118B,0x118B,0x118B,0x116A,0x096A,0x096A,0x094A,
  0x0909,0x0043,0x0929,0x096A,0x118B,0x118B,0x118B,0x096A,0x0929,0x0043,0x0022,0x0022,0x0022,0x0022,0x0823,0x204B,
  0x286C,0x286C,0x286D,0x286D,0x286D,0x38AB,0x38AB,0x38AB,0x40CB,0x40CB,0x40CC,0x40CC,0x40CC,0x40CB,0x40CB,0x38AB,
  0x38AB,0x30AA,0x0823,0x0022,0x0022,0x0022,0x0043,0x11CB,0x1A0D,0x1A2D,0x1A2D,0x1A2D,0x1A0D,0x11CB,0x0844,0x1084,
  0x0022,0x18A5,0x40CD,0x48EE,0x50EF,0x50EF,0x50EF,0x50EF,0x50EF,0x510F,0x510F,0x512F,0x5930,0x5950,0x5950,0x5950,
  0x5950,0x5950,0x5930,0x512F,0x510F,0x510F,0x48EE,0x116B,0x118B,0x118B,0x118B,0x116A,0x116A,0x114A,0x092A,0x0909,
  0x0043,0x0043,0x0909,0x096A,0x096A,0x118B,0x096A,0x096A,0x0909,0x0043,0x0022,0x0022,0x0022,0x0823,0x0823,0x0824,
  0x204B,0x286C,0x286C,0x286C,0x286C,0x38AB,0x38AB,0x40CB,0x40CC,0x40CC,0x40EC,0x40EC,0x40EC,0x40CC,0x40CC,0x40CB,
  0x38AB,0x38AA,0x0823,0x0022,0x0022,0x0022,0x0043,0x11AB,0x1A0D,0x1A0D,0x1A2D,0x1A0D,0x1A0D,0x19AC,0x312D,0xA535,
  0x1044,0x40ED,0x50EF,0x50EF,0x510F,0x510F,0x510F,0x510F,0x50EF,0x510F,0x510F,0x512F,0x5930,0x5950,0x5950,0x5950,
  0x5950,0x5950,0x5930,0x512F,0x510F,0x510F,0x48EE,0x116A,0x116A,0x116A,0x116A,0x096A,0x112A,0x208C,0x206C,0x206B,
  0x0823,0x0022,0x0043,0x0929,0x096A,0x096A,0x096A,0x0929,0x0043,0x0022,0x0022,0x0823,0x0823,0x204B,0x204B,0x204B,
  0x0825,0x204B,0x286C,0x286C,0x38AB,0x38AB,0x40CB,0x40CB,0x40CC,0x40EC,0x40EC,0x40EC,0x40EC,0x40EC,0x40CC,0x40CB,
  0x40CB,0x38AB,0x30AA,0x0823,0x0022,0x0022,0x0022,0x0043,0x11AB,0x1A0D,0x1A0D,0x1A0D,0x220D,0x30ED,0xA4F5,0xBDF7,
  0x48EE,0x50EF,0x50EF,0x510F,0x510F,0x510F,0x510F,0x510F,0x50EF,0x510F,0x510F,0x510F,0x512F,0x5930,0x5950,0x5950,
  0x5950,0x5930,0x512F,0x510F,0x510F,0x510F,0x40EE,0x116A,0x096A,0x096A,0x096A,0x114A,0x208C,0x284C,0x288D,0x284C,
  0x204B,0x0823,0x0022,0x0043,0x0909,0x0929,0x0909,0x0043,0x0022,0x0022,0x0823,0x204B,0x204B,0x286C,0x286C,0x286C,
  0x30AC,0x206C,0x11AC,0x19AC,0x38AB,0x38AB,0x40CB,0x40CC,0x40EC,0x40EC,0x40EC,0x490C,0x40EC,0x40EC,0x40EC,0x40CC,
  0x40CB,0x38AB,0x38AA,0x0823,0x0022,0x0022,0x0022,0x0022,0x0043,0x11AB,0x11CB,0x2A6D,0x9CF5,0x390D,0x412E,0xAD36,
  0x50EF,0x50EF,0x510F,0x510F,0x510F,0x512F,0x512F,0x512F,0x510F,0x50EF,0x510F,0x510F,0x512F,0x512F,0x5930,0x5930,
  0x5930,0x512F,0x512F,0x510F,0x510F,0x48EE,0x112A,0x094A,0x094A,0x094A,0x094A,0x092A,0x206C,0x288D,0x38EE,0x288D,
  0x204B,0x0823,0x0022,0x0022,0x0042,0x0043,0x0042,0x0022,0x0022,0x0022,0x0823,0x204B,0x286C,0x288D,0x288D,0x414E,
  0xA4F6,0x392E,0x11CC,0x19EC,0x38AB,0x38AB,0x40CB,0x40CC,0x40EC,0x40EC,0x490C,0x490C,0x490C,0x40EC,0x40EC,0x40CC,
  0x40CB,0x38AB,0x38AA,0x0823,0x0022,0x0022,0x0022,0x0022,0x0022,0x0043,0x10A4,0x9CD3,0xB5B6,0x9CB4,0x30AD,0x38EE,
  0x50EF,0x510F,0x510F,0x512F,0x512F,0x5930,0x5930,0x5930,0x510F,0x48EF,0x50EF,0x510F,0x510F,0x510F,0x512F,0x512F,
  0x512F,0x510F,0x510F,0x510F,0x50EF,0x40ED,0x0864,0x0909,0x0929,0x0929,0x0929,0x0909,0x206B,0x390E,0x9CB5,0x30AD,
  0x204B,0x0823,0x0863,0x0022,0x0022,0x0022,0x0022,0x0022,0x0022,0x0823,0x204B,0x286C,0x288D,0x288D,0x38EE,0xA516,
  0xC5F8,0xA536,0x222D,0x1A0D,0x38AB,0x38AB,0x40CB,0x40CC,0x40EC,0x40EC,0x40EC,0x490C,0x40EC,0x40EC,0x40EC,0x40CC,
  0x40CB,0x38AB,0x38AA,0x0823,0x0022,0x0022,0x0022,0x0022,0x0022,0x0022,0x0842,0x2946,0x94B3,0x18E5,0x204B,0x204B,
  0x510F,0x510F,0x510F,0x512F,0x5930,0x5950,0x5930,0x510F,0x286D,0x286C,0x48EE,0x50EF,0x510F,0x510F,0x510F,0x510F,
  0x510F,0x510F,0x510F,0x50EF,0x40CD,0x0844,0x0022,0x0042,0x0043,0x0043,0x0043,0x0043,0x1084,0xAD36,0x390D,0x204B,
  0x0823,0x0863,0x738E,0x0863,0x0022,0x0022,0x0022,0x0022,0x0022,0x0823,0x204B,0x286C,0x288D,0x30AD,0x30AD,0x414F,
  0xA516,0x2A6E,0x11EC,0x1A0D,0x30CB,0x38AB,0x40CB,0x40CB,0x40CC,0x40EC,0x40EC,0x40EC,0x40EC,0x40EC,0x40CC,0x40CB,
  0x40CB,0x38AB,0x30AA,0x0843,0x0043,0x0042,0x0022,0x0022,0x0022,0x0022,0x2106,0xBDF8,0x2967,0x0842,0x0823,0x0823,
  0x510F,0x510F,0x512F,0x5930,0x5950,0x5930,0x288D,0x286C,0x286C,0x286C,0x306D,0x48EF,0x48EF,0x510F,0x510F,0x510F,
  0x510F,0x510F,0x48EE,0x40CD,0x0844,0x0022,0x0022,0x0022,0x0022,0x0022,0x0022,0x0022,0x0022,0x1084,0x0843,0x0823,
  0x0022,0x0022,0x0863,0x0022,0x0022,0x0022,0x0022,0x0022,0x0022,0x0823,0x204B,0x286C,0x288D,0x288D,0x30AD,0x308D,
  0x30EE,0x11CC,0x11EC,0x1A0D,0x21ED,0x38AB,0x38AB,0x40CB,0x40CC,0x40CC,0x40EC,0x40EC,0x40EC,0x40CC,0x40CC,0x40CB,
  0x38AB,0x38AB,0x112A,0x0929,0x0929,0x0909,0x0043,0x0042,0x0022,0x1084,0xBDF7,0xE71C,0xBDF7,0x1084,0x0022,0x0022,
  0x510F,0x510F,0x512F,0x5930,0x5950,0x512F,0x286C,0x286C,0x288D,0x288D,0x288D,0x286D,0x286C,0x48EE,0x50EF,0x48EF,
  0x48EF,0x48EE,0x284C,0x0824,0x0022,0x0022,0x0022,0x0022,0x0022,0x0022,0x0863,0x0022,0x0022,0x0022,0x0022,0x0022,
  0x0022,0x0022,0x0022,0x0823,0x0823,0x0823,0x0022,0x0022,0x0022,0x0824,0x204B,0x284C,0x286C,0x288D,0x288D,0x288D,
  0x288C,0x11CC,0x11EC,0x11EC,0x1A0D,0x30CB,0x38AB,0x38AB,0x40CB,0x40CB,0x40CC,0x40CC,0x40CC,0x40CB,0x40CB,0x38AB,
  0x38AB,0x30AB,0x094A,0x094A,0x094A,0x094A,0x0949,0x0909,0x0043,0x0022,0x2106,0xBDF7,0x2106,0x0022,0x0022,0x0022,
  0x510F,0x510F,0x512F,0x5930,0x5930,0x288D,0x286C,0x288D,0x288D,0x30AD,0x288D,0x288D,0x286C,0x286C,0x48CE,0x308D,
  0x286D,0x286C,0x204B,0x0823,0x0022,0x0022,0x0022,0x0022,0x0022,0x0863,0x8410,0x0863,0x0022,0x0022,0x0022,0x0022,
  0x0022,0x0823,0x0823,0x30AA,0x38AA,0x30AA,0x0844,0x0823,0x0824,0x204B,0x284C,0x284C,0x284C,0x286C,0x286C,0x286C,
  0x286C,0x11AB,0x11EC,0x11EC,0x11EC,0x19CC,0x30CB,0x38AB,0x38AB,0x40CB,0x40CB,0x40CB,0x40CB,0x40CB,0x38AB,0x38AB,
  0x30AB,0x114A,0x096A,0x096A,0x11EC,0x11EC,0x11CC,0x094A,0x0929,0x0043,0x0042,0x1084,0x0022,0x0022,0x0022,0x0022,
  0x510F,0x510F,0x510F,0x512F,0x512F,0x286C,0x286C,0x288D,0x30AD,0x30AD,0x30AD,0x288D,0x286C,0x286C,0x40CE,0x308D,
  0x286D,0x286C,0x204B,0x0823,0x0022,0x0022,0x0022,0x0022,0x0022,0x0022,0x0863,0x0022,0x0022,0x0022,0x0022,0x0022,
  0x0823,0x30A9,0x38AA,0x38AB,0x38AC,0x48EE,0x48EE,0x40CE,0x286C,0x286C,0x286C,0x288D,0x288D,0x284C,0x284C,0x284C,
  0x204B,0x0865,0x11AB,0x11EC,0x11EC,0x11EC,0x19AC,0x30CB,0x38AB,0x38AB,0x38AB,0x38AB,0x38AB,0x38AB,0x38AB,0x38AB,
  0x112A,0x114A,0x11CC,0x11EC,0x11EC,0x11EC,0x11EC,0x11EC,0x11CB,0x0929,0x0043,0x0022,0x0022,0x0022,0x0022,0x0022,
  0x50EF,0x510F,0x510F,0x512F,0x510F,0x286D,0x286C,0x288D,0x288D,0x30AD,0x288D,0x288D,0x286C,0x284C,0x308D,0x288D,
  0x286D,0x286C,0x204B,0x0823,0x0022,0x0022,0x0022,0x0022,0x0022,0x0022,0x0022,0x0022,0x0022,0x0022,0x0022,0x0022,
  0x0823,0x38AA,0x38AB,0x40CC,0x50EE,0x50EF,0x512F,0x50EF,0x48EE,0x286D,0x288D,0x308D,0x308D,0x308D,0x288D,0x286C,
  0x284C,0x204B,0x0864,0x11AB,0x11EC,0x11EC,0x1A0D,0x19ED,0x19CD,0x30CB,0x38AB,0x38AB,0x38AB,0x30AB,0x112A,0x286C,
  0x206C,0x208C,0x11CC,0x11EC,0x1A0D,0x1A0D,0x1A0D,0x11EC,0x11EC,0x0949,0x0043,0x0022,0x0022,0x0022,0x0022,0x0022,
  0x50EF,0x50EF,0x510F,0x510F,0x510F,0x510F,0x286C,0x286C,0x288D,0x288D,0x288D,0x286C,0x286C,0x40CE,0x308D,0x286D,
  0x286D,0x286C,0x204B,0x0823,0x0022,0x0022,0x0022,0x0022,0x0022,0x0022,0x0022,0x0022,0x0022,0x0022,0x0022,0x0823,
  0x30AA,0x38AB,0x40CC,0x40CC,0x50EF,0x512F,0x512F,0x512F,0x48EF,0x308D,0x308D,0x308D,0x30AE,0x308D,0x308D,0x288D,
  0x286C,0x204B,0x0823,0x0043,0x11AB,0x11EC,0x11EC,0x11EC,0x11EC,0x19CC,0x198C,0x20AC,0x112A,0x112A,0x208C,0x286C,
  0x286C,0x11AC,0x11EC,0x1A0D,0x1A0D,0x1A2D,0x1A0D,0x1A0D,0x11EC,0x11CC,0x0929,0x0843,0x0843,0x0823,0x0022,0x0022,
  0x48EE,0x50EF,0x50EF,0x510F,0x510F,0x510F,0x286D,0x286C,0x286C,0x286C,0x30CD,0x286C,0x284C,0x308D,0x288D,0x286D,
  0x286C,0x204B,0x0823,0x0022,0x0022,0x0022,0x0022,0x0022,0x0022,0x0022,0x0022,0x0022,0x0022,0x0022,0x0022,0x0823,
  0x38AA,0x38AB,0x40CC,0x40EC,0x50EE,0x50EF,0x512F,0x50EF,0x48EE,0x308D,0x308D,0x30AE,0x30AE,0x30AE,0x308D,0x288D,
  0x286C,0x204B,0x0823,0x0022,0x0043,0x11AB,0x11CB,0x11CC,0x11CC,0x11AC,0x20CC,0x11AC,0x11EC,0x11CC,0x208C,0x286C,
  0x288D,0x11CC,0x11EC,0x1A0D,0x1A2D,0x1A2D,0x1A2D,0x1A0D,0x11EC,0x11CC,0x114A,0x40ED,0x48EE,0x40CD,0x1044,0x0843,
  0x1044,0x40ED,0x50EF,0x50EF,0x510F,0x510F,0x50EF,0x48EF,0x288D,0x390E,0xAD16,0x598F,0x308D,0x286D,0x286D,0x286C,
  0x284C,0x204B,0x0823,0x0022,0x0022,0x0022,0x0022,0x0022,0x0022,0x0022,0x0022,0x0022,0x0022,0x0022,0x0022,0x0823,
  0x30AA,0x38AB,0x40CC,0x40CC,0x40EC,0x50EE,0x50EE,0x48EE,0x38AC,0x288D,0x308D,0x308D,0x30AE,0x308D,0x308D,0x288D,
  0x286C,0x204B,0x0823,0x0022,0x0022,0x0043,0x0843,0x206B,0x206B,0x208B,0x11AC,0x11EC,0x1A0D,0x11CC,0x198C,0x288D,
  0x28AD,0x19AC,0x11EC,0x1A0D,0x1A0D,0x1A2D,0x1A0D,0x1A0D,0x19ED,0x492E,0x48EE,0x510F,0x510F,0x510F,0x48EE,0x48CE,
  0x0022,0x0844,0x40CD,0x48EE,0x50EF,0x50EF,0x50EF,0x50EF,0x514F,0xAD16,0xC618,0xAD16,0x30CD,0x286D,0x286C,0x284C,
  0x204B,0x0823,0x0022,0x0022,0x0022,0x0022,0x0022,0x0022,0x0022,0x0022,0x0022,0x0022,0x0022,0x0022,0x0022,0x0022,
  0x0823,0x38AA,0x38AB,0x40CC,0x40CC,0x40CC,0x38AB,0x38AB,0x284C,0x286C,0x288D,0x308D,0x308D,0x308D,0x288D,0x286C,
  0x284C,0x204B,0x0823,0x0022,0x0022,0x0022,0x0022,0x0823,0x0823,0x0844,0x11CB,0x1A0D,0x21ED,0x30CB,0x38AB,0x38AB,
  0x30AD,0x28CD,0x11CC,0x11EC,0x1A0D,0x1A0D,0x1A0D,0x11EC,0x19CD,0x490F,0x510F,0x512F,0x512F,0x512F,0x510F,0x50EF,
  0x0022,0x0022,0x0823,0x1044,0x40CD,0x48EE,0x48EE,0x48EE,0x48EE,0x412E,0xA516,0x390E,0x286C,0x286C,0x204B,0x204B,
  0x0823,0x0022,0x0022,0x0022,0x0022,0x0022,0x0022,0x0022,0x0022,0x0022,0x0022,0x0022,0x0022,0x0022,0x0022,0x0022,
  0x0823,0x30A9,0x38AA,0x38AB,0x38AB,0x38AB,0x38AA,0x38AA,0x204B,0x286C,0x286C,0x38EE,0x288D,0x288D,0x286C,0x286C,
  0x204B,0x0823,0x0022,0x0022,0x0022,0x0022,0x0022,0x0022,0x0022,0x0043,0x118B,0x30CB,0x38AB,0x38AB,0x38AB,0x38AB,
  0x38AB,0x38AB,0x19AC,0x11CC,0x11EC,0x11EC,0x11EC,0x19AC,0x490F,0x510F,0x512F,0x512F,0x5950,0x512F,0x512F,0x510F,
  0x0022,0x0022,0x0022,0x0022,0x0823,0x0843,0x0843,0x0843,0x0844,0x204B,0x28AC,0x204B,0x204B,0x204B,0x0823,0x0823,
  0x0022,0x0022,0x0022,0x0022,0x0022,0x0022,0x0022,0x0022,0x0022,0x0022,0x0022,0x0022,0x0022,0x0022,0x0022,0x0022,
  0x0022,0x0823,0x0823,0x30AA,0x38AA,0x30AA,0x0823,0x0823,0x0823,0x204B,0x412E,0xC61A,0x414F,0x286C,0x284C,0x204B,
  0x0823,0x0022,0x0022,0x0022,0x0022,0x0022,0x0022,0x0022,0x0022,0x0022,0x0844,0x38AA,0x38AB,0x40CC,0x40CC,0x40CC,
  0x38AB,0x38AB,0x30CD,0x28CD,0x19AC,0x11CC,0x11AC,0x288C,0x48EF,0x510F,0x512F,0x5950,0x5950,0x5950,0x512F,0x510F,
  0x0022,0x0022,0x0022,0x0022,0x0022,0x0022,0x0022,0x0022,0x0022,0x0823,0x0823,0x0823,0x0823,0x0823,0x0022,0x0022,
  0x0022,0x0022,0x0022,0x0022,0x0022,0x0022,0x0022,0x0022,0x0022,0x0022,0x0022,0x0022,0x0022,0x0022,0x0022,0x0022,
  0x0022,0x0022,0x0022,0x0823,0x0823,0x0823,0x0022,0x0022,0x0022,0x10A5,0xD67A,0xEF5D,0xD67B,0x30CD,0x204B,0x0824,
  0x0022,0x0022,0x0022,0x0022,0x0022,0x0022,0x0022,0x0022,0x0022,0x0823,0x30AA,0x38AB,0x40CC,0x40CC,0x40EC,0x40CC,
  0x40CC,0x38AB,0x38AB,0x30AD,0x28AD,0x288D,0x286C,0x286C,0x48EF,0x510F,0x512F,0x512F,0x5950,0x512F,0x512F,0x510F,
  
};

